idx,City,SEPA,Pred
0,Beograd,30.31,28.67444682960845
1,Beograd,24.11333333333333,28.19115651254133
2,Beograd,37.40333333333334,29.6561297577744
3,Beograd,31.63,24.08623592976489
4,Beograd,20.44,26.08167426621199
5,Beograd,38.67333333333333,32.47592243983682
6,Beograd,50.17666666666667,45.21121046595627
7,Beograd,71.73333333333333,43.211215177095575
8,Beograd,76.65333333333334,51.27885429497817
9,Beograd,57.10666666666666,38.25955581560677
10,Beograd,67.20666666666666,46.031384714180405
11,Beograd,81.89333333333333,51.10631177000691
12,Beograd,95.04666666666668,62.824299115864335
13,Beograd,84.14666666666666,51.859823180813045
14,Beograd,68.53333333333333,47.92924938835574
15,Beograd,106.6666666666667,87.36917785337407
16,Beograd,86.54333333333334,46.70570621817061
17,Beograd,60.24,38.0161449860016
18,Beograd,101.1633333333333,64.30081699432428
19,Beograd,122.63,68.96864920056652
20,Beograd,114.8033333333333,74.1992381558407
21,Beograd,103.9933333333333,62.37845868985125
22,Beograd,53.37666666666667,34.72904847447948
23,Beograd,23.51666666666667,23.91745245056764
24,Beograd,19.65,27.423833056518472
25,Beograd,17.09666666666667,25.685350030901244
26,Beograd,22.70666666666667,24.27185824547297
27,Beograd,16.98333333333333,20.833101457686148
28,Beograd,17.53666666666667,21.86486722111553
29,Beograd,13.86,27.09933531086351
30,Beograd,11.28333333333333,20.385146352939977
31,Beograd,23.65666666666667,28.96994845356024
32,Beograd,28.2,28.38842864220745
33,Beograd,16.23,31.90431284042345
34,Beograd,23.67,30.388059727169377
35,Beograd,29.17666666666667,41.06926769758383
36,Beograd,25.56333333333333,33.640250912951274
37,Beograd,15.38,32.03442697088459
38,Beograd,26.57,26.893488709433647
39,Beograd,29.20333333333333,29.3402770439484
40,Beograd,19.32333333333333,27.68435735212259
41,Beograd,13.79333333333333,30.219538009255743
42,Beograd,21.29,30.17709888277705
43,Beograd,23.57666666666666,29.980621849068736
44,Beograd,16.11,22.386514647772543
45,Beograd,13.82333333333333,26.09120901012234
46,Beograd,6.463333333333334,25.479248799513613
47,Beograd,11.05333333333333,25.359323591077903
48,Beograd,12.78333333333333,26.24478033223516
49,Beograd,11.23,26.24478033223516
50,Beograd,35.72,44.39781375627938
51,Beograd,43.48666666666666,33.978273043994825
52,Beograd,21.26333333333333,26.334761825112057
53,Beograd,28.10666666666667,26.946237449979375
54,Beograd,16.62333333333333,20.49657400252688
55,Beograd,28.73333333333333,34.89572307295453
56,Beograd,21.22333333333333,26.201321766733717
57,Beograd,27.22,27.696330384878515
58,Beograd,50.43,38.60131534680982
59,Beograd,46.61666666666667,34.421621653831664
60,Beograd,73.83,44.62096909269199
61,Beograd,104.81,52.73212251350817
62,Beograd,89.36666666666667,60.02967070596816
63,Beograd,61.37333333333333,38.32371566694299
64,Beograd,29.84666666666666,27.063792427454494
65,Beograd,27.01333333333333,28.676503282555075
66,Beograd,41.35666666666667,29.95411001350464
67,Beograd,37.66,33.016488202584604
68,Beograd,27.96333333333333,28.752442552083007
69,Beograd,64.83666666666666,41.07135185767815
70,Beograd,107.0433333333333,56.60310096901672
71,Beograd,116.21,59.38934375603807
72,Beograd,115.0933333333333,61.13956792500126
73,Beograd,98.93,49.36554901488714
74,Beograd,31.94666666666667,34.27638146956879
75,Beograd,17.83,25.225873822550263
76,Beograd,10.92,20.385291551709276
77,Beograd,5.226666666666667,21.517189773256284
78,Beograd,10.73,18.626159271253613
79,Beograd,28.97333333333333,24.559980667462103
80,Beograd,17.27333333333333,21.626001174343383
81,Beograd,29.25333333333333,29.099847003887508
82,Beograd,12.35333333333333,19.00939542889645
83,Beograd,17.2,22.768002757159834
84,Beograd,32.89333333333334,36.06540145352111
85,Beograd,78.23,49.979509767211006
577,Beograd,47.8775,42.40805618720594
578,Beograd,76.37,52.91101892008263
579,Beograd,116.4325,65.96654715808234
580,Beograd,71.0275,44.978524860687614
581,Beograd,21.8,26.915669145724536
582,Beograd,29.6925,34.85513296596491
583,Beograd,79.065,49.979509767211006
584,Beograd,94.5475,58.69450851607132
585,Beograd,67.7225,49.332515345718754
586,Beograd,112.765,68.28768762378368
587,Beograd,93.03499999999998,60.38870112077781
588,Beograd,78.1525,53.90953438863177
589,Beograd,75.6375,52.98486705011975
590,Beograd,95.0425,65.96654715808234
591,Beograd,122.71,84.2135165389029
592,Beograd,66.5975,61.10618059006134
593,Beograd,58.5475,50.37033399210412
594,Beograd,46.1475,45.75044292525983
595,Beograd,38.4025,42.68041719307968
596,Beograd,47.07,47.64815245168744
597,Beograd,43.55249999999999,46.51515166390193
598,Beograd,58.67000000000001,49.332515345718754
599,Beograd,52.255,43.71685217949656
600,Beograd,75.90750000000001,55.28064957928608
601,Beograd,151.2925,77.48808041823199
602,Beograd,128.285,74.9539370330784
603,Beograd,57.0625,37.24691049746773
604,Beograd,52.29,32.66961145899535
605,Beograd,18.712,29.0171389601277
606,Beograd,35.37,35.28508717675165
607,Beograd,35.186,31.95177105427885
608,Beograd,34.968,36.30633519439928
609,Beograd,51.63399999999999,27.632786447046996
610,Beograd,30.694,30.90012134641758
611,Beograd,19.544,22.69456287446028
612,Beograd,8.338,20.029126934832505
613,Beograd,20.308,31.082446133184547
614,Beograd,26.874,30.71885407987527
615,Beograd,28.678,35.05050031865039
616,Beograd,65.142,51.815710321543335
617,Beograd,28.24999999999999,27.27760285030035
618,Beograd,9.266,20.37133005398677
619,Beograd,23.234,28.10986947497062
620,Beograd,32.786,36.75727008645048
621,Beograd,30.992,31.71500349400849
622,Beograd,44.56,45.90119091157806
623,Beograd,42.666,45.1153524654838
624,Beograd,77.502,56.62909921601942
625,Beograd,58.152,51.21033562716071
626,Beograd,40.846,40.24831731757834
627,Beograd,30.998,29.07993408461906
628,Beograd,41.298,39.77966410858154
629,Beograd,35.08,34.563539477007325
630,Beograd,43.72799999999999,41.48994306970407
631,Beograd,40.09599999999999,35.223625354981884
632,Beograd,47.114,44.57250666326669
633,Beograd,28.932,25.989988489249686
634,Beograd,17.71,23.191491080539027
635,Beograd,12.636,22.44530095605652
636,Beograd,18.204,32.19350267226007
637,Beograd,22.452,34.78940857906117
638,Beograd,16.146,23.68252395550145
639,Beograd,22.732,25.429656291948277
640,Beograd,22.28,26.937798940673307
641,Beograd,33.70999999999999,40.41583518142496
642,Beograd,23.058,27.064093876465076
643,Beograd,26.494,31.17988936525313
644,Beograd,25.036,31.098589380122203
645,Beograd,33.318,45.58554428816732
646,Beograd,38.198,36.29807225727441
647,Beograd,43.91,41.51510812359692
648,Beograd,35.58,32.85297518759555
649,Beograd,34.17999999999999,31.96572675274493
650,Beograd,21.75,38.34420965715727
651,Beograd,17.186,27.88037359393293
652,Beograd,20.202,32.166113973399455
653,Beograd,31.61,42.29620451351198
654,Beograd,55.676,51.859823180813045
655,Beograd,60.35400000000001,53.52545507673895
656,Beograd,64.922,53.52545507673895
657,Beograd,48.26600000000001,46.00621966028756
658,Beograd,11.214,27.462058124168063
659,Beograd,18.656,27.58574023331467
660,Beograd,19.972,17.268645022968805
661,Beograd,34.614,22.36958733920651
662,Beograd,61.63800000000001,30.79134748775749
663,Beograd,250.974,41.57856802660218
664,Beograd,127.832,45.64960250432252
665,Beograd,83.4275,38.56877796013618
666,Beograd,39.0,36.02701862746199
667,Beograd,17.66,33.568269157902016
668,Beograd,19.8725,30.370178236043
669,Beograd,25.7825,34.28447717891454
670,Beograd,37.4025,43.36151301128211
671,Beograd,47.04,48.24617492490666
672,Beograd,37.3725,40.84557481197783
673,Beograd,42.755,55.63710806966058
674,Beograd,27.0775,92.4090413087244
675,Beograd,38.2825,40.79871229774299
676,Beograd,58.9525,48.83485787078933
677,Beograd,49.195,42.175044690703466
678,Beograd,30.345,36.58730188707967
679,Beograd,29.0675,38.99451873234017
680,Beograd,44.5475,41.720151225354186
681,Beograd,23.85,23.63825872092532
682,Beograd,21.596,32.76205595069268
683,Beograd,25.666,33.30520001671267
684,Beograd,22.78,32.884874385264034
685,Beograd,19.454,30.403332620373764
686,Beograd,26.788,33.80138746222196
687,Beograd,13.06,28.18755502935784
688,Beograd,22.432,29.46519541411112
689,Beograd,25.604,31.71835502843204
690,Beograd,25.612,35.126745824744305
691,Beograd,34.62,36.06607673123527
692,Beograd,31.356,30.12862158077153
693,Beograd,21.974,32.92182293039326
694,Beograd,26.724,34.63666975015228
695,Beograd,22.006,29.783474594506952
696,Beograd,16.148,22.800798799230428
697,Beograd,12.258,22.521187065050757
698,Beograd,11.614,19.260242039007046
699,Beograd,8.425999999999998,16.35823559983729
700,Beograd,12.172,20.00893387815435
701,Beograd,16.232,24.631262970088624
702,Beograd,15.524,20.33543039979062
703,Beograd,11.348,19.038304201315945
704,Beograd,15.29,24.57463139781169
705,Beograd,21.698,29.202777498884544
706,Beograd,25.392,30.534247232324148
707,Beograd,22.702,30.736332128412133
708,Beograd,23.44,29.32221082852295
709,Beograd,23.204,24.049234750200117
710,Beograd,16.184,24.09425308436155
711,Beograd,22.622,26.66033546502333
712,Beograd,29.404,30.050762493948515
713,Beograd,20.13,25.88238505415117
714,Beograd,25.974,28.983954203576623
715,Beograd,21.098,24.038141375862768
716,Beograd,25.942,27.194974967754057
717,Beograd,20.81,22.79826953340861
718,Beograd,14.074,24.57463139781169
719,Beograd,15.782,26.78627323699083
720,Beograd,17.742,24.73507906098268
721,Beograd,10.946,18.49980454625906
722,Beograd,11.12,17.143357007376867
723,Beograd,10.53,18.409954493819587
724,Beograd,11.856,19.57741600651027
725,Beograd,12.92,21.3791886342006
726,Beograd,16.062,21.532376396272845
727,Beograd,13.24,21.48499568994624
728,Beograd,8.75,19.610906030405054
729,Beograd,10.606,21.81511646688368
730,Beograd,12.416,19.8014543217131
731,Beograd,10.394,16.571722450095574
732,Beograd,14.904,19.816516718367684
733,Beograd,10.304,22.256619384814016
734,Beograd,16.112,21.077722062574185
735,Beograd,16.06,21.462799715126557
736,Beograd,18.232,20.713615451294533
737,Beograd,15.63,19.85218138157157
738,Beograd,18.376,22.54068854851093
739,Beograd,17.304,22.852611033933066
740,Beograd,11.272,20.240995055465245
741,Beograd,19.22,21.817420318027708
742,Beograd,13.604,22.66790157703885
743,Beograd,10.922,18.159978285904963
744,Beograd,15.576,20.59272345013093
745,Beograd,17.59,20.43032788331444
746,Beograd,15.016,19.368935903740137
747,Beograd,14.222,19.86183007439028
748,Beograd,10.39,18.512867488201497
749,Beograd,7.482000000000001,19.33721884915613
750,Beograd,11.862,14.586419635058624
751,Beograd,14.896,15.5064755752993
752,Beograd,15.956,21.1970846446719
753,Beograd,23.794,24.14386649059925
754,Beograd,22.882,25.2135085259608
755,Beograd,17.862,24.534790913714623
756,Beograd,18.11,26.56492446877304
757,Beograd,24.962,28.56113258358048
758,Beograd,10.152,20.95328015163829
759,Beograd,17.874,23.854811095346367
760,Beograd,25.048,28.91597508025917
761,Beograd,24.154,21.65862364292369
762,Beograd,14.614,22.501507606787627
763,Beograd,17.772,24.050321942643794
764,Beograd,21.58,25.034252313303885
765,Beograd,20.054,18.20464490888977
766,Beograd,18.814,22.47570598584408
767,Beograd,24.012,23.188390265311075
768,Beograd,20.274,26.65130545245446
769,Beograd,16.532,25.904918744391733
770,Beograd,12.172,15.093683293546215
771,Beograd,11.214,19.88684988920045
772,Beograd,13.862,20.7585789145552
773,Beograd,24.398,25.010886642977237
774,Beograd,25.034,29.02648683340187
775,Beograd,15.236,16.3046740463043
776,Beograd,12.452,18.573129721718672
777,Beograd,10.832,17.51943202408544
778,Beograd,16.436,20.728278135610687
779,Beograd,20.644,26.09797442933279
780,Beograd,22.096,28.157237728633785
781,Beograd,20.844,24.57649332449979
782,Beograd,25.024,29.58985063758418
783,Beograd,14.17,18.17664399036465
784,Beograd,13.036,20.67342433332379
785,Beograd,18.674,24.80413430760178
786,Beograd,16.37,23.8993620886758
787,Beograd,21.414,27.17660060689276
788,Beograd,25.858,27.722056567754464
789,Beograd,24.242,25.359297810319624
790,Beograd,19.476,25.956696362659795
791,Beograd,12.782,22.189942100387785
792,Beograd,18.274,27.855634623211948
793,Beograd,17.984,28.796612580421275
794,Beograd,12.938,18.94774561710249
795,Beograd,19.964,25.46469006112468
796,Beograd,18.73,22.68857192492622
797,Beograd,17.932,23.132735320710765
798,Beograd,22.78,26.016143474049
799,Beograd,26.03,30.85735469391092
800,Beograd,24.994,29.00005534041401
801,Beograd,20.664,27.084980718821065
802,Beograd,22.998,28.688914704242645
803,Beograd,26.568,26.21512086988432
804,Beograd,17.794,21.208266585833076
805,Beograd,12.8,19.578503063565737
806,Beograd,13.61,23.58042214103071
807,Beograd,15.95,20.06194891479539
808,Beograd,10.434,15.832152904197695
809,Beograd,12.622,21.594656816509374
810,Beograd,19.868,25.906860400625053
811,Beograd,23.674,26.43423270555357
812,Beograd,21.688,27.51437054773415
813,Beograd,15.104,21.755763647031355
814,Beograd,10.208,16.8173759955087
815,Beograd,12.51,21.18875628896729
816,Beograd,16.916,23.454719427817075
817,Beograd,15.568,22.111684681341963
818,Beograd,11.93,26.95928938484352
819,Beograd,12.362,27.602878599093007
820,Beograd,24.512,25.676164560875264
821,Beograd,14.438,20.57892808957437
822,Beograd,8.774,23.290819940604077
823,Beograd,17.874,23.852374058242887
824,Beograd,20.554,25.249766841880746
825,Beograd,18.932,25.007947011892952
826,Beograd,21.216,25.2258028928868
827,Beograd,21.894,30.725082652623293
828,Beograd,16.688,25.90899052797396
829,Beograd,28.266,27.68252393109177
830,Beograd,27.054,27.406978984145344
831,Beograd,31.164,34.20186217125633
832,Beograd,27.262,32.689934707577315
833,Beograd,30.854,34.37990222633616
834,Beograd,34.33,34.947134167426896
835,Beograd,31.864,31.04530607343891
836,Beograd,23.384,29.93248502864561
837,Beograd,26.766,32.6600235047885
838,Beograd,32.264,25.631719946029225
839,Beograd,29.614,26.21550197951441
840,Beograd,26.764,28.54537237230798
841,Beograd,23.606,26.986674672855717
842,Beograd,22.378,29.050344925358655
843,Beograd,19.606,27.63932238374586
844,Beograd,20.264,24.07022993923673
845,Beograd,16.164,22.86906591479916
846,Beograd,7.37,16.78595828979499
847,Beograd,10.586,19.6586648189068
848,Beograd,9.775,17.429597498267732
849,Beograd,9.996,17.83714885000354
850,Beograd,11.408,18.505978335917007
851,Beograd,14.15,20.582052397755582
852,Beograd,10.0325,24.51314056573623
853,Beograd,11.1675,29.03095924001277
854,Beograd,15.172,26.249288276629443
855,Beograd,22.454,25.37952086425863
856,Beograd,17.382,28.49161097480504
857,Beograd,15.154,21.93308484552056
858,Beograd,9.41,17.614877459519846
859,Beograd,16.098,26.545411517817907
860,Beograd,23.26,29.131955779925377
861,Beograd,25.136,36.63852920798157
862,Beograd,13.885,21.119253926979194
863,Beograd,6.31,16.724099652226187
864,Beograd,11.166,24.894275868021182
865,Beograd,9.038,20.57067107655041
866,Beograd,14.784,31.039592643435228
867,Beograd,16.448,32.14760859203168
868,Beograd,22.486,37.47246060099162
869,Beograd,32.876,41.06926769758383
870,Beograd,29.604,39.89958931701725
871,Beograd,21.088,34.103838944597534
872,Beograd,45.62,51.96915501559257
873,Beograd,69.238,68.96864920056652
874,Beograd,62.86800000000001,57.62557327074575
875,Beograd,33.896,40.21302918707112
876,Beograd,23.788,37.47246060099162
877,Beograd,15.23,30.8182872467143
878,Beograd,23.02,41.19127706611386
879,Beograd,28.336,41.30263866170021
880,Beograd,16.742,31.039592643435228
881,Beograd,18.114,28.81902173153924
882,Beograd,25.708,41.06926769758383
883,Beograd,44.676,52.5052579562674
884,Beograd,51.416,62.37845868985125
885,Beograd,30.746,41.30263866170021
886,Beograd,15.916,29.56502249354927
887,Beograd,22.56,32.753089326126336
888,Beograd,41.992,55.36235091396565
889,Beograd,38.328,60.68426608514476
890,Beograd,20.758,43.365319061935054
891,Beograd,18.332,36.72382507463567
892,Beograd,12.966,30.17679743376648
893,Beograd,26.944,37.23031174875669
894,Beograd,52.166,52.28937760897586
895,Beograd,39.794,54.74119097389981
896,Beograd,36.938,52.5052579562674
897,Beograd,51.41799999999999,54.628415483282325
898,Beograd,30.86999999999999,39.85195870784904
899,Beograd,31.922,53.69447503694163
900,Beograd,19.286,33.76512372894056
901,Beograd,20.682,33.95433243133619
902,Beograd,15.968,30.91388465674553
903,Beograd,29.654,48.7973629287218
904,Beograd,40.878,58.229743572771056
905,Beograd,48.646,61.69586336844752
906,Beograd,35.174,54.34670913294539
907,Beograd,27.454,48.74205299500011
908,Beograd,31.482,49.38931615745059
909,Beograd,32.938,46.511041098695735
910,Beograd,19.862,35.017850438388336
911,Beograd,39.81,61.69749711306843
912,Beograd,46.882,57.25775247772109
913,Beograd,29.0,37.64479719207738
914,Beograd,21.872,30.03329407675508
915,Beograd,16.884,27.54501499881621
916,Beograd,19.138,33.33362509992686
917,Beograd,14.472,30.25714813636933
918,Beograd,8.94,21.042209026269013
919,Beograd,11.724,28.5347918323925
920,Beograd,9.132,21.48321466563573
921,Beograd,27.812,41.49713024996503
922,Beograd,36.504,52.831285676627765
923,Beograd,27.138,47.35144123524148
924,Beograd,24.608,47.1920158357112
925,Beograd,23.64,52.38533274783169
926,Beograd,81.022,73.31257217077719
927,Beograd,38.056,59.26251689103444
928,Beograd,42.712,61.69586336844752
929,Beograd,36.9,54.65953910914399
930,Beograd,24.186,42.82725884630952
931,Beograd,45.5175,60.96361115230885
932,Beograd,84.0075,64.96924581904219
933,Beograd,52.2775,45.90119091157806
934,Beograd,17.77,26.96132159888124
935,Beograd,17.3,26.63675012998136
936,Beograd,12.435,23.90131263876147
937,Beograd,11.29,23.90947200480995
938,Beograd,12.7875,28.256166830624338
939,Beograd,26.2275,29.05660844574579
940,Beograd,31.23,32.80179318033154
941,Beograd,29.7975,53.90923003274336
942,Beograd,48.6875,69.12189822416707
3561,Beograd,33.605,44.17069675062492
3562,Beograd,17.7725,30.25714813636933
3563,Beograd,18.875,23.1688938671298
3564,Beograd,14.905,25.700232398066817
3565,Beograd,39.3225,42.155745387717786
3566,Beograd,26.5425,32.725053166132405
3567,Beograd,19.25,31.752956802905967
3568,Beograd,18.13,27.910697180860858
3569,Beograd,39.7825,52.02209260663391
3570,Beograd,31.8275,35.216521294801964
3571,Beograd,40.1475,41.51480901075604
3572,Beograd,48.865,58.825342146720814
3573,Beograd,46.575,58.14506559847529
3574,Beograd,24.81,28.30557165954469
3575,Beograd,22.1375,31.821781475263155
3576,Beograd,30.695,45.22022933479524
3577,Beograd,29.6075,39.14235072102715
3578,Beograd,43.9825,52.61461205952508
3579,Beograd,40.575,50.52937405037789
3580,Beograd,32.9,36.15670823970839
3581,Beograd,23.5375,38.4492815675457
3582,Beograd,20.9525,33.893920651454906
3583,Beograd,17.215,28.87050844297221
3584,Beograd,10.375,22.66299816618949
3585,Beograd,14.3875,25.89669950086903
3586,Beograd,24.65,30.82812493226618
3587,Beograd,25.0375,33.329960589139354
3588,Beograd,29.8375,43.71685217949656
3589,Beograd,33.23,30.615477472996663
3590,Beograd,24.0975,30.650488994588923
3591,Beograd,28.5975,32.64774705851774
3592,Beograd,32.5575,37.77615019776312
3593,Beograd,63.28,69.97964580896011
3594,Beograd,65.03999999999999,54.628415483282325
3595,Beograd,31.245,32.38750034489382
3596,Beograd,66.4675,57.2565334851756
3597,Beograd,90.55,68.90501792035158
3598,Beograd,39.295,35.21551332131224
3599,Beograd,20.4525,26.1012580478032
3600,Beograd,24.1325,26.84991407721118
3601,Beograd,33.92749999999999,33.906719363746376
3602,Beograd,29.7,34.16549627179351
3603,Beograd,20.9325,41.54896978545784
3604,Beograd,29.34249999999999,45.49575685045245
3605,Beograd,37.22499999999999,48.960114953761526
3606,Beograd,28.4625,39.476103104570285
3607,Beograd,46.655,51.815710321543335
3608,Beograd,53.1175,45.67342980494813
3609,Beograd,45.9925,39.00058924841814
3610,Beograd,54.815,53.18310452185257
3611,Beograd,60.855,56.59954238262884
3612,Beograd,34.685,46.95847371509919
3613,Beograd,68.6075,69.28924567803949
3614,Beograd,74.42,68.96864920056652
3615,Beograd,87.6175,84.4061320272911
3616,Beograd,105.665,84.4061320272911
3617,Beograd,112.09,76.34144272926709
3618,Beograd,60.58,49.20599977034154
3619,Beograd,30.7625,45.25270824948142
3620,Beograd,51.24,56.48317576058101
3621,Beograd,54.71,60.68958482524916
3622,Beograd,66.95,57.70237391118868
3623,Beograd,66.69999999999999,62.20189251517844
3624,Beograd,50.085,38.60596471916564
3625,Beograd,18.74,29.851800000589822
3626,Beograd,54.9075,57.86242011844075
3627,Beograd,57.45,60.96096427590372
3628,Beograd,29.6525,39.89907115788507
3629,Beograd,30.4275,35.65996284036584
3630,Beograd,50.10249999999999,52.66898087330989
3631,Beograd,37.4525,38.8139083509831
3632,Beograd,32.17749999999999,37.63112313684165
3633,Beograd,13.995,29.86820352246889
3634,Beograd,13.5775,22.69688477408085
3635,Beograd,18.65,30.051020107169705
3636,Beograd,18.4475,29.63930411167529
3637,Beograd,19.2025,30.65615853980947
3638,Beograd,28.1675,41.92802294786182
3639,Beograd,40.145,51.94954032802469
3640,Beograd,35.7925,48.39642786879385
3641,Beograd,26.64,35.66985813425612
3642,Beograd,15.775,31.99732708756232
3643,Beograd,21.6725,29.693803287172678
3644,Beograd,41.04499999999999,50.38025262184348
3645,Beograd,58.535,56.9856624025662
3646,Beograd,54.7225,54.09977844543215
3647,Beograd,16.535,34.345826282807366
3648,Beograd,34.77,47.88955776894162
3649,Beograd,45.5825,46.78489612498654
3650,Beograd,46.955,46.31868043583831
3651,Beograd,49.0475,46.031384714180405
3652,Beograd,39.03,34.39621243579358
3653,Beograd,20.595,25.8475228720308
3654,Beograd,13.9025,24.56940420183216
3655,Beograd,21.595,36.39098903594977
3656,Beograd,20.1,25.768824332768304
3657,Beograd,13.93,23.06839191255404
3658,Beograd,15.8375,29.28634581849552
3659,Beograd,24.6775,40.26100758989613
3660,Beograd,22.61,40.58355152761175
3661,Beograd,26.4525,39.09767885391491
3662,Beograd,33.395,38.458222922025605
3663,Beograd,21.7025,27.07465593496365
3664,Beograd,10.845,22.923724710153984
3665,Beograd,17.3925,28.49304604662965
3666,Beograd,24.84,32.75646515317504
3667,Beograd,29.305,32.552668212638736
3668,Beograd,24.3675,30.94019846171773
3669,Beograd,32.01,41.142700966986354
3670,Beograd,27.0875,32.01906934179105
3671,Beograd,27.485,31.99195994883328
3672,Beograd,22.5725,29.99269892852916
3673,Beograd,24.045,30.656640708082996
3674,Beograd,30.0575,33.531169967547854
3675,Beograd,29.2075,37.10667562694102
3676,Beograd,23.71,30.252295347746745
3677,Beograd,20.1225,30.36519380605559
3678,Beograd,23.83,30.028205785098308
3679,Beograd,16.4425,26.22168570191338
3680,Beograd,15.53,25.60051121004544
3681,Beograd,25.52,23.863838699758634
3682,Beograd,18.3875,23.43826067690464
3683,Beograd,11.1125,24.63472657722308
3684,Beograd,15.6975,27.380427293000384
3685,Beograd,20.6125,27.660849650367183
3686,Beograd,12.11,24.06634490391906
3687,Beograd,12.445,22.799001529446542
3688,Beograd,12.345,23.000060949522737
3689,Beograd,13.155,26.792141595204363
3690,Beograd,12.65,26.74211359246612
3691,Beograd,14.09,26.479591160009832
3692,Beograd,14.7625,20.466257762321263
3693,Beograd,8.862499999999999,18.52966629242791
3694,Beograd,7.0675,19.53936819010935
3695,Beograd,14.305,24.61574356059277
3696,Beograd,11.09,22.657740764818467
3697,Beograd,8.8275,18.56329989891402
3698,Beograd,8.0225,21.41254585160128
3699,Beograd,12.345,19.985303925213696
3700,Beograd,8.162500000000001,15.328948182530564
3701,Beograd,10.2025,22.17266024050952
3702,Beograd,9.53,24.06634490391906
3703,Beograd,8.795,23.311121773754643
3704,Beograd,9.18,20.276022002593034
3705,Beograd,14.6,23.77297915979685
3706,Beograd,6.31,21.29438902821872
3707,Beograd,11.815,23.17152331180662
3708,Beograd,10.8025,20.150490704263497
3709,Beograd,9.3625,22.56240480766871
3710,Beograd,6.915,23.0932658927608
3711,Beograd,6.795,17.283515075511993
3712,Beograd,11.95,19.076912122824165
3713,Beograd,15.0725,23.312177449890225
3714,Beograd,17.1375,23.926519062238096
3715,Beograd,21.5475,25.925615526069205
3716,Beograd,20.125,24.921289558241856
3717,Beograd,19.0475,23.71454485881172
3718,Beograd,19.4,25.391416174681044
3719,Beograd,19.07,26.64164141812966
3720,Beograd,21.21666666666667,27.28494142094389
3721,Beograd,21.61,24.558661604123337
3722,Beograd,16.44333333333333,22.920120529763235
3723,Beograd,13.55,21.959032347465666
3724,Beograd,10.30333333333333,19.271357617373937
3725,Beograd,8.366666666666667,20.172904068126197
3726,Beograd,7.859999999999999,20.70780194375075
3727,Beograd,11.54,26.013363492235342
3728,Beograd,13.31666666666667,25.580024840799265
3729,Beograd,13.65666666666667,27.608776862062065
3730,Beograd,12.12333333333333,24.840663616039585
3731,Beograd,8.103333333333333,25.31197914849037
3732,Beograd,24.83333333333333,20.491981193678416
3733,Beograd,18.08,25.505313689160072
3734,Beograd,22.94666666666667,26.82893269799612
3735,Beograd,28.63,32.40696358318191
3736,Beograd,48.38333333333333,30.602836802925623
3737,Beograd,26.98333333333333,21.54779831254084
3738,Beograd,12.85,17.20010777313086
3739,Beograd,15.46333333333333,19.208911761707466
3740,Beograd,18.16666666666667,24.223151880717964
3741,Beograd,27.05333333333333,27.33177648815931
3742,Beograd,30.83,28.41607186046541
3743,Beograd,35.36,31.706262942906527
3744,Beograd,31.64,32.89116274181587
3745,Beograd,32.11000000000001,28.076574591781345
3746,Beograd,28.82666666666667,25.97164821518622
3747,Beograd,28.21,31.47347592088093
3748,Beograd,33.46333333333333,34.650706308519574
3749,Beograd,34.46,36.04081234732294
3750,Beograd,32.25333333333334,31.96020529891586
3751,Beograd,31.05,27.25782120231805
3752,Beograd,28.38,19.93066704674464
3753,Beograd,27.01333333333333,20.4381221006064
3754,Beograd,17.64666666666666,20.24129224630346
3755,Beograd,18.71333333333333,18.57103173310976
3756,Beograd,23.32666666666667,20.02969416135316
3757,Beograd,21.83666666666666,22.07508013630455
3758,Beograd,22.67666666666667,24.10521369136297
3759,Beograd,28.21666666666667,28.1208138817876
3760,Beograd,34.98999999999999,33.93529326053237
3761,Beograd,20.41,27.21359743196729
3762,Beograd,24.84333333333333,27.42643928754889
3763,Beograd,33.46333333333334,30.633581226393957
3764,Beograd,43.96333333333333,30.59043802447708
3765,Beograd,37.56,28.960502022384087
3766,Beograd,31.88,28.07405356584855
3767,Beograd,30.1975,27.750062938529865
3768,Beograd,24.04,30.81025031860708
3769,Beograd,14.605,22.771519872737404
3770,Beograd,20.39,25.13788076380993
3771,Beograd,23.6925,28.74947620837754
3772,Beograd,24.0775,20.036398733427863
3773,Beograd,8.612499999999999,21.224436246491365
3774,Beograd,14.21,23.574325014633875
3775,Beograd,23.6,37.04958677981944
3776,Beograd,23.86,31.56501056365275
3777,Beograd,22.3725,27.952450372256692
3778,Beograd,25.6,31.116740990287383
3779,Beograd,18.385,27.803785421919216
3780,Beograd,30.545,32.56732544425851
3781,Beograd,37.0575,34.66591156467678
3782,Beograd,27.8675,33.908574447914035
3783,Beograd,30.2425,35.20724012119335
3784,Beograd,28.5,21.932906485151182
3785,Beograd,15.2325,22.29596009115913
3786,Beograd,18.7625,22.85459582365509
3787,Beograd,22.95,24.838708622691275
3788,Beograd,23.5525,25.34216939367389
3789,Beograd,20.545,26.72655230791998
3790,Beograd,29.17666666666667,28.974877414693367
3791,Beograd,13.25333333333333,17.584738834762994
3792,Beograd,14.9875,16.425802461181878
3793,Beograd,25.0925,25.07081969720807
3794,Beograd,24.375,32.77929284396981
3795,Beograd,30.565,36.98403002279877
3796,Beograd,32.7375,37.37226094179454
3797,Beograd,48.3625,50.66047134399383
3798,Beograd,56.785,51.82630785244228
3799,Beograd,54.5225,50.66047134399383
3800,Beograd,44.23,43.80207854794727
3801,Beograd,44.815,37.16449101654409
3802,Beograd,38.395,35.16429684958927
3803,Beograd,23.0725,28.34168596117513
3804,Beograd,24.16,36.76441518162529
3805,Beograd,35.51750000000001,34.103838944597534
3806,Beograd,28.71,35.068464807963416
3807,Beograd,70.88,64.04465135233062
3808,Beograd,86.33250000000001,64.16989530087073
3809,Beograd,45.025,40.15350898684032
3810,Beograd,31.2525,34.592823097985864
3811,Beograd,24.5575,33.33362509992686
3812,Beograd,38.57,42.965558158129184
3813,Beograd,31.775,30.13638574113585
3814,Beograd,27.8125,29.00300512282681
3815,Beograd,21.625,24.386294211820605
3816,Beograd,18.0425,23.085818806001328
3817,Beograd,26.015,29.52897827781216
3818,Beograd,41.8825,39.85195870784904
3819,Beograd,32.1525,33.37030517897669
3820,Beograd,30.2575,32.13267917248018
3821,Beograd,29.65,33.50269446152102
3822,Beograd,31.2075,35.340777772904374
3823,Beograd,49.5475,57.136608276739885
3824,Beograd,62.7525,61.13956792500126
3825,Beograd,34.3325,42.64496168065621
3826,Beograd,46.1375,44.45056121004391
3827,Beograd,30.1375,34.655217769784194
3828,Beograd,40.225,47.409693348548885
3829,Beograd,52.20500000000001,55.961611156068905
3830,Beograd,33.5575,43.15532833839661
3831,Beograd,30.2125,36.30278222042504
3832,Beograd,53.8575,51.82630785244228
3833,Beograd,80.6875,60.07984888370861
3834,Beograd,31.6475,34.29669788884571
3835,Beograd,53.6725,55.803412603953305
3836,Beograd,30.495,37.36193082553277
3837,Beograd,18.7425,23.081845637538017
3838,Beograd,28.425,28.066124090323907
3839,Beograd,17.8775,25.93050299507112
3840,Beograd,18.0075,28.15017495600687
3841,Beograd,20.975,25.891257984924085
3842,Beograd,20.3225,31.843218537444628
3843,Beograd,18.74,28.256166830624338
3844,Beograd,20.99,25.48442513634077
3845,Beograd,40.3175,48.52516203857404
3846,Beograd,38.2975,34.93866998913274
3847,Beograd,27.86,30.865181572791805
3848,Beograd,28.73,28.61142586339248
3849,Beograd,41.16249999999999,48.68458743810432
3850,Beograd,27.5275,28.767369098597605
3851,Beograd,30.0775,33.66714474545928
3852,Beograd,24.3825,26.64551402701278
3853,Beograd,17.4525,21.913801949151463
3854,Beograd,30.7375,32.426817695400054
3855,Beograd,57.02,65.7890761215348
3856,Beograd,58.405,59.8771626718956
3857,Beograd,57.5425,48.44118359402038
3858,Beograd,24.335,28.43068154358556
3859,Beograd,21.5125,28.26332661406943
3860,Beograd,25.2525,35.14653066881485
3861,Beograd,14.7675,23.3470912768283
3862,Beograd,34.8375,43.6717832176808
3863,Beograd,70.73,63.36368977554779
3864,Beograd,64.0275,58.25260162447737
3865,Beograd,22.6125,31.89396855224477
3866,Beograd,22.7375,27.063042889213413
3867,Beograd,20.145,25.66639926977456
3868,Beograd,21.255,27.155943933617884
3869,Beograd,41.3975,48.91648350021208
3870,Beograd,41.38,43.60329619205928
3871,Beograd,36.50666666666667,42.89805901726922
3872,Beograd,82.53333333333333,74.13560687562577
3873,Beograd,14.05,25.90375239630537
3874,Beograd,31.355,30.470786937562483
3875,Beograd,48.24,30.227927695276435
3876,Beograd,79.745,29.958277023540425
3877,Beograd,23.23666666666666,21.878878705513024
3878,Beograd,13.47,19.62859476591234
3879,Beograd,14.83666666666667,17.486992020218906
3880,Beograd,15.14,20.241180171888075
3881,Beograd,24.63,23.272070362384063
3882,Beograd,18.94333333333333,20.43887448338508
3883,Beograd,18.46333333333333,23.92768796130988
3884,Beograd,21.44666666666667,24.005945380355705
3885,Beograd,21.28,25.007947011892952
3886,Beograd,21.86333333333333,27.12366834057511
3887,Beograd,21.25666666666666,24.907594528133348
3888,Beograd,21.05,27.12720213943776
3889,Beograd,24.05333333333333,26.11209825947936
3890,Beograd,23.19333333333333,26.11209825947936
3891,Beograd,25.96,29.74547386454845
3892,Beograd,33.4,30.6535438611216
3893,Beograd,31.50333333333333,30.855628757209587
3894,Beograd,37.62,31.165228159186547
3895,Beograd,38.47,29.276365951025507
3896,Beograd,34.77,32.89274174950484
3897,Beograd,36.67,33.304570480327314
3898,Beograd,33.32666666666668,25.9619428851263
3899,Beograd,15.22666666666667,20.938081726379757
3900,Beograd,17.38666666666667,24.005945380355705
3901,Beograd,16.12666666666667,19.913791554573805
3902,Beograd,19.99,23.57083585610845
3903,Beograd,23.10333333333334,21.956859360452015
3904,Beograd,24.42666666666667,25.22514327313332
3905,Beograd,28.84,27.464870249980287
3906,Beograd,28.58,26.368583512517613
3907,Beograd,28.55,31.259949437703973
3908,Beograd,36.89,31.344603279254464
3909,Beograd,22.23,24.538538511361125
3910,Beograd,17.55333333333333,20.984831855731823
3911,Beograd,25.52666666666667,27.982093523658044
3912,Beograd,32.09,32.267726172831566
3913,Beograd,23.44666666666667,28.188788887463964
3914,Beograd,18.56,31.0026622757788
3915,Beograd,21.81,33.57799443385648
3916,Beograd,38.12333333333333,32.63752407978059
3917,Beograd,33.43333333333334,27.150821823316072
3918,Beograd,30.37666666666667,21.136589199592866
3919,Beograd,16.42666666666667,18.257133085967205
3920,Beograd,10.03333333333333,17.445469623878513
3921,Beograd,23.26666666666667,21.19721932095517
3922,Beograd,22.82333333333333,23.990529799119205
3923,Beograd,36.27666666666667,32.5929103052516
3924,Beograd,28.72333333333333,24.906271732985083
3925,Beograd,50.78,28.169108681445312
8003,Beograd,57.86354166500001,59.632906659210406
8004,Beograd,34.583333334,45.58554428816732
8005,Beograd,57.440833334,62.37845868985125
8006,Beograd,49.729833336,50.53138552333559
8007,Beograd,20.581916668,31.7792285293076
8008,Beograd,16.639416666,27.711264904895472
8009,Beograd,24.3305,40.495497918019765
8010,Beograd,34.959166668,36.07163037287124
8011,Beograd,34.303333336,38.899731115945904
8012,Beograd,42.858333336,30.64155549197551
8013,Beograd,30.55942029,27.81083343311047
8014,Beograd,32.58,46.35323012258075
8015,Beograd,65.834166668,69.418609440613
8016,Beograd,50.10923913000001,58.708382179255246
8017,Beograd,36.56333333400001,47.77350504346994
8018,Beograd,66.83365942,68.45836731574377
8019,Beograd,51.29872727199999,46.10927777744161
8020,Beograd,18.582999998,33.66993894335377
8021,Beograd,46.52623188599999,51.82429637948458
8022,Beograd,65.08253623200001,52.29279425642088
8023,Beograd,17.13106884,23.591713236784503
8024,Beograd,25.273083334,26.276144297647114
8025,Beograd,22.382333332,31.69697891392402
8026,Beograd,37.341996378,49.979509767211006
8027,Beograd,65.693840578,63.36368977554779
8028,Beograd,45.525,49.63727305120438
8029,Beograd,45.267499998,50.55734434645228
8030,Beograd,52.841500002,47.48359016969675
8031,Beograd,21.208416666,29.140437110877123
8032,Beograd,44.297583334,35.75529433241301
8033,Beograd,25.229460146,35.99497828248842
8034,Beograd,29.729833334,35.11533791412801
8035,Beograd,28.851916668,32.46948025713775
8036,Beograd,27.841641306,30.209269998257973
8037,Beograd,52.092275364,50.20771009687222
8038,Beograd,47.786916666,42.79205257907172
8039,Beograd,30.85375,42.2059806730702
8040,Beograd,14.912604165,21.716384595680797
8041,Beograd,15.7737982466,28.136334629556053
8042,Beograd,25.83861111,40.736431658897935
8043,Beograd,47.85805555666667,54.75365943182244
8044,Beograd,43.26001488,44.89609109351638
8045,Beograd,16.4369999994,32.73304997915984
8046,Beograd,26.476583332,34.73254926251778
8047,Beograd,29.767583332,34.916468974074
8048,Beograd,30.44775,36.09588378505644
8049,Beograd,35.754416668,40.82015603144416
8050,Beograd,31.699583332,34.64306429943471
8051,Beograd,16.38125,24.201884341884963
8052,Beograd,19.1425833326,32.35448147564231
8053,Beograd,17.99825,31.23736590432927
8054,Beograd,21.529999998,26.18189551818676
8055,Beograd,13.5163333334,22.58798013041041
8056,Beograd,20.4895606054,28.20919408710869
8057,Beograd,34.396416666,37.798375818569
8058,Beograd,28.189583334,36.03024964937364
8059,Beograd,17.162416668,28.393747382311847
8060,Beograd,15.6354999986,26.87038192020674
8061,Beograd,24.842583332,34.21900139552717
8062,Beograd,35.54702898399999,41.06517970227616
8063,Beograd,28.997404762,40.38718549920466
8064,Beograd,49.23583333399999,55.17597833479713
8065,Beograd,54.926666664,52.84145019104494
8066,Beograd,37.56083333599999,51.51271705868054
8067,Beograd,26.530500002,31.31476299675024
8068,Beograd,27.75924999799999,35.977747414730764
8069,Beograd,34.001666666,38.33742450558295
8070,Beograd,34.48437500249999,34.831272234397325
8071,Beograd,25.4114583325,29.330657228253635
8072,Beograd,27.9989583325,39.05781603600002
8073,Beograd,58.721875,62.83834803514548
8074,Beograd,72.97395833249999,62.75148556053319
8075,Beograd,45.87083333,48.91517003455844
8076,Beograd,55.077083335,49.84623117635706
8077,Beograd,111.6291666575,37.51189719213776
8078,Beograd,33.8916666675,38.507554562458566
8079,Beograd,45.8802083325,43.9304387855136
8080,Beograd,51.5729166675,49.736818668988384
8081,Beograd,30.0802083325,42.34886154327442
8082,Beograd,64.9510416675,64.86847257985278
8083,Beograd,73.47708333249999,59.7801368752729
8084,Beograd,79.180208335,51.17770090979667
8085,Beograd,67.30625,50.44921896327028
8086,Beograd,53.2135416675,42.62206094718445
8087,Beograd,65.2552083325,49.84623117635706
8088,Beograd,41.14545454499999,42.29620451351198
8089,Beograd,48.429166665,43.660028491169285
8090,Beograd,79.20000001,62.436833081902456
8091,Beograd,61.5395833325,42.29620451351198
8092,Beograd,37.828125,23.63825872092532
8093,Beograd,20.957083335,21.17952307023214
8094,Beograd,23.753916668,25.71543078439734
8095,Beograd,22.547500002,28.32719148804789
8096,Beograd,37.129166668,42.81211461279793
8097,Beograd,35.548333336,38.34420965715727
8098,Beograd,34.420666668,37.58364650864925
8099,Beograd,24.065083334,24.23490804810766
8100,Beograd,25.780000002,30.955970102594023
8101,Beograd,19.545833334,23.546756996643254
8102,Beograd,14.62775,20.94160147616227
8103,Beograd,20.800000002,28.46190390626623
8104,Beograd,29.155416668,34.542734046928906
8105,Beograd,32.014166666,37.674200153481294
8106,Beograd,41.728333334,41.656710745340746
8107,Beograd,48.03249999800001,39.2846421161954
8108,Beograd,25.680333332,25.632643282711527
8109,Beograd,19.573833332,26.06758137528001
8110,Beograd,19.056166668,24.352017141325994
8111,Beograd,27.654166666,27.79054717478916
8112,Beograd,27.941666668,28.456452836737142
8113,Beograd,31.813333332,32.356625811039365
8114,Beograd,27.979166668,20.15772188192356
8115,Beograd,16.786166668,22.954972255284684
8116,Beograd,30.075833334,20.895469188451777
8117,Beograd,17.904583332,23.072968097830906
8118,Beograd,17.84375,22.752014661576105
8119,Beograd,17.053,21.61940442048207
8120,Beograd,24.269166668,24.948508254906
8121,Beograd,22.094250002,25.979616541337563
8122,Beograd,20.587333332,24.380518981852727
8123,Beograd,13.1906249975,23.147608846017995
8124,Beograd,14.1963541675,25.51242331723177
8125,Beograd,18.355666666,25.08256226265015
8126,Beograd,25.603583334,27.423831040228656
8127,Beograd,25.294347828,27.004371711777654
8128,Beograd,21.479166666,24.016921357740756
8129,Beograd,24.87075,28.20800700288078
8130,Beograd,18.504309522,26.255412151898746
8131,Beograd,21.832166668,25.74649314469422
8132,Beograd,31.775833332,24.7860983166885
8133,Beograd,30.05375,26.24928688372016
8134,Beograd,36.09475,27.423831040228656
8135,Beograd,33.642083332,29.914148312755444
8136,Beograd,25.854083334,23.37424098058851
8137,Beograd,24.824895835,26.91758513746837
8138,Beograd,30.864479165,26.066656810622195
8139,Beograd,32.019166666,22.421378472853046
8140,Beograd,20.171166668,20.430877638939336
8141,Beograd,21.865666666,25.446360423166432
8142,Beograd,26.221638886,28.249054870907976
8143,Beograd,38.648333334,30.291882532207705
8144,Beograd,17.149166666,22.891978315754457
8145,Beograd,25.707250002,29.008165012047225
8146,Beograd,25.689561592,27.34066562213598
8147,Beograd,36.701666668,32.378421436917804
8148,Beograd,24.188750002,27.0745775106739
8149,Beograd,24.804869048,27.61844223716921
8150,Beograd,17.5816666654,25.16646601032588
8151,Beograd,18.6735,21.152657210277543
8152,Beograd,18.5253333334,25.21319466687693
8153,Beograd,19.428,20.774236198034064
8154,Beograd,15.589416666,17.10825202919485
8155,Beograd,19.997416666,21.196487003075102
8156,Beograd,22.008333336,19.20039661299197
8157,Beograd,18.111916668,20.241946146150752
8158,Beograd,18.97025,26.702793561353843
8159,Beograd,15.4991666674,21.87602546642906
8160,Beograd,22.967499998,23.390434868936048
8161,Beograd,23.366166668,25.89599438131568
8162,Beograd,24.484666666,22.937526527247776
8163,Beograd,21.68725,23.53003333088407
8164,Beograd,18.2422500006,25.30529699622966
8165,Beograd,17.1541818186,27.31031815972172
8166,Beograd,31.888416668,26.712458936460987
8167,Beograd,24.05875,26.221737237156347
8168,Beograd,22.38275,21.44433947862233
8169,Beograd,21.337916668,27.608776862062065
8170,Beograd,20.973083334,24.589115319218024
8171,Beograd,16.32175,23.22562270403119
8172,Beograd,18.6434166674,27.059752867246196
8173,Beograd,27.34091666600001,29.88470094442869
8174,Beograd,22.183416666,27.903011320620795
8175,Beograd,27.7389999994,32.16747618919903
8176,Beograd,28.058362318,32.53152360392321
8177,Beograd,29.5075833334,24.690868961621305
8178,Beograd,25.3422500014,27.4891869264722
8179,Beograd,31.990104165,29.15656553693157
8180,Beograd,29.8788541675,25.96037532371273
8181,Beograd,15.0628124975,26.001035598249835
8182,Beograd,17.510729165,24.91029098434631
8183,Beograd,17.73625000075,26.697092752771592
8184,Beograd,16.2882291675,21.16066076901551
8185,Beograd,12.3265,26.42413105688121
8186,Beograd,11.9131123194,31.01254249904669
8187,Beograd,15.7284999986,22.24243383566149
8188,Beograd,18.2920000006,25.950888304849197
8189,Beograd,24.44675,26.74941478146743
8190,Beograd,17.9880833346,22.4161266284048
8191,Beograd,15.974,23.315854934172656
8192,Beograd,18.8347499986,22.70721081322562
8193,Beograd,24.3608333346,25.726035809522227
8194,Beograd,26.493666666,27.668605991501167
8195,Beograd,30.638749998,29.80600105561036
8196,Beograd,29.9915,29.5261689861622
8197,Beograd,30.0137499994,33.10054313085909
8198,Beograd,28.834166666,31.22577990974735
8199,Beograd,18.8881666646,28.86419951036872
8200,Beograd,25.038916666,28.47664359286397
8201,Beograd,19.2519166666,25.19985755198308
8202,Beograd,23.4050000006,24.40857821338016
8203,Beograd,22.6670833326,28.51297632268208
8204,Beograd,32.163888888,26.640087537746243
8205,Beograd,19.359916666,25.477202896100007
8206,Beograd,15.1343333326,25.40580018058305
8207,Beograd,23.897916666,30.75057047768807
8208,Beograd,25.251083334,32.96537587103066
8209,Beograd,26.814,33.60170408181592
8210,Beograd,26.04083333399999,31.506348336674744
8211,Beograd,26.824666668,27.01630714227276
8212,Beograd,22.2248333354,23.31337802797843
8213,Beograd,21.995166666,28.564541334548604
8214,Beograd,18.503333334,23.63023380066263
8215,Beograd,20.945083332,26.53031303906893
8216,Beograd,25.081833332,28.55385453376245
8217,Beograd,18.29275,20.45626234277765
8218,Beograd,18.053833332,26.36293089881538
8219,Beograd,22.069583334,40.279250777579016
8220,Beograd,16.3920833354,27.921767271724445
8221,Beograd,17.6118333326,28.384609427256457
8222,Beograd,23.2089166674,33.858073376041155
8223,Beograd,30.377916668,30.995472071835437
8224,Beograd,32.919749998,24.01651929166931
8225,Beograd,13.6773333326,17.388479463556592
8226,Beograd,14.1095833334,22.49832577337916
8227,Beograd,14.3650833314,18.9073564916741
8228,Beograd,19.483333334,24.054290523284894
8229,Beograd,25.1708333334,30.40131809724536
8230,Beograd,38.020833334,30.85735469391092
8231,Beograd,42.946916666,28.772581786423476
8232,Beograd,37.251499998,29.901109940489565
8233,Beograd,16.5879166666,21.507404618828808
8234,Beograd,17.9885,24.341472816114745
8235,Beograd,22.2355,23.93186545011882
8236,Beograd,17.2896666674,19.141960742863823
8237,Beograd,12.341,28.82590956270402
8238,Beograd,20.6320833334,27.82412103845456
8239,Beograd,22.36525,27.908774880005048
8240,Beograd,18.3249166666,27.949364986994663
8241,Beograd,23.559467392,30.170059122745965
8242,Beograd,18.4440000006,27.405904574408083
8243,Beograd,21.7524565218,32.20254375592146
8244,Beograd,20.3398043478,35.08366697365663
8245,Beograd,12.4158333334,29.458242527745245
8246,Beograd,6.992083333399999,27.949364986994663
8247,Beograd,10.6109393952,27.969092539599785
8248,Beograd,17.641750002,23.75514543633863
8249,Beograd,22.611833336,24.99397415172816
8250,Beograd,24.669666666,25.927144293840964
8251,Beograd,10.6249999986,19.41801876938483
8252,Beograd,8.8614166674,17.66832645671968
8253,Beograd,6.0153333332,20.68710579624919
8254,Beograd,9.5353333346,19.7879975108273
8255,Beograd,10.9816666668,21.329870578886183
8256,Beograd,11.335749998,21.39548031862437
8257,Beograd,14.783666664,22.78634889205024
8258,Beograd,20.90073913,27.908774880005048
8259,Beograd,24.114916666,30.170059122745965
8260,Beograd,18.833249998,26.57762181512969
8261,Beograd,14.388166666,24.118280661265675
8262,Beograd,16.408166666,22.74654632803967
8263,Beograd,16.25375,24.459554519472874
8264,Beograd,14.465376812,20.60939076004665
8265,Beograd,16.140195652,21.972476818000843
8266,Beograd,16.4540000006,20.090442931781237
8267,Beograd,11.0586666674,21.41393612520408
8268,Beograd,9.5461666666,19.593747490953152
8269,Beograd,12.3648333314,22.48320049025715
8270,Beograd,25.472583332,29.92101795588805
8271,Beograd,29.0889,36.76377315652168
8272,Beograd,50.89375,41.15480579856506
8273,Beograd,31.675833332,31.8888079679668
8274,Beograd,60.10999999999999,53.44328288803734
8275,Beograd,49.058333332,51.12264051262812
8276,Beograd,55.71083333399999,46.018563773100986
8277,Beograd,68.35499999800001,53.44328288803734
8278,Beograd,53.861666666,42.76537475108249
8279,Beograd,35.174999998,29.31479163472878
8280,Beograd,25.91,29.882904005918192
8281,Beograd,20.784166664,30.39258883591048
8282,Beograd,30.248333334,32.117801317868626
8283,Beograd,32.566666668,31.78650689285465
8284,Beograd,50.763333334,44.41586590760074
8285,Beograd,28.8275,33.047593412947435
8286,Beograd,32.76500000200001,28.53705400611581
8287,Beograd,42.823083336,34.62107001364468
8288,Beograd,15.841583334,31.918023496579963
8289,Beograd,57.58583333399999,37.91830102700471
8290,Beograd,37.315833334,36.63917123308518
8291,Beograd,29.011750002,33.562694269527654
8292,Beograd,49.14249999800001,129.93488955351216
8293,Beograd,53.953916666,52.5052579562674
8294,Beograd,71.095000002,60.14959591440387
8295,Beograd,81.57000000600001,62.37845868985125
8296,Beograd,52.55266666599999,53.69447503694163
8297,Beograd,46.835833334,34.865816659124214
8298,Beograd,31.1725,28.03500928679184
8299,Beograd,30.069166664,31.899321594551584
8300,Beograd,33.974166666,35.5916202179524
8301,Beograd,37.629166668,47.19611324068475
8302,Beograd,44.714166668,48.71855459339488
8303,Beograd,43.758333334,42.7678930523552
8304,Beograd,36.898333332,39.45736852239285
8305,Beograd,35.949166666,45.58554428816732
8306,Beograd,26.050833332,34.34692655408679
8307,Beograd,42.773958335,47.91120128625017
8308,Beograd,58.6791666675,52.71036120151442
8309,Beograd,49.4665,37.29967664620951
8310,Beograd,30.261999998,31.984424019959025
8311,Beograd,34.635583332,28.08888298547221
8312,Beograd,22.887166668,25.241523134076598
8313,Beograd,18.562583334,25.460281823187955
8314,Beograd,28.754166666,29.620669317844264
8315,Beograd,15.56825,22.1880065134478
8316,Beograd,13.559583332,23.167761393426844
8317,Beograd,17.693333334,26.465027764488152
8318,Beograd,31.170833332,44.29062195906063
8319,Beograd,61.799166666,59.46863433762105
8320,Beograd,49.443333334,53.020303719294645
8321,Beograd,31.352282608,42.720067049090765
8322,Beograd,20.630916666,33.02182744574103
8323,Beograd,7.618333334000001,22.147768423542296
8324,Beograd,9.0515,22.732770167532458
8325,Beograd,14.632,27.04186864071931
8326,Beograd,17.55575,29.860696640633027
8327,Beograd,9.0404166674,19.579826843205403
8328,Beograd,13.892833332,26.73387799604292
8329,Beograd,30.3945,31.542906327643216
8330,Beograd,25.369416668,32.16010390189848
8331,Beograd,50.27916666599999,45.38943494880227
8332,Beograd,40.46083333200001,31.40246709442621
8333,Beograd,20.331666668,20.9028463412212
8334,Beograd,14.860333332,24.224335587036997
8335,Beograd,30.1475,33.722928109281646
8336,Beograd,46.318333334,55.242376235606194
8337,Beograd,26.405833334,25.71582824306703
8338,Beograd,39.242500002,34.21569691021413
8339,Beograd,22.071666668,22.956601688997917
8340,Beograd,31.924999998,31.713917774781308
8341,Beograd,39.02,50.52937405037789
8342,Beograd,38.5375,47.23395773657016
8343,Beograd,29.340000002,37.41447540473224
8344,Beograd,90.69166666,73.77161255561629
8345,Beograd,118.911666674,85.35935483025071
8346,Beograd,65.775833334,52.85204772194388
8347,Beograd,43.639166668,39.85195870784904
8348,Beograd,47.630833332,49.597445076994894
8349,Beograd,62.04000000200001,51.21033562716071
8350,Beograd,20.1045,26.016360013062112
8351,Beograd,33.85491666599999,41.07458643768823
8352,Beograd,49.825,44.29062195906063
8353,Beograd,42.754916666,39.89958931701725
8354,Beograd,59.58333333,51.523314589579485
8355,Beograd,24.1917708325,28.938195987818627
8356,Beograd,13.919375,22.47748607547158
8357,Beograd,14.29614583325,22.681413755933225
8358,Beograd,20.3704166675,31.419218530011666
8359,Beograd,16.410625,19.05923101876706
8360,Beograd,16.3004166675,23.234683547067704
8361,Beograd,24.0348958325,30.091128326871846
8362,Beograd,25.0624999975,28.53811377756354
8363,Beograd,16.2796875,25.201228073253716
8364,Beograd,12.85281250175,20.98684614663161
8365,Beograd,33.079375,36.84906902317578
8366,Beograd,45.21666667,47.19611324068475
8367,Beograd,45.55,51.82630785244228
18677,Beograd,82.815,72.8406845465191
18678,Beograd,84.67583333333334,75.74749646150579
18679,Beograd,55.75416666666666,59.37547009285414
18680,Beograd,46.44333333333334,53.25730029262801
18681,Beograd,42.12833333333332,40.65279033113508
18682,Beograd,34.79758333333334,44.990108516943685
18683,Beograd,64.4135,67.61009559124491
18684,Beograd,59.31333333333333,60.05252875767447
18685,Beograd,26.75166666666667,27.61474366646268
18686,Beograd,10.27025,18.660340857252223
18687,Beograd,19.2996875,22.616031779086388
18688,Beograd,50.26562500000001,54.47057075697888
18689,Beograd,46.9225,51.70638264400657
18690,Beograd,50.02583333333332,49.81980326778925
18691,Beograd,35.44333333333334,43.614040820225824
18692,Beograd,27.12833333333333,27.162055193960683
18693,Beograd,14.22316666666667,21.93903115094323
18694,Beograd,11.70298550724638,22.76493117460745
18695,Beograd,11.97136231884058,20.988183468501227
18696,Beograd,25.805,25.56636427670703
18697,Beograd,38.01833333333333,37.77615019776312
18698,Beograd,42.10333333333333,42.44268916171362
18699,Beograd,11.91983333333333,20.91696507772891
18700,Beograd,12.54608333333333,21.67087419199922
18701,Beograd,18.35666666666667,31.15767858382552
18702,Beograd,17.8875,26.828655411159705
18703,Beograd,26.36916666666666,27.35905996808917
18704,Beograd,35.93833333333333,35.03512804886736
18705,Beograd,31.7875,35.379050475155694
18706,Beograd,34.28416666666666,45.01177450860325
18707,Beograd,21.63375,27.913957526961187
18708,Beograd,29.52833333333333,32.90380499320643
18709,Beograd,22.13583333333333,26.733219890687103
18710,Beograd,16.65025,23.16647578862562
18711,Beograd,7.501250000000001,18.320854537976764
18712,Beograd,10.66525,27.019672236080467
18713,Beograd,21.84500000000001,34.27051669724937
18714,Beograd,34.0125,43.71685217949656
18715,Beograd,41.01000000000001,43.07501866969815
18716,Beograd,27.855,34.9915316132111
18717,Beograd,54.89666666666667,60.673668554245815
18718,Beograd,81.8275,73.51827657905787
18719,Beograd,56.41583333333333,50.090325369960105
18720,Beograd,63.77416666666667,63.36368977554779
18721,Beograd,44.465,51.090410418725
18722,Beograd,54.77583333333332,62.25853348141554
18723,Beograd,81.74083333333334,62.25853348141554
18724,Beograd,73.94749999999999,68.96864920056652
18725,Beograd,50.95416666666667,41.02372738055584
18726,Beograd,27.35258333333334,36.39098903594977
18727,Beograd,21.29641666666667,29.779748997078546
18728,Beograd,41.14841228070175,42.32590588150591
18729,Beograd,51.63416666666667,50.785715292533936
18730,Beograd,44.22666666666667,38.80888586029621
18731,Beograd,39.50166666666667,32.14747396352123
18732,Beograd,19.41366666666666,20.985671666334643
18733,Beograd,14.98466666666667,23.538254904675888
18734,Beograd,22.25616666666667,26.231937073475777
18735,Beograd,29.10329710144928,36.031355647925885
18736,Beograd,25.005,34.60698336191507
18737,Beograd,19.30041666666667,26.10127855085523
18738,Beograd,43.40083333333333,51.82630785244228
18739,Beograd,52.05833333333332,55.923337812389015
18740,Beograd,31.362,44.81218656357274
18741,Beograd,32.17352631578947,44.1174146288174
18742,Beograd,27.31864583333333,37.35101429627572
18743,Beograd,22.17891666666667,33.344598253778926
18744,Beograd,12.64825,22.25388967615701
18745,Beograd,16.48333333333333,24.34019356316875
18746,Beograd,14.08,22.035351186650992
18747,Beograd,24.37875,36.018730216787354
18748,Beograd,27.98191666666667,35.99497828248842
18749,Beograd,21.95583333333334,36.39659522218756
18750,Beograd,18.65508333333333,23.01557948094967
18751,Beograd,14.02816666666667,22.401245050428173
18752,Beograd,30.00058333333333,41.39518291516121
18753,Beograd,25.54616666666666,34.39113466625544
18754,Beograd,28.28708333333334,40.340348847173736
18755,Beograd,43.96083333333333,38.68515462598157
18756,Beograd,40.98833333333334,38.32177371542856
18757,Beograd,42.80833333333333,38.32177371542856
18758,Beograd,47.1875,44.289957153788656
18759,Beograd,36.64275,38.57377282778685
18760,Beograd,17.95,24.87953874098843
18761,Beograd,8.255090909090908,28.62450141895728
18762,Beograd,8.586500000000001,19.045482466685144
18763,Beograd,13.0635,22.8240971102008
18764,Beograd,17.0045,32.19350267226007
18765,Beograd,27.34791666666667,35.124695546416326
18766,Beograd,22.36263888888889,31.843218537444628
18767,Beograd,13.04741666666667,21.34876940202467
18768,Beograd,12.96483333333333,25.8267163920222
18769,Beograd,19.90383333333333,22.332489090004763
18770,Beograd,14.65,18.79808150498644
18771,Beograd,19.25875,26.31531210107026
18772,Beograd,31.86249999999999,39.74596610468411
18773,Beograd,34.96666666666667,38.31609614912748
18774,Beograd,48.57250000000001,55.923337812389015
18775,Beograd,44.71833333333334,42.296005562225865
18776,Beograd,32.355,36.19088046005566
18777,Beograd,34.88250000000001,34.389580806445984
18778,Beograd,16.94308333333333,25.072351625488693
18779,Beograd,20.7575,31.780158106949106
18780,Beograd,12.47225,23.466995113646973
18781,Beograd,8.541,26.17212056046253
18782,Beograd,14.25916666666667,22.69025700972693
18783,Beograd,15.75008333333333,22.655717163447527
18784,Beograd,10.84591666666667,21.19271977811379
18785,Beograd,23.00666666666667,22.86636449177921
18786,Beograd,26.54583333333333,29.21242541017175
18787,Beograd,41.8725,32.356625811039365
18788,Beograd,40.62641666666666,32.61963038224904
18789,Beograd,26.54691666666667,29.729694357319488
18790,Beograd,21.40075,23.32599015188049
18791,Beograd,12.85991666666667,20.174195854295142
18792,Beograd,22.92,22.269940437887783
18793,Beograd,18.97083333333333,25.546319929505607
18794,Beograd,25.32166666666667,30.30229833050613
18795,Beograd,22.29441666666667,26.466027795660075
18796,Beograd,25.1475,29.019628254669037
18797,Beograd,25.1765,25.30358182701196
18798,Beograd,17.628,26.001019266757275
18799,Beograd,21.22916666666666,26.50869826764564
18800,Beograd,18.84760144927536,23.29526714219487
18801,Beograd,27.34116666666667,28.235318677220672
18802,Beograd,19.39166666666666,26.341247653355484
18803,Beograd,14.19491666666667,24.656821641936855
18804,Beograd,15.91875,19.822272204142667
18805,Beograd,15.42366666666667,21.878395877195263
18806,Beograd,14.95341666666667,21.963526582665907
18807,Beograd,15.12708333333333,18.772919720912896
18808,Beograd,12.96483333333333,19.36859256795683
18809,Beograd,14.68108333333333,20.6052285006024
18810,Beograd,13.4335,18.52014329173503
18811,Beograd,21.655,19.949406217530715
18812,Beograd,24.93166666666666,22.919835856335126
18813,Beograd,19.85908333333333,19.79449492577635
18814,Beograd,11.34266666666667,17.184388986961316
18815,Beograd,21.57575,27.7048244096571
18816,Beograd,25.0765,26.806964839448423
18817,Beograd,18.84483333333333,23.4306849242738
18818,Beograd,16.72033333333333,22.100886837700678
18819,Beograd,19.81602272727272,26.24928688372016
18820,Beograd,25.60433333333333,24.928341786225623
18821,Beograd,20.60958333333333,22.07949897339977
18822,Beograd,21.53291666666667,22.740008308069704
18823,Beograd,18.66033333333333,22.07949897339977
18824,Beograd,19.87241666666667,24.174349161482112
18825,Beograd,16.169,21.285820333904105
18826,Beograd,17.77633333333333,21.47646185783852
18827,Beograd,14.56475,19.984896936929918
18828,Beograd,19.84758333333333,21.33748597403797
18829,Beograd,20.79033333333334,20.436065509958247
18830,Beograd,21.42341666666666,20.30513291817769
18831,Beograd,12.78516666666667,17.973632537837968
18832,Beograd,13.40641666666667,20.13017525987585
18833,Beograd,12.62183333333333,18.37104381535495
18834,Beograd,16.50633333333333,22.94468638325113
18835,Beograd,15.095625,22.850317572848727
18836,Beograd,20.15365942028986,25.380917334109167
18837,Beograd,14.53268421052632,20.99797886875035
18838,Beograd,12.76416666666666,18.74556474578836
18839,Beograd,11.34025,15.879108610081133
18840,Beograd,11.61473684210526,18.897396117343263
18841,Beograd,12.41895289855072,19.73423845922395
18842,Beograd,14.65675,18.779039638900752
18843,Beograd,12.27025,15.872522892467044
18844,Beograd,17.55083333333333,22.81944243471103
18845,Beograd,12.95797463768116,22.850317572848727
18846,Beograd,17.04615909090909,25.22239231627873
18847,Beograd,24.0405,30.884615286718283
18848,Beograd,28.8045,35.202797316859105
18849,Beograd,20.37775,27.825511183905515
18850,Beograd,26.36716666666667,28.522145174368536
18851,Beograd,15.6285,20.054281973144647
18852,Beograd,9.51175,18.220113862205995
18853,Beograd,13.86991666666666,23.14909599459549
18854,Beograd,17.30916666666667,23.14909599459549
18855,Beograd,10.57708333333333,18.266178547998116
18856,Beograd,14.29491666666667,21.24634806799866
18857,Beograd,14.77241666666667,24.401897570149817
18858,Beograd,18.20566666666667,22.992500601763265
18859,Beograd,13.0295,19.172751267722727
18860,Beograd,17.82683333333333,23.965878649689667
18861,Beograd,22.97808333333333,22.554387138343195
18862,Beograd,19.63091666666667,22.29592766898054
18863,Beograd,28.15875,27.921295092711304
18864,Beograd,14.42575,19.0578893339081
18865,Beograd,19.98191666666667,22.617991513084405
18866,Beograd,20.92308333333333,22.696248932130228
18867,Beograd,21.75577173913043,25.95076539026182
18868,Beograd,24.04091666666667,28.516356016018616
18869,Beograd,27.13772807017544,27.423233458757004
18870,Beograd,30.47395833333333,26.95754946277585
18871,Beograd,15.175,22.495882764557678
18872,Beograd,19.59075,26.15586410949789
18873,Beograd,23.253,32.96250665362245
18874,Beograd,32.89133333333333,33.293772530315024
18875,Beograd,23.44983333333333,29.03875944142991
18876,Beograd,23.03803392621871,25.676578117794715
18877,Beograd,14.10666666666667,22.42619370372063
18878,Beograd,18.69291666666667,24.202629854997955
18879,Beograd,13.4865,19.111730720791154
18880,Beograd,13.59608333333333,21.325348286484235
18881,Beograd,23.52438405797102,28.843721725825453
18882,Beograd,32.56083333333333,26.02271064611204
18883,Beograd,11.99975,15.59590259199588
18884,Beograd,12.13091666666667,18.598153386300407
18885,Beograd,15.55567391304348,21.33381836569717
18886,Beograd,25.93826086956522,26.09797442933279
18887,Beograd,29.04239912280702,25.415889329034883
18888,Beograd,15.20795,19.31075072045257
18889,Beograd,16.21684090909091,23.28981195199141
18890,Beograd,9.10238768115942,18.63943705763752
18891,Beograd,17.70971212121212,26.56492446877304
18892,Beograd,24.22640476190476,30.470786937562483
18893,Beograd,20.65816666666667,22.24022198537033
18894,Beograd,8.581083333333334,15.126355724982908
18895,Beograd,8.318333333333332,19.376854889075823
18896,Beograd,13.80525,21.156279932814584
18897,Beograd,15.71566666666667,21.618350621919387
18898,Beograd,18.47866666666667,22.83023232477542
18899,Beograd,19.86183333333333,23.00277484974667
18900,Beograd,19.28483333333334,24.602497233200086
18901,Beograd,25.31416666666667,26.528517811478995
18902,Beograd,21.23341666666667,24.84987053391865
18903,Beograd,21.5025,23.159664374243995
18904,Beograd,28.4775,30.23819367008893
18905,Beograd,36.97015151515151,34.68886629871642
18906,Beograd,34.19166666666667,32.094293522217775
18907,Beograd,32.26416666666667,31.343560952847323
18908,Beograd,34.39166666666667,31.605990220266868
18909,Beograd,39.55583333333333,34.88220083938613
18910,Beograd,38.94583333333333,39.476477791789065
18911,Beograd,39.57916666666667,30.095330440867013
18912,Beograd,31.63666666666667,28.48528606476557
18913,Beograd,26.707,28.943432658138665
18914,Beograd,23.39,29.165828245784944
18915,Beograd,25.04666666666667,30.31926071168777
18916,Beograd,25.4075,21.855939195037404
18917,Beograd,18.12341666666667,19.23210903455831
18918,Beograd,15.21308333333333,19.21898739991641
18919,Beograd,16.38991666666666,22.762302090346825
18920,Beograd,23.3315,26.368583512517613
18921,Beograd,19.68475,21.720482251317183
18922,Beograd,12.30661956521739,17.59687930833469
18923,Beograd,19.61808333333333,25.87086676502079
18924,Beograd,22.42441666666667,25.96920943213992
18925,Beograd,23.07083333333333,24.346107877462625
18926,Beograd,24.61141666666666,26.84948922533416
18927,Beograd,24.53183333333333,27.143753588648416
18928,Beograd,21.12508333333334,27.22201100769424
18929,Beograd,24.27633333333333,26.558886949272065
18930,Beograd,24.70658333333333,27.86052184624044
18931,Beograd,33.97166666666667,35.21930346602737
18932,Beograd,28.90341666666667,27.59797899533929
18933,Beograd,13.20891666666666,20.990007031266856
18934,Beograd,18.82491666666667,24.15417449326192
18935,Beograd,15.45325,23.696030821245195
18936,Beograd,19.02058333333333,25.608846588851712
18937,Beograd,23.34691666666667,24.714767169948463
18938,Beograd,19.50616666666667,24.225490657378483
18939,Beograd,22.23008333333333,25.84503783634397
18940,Beograd,27.13791666666667,29.21967780676693
18941,Beograd,27.12,26.13637134415109
18942,Beograd,8.801916666666667,17.55868685258285
18943,Beograd,18.94358333333333,19.75223470839523
18944,Beograd,33.06833333333333,26.930670898592123
18945,Beograd,36.53416666666666,26.5145498364372
18946,Beograd,35.99333333333333,27.464870249980287
18947,Beograd,40.26083333333333,27.797990493600626
18948,Beograd,36.67333333333333,30.085405281195477
18949,Beograd,25.80916666666666,24.658556027741227
18950,Beograd,23.1575,26.69601587855986
18951,Beograd,21.38575,27.670120861781097
18952,Beograd,35.56891304347825,28.46625056260319
18953,Beograd,36.17583333333333,29.57779620593845
18954,Beograd,42.83645833333333,24.058350281496637
18955,Beograd,28.47125,28.22042115464867
18956,Beograd,34.6315,26.28945922106504
18957,Beograd,22.03775,26.75360778482316
18958,Beograd,29.95908333333334,28.92707102734644
18959,Beograd,49.99749999999999,36.76377315652168
18960,Beograd,47.83416666666667,37.084369633994655
18961,Beograd,23.83941666666666,24.404434414551652
18962,Beograd,16.4125,31.207967806849624
18963,Beograd,34.40416666666666,41.06926769758383
18964,Beograd,44.06083333333333,45.71078823670743
18965,Beograd,21.85416666666666,25.959982626372224
18966,Beograd,32.30249999999999,29.261761774285787
18967,Beograd,37.19283333333333,31.85102399993016
18968,Beograd,13.50991666666667,25.468912223156323
18969,Beograd,22.765,32.04326744512006
18970,Beograd,34.74249999999999,29.390587204373237
18971,Beograd,22.25716666666667,24.108719141426658
18972,Beograd,19.82166666666667,26.21713453501674
18973,Beograd,10.4855,20.347895884319787
18974,Beograd,13.87283333333333,28.938675156054646
18975,Beograd,15.51641666666667,28.99472198897529
18976,Beograd,20.26033333333334,29.5560684460924
18977,Beograd,18.77774999999999,28.65471315095316
18978,Beograd,12.19908333333333,25.017632113943048
18979,Beograd,19.02016666666667,26.164808802633804
18980,Beograd,18.512,23.75282748187533
18981,Beograd,16.29566666666667,27.48987260356524
18982,Beograd,7.406499999999999,19.511053542439104
18983,Beograd,16.9965,32.04326744512006
18984,Beograd,30.27566666666667,27.80027007299366
18985,Beograd,20.13308333333334,26.673441443696284
18986,Beograd,22.25141666666666,30.296885412215254
18987,Beograd,17.805,23.081845637538017
18988,Beograd,10.73016666666667,19.74319316404712
18989,Beograd,15.10733333333333,36.76441518162529
18990,Beograd,30.05883333333334,37.47246060099162
18991,Beograd,24.424,29.831832039055445
18992,Beograd,12.81675,23.47545424288546
18993,Beograd,16.73166666666667,26.936173779078988
18994,Beograd,11.82475,19.77264294826658
18995,Beograd,10.66591666666667,24.442009303649165
18996,Beograd,22.96633333333333,51.73190023167282
18997,Beograd,46.44333333333334,59.57274813457471
18998,Beograd,45.3775,27.224234112577022
18999,Beograd,27.23833333333334,23.085818806001328
19000,Beograd,36.72916666666667,61.01964271656555
19001,Beograd,52.34041666666667,30.402775056308563
19002,Beograd,11.16525,20.86825826006552
19003,Beograd,12.56133333333333,20.01354852770753
19004,Beograd,15.85091666666667,25.468774274006943
19005,Beograd,12.36333333333333,20.51427476511948
19006,Beograd,30.9115579710145,39.97554678145507
19007,Beograd,27.83583333333333,23.721835427623844
19008,Beograd,21.99984057971015,27.09933531086351
19009,Beograd,23.9775,27.486565311336378
19010,Beograd,20.095,39.79978138422014
19011,Beograd,42.0725,34.89572307295453
19012,Beograd,33.10083333333334,30.13722292793362
19013,Beograd,31.05550724637681,29.960024538860807
19014,Beograd,25.51583333333334,28.44260326098443
19015,Beograd,61.20268115942029,40.033840376651874
19016,Beograd,52.7075,48.08532719600106
19017,Beograd,53.71166666666667,46.85653476342953
19018,Beograd,51.99499999999999,40.17789887780635
19019,Beograd,39.00583333333334,35.559259187012564
19020,Beograd,29.97666666666667,25.82975603755871
19021,Beograd,19.16141666666666,32.4861465569208
19022,Beograd,30.54583333333333,23.188629377325743
19023,Beograd,31.43366666666667,66.92913401446208
19024,Beograd,61.77999999999999,83.72517045050826
19025,Beograd,106.3341666666667,91.14578618431962
19026,Beograd,102.7216666666667,72.49498080817926
19027,Beograd,87.52416666666667,55.8416859476332
19028,Beograd,34.80166666666666,32.147846731985254
19029,Beograd,22.0125,23.311416288974737
19030,Beograd,18.95441666666667,28.05481256054445
19031,Beograd,54.10858333333333,87.11287608319647
19032,Beograd,79.9075,72.67853729682992
19033,Beograd,97.385,72.61490601661498
19034,Beograd,66.07483333333333,36.72382507463567
19035,Beograd,80.47416666666666,75.62757125307007
19036,Beograd,75.32,51.70638264400657
19037,Beograd,71.97999999999999,64.04465135233062
19038,Beograd,53.25325,61.08353636074456
19039,Beograd,7.565416666666665,19.011675940871424
19040,Beograd,27.55058876811594,27.016612356032837
19041,Beograd,36.66100543478261,32.33367669202303
28087,Beograd,25.18072916666666,38.00673882085869
28088,Beograd,30.54041666666667,36.60389986619996
28089,Beograd,21.5053125,26.61870244445325
28090,Beograd,23.3290625,30.81582427594849
28091,Beograd,43.77739583333334,29.689575282075992
28092,Beograd,19.83447916666666,30.69920434211852
28093,Beograd,17.98947916666667,23.83496759836465
28094,Beograd,31.41220238095239,22.855543607625894
28095,Beograd,41.00416666666667,43.10804867368273
28096,Beograd,63.10104166666666,70.93931029962378
28097,Beograd,69.31875,59.43998792758198
28098,Beograd,56.63958333333334,59.81125826095465
28099,Beograd,51.44270833333334,47.86333653061688
28100,Beograd,62.67708333333334,51.145346275659456
28101,Beograd,45.88447916666666,25.809386575034623
28102,Beograd,27.38260416666667,30.076719215024852
28103,Beograd,27.59895833333334,26.03013416880689
28104,Beograd,23.50802083333333,25.959982626372224
28105,Beograd,20.08427083333333,23.9124252943155
28106,Beograd,35.71666666666667,40.62164980432422
28107,Beograd,57.12395833333333,81.57040376321245
28108,Beograd,47.40104166666666,41.429702088144325
28109,Beograd,55.065625,43.60609228066713
28110,Beograd,52.90416666666667,48.9342198712309
28111,Beograd,36.62604166666667,22.24464397156329
28112,Beograd,32.96875,48.78340325110564
28113,Beograd,16.77395833333333,21.475357084133503
28114,Beograd,22.33645833333334,50.41146031489988
28115,Beograd,50.628125,73.45464529884293
28116,Beograd,54.43541666666667,58.708382179255246
28117,Beograd,87.32604166666667,97.49773424957642
28118,Beograd,105.409375,83.72517045050826
28119,Beograd,42.34895833333334,34.349701057755766
28120,Beograd,33.64479166666668,50.32763530530793
28121,Beograd,36.84791666666666,39.46964085287936
28122,Beograd,58.80520833333334,50.32763530530793
28123,Beograd,60.16145833333334,62.824299115864335
28124,Beograd,66.409375,50.785715292533936
28125,Beograd,44.90416666666666,41.51510812359692
28126,Beograd,34.56145833333333,29.77824722356261
28127,Beograd,31.02083333333334,33.54125930603908
28128,Beograd,22.95729166666666,27.442487599844696
28129,Beograd,22.084375,27.570197264132823
28130,Beograd,17.29895833333333,23.93514473573317
28131,Beograd,33.61875,55.82995439770389
28132,Beograd,53.746875,72.49498080817926
28133,Beograd,52.83125,41.51510812359692
28134,Beograd,46.67708333333333,62.21816517613661
28135,Beograd,45.84479166666667,65.74364864781523
28136,Beograd,61.89999999999999,68.96864920056652
28137,Beograd,39.39895833333334,37.48580278916235
28138,Beograd,32.503125,37.80144941257309
28139,Beograd,28.51041666666667,29.218044679401984
28140,Beograd,19.33947916666667,30.437228793235548
28141,Beograd,17.31260416666667,30.62435775345454
28142,Beograd,28.6125,30.70149289037533
28143,Beograd,26.871875,34.30648082470495
28144,Beograd,31.71145833333333,32.03442697088459
28145,Beograd,32.16145833333334,32.11725229599802
28146,Beograd,39.90729166666667,35.38644214827995
28147,Beograd,27.08125,28.59341639497068
28148,Beograd,17.85770833333333,26.58631129147256
28149,Beograd,23.0771875,35.479906641315395
28150,Beograd,29.17916666666667,38.62182409251695
28151,Beograd,39.34999999999999,36.01767312981243
28152,Beograd,37.684375,35.47060519677325
28153,Beograd,22.84864583333333,28.38842864220745
28154,Beograd,24.31979166666666,30.941497314195885
28155,Beograd,23.18645833333334,29.799182684054287
28156,Beograd,23.04895833333333,27.176965909359417
28157,Beograd,23.658125,22.3243639798905
28158,Beograd,12.7521875,28.15613718689597
28159,Beograd,23.58416666666666,26.84991407721118
28160,Beograd,30.2609375,37.29967664620951
28161,Beograd,42.40625,42.93203982123364
28162,Beograd,35.375,62.824299115864335
28163,Beograd,30.74614583333334,33.22896935761072
28164,Beograd,22.89375,29.58169760876663
28165,Beograd,22.64302083333333,40.38309151466877
28166,Beograd,42.08854166666666,52.10995597792048
28167,Beograd,47.47395833333334,63.20792351744522
28168,Beograd,63.68835227272728,56.9856624025662
28169,Beograd,41.66111111111112,30.965207178416275
28170,Beograd,15.30583333333333,27.686434467029255
28171,Beograd,22.43111111111111,32.39212701573004
28172,Beograd,15.59447916666667,25.1366802504947
28173,Beograd,27.7915625,24.344829335297582
28174,Beograd,16.30739583333333,21.67985614274211
28175,Beograd,17.67791666666667,33.20475719803791
28176,Beograd,18.95572916666666,32.36618147742384
28177,Beograd,66.35704545454546,54.986785810863296
28178,Beograd,84.70208333333333,57.42897280297167
28179,Beograd,19.51395833333333,22.62672801405303
28180,Beograd,16.2590625,30.647809888654976
28181,Beograd,17.5025,29.78391915240835
28182,Beograd,22.51625,32.007553389795724
28183,Beograd,27.72364583333334,33.53840807910155
28184,Beograd,23.289375,30.290426318506853
28185,Beograd,15.1765625,31.186540755019763
28186,Beograd,19.2340625,31.529661087605746
28187,Beograd,31.81010416666667,32.90572878432359
28188,Beograd,30.0071875,32.89911282769839
28189,Beograd,38.51916666666666,36.30633519439928
28190,Beograd,35.95614583333334,31.843218537444628
28191,Beograd,27.04354166666667,33.185559817322435
28192,Beograd,32.72885416666666,35.56695057575942
28193,Beograd,38.77739583333333,22.205287977879863
28194,Beograd,6.839166666666667,18.85520899715836
28195,Beograd,15.90375,28.058297373721157
28196,Beograd,22.09614583333333,32.671151205642175
28197,Beograd,19.5525,27.457518271396005
28198,Beograd,11.60520833333333,21.746364472620137
28199,Beograd,15.51385416666667,24.16296248232727
28200,Beograd,15.1121875,18.337197982785423
28201,Beograd,19.01180555555555,25.379316027733275
28202,Beograd,25.78194444444444,46.54626156579578
28203,Beograd,31.47638888888889,25.51502265546613
28204,Beograd,17.22875,27.457518271396005
28205,Beograd,15.16263888888889,24.74788805418375
28206,Beograd,15.675,27.68834778636317
28207,Beograd,25.93333333333334,25.457015402816907
28208,Beograd,15.233125,21.817902366653847
28209,Beograd,10.41810416666667,18.81440271883533
28210,Beograd,8.49986111111111,15.837762721426614
28211,Beograd,12.14395833333333,18.57728189968856
28212,Beograd,16.9684375,23.714106226587
28213,Beograd,14.89916666666667,24.0014019482449
28214,Beograd,11.52479166666667,24.7860983166885
28215,Beograd,14.29322916666667,20.38899820922988
28216,Beograd,11.680625,17.57777943882625
28217,Beograd,14.16635416666666,23.156385099594665
28218,Beograd,15.4203125,23.9543148738324
28219,Beograd,18.85866071428572,22.641658447104145
28220,Beograd,19.05,24.4227329448603
28221,Beograd,13.61385416666667,21.114738875037887
28222,Beograd,16.38989583333333,17.754611759013486
28223,Beograd,22.63927083333333,23.010383309939023
28224,Beograd,19.6428125,24.81039296404968
28225,Beograd,20.43020833333333,21.884340236852346
28226,Beograd,16.33635416666667,19.413052556421373
28227,Beograd,26.03083333333334,20.360271846815703
28228,Beograd,23.44222222222222,17.555429307765326
28229,Beograd,9.0059375,17.990986086299202
28230,Beograd,18.88479166666667,20.38899820922988
28231,Beograd,23.77395833333333,20.134198329746493
28232,Beograd,23.03333333333333,27.45505734121108
28233,Beograd,26.67395833333333,23.56053490447418
28234,Beograd,22.76748188405797,22.34520276548077
28235,Beograd,19.3946875,22.25091765955534
28236,Beograd,15.52239583333334,20.25728116180905
28237,Beograd,13.67739583333333,22.043398702570126
28238,Beograd,13.94666666666667,22.595093319860176
28239,Beograd,14.53719696969697,16.52884925883826
28240,Beograd,12.66927083333333,20.626436060948876
28241,Beograd,19.8078125,22.50963584730245
28242,Beograd,19.94802083333333,25.22239231627873
28243,Beograd,27.76979166666667,27.77147757406201
28244,Beograd,28.85520833333334,28.88224924491235
28245,Beograd,30.009375,25.692798945300325
28246,Beograd,43.78541666666667,24.613119646644435
28247,Beograd,21.69791666666667,20.15095980331834
28248,Beograd,19.41427083333333,20.436065509958247
28249,Beograd,21.94895833333333,17.383148527874138
28250,Beograd,19.62645833333333,22.21581908966961
28251,Beograd,16.97520833333333,23.11752804643332
28252,Beograd,19.253125,23.979476234106265
28253,Beograd,18.54979166666667,25.70564819217045
28254,Beograd,27.28020833333333,29.65983022127407
28255,Beograd,38.47083333333333,30.552527726284573
28256,Beograd,56.92916666666667,30.22349824856789
28257,Beograd,55.99270833333333,27.874192953210876
28258,Beograd,54.56666666666667,25.760514711075054
28259,Beograd,27.23125,23.78800643766231
28260,Beograd,24.71,23.25410478242737
28261,Beograd,28.00625,27.10371558467869
28262,Beograd,22.52541666666666,21.1798316415335
28263,Beograd,16.35791666666667,17.46716602724266
28264,Beograd,19.778125,20.30228328512485
28265,Beograd,26.23854166666667,26.667106654201845
28266,Beograd,24.20416666666667,27.579928589896618
28267,Beograd,32.136875,25.92677415271443
28268,Beograd,12.71722222222222,14.89509784532206
28269,Beograd,14.84819444444445,18.953163828394377
28270,Beograd,20.51041666666667,20.74303236772777
28271,Beograd,13.7765625,21.63431759311084
28272,Beograd,13.19709239130435,22.807158631329894
28273,Beograd,16.50635416666667,28.900196242706325
28274,Beograd,23.52895833333334,29.03875944142991
28275,Beograd,26.75625,29.48731094007494
28276,Beograd,29.70697916666667,30.55532380734813
28277,Beograd,27.828125,31.602920861845256
28278,Beograd,25.07708333333333,31.45871667016473
28279,Beograd,27.44895833333333,33.18819299588745
28280,Beograd,29.396875,31.899496492987403
28281,Beograd,28.8875,34.37418260248626
28282,Beograd,26.65447916666667,36.043578238080265
28283,Beograd,35.01145833333333,34.521709487538295
28284,Beograd,29.87916666666667,28.57619509936587
28285,Beograd,20.34572916666666,26.43592149236308
28286,Beograd,19.17802083333334,23.8234471713686
28287,Beograd,18.111875,22.519099899877293
28288,Beograd,18.59333333333333,26.351994379147477
28289,Beograd,22.4721875,26.540856264422256
28290,Beograd,19.015,17.662928168301743
28291,Beograd,13.4875,21.355761416429903
28292,Beograd,17.853125,23.48716868705785
28293,Beograd,16.02,26.561274942435283
28294,Beograd,13.33958333333333,26.564570997428422
28295,Beograd,13.10763888888889,23.838486035877885
28296,Beograd,18.77541666666667,25.084109902546174
28297,Beograd,21.0878125,27.59114124755407
28298,Beograd,20.15104166666667,29.827326916612737
28299,Beograd,24.2978125,31.41736399493961
28300,Beograd,19.04541666666666,22.20609941457008
28301,Beograd,10.73041666666667,22.81259439389975
28302,Beograd,16.94375,23.658768307588
28303,Beograd,14.5265625,22.33766306588438
28304,Beograd,13.09322916666667,28.1558041069903
28305,Beograd,19.37802083333333,27.495209620006637
28306,Beograd,18.30791666666666,28.618210828296743
28307,Beograd,18.0690625,30.740168471485955
28308,Beograd,17.1971875,32.422861413632695
28309,Beograd,21.04520833333333,31.87076221950851
28310,Beograd,23.57528270404271,31.49412202830869
28311,Beograd,33.909375,30.46223513842673
28312,Beograd,40.26622023809524,37.781820588233685
28313,Beograd,42.05639880952381,37.6971667466832
28314,Beograd,36.59632675438596,31.38916071797713
28315,Beograd,31.076875,34.92627975001432
28316,Beograd,27.92875905797101,32.0347801572398
28317,Beograd,21.34,25.693072176770134
28318,Beograd,35.20208333333333,29.5921659479844
28319,Beograd,26.76354166666667,30.27275430859324
28320,Beograd,24.1275,32.96537587103066
28321,Beograd,34.81947916666667,36.923069139997736
28322,Beograd,31.425,37.6971667466832
28323,Beograd,52.66041666666666,36.51338541614605
28324,Beograd,48.53541666666667,31.259713466510508
28325,Beograd,34.440625,31.12701743455128
28326,Beograd,41.153125,28.785351278110596
28327,Beograd,29.928125,31.60091580072018
28328,Beograd,40.63541666666666,32.82487681540432
28329,Beograd,44.39062500000001,40.86232625920976
28330,Beograd,67.19583333333335,40.61321796844874
28331,Beograd,77.2677083333333,40.86232625920976
28332,Beograd,64.98333333333333,40.86232625920976
28333,Beograd,62.89479166666666,40.988843899031465
28334,Beograd,53.21145833333334,37.8391942935244
28335,Beograd,33.190625,33.10281991070182
28336,Beograd,37.75729166666667,31.59923412061045
28337,Beograd,38.19791666666666,29.25573674423937
28338,Beograd,21.146875,22.28501893560057
28339,Beograd,21.36666666666666,21.60429231874369
28340,Beograd,20.39229166666667,22.5431699677015
28341,Beograd,14.43979166666667,17.75574160259428
28342,Beograd,5.556875000000001,16.31253563566694
28343,Beograd,3.653854166666667,14.574831471106409
28344,Beograd,6.879162137681159,18.25319309609603
28345,Beograd,15.66083333333333,23.51280637791148
28346,Beograd,32.6486865942029,24.459554519472874
28347,Beograd,33.68229166666666,21.046966564852863
28348,Beograd,30.07604166666666,26.980998045648327
28349,Beograd,38.528125,33.67281332009022
28350,Beograd,42.13125000000001,32.09323880561041
28351,Beograd,38.16145833333333,27.02420909733176
28352,Beograd,26.14583333333333,23.27568172839212
28353,Beograd,22.82916666666667,23.51280637791148
28354,Beograd,22.85427083333333,25.14754547384097
28355,Beograd,21.75875,33.15208305652575
28356,Beograd,28.85854166666666,20.898580020682854
28357,Beograd,7.411145833333332,14.574831471106409
28358,Beograd,12.9840625,23.57601544237758
28359,Beograd,24.34444444444444,26.40227074368496
28360,Beograd,22.19291666666667,25.45160619752352
28361,Beograd,23.55694444444444,20.793732550374088
28362,Beograd,14.33597222222222,19.678743882460942
28363,Beograd,19.96458333333333,25.69399857236392
28364,Beograd,21.6746875,29.098334776476875
28365,Beograd,24.69802083333334,26.08167426621199
28366,Beograd,18.268125,24.2069741925248
28367,Beograd,16.87395833333333,19.538070529557952
28368,Beograd,17.97604166666667,25.969594800045154
28369,Beograd,15.99520833333334,19.41056063611425
28370,Beograd,20.94145833333333,31.513836149416008
28371,Beograd,25.19833333333333,32.293086585033414
28372,Beograd,17.8896875,24.972439394053985
28373,Beograd,23.45083333333334,31.58518745789407
28374,Beograd,20.65416666666667,36.72382507463567
28375,Beograd,25.74270833333333,26.522192372781927
28376,Beograd,20.32091938405797,30.285101584997207
28377,Beograd,17.261875,28.333498557245136
28378,Beograd,15.67364583333333,30.119733261271225
28379,Beograd,32.47812499999999,47.61678861280499
28380,Beograd,47.221875,50.32763530530793
28381,Beograd,59.14479166666667,56.3691782384021
28382,Beograd,49.44479166666666,44.1174146288174
28383,Beograd,35.41458333333333,35.112901859386874
28384,Beograd,35.8375,32.953772685816105
28385,Beograd,32.90729166666667,47.83179080719674
28386,Beograd,49.44791666666666,50.66047134399383
28387,Beograd,57.33541666666666,55.923337812389015
28388,Beograd,59.72961956521738,62.37845868985125
28389,Beograd,57.76875,44.29062195906063
28390,Beograd,41.40520833333333,45.58554428816732
28391,Beograd,40.21041666666666,31.57335717208101
28392,Beograd,32.06979166666667,57.70237391118868
28393,Beograd,65.48125000000002,60.80951003368487
28394,Beograd,51.74257246376811,36.30633519439928
28395,Beograd,53.2875,74.39695186879608
28396,Beograd,60.2223731884058,59.26832098923774
28397,Beograd,99.88125,88.02497155355542
28398,Beograd,89.84270833333335,72.98423734924269
28399,Beograd,58.27395833333333,74.01568166719005
28400,Beograd,52.18333333333334,35.471695009516694
28401,Beograd,36.34270833333333,41.38795260923308
28402,Beograd,32.98352272727273,45.46561907973161
28403,Beograd,23.79583333333334,36.05761306344922
28404,Beograd,29.40520833333333,45.78126570314235
28405,Beograd,46.44895833333334,55.803412603953305
28406,Beograd,50.228125,86.3682832261987
28407,Beograd,92.396875,82.6937261325609
28408,Beograd,65.5997159090909,29.71420689044119
28409,Beograd,12.74072916666667,18.751403219793723
28410,Beograd,17.15169384057971,19.265884385463288
28411,Beograd,10.75716856060606,20.18018645477874
28412,Beograd,24.97322916666667,42.93307924344301
28413,Beograd,47.94375,54.072697855039614
28414,Beograd,59.4040625,43.25894955071857
28415,Beograd,50.10104166666667,46.863277201998855
28416,Beograd,51.04375,62.37845868985125
28417,Beograd,64.63833333333332,23.302963342771573
28418,Beograd,14.00854166666667,27.54933567857244
28419,Beograd,32.60416666666667,30.16021662474404
28420,Beograd,17.57791666666667,25.86898709554375
28421,Beograd,17.76083333333333,34.70045162376923
28422,Beograd,25.78114583333333,50.41146031489988
28423,Beograd,39.11666666666667,51.20318590934249
28424,Beograd,34.80208333333334,26.54636105692288
28425,Beograd,22.44260416666667,38.77321692538995
28426,Beograd,36.48541666666667,34.969922243153114
28427,Beograd,22.85,24.04555780791286
28428,Beograd,32.24947916666666,49.49525623957801
28429,Beograd,33.9875,35.45835282134597
28430,Beograd,26.60625,32.12572364308724
28431,Beograd,34.11562499999999,50.41146031489988
28432,Beograd,46.43854166666667,43.38185380467907
28433,Beograd,37.01770833333333,45.6224423342422
28434,Beograd,44.28541666666666,33.26569028577563
28435,Beograd,40.60833333333334,48.598629384959175
28436,Beograd,59.8088888888889,63.32868288065856
28437,Beograd,77.553125,83.25476250090801
28438,Beograd,106.0416666666667,74.01568166719005
28439,Beograd,50.70625,21.340468572372018
28440,Beograd,20.43125,33.253912068803906
28441,Beograd,45.49583333333333,58.708382179255246
28442,Beograd,25.46354166666666,24.352578861098163
28443,Beograd,20.66041666666667,22.59936195227166
28444,Beograd,24.30208333333334,22.219324321364784
28445,Beograd,23.84697916666667,46.79040486689437
28446,Beograd,41.77604166666667,41.023905208573446
28447,Beograd,61.84166666666667,82.00757850752608
28448,Beograd,96.07083333333333,98.48824706967702
28449,Beograd,114.9083333333333,84.98537148745396
28450,Beograd,102.834375,89.94195168452109
28451,Beograd,11.34222222222222,23.29526714219487
28452,Beograd,17.00736111111111,18.88772025664697
534,Beočin,41.15,29.33024836707559
535,Beočin,38.81,24.837741278488476
536,Beočin,36.01,22.752178592979625
537,Beočin,19.53,24.92299495931968
538,Beočin,37.56,29.29523619040121
539,Beočin,67.9,32.32538908195241
540,Beočin,64.3,36.94809690293168
541,Beočin,46.28,32.9405683057136
542,Beočin,48.38,36.735209440032285
543,Beočin,35.43,26.973610758117623
544,Beočin,29.75,24.05626383707657
545,Beočin,29.19,26.895056624300747
546,Beočin,48.89,25.526707977973427
547,Beočin,60.48,23.835188384695936
548,Beočin,36.63,24.988748522267944
549,Beočin,20.41,18.10882522502494
550,Beočin,13.78,21.18825721696666
551,Beočin,18.03,25.935997538877565
552,Beočin,14.22,24.63412233858559
553,Beočin,7.74,20.014752301523597
554,Beočin,13.09,24.360603134765466
555,Beočin,8.62,19.88349438107427
556,Beočin,24.17,24.62145320812088
557,Beočin,31.02,27.91413511709685
558,Beočin,27.11,29.142526319831376
559,Beočin,33.4,29.21914184446254
560,Beočin,29.21,31.274549734627826
561,Beočin,28.66,26.780501145990986
562,Beočin,52.1,32.60110777902899
563,Beočin,71.5,33.15084065641637
564,Beočin,35.84,29.130548546079652
565,Beočin,33.49,32.32538908195241
566,Beočin,33.35,29.973097144802928
567,Beočin,58.91,30.77483886302418
568,Beočin,114.9,36.02843140353013
569,Beočin,44.55,25.06488079348727
570,Beočin,11.19,21.99345688111293
571,Beočin,22.66,21.245533987970653
572,Beočin,33.25,22.73033115565901
573,Beočin,13.04,21.30458424194348
574,Beočin,9.32,23.20224543360674
575,Beočin,10.74,22.94907051066145
576,Beočin,20.06,20.880187202814284
3320,Beočin,15.37,27.533477698030843
3321,Beočin,12.64,25.664699642890405
3322,Beočin,14.52,20.644222297731908
3323,Beočin,17.15,20.64191118008237
3324,Beočin,37.14,20.28939954200351
3325,Beočin,2.1,21.499437851563307
3326,Beočin,25.54,21.557720885113778
3327,Beočin,66.12,40.82753382334546
3328,Beočin,42.49,26.53949741814795
3329,Beočin,52.37,31.375719275452635
3330,Beočin,57.46,36.60879218999608
3331,Beočin,41.71,24.13157858193517
3332,Beočin,29.93,19.250702891704005
3333,Beočin,30.28,25.026645003821248
3334,Beočin,39.33,27.81574286225964
3335,Beočin,34.35,22.13515012946952
3336,Beočin,37.61,26.63334372497238
3337,Beočin,25.73,27.464107773811477
3338,Beočin,9.23,22.05555820804654
3339,Beočin,12.78,26.81455062825841
3340,Beočin,19.55,26.49951681548728
3341,Beočin,13.55,26.079386274303864
3342,Beočin,11.71,22.66819131877574
3343,Beočin,27.67,27.52221444942868
3344,Beočin,32.96,24.03348889997948
3345,Beočin,12.49,20.33869990571408
3346,Beočin,17.21,28.90696385640394
3347,Beočin,24.16,19.42379756327009
3348,Beočin,39.67,26.12459886407507
3349,Beočin,69.54,32.47469052899279
3350,Beočin,43.0,27.664735618480165
3351,Beočin,34.38,24.850489154506363
3352,Beočin,42.88,27.97422253762808
3353,Beočin,43.15,30.013750790300787
3354,Beočin,35.33,27.702693712799043
3355,Beočin,62.8,29.041994964282956
3356,Beočin,61.05,24.4317792029243
3357,Beočin,36.15,23.425013833842502
3358,Beočin,23.36,25.10596287290336
3359,Beočin,58.58,30.612611486588456
3360,Beočin,62.41,28.147988736308555
3361,Beočin,75.78,32.67990431187912
3362,Beočin,62.93,30.22237762099844
3363,Beočin,92.13,44.907706471164566
3364,Beočin,85.09,31.874075263869507
3365,Beočin,90.88,35.788975794754926
3366,Beočin,58.98,28.234126111286614
3367,Beočin,34.85,29.902987586803214
3368,Beočin,41.63,28.52779921477041
3369,Beočin,39.15,29.591799181067145
3370,Beočin,62.97,30.34365328046801
3371,Beočin,76.6,29.53142494021748
3372,Beočin,56.73,24.22452408301031
3373,Beočin,25.92,24.7255075038808
3374,Beočin,37.99,29.60357905541655
3375,Beočin,51.84,29.88853380471384
3376,Beočin,39.66,28.29495086897736
3377,Beočin,18.28,23.175735406159305
3378,Beočin,11.57,21.258771104543925
3379,Beočin,16.34,17.94052520232694
3380,Beočin,26.79,26.079386274303864
3381,Beočin,30.42,23.266432725530585
3382,Beočin,28.33,20.7670033336376
3383,Beočin,34.59,22.96372466250376
3384,Beočin,41.68,25.28272210105449
3385,Beočin,43.29,26.65441195307395
3386,Beočin,32.45,21.67476900548356
3387,Beočin,25.96,26.894069404119563
3388,Beočin,30.44,22.179027777516357
3389,Beočin,37.86,29.719855918684672
3390,Beočin,42.03,30.428798095884822
3391,Beočin,41.14,30.92121129166229
3392,Beočin,25.2,31.906339523225764
3393,Beočin,32.33,31.561484440969345
3394,Beočin,51.91,29.902987586803214
3395,Beočin,35.63,29.902987586803214
3396,Beočin,31.15,30.717535267350577
3397,Beočin,40.88,24.88644684882396
3398,Beočin,25.76,21.15496832410308
3399,Beočin,20.8,21.33164877112704
3400,Beočin,23.43,29.005614431135868
3401,Beočin,16.95,21.815784408185017
3402,Beočin,19.93,21.995714893471764
3403,Beočin,25.01,28.756532433892566
3404,Beočin,19.11,31.45929930560632
3405,Beočin,21.04,33.554381383999385
3406,Beočin,28.36,25.405332492677907
3407,Beočin,36.54,31.446928962659577
3408,Beočin,19.21,19.272690401768067
3409,Beočin,16.69,17.15069769539943
3410,Beočin,27.83,20.933094918466
3411,Beočin,26.77,24.9915139343491
3412,Beočin,25.39,22.5290128717459
3413,Beočin,21.81,17.937398909968316
3414,Beočin,23.56,21.531662065761918
3415,Beočin,30.56,21.726239872119315
3416,Beočin,27.23,22.451066698819
3417,Beočin,17.58,25.64858236388003
3418,Beočin,32.27,23.653281521569767
3419,Beočin,31.05,27.81699974807785
3420,Beočin,24.01,29.80095915385912
3421,Beočin,25.17,27.378230434414533
3422,Beočin,25.23,19.78926189299898
3423,Beočin,35.42,22.377967556994903
3424,Beočin,28.71,24.61265709098182
3425,Beočin,21.24,22.96996399460054
3426,Beočin,36.31,21.536605118068287
3427,Beočin,24.18,26.464668791563845
3428,Beočin,15.21,23.17652781426419
3429,Beočin,17.8,24.42339570972505
3430,Beočin,12.23,30.28642814446396
3431,Beočin,9.18,18.889646261217443
3432,Beočin,12.54,14.304457546201172
3433,Beočin,11.36,24.03896658029857
3434,Beočin,13.86,24.53293760256431
3435,Beočin,12.25,26.90117141734811
3436,Beočin,13.23,26.3753609082665
3437,Beočin,26.19,20.43218697134888
3438,Beočin,10.03,31.18016035744011
3439,Beočin,16.22,30.86971549660838
3440,Beočin,26.69,22.570198431078158
3441,Beočin,21.14,22.75120680148989
3442,Beočin,11.52,26.74312248162054
3443,Beočin,22.88,24.188583558045146
3444,Beočin,24.95,24.188583558045146
3445,Beočin,24.17,21.69422557885345
3446,Beočin,26.0,23.7341631844658
3447,Beočin,29.12,22.563302372980544
3448,Beočin,32.54,20.621920951841084
3449,Beočin,21.15,20.63792024567796
3450,Beočin,25.22,21.831938875291197
3451,Beočin,24.32,19.880324322849184
3452,Beočin,20.37,21.30021158510032
3453,Beočin,25.69,24.07728775835507
3454,Beočin,17.69,24.66739629021626
3455,Beočin,9.57,24.718987516255886
3456,Beočin,15.63,24.2660656663616
3457,Beočin,11.72,24.948362100589385
3458,Beočin,20.92,23.6673909261717
3459,Beočin,55.72,26.226140326507903
3460,Beočin,55.2,24.942051599964003
3461,Beočin,50.6,22.83914487610524
3462,Beočin,15.13,19.93056757536059
3463,Beočin,9.67,23.577801979127777
3464,Beočin,11.5,25.29435961741318
3465,Beočin,20.78,28.65403217381082
3466,Beočin,34.84,27.698893593425552
3467,Beočin,12.26,21.38482284394257
3468,Beočin,13.62,25.49209573528209
3469,Beočin,15.22,21.4257777490034
3470,Beočin,10.68,23.486885942975576
3471,Beočin,20.22,21.99279567507005
3472,Beočin,18.59,24.384960508805698
3473,Beočin,22.3,31.16019750732048
3474,Beočin,24.26,28.08315780886476
3475,Beočin,37.38,23.916299437190744
3476,Beočin,20.81,24.758969407753405
3477,Beočin,19.32,24.384960508805698
3478,Beočin,23.62,28.269133978800447
3479,Beočin,26.65,27.06192702452415
3480,Beočin,18.21,27.074874985172958
3481,Beočin,15.32,18.25620756019042
3482,Beočin,17.22,15.60866985053324
3483,Beočin,11.37,17.59519579772536
3484,Beočin,11.85,16.199764479963818
3485,Beočin,17.14,16.845563301035142
3486,Beočin,15.92,19.29535910664903
3487,Beočin,13.16,20.83337343435867
3488,Beočin,15.37,21.12603192812078
3489,Beočin,15.7,22.89984490903432
3490,Beočin,17.15,25.34872843768584
3491,Beočin,21.06,24.599292693346698
3492,Beočin,12.61,25.514708922466305
3493,Beočin,10.81,24.07733363715012
3494,Beočin,10.21,32.03235591705157
3495,Beočin,10.23,29.436597997858904
3496,Beočin,11.13,29.803457952418164
3497,Beočin,16.91,29.29530313919023
3498,Beočin,10.0,28.84504359346284
3499,Beočin,8.31,22.63196314598321
3500,Beočin,6.23,25.45600470130494
3501,Beočin,7.3,29.52698553356049
3502,Beočin,7.49,26.685503273730376
3503,Beočin,10.32,30.50111223295943
3504,Beočin,17.32,33.66150888395367
3505,Beočin,18.35,32.86589077012222
3506,Beočin,14.28,27.98737847402235
3507,Beočin,7.44,27.838018757552877
3508,Beočin,7.34,26.50557278844363
3509,Beočin,12.27,31.0736503863954
3510,Beočin,7.58,22.26522498805872
3511,Beočin,4.38,21.534054811276174
3512,Beočin,3.19,18.688626272763926
3513,Beočin,2.91,25.09381315230067
3514,Beočin,5.32,28.28523163212597
3515,Beočin,8.63,35.15526856340118
3516,Beočin,9.07,30.00410220461968
3517,Beočin,17.69,23.655802703992727
3518,Beočin,16.28,25.447225299480976
3519,Beočin,29.73,33.66482458319126
3520,Beočin,29.83,35.80989179119215
3521,Beočin,45.89,44.6627532948476
3522,Beočin,41.83,33.66482458319126
3523,Beočin,31.97,34.549444750224445
3524,Beočin,11.97,29.710648879244932
3525,Beočin,21.77,31.02601742528239
3526,Beočin,16.07,41.42683226243882
3527,Beočin,12.42,31.570011703889755
3528,Beočin,12.8,41.03294714384392
3529,Beočin,15.78,32.348837232288815
3530,Beočin,21.03,33.97121725324924
3531,Beočin,14.51,30.04599457308406
3532,Beočin,5.78,28.60396262070137
3533,Beočin,31.66,43.34058484963583
3534,Beočin,21.03,37.06081135942249
3535,Beočin,21.57,20.994409056671145
3536,Beočin,24.18,21.141109764785067
3537,Beočin,31.03,26.0913439119086
3538,Beočin,22.37,18.80176601597933
3539,Beočin,21.95,21.786654465757127
3540,Beočin,24.23,16.84323031255349
3541,Beočin,15.98,15.923184928052883
3542,Beočin,25.91,17.648058075089953
3543,Beočin,47.83,30.74005636368493
3544,Beočin,43.38,27.071586518373586
3545,Beočin,35.77,24.112526626173665
3546,Beočin,15.9,22.20471821500194
3547,Beočin,20.17,23.880599702890404
3548,Beočin,16.31,24.860769472933704
3549,Beočin,9.5,25.117116865694832
3550,Beočin,23.35,26.688132821268223
3551,Beočin,44.83,28.389618917095536
3552,Beočin,57.4,27.074453997441363
3553,Beočin,5.37,24.81984936919043
3554,Beočin,11.6,19.55061084290147
3555,Beočin,10.55,19.767338108616972
3556,Beočin,17.65,20.549229009771945
3557,Beočin,28.62,26.78663176907629
3558,Beočin,35.67,24.569198048831204
3559,Beočin,30.6,27.46010368205013
3560,Beočin,49.27,27.641493768511246
7713,Beočin,23.73791667,25.98378657941932
7714,Beočin,35.98208333,28.51980593033253
7715,Beočin,38.89583333,27.664735618480165
7716,Beočin,16.63166667,27.738985936389888
7717,Beočin,9.01125,24.84333567475777
7718,Beočin,10.56708333,20.73467702539413
7719,Beočin,31.65333333,28.389618917095536
7720,Beočin,40.94166667,25.91171140117568
7721,Beočin,25.03333333,24.3976399050314
7722,Beočin,28.06666667,26.93188000465148
7723,Beočin,20.82083333,18.45387234792499
7724,Beočin,36.33958333,25.909648228633888
7725,Beočin,39.37083333,27.81574286225964
7726,Beočin,15.99,23.960635499875234
7727,Beočin,26.4375,26.707594042882103
7728,Beočin,39.575,26.76863937426455
7729,Beočin,26.7825,21.3788345598532
7730,Beočin,20.30416667,25.288194436692734
7731,Beočin,48.1875,28.315368599185813
7732,Beočin,44.56416667,20.988257051267144
7733,Beočin,10.60791667,21.96300829091716
7734,Beočin,27.03708333,18.16126271127545
7735,Beočin,25.76666667,26.313708924287194
7736,Beočin,44.3,26.84985532625291
7737,Beočin,36.35833333,26.84985532625291
7738,Beočin,31.9625,27.374085666414206
7739,Beočin,37.725,28.104664167798244
7740,Beočin,23.575,20.61707625773248
7741,Beočin,14.11375,27.856398460834097
7742,Beočin,11.59666667,27.17899415655017
7743,Beočin,16.06625,22.304085052533363
7744,Beočin,27.3875,19.783150687539948
7745,Beočin,16.57958333,19.250702891704005
7746,Beočin,18.03416667,26.368258895037958
7747,Beočin,27.75791667,28.52779921477041
7748,Beočin,36.49875,23.62389685177181
7749,Beočin,12.47291667,28.874356510686543
7750,Beočin,9.894166667,19.81495155619554
7751,Beočin,13.3175,25.948128353854543
7752,Beočin,22.09833333,28.734085606306827
7753,Beočin,32.2125,29.2506115396158
7754,Beočin,18.54208333,28.82568394584912
7755,Beočin,15.36416667,29.341467236933745
7756,Beočin,20.26666667,24.112405079873124
7757,Beočin,32.36125,23.139087304071158
7758,Beočin,10.67875,25.15797567365299
7759,Beočin,17.11625,25.402972782132927
7760,Beočin,17.33833333,24.96386648809416
7761,Beočin,9.157916667,27.872182065605397
7762,Beočin,11.58041667,25.710096524591734
7763,Beočin,16.73083333,24.9684550737512
7764,Beočin,13.71875,21.399604751973317
7765,Beočin,10.42,24.92299495931968
7766,Beočin,20.9075,28.57660194860582
7767,Beočin,24.20333333,29.77172966635389
7768,Beočin,19.19625,28.17137262549973
7769,Beočin,11.03125,23.69415375213533
7770,Beočin,16.00416667,19.061396684333918
7771,Beočin,18.5625,23.07579198275774
7772,Beočin,23.66083333,27.62766524171195
7773,Beočin,29.25416667,27.97422253762808
7774,Beočin,37.54166667,29.109498549524726
7775,Beočin,43.40416667,28.747391375820232
7776,Beočin,42.68333333,31.215139123817227
7777,Beočin,30.39166667,23.551746590333007
7778,Beočin,30.9125,26.90117322679966
7779,Beočin,29.82916667,24.3230453399474
7780,Beočin,38.09583333,25.472457394590872
7781,Beočin,17.03458333,22.4083984961628
7782,Beočin,29.94458333,31.48366550712313
7783,Beočin,35.06666667,34.28476950981486
7784,Beočin,39.38333333,33.44467549190545
7785,Beočin,26.95458333,33.74135682773502
7786,Beočin,28.75,33.24677294284843
7787,Beočin,26.24583333,22.452035633884776
7788,Beočin,26.575,28.014460398044665
7789,Beočin,31.38333333,30.81440941362816
7790,Beočin,22.305,31.506788036915463
7791,Beočin,34.575,35.6712120424294
7792,Beočin,37.0125,36.7104042429286
7793,Beočin,35.29166667,36.03694608299738
7794,Beočin,30.42083333,32.784091258295625
7795,Beočin,25.79166667,34.144143573013366
7796,Beočin,24.01666667,34.76396483008994
7797,Beočin,22.64227273,34.60121689992368
7798,Beočin,28.72083333,33.87261474818434
7799,Beočin,17.83166667,19.95395972319545
7800,Beočin,16.71125,18.944515505747265
7801,Beočin,9.376666667,22.048688972977864
7802,Beočin,11.41666667,21.634268536850925
7803,Beočin,5.347916667,23.38030113842152
7804,Beočin,5.053333333,22.708943357032645
7805,Beočin,7.034166667,21.18343499928457
7806,Beočin,12.95708333,23.59976042922113
7807,Beočin,8.919583333,24.01438718459769
7808,Beočin,5.594166667,25.43080652263636
7809,Beočin,6.4125,22.251040463321644
7810,Beočin,4.585,26.48129840629234
7811,Beočin,4.9225,27.890992960548857
7812,Beočin,5.5625,25.58513829950938
7813,Beočin,5.162083333,26.47969438415816
7814,Beočin,3.64875,22.88016251883781
7815,Beočin,2.91375,25.470231225649343
7816,Beočin,1.999545455,27.199484258046105
7817,Beočin,9.099166667,25.80187108217379
7818,Beočin,11.52041667,22.83848031836025
7819,Beočin,7.900833333,22.771031308615463
7820,Beočin,10.36416667,26.380326319813705
7821,Beočin,10.4625,27.252584559629945
7822,Beočin,6.815416667,27.199484258046105
7823,Beočin,5.195833333,27.21370271433224
7824,Beočin,6.95125,27.26557646200145
7825,Beočin,9.173333333,20.09231700451963
7826,Beočin,6.049583333,22.464836039637625
7827,Beočin,3.795833333,27.382695547995255
7828,Beočin,4.42375,27.903427997436427
7829,Beočin,4.591666667,28.160330609049183
7830,Beočin,3.133913043,23.223113354358333
7831,Beočin,2.737083333,25.87050190298157
7832,Beočin,4.2525,23.545193392001902
7833,Beočin,7.430416667,24.873306838369928
7834,Beočin,2.155,24.53293760256431
7835,Beočin,2.885416667,26.6444551610774
7836,Beočin,2.695833333,18.125322379602625
7837,Beočin,3.00875,19.214762560031183
7838,Beočin,3.54,21.563305357191854
7839,Beočin,7.444166667,30.05710223177612
7840,Beočin,4.935,22.180488581023496
7841,Beočin,4.016666667,25.127412408249185
7842,Beočin,8.7425,22.511301178245887
7843,Beočin,8.62875,23.523666422828875
7844,Beočin,8.72125,26.43536275180572
7845,Beočin,12.64708333,26.467202238621592
7846,Beočin,9.40625,22.26406395426811
7847,Beočin,6.163333333,23.49776806544357
7848,Beočin,8.442916667,24.965330581412683
7849,Beočin,8.325416667,25.689284978775397
7850,Beočin,8.85625,26.81631295383636
7851,Beočin,12.36666667,27.42682048013746
7852,Beočin,13.58958333,27.42682048013746
7853,Beočin,14.01541667,29.869031151530105
7854,Beočin,15.66875,29.715073319890752
7855,Beočin,11.69,27.31955344299925
7856,Beočin,15.11708333,26.510388433687623
7857,Beočin,14.04041667,26.815973207609304
7858,Beočin,15.375,25.36566869311069
7859,Beočin,15.38291667,29.29685367709365
7860,Beočin,20.88708333,23.60180984869004
7861,Beočin,10.36916667,20.614272896829757
7862,Beočin,10.58208333,26.005693826430694
7863,Beočin,9.996666667,25.87760978222967
7864,Beočin,10.59875,27.44272007978108
7865,Beočin,10.68666667,28.054147189403107
7866,Beočin,15.65083333,29.7211745101629
7867,Beočin,15.89708333,29.841236157290048
7868,Beočin,12.39,25.805244715306337
7869,Beočin,13.48166667,26.35178810153269
7870,Beočin,13.7375,19.206242855751697
7871,Beočin,12.60791667,19.539532002418117
7872,Beočin,13.43625,24.699235777032136
7873,Beočin,10.12083333,24.619306943795262
7874,Beočin,14.05695652,19.34463391050105
7875,Beočin,11.04791667,20.44547398926982
7876,Beočin,9.795833333,25.539796445869182
7877,Beočin,12.01583333,26.20576706434048
7878,Beočin,10.61625,26.08919604216723
7879,Beočin,12.94791667,28.776908681087487
7880,Beočin,26.525,27.57533460857908
7881,Beočin,22.39583333,21.197471372265426
7882,Beočin,11.24541667,15.42319658057333
7883,Beočin,8.224166667,17.416130248402418
7884,Beočin,9.641666667,15.909114323853483
7885,Beočin,14.2,17.51355509336672
7886,Beočin,17.8125,23.657075805836985
7887,Beočin,22.22083333,25.492424974193376
7888,Beočin,24.88333333,25.83898227010951
7889,Beočin,23.40833333,26.40470888440696
7890,Beočin,14.03958333,19.07830587159876
7891,Beočin,11.65458333,18.28257041854796
7892,Beočin,14.40833333,19.391005414922688
7893,Beočin,11.33,17.960555254742907
7894,Beočin,9.402083333,17.49883175668878
7895,Beočin,10.43625,21.624971012322696
7896,Beočin,20.10416667,30.66158295786574
7897,Beočin,13.8525,23.36762075548942
7898,Beočin,18.95583333,28.320902692867364
7899,Beočin,21.82583333,28.543797086343787
7900,Beočin,8.28625,23.125781574250663
7901,Beočin,11.60208333,18.0510720616929
7902,Beočin,11.82666667,19.613905744030617
7903,Beočin,14.44166667,20.83235532321165
7904,Beočin,17.58208333,23.232889240190158
7905,Beočin,24.25291667,26.240643157417
7906,Beočin,27.255,20.98587611283612
7907,Beočin,16.28291667,17.663025281895905
7908,Beočin,10.87666667,18.739926422711456
7909,Beočin,14.77583333,19.71856692367801
7910,Beočin,12.58583333,21.103056444972587
7911,Beočin,12.90458333,19.22320265638772
7912,Beočin,12.2375,20.72046250301827
7913,Beočin,13.23217391,18.230335754765463
7914,Beočin,17.51875,19.87831801697466
7915,Beočin,19.8875,24.94879903233231
7916,Beočin,25.39583333,28.235830521224813
7917,Beočin,29.94583333,28.235830521224813
7918,Beočin,29.00833333,28.95221927570857
7919,Beočin,33.4625,31.781634416407343
7920,Beočin,33.65416667,30.9268389500398
7921,Beočin,53.9,43.124877191655415
7922,Beočin,58.55416667,36.20785211050932
7923,Beočin,52.825,36.543871977943006
7924,Beočin,36.00833333,27.47142259055886
7925,Beočin,24.85,28.555341687580288
7926,Beočin,27.82083333,32.55243811737701
7927,Beočin,29.14583333,29.89152211941173
7928,Beočin,34.43333333,31.950484147117805
7929,Beočin,41.79166667,34.321075366401296
7930,Beočin,25.35416667,28.84504359346284
7931,Beočin,26.57166667,28.64609625520859
7932,Beočin,27.99041667,26.722493096207486
7933,Beočin,11.94291667,29.322042519549136
7934,Beočin,45.825,30.17733993930073
7935,Beočin,25.86416667,27.924972394632995
7936,Beočin,21.30916667,26.934832854821693
7937,Beočin,32.00833333,30.664667459045333
7938,Beočin,36.7,33.98089496450065
7939,Beočin,42.32916667,38.11499662550394
7940,Beočin,50.17083333,43.45404133078525
7941,Beočin,55.70833333,42.120850795953935
7942,Beočin,45.84166667,33.862405048998745
7943,Beočin,49.09166667,41.93486433771084
7944,Beočin,54.21666667,33.74303475858833
7945,Beočin,44.79166667,27.66683082172213
7946,Beočin,23.86666667,25.09381315230067
7947,Beočin,33.625,31.002549932855345
7948,Beočin,34.74583333,33.89297618953418
7949,Beočin,44.32916667,35.79361074618654
7950,Beočin,54.95416667,34.34464138364493
7951,Beočin,53.18333333,31.72832076229794
7952,Beočin,41.24166667,35.73092901554599
7953,Beočin,40.55833333,32.46339271059858
7954,Beočin,38.92916667,28.653794816521703
7955,Beočin,64.45833333,44.907706471164566
7956,Beočin,71.25416667,51.113512153921775
7957,Beočin,41.7075,22.33981792887553
7958,Beočin,31.15833333,22.835450670466656
7959,Beočin,24.84916667,21.352998833531416
7960,Beočin,17.07083333,21.815074928957905
7961,Beočin,26.04166667,27.862736231239992
7962,Beočin,26.69583333,25.60358592896563
7963,Beočin,10.78833333,17.241616946557116
7964,Beočin,14.23166667,18.286685027706238
7965,Beočin,45.86208333,22.530496090145107
7966,Beočin,43.2375,27.703962103695844
7967,Beočin,71.63333333,48.76939620769024
7968,Beočin,50.48333333,39.36946790726391
7969,Beočin,30.69583333,38.48278992949749
7970,Beočin,20.76666667,31.545522165884265
7971,Beočin,20.78666667,28.30856054509592
7972,Beočin,5.285,23.25267383397709
7973,Beočin,22.45708333,24.121648951273905
7974,Beočin,36.52083333,36.92376448663924
7975,Beočin,9.942916667,19.00895919808341
7976,Beočin,17.27666667,25.65273353784002
7977,Beočin,34.06666667,27.94627077251782
7978,Beočin,38.3375,30.17438035576629
7979,Beočin,39.275,26.86619533787244
7980,Beočin,39.2625,26.22978986240458
7981,Beočin,23.79125,24.396203303421025
7982,Beočin,19.84958333,19.39684440441573
7983,Beočin,35.55416667,28.13847914426536
7984,Beočin,30.45416667,34.09061892773943
7985,Beočin,26.69583333,26.96793338861669
7986,Beočin,51.65416667,43.82364778305564
7987,Beočin,34.41625,23.64571833769697
7988,Beočin,35.79166667,34.37252094520978
7989,Beočin,45.02916667,50.13071097145024
7990,Beočin,48.73333333,43.46427865798041
7991,Beočin,49.70833333,31.50972803031456
7992,Beočin,121.5916667,49.28813666541858
7993,Beočin,110.97,77.98078044787457
7994,Beočin,51.29708333,22.404405310138955
7995,Beočin,26.55916667,22.39678488611223
7996,Beočin,27.19416667,28.059154920490485
7997,Beočin,21.06583333,27.664735618480165
7998,Beočin,15.47291667,22.3865088993342
7999,Beočin,33.32958333,29.14705942422752
8000,Beočin,22.82541667,27.60772801594057
8001,Beočin,15.33541667,24.033608462277822
8002,Beočin,22.18833333,27.738985936389888
18337,Beočin,30.27333333333333,29.198737791946577
18338,Beočin,45.77916666666666,30.404430682892503
18339,Beočin,26.98333333333333,31.66825949301947
18340,Beočin,41.67083333333333,31.46982595176972
18341,Beočin,32.50958333333333,25.903712416884787
18342,Beočin,33.8875,28.105845890949148
18343,Beočin,51.45,42.6130289854968
18344,Beočin,25.25833333333334,34.298266187966234
18345,Beočin,19.72916666666667,24.09882582495925
18346,Beočin,11.81166666666667,16.986192078058274
18347,Beočin,17.42083333333333,18.05846880761193
18348,Beočin,28.8875,28.746345266331403
18349,Beočin,40.53333333333334,31.905687090737217
18350,Beočin,58.1875,38.069517042647455
18351,Beočin,20.54583333333333,27.64385839735145
18352,Beočin,23.16666666666666,23.476560179193783
18353,Beočin,7.497500000000001,19.27062821361264
18354,Beočin,7.564999999999999,26.46793005226121
18355,Beočin,15.63041666666667,24.083121439391256
18356,Beočin,25.82916666666667,28.27750657274697
18357,Beočin,42.875,31.895672902302756
18358,Beočin,27.32083333333333,34.55133584886029
18359,Beočin,11.01208333333333,17.5796368791085
18360,Beočin,12.08041666666667,20.01320505159177
18361,Beočin,16.88875,30.81258428716797
18362,Beočin,11.73458333333333,26.30914327536693
18363,Beočin,29.8375,34.53401167749876
18364,Beočin,41.44166666666667,45.35878723757798
18365,Beočin,29.53333333333333,45.66034626394963
18366,Beočin,16.18,21.894512838181907
18367,Beočin,18.76625,28.874356510686543
18368,Beočin,14.62166666666667,19.80213862577574
18369,Beočin,9.949583333333337,19.061396684333918
18370,Beočin,9.0475,22.42896027084619
18371,Beočin,9.670416666666666,28.150653564011595
18372,Beočin,35.69583333333333,32.76227620620706
18373,Beočin,49.65416666666667,42.24476833262196
18374,Beočin,56.75833333333335,48.637491893456286
18375,Beočin,39.14166666666667,33.50738898580996
18376,Beočin,47.65,43.8463334055916
18377,Beočin,55.05,47.94922869750572
18378,Beočin,44.0625,38.30653788325797
18379,Beočin,51.97083333333333,35.704140284418294
18380,Beočin,29.84583333333333,34.922249383263335
18381,Beočin,48.89583333333334,44.19644361728572
18382,Beočin,58.38750000000001,44.65652790890636
18383,Beočin,39.87916666666666,35.56184064472846
18384,Beočin,26.89583333333333,27.94434724504124
18385,Beočin,23.19545454545455,30.95626654329986
18386,Beočin,13.26166666666667,28.734085606306827
18387,Beočin,29.3775,28.181837798018265
18388,Beočin,24.7925,29.55643029088708
18389,Beočin,28.625,29.51812922018057
18390,Beočin,34.5,31.212490662091284
18391,Beočin,16.3675,20.479400786066627
18392,Beočin,19.70263157894736,26.98718325280066
18393,Beočin,27.00833333333333,26.835153087090628
18394,Beočin,31.37083333333333,29.637710120853622
18395,Beočin,33.84166666666667,36.03978875174051
18396,Beočin,16.63458333333334,23.090566325015807
18397,Beočin,59.31666666666667,49.07265700591594
18398,Beočin,41.99583333333334,40.32721253078417
18399,Beočin,28.99166666666666,32.70659519816183
18400,Beočin,29.65,29.864686516096704
18401,Beočin,25.47208333333333,26.49484983663347
18402,Beočin,10.57416666666666,26.33150928823324
18403,Beočin,8.638333333333334,22.60652337412104
18404,Beočin,9.281666666666665,20.39866940194395
18405,Beočin,12.9075,20.33869990571408
18406,Beočin,17.985,30.81440941362816
18407,Beočin,12.0425,28.17137262549973
18408,Beočin,16.37875,31.58455944995095
18409,Beočin,15.17375,22.3887666804836
18410,Beočin,22.81208333333333,25.60329471035765
18411,Beočin,26.48333333333334,30.58627734690125
18412,Beočin,20.05833333333333,29.927178818244016
18413,Beočin,27.49583333333334,33.82013414423119
18414,Beočin,29.44166666666667,30.77701069885353
18415,Beočin,28.82916666666667,29.69234651623129
18416,Beočin,22.75833333333333,28.163896376644157
18417,Beočin,25.15416666666667,32.69028360216857
18418,Beočin,36.28583333333334,30.57826045614177
18419,Beočin,12.83083333333334,23.51946966887855
18420,Beočin,6.511818181818182,26.386025211304684
18421,Beočin,12.17375,18.688626272763926
18422,Beočin,22.5725,23.159331661766544
18423,Beočin,18.85875,29.936442701368307
18424,Beočin,17.835,27.990006142399373
18425,Beočin,21.45041666666667,25.49726748259711
18426,Beočin,9.655833333333335,19.3782936604352
18427,Beočin,8.801250000000001,23.89134717890702
18428,Beočin,15.34041666666666,24.23385715485996
18429,Beočin,22.37541666666667,23.43611944961853
18430,Beočin,25.49416666666667,29.116519534492397
18431,Beočin,33.73333333333333,32.61279444594058
18432,Beočin,36.6875,34.59834334259575
18433,Beočin,39.52083333333333,38.29581661482136
18434,Beočin,42.425,41.5709501617773
18435,Beočin,36.47916666666666,34.995609849403
18436,Beočin,29.84541666666666,29.69234651623129
18437,Beočin,14.53541666666667,27.983794056937118
18438,Beočin,14.17,25.710096524591734
18439,Beočin,11.87458333333333,21.93575115393903
18440,Beočin,10.78625,29.671183353847248
18441,Beočin,18.40333333333333,21.853062312911582
18442,Beočin,15.75666666666667,20.29912039424113
18443,Beočin,8.546666666666667,20.367640042104945
18444,Beočin,23.20833333333333,20.38663485805112
18445,Beočin,26.22499999999999,27.988422902006437
18446,Beočin,31.8375,25.937319535345782
18447,Beočin,25.82083333333334,27.475162166027125
18448,Beočin,23.67916666666667,27.360606687717365
18449,Beočin,24.0125,22.264389539858826
18450,Beočin,13.15791666666667,17.90208801315155
18451,Beočin,24.65416666666667,23.3150548955593
18452,Beočin,23.55416666666667,26.21669753229606
18453,Beočin,17.60833333333333,23.49577450368216
18454,Beočin,18.76666666666667,23.206914561856827
18455,Beočin,19.3875,25.496840931377484
18456,Beočin,16.7225,25.411716302791437
18457,Beočin,23.06666666666667,24.434466065000244
18458,Beočin,16.4125,24.4662521248841
18459,Beočin,20.3625,23.185745647660085
18460,Beočin,16.92083333333333,21.84103803479905
18461,Beočin,17.075,22.76489885555892
18462,Beočin,13.5725,23.353742690831343
18463,Beočin,14.40833333333333,17.832505388253992
18464,Beočin,13.11333333333334,21.594038044073663
18465,Beočin,14.70125,21.512400912245404
18466,Beočin,14.98708333333333,17.913293856828375
18467,Beočin,12.15916666666667,16.453205331785043
18468,Beočin,26.825,19.16436788751992
18469,Beočin,15.20041666666666,18.57644907914529
18470,Beočin,9.145416666666668,16.492456256966626
18471,Beočin,22.10833333333333,21.27272380031045
18472,Beočin,21.82916666666667,23.121581017314845
18473,Beočin,23.59166666666667,23.722452634175184
18474,Beočin,17.36666666666667,21.594038044073663
18475,Beočin,19.69583333333334,22.83088983293892
18476,Beočin,23.58333333333333,20.22481264557846
18477,Beočin,19.25833333333334,20.45930886511984
18478,Beočin,23.16086956521739,21.81722172218112
18479,Beočin,19.95416666666667,21.197892762878105
18480,Beočin,15.88166666666667,18.739926422711456
18481,Beočin,14.63,19.222174955954124
18482,Beočin,14.36041666666667,18.40910276795272
18483,Beočin,16.17583333333333,20.082551362207653
18484,Beočin,21.30416666666666,18.765220375205026
18485,Beočin,18.775,19.079916493984264
18486,Beočin,20.3,19.45825269058349
18487,Beočin,13.1175,19.883021112359977
18488,Beočin,11.82625,18.9174054515212
18489,Beočin,20.02083333333333,19.764904536129457
18490,Beočin,18.82333333333333,19.079916493984264
18491,Beočin,22.475,18.523388373531027
18492,Beočin,16.70625,19.72354526692992
18493,Beočin,10.27791666666667,17.851847032797835
18494,Beočin,15.01791666666667,15.782697073817284
18495,Beočin,14.25333333333333,16.47941665919172
18496,Beočin,11.93666666666667,21.16806347422157
18497,Beočin,12.53625,21.16806347422157
18498,Beočin,17.72916666666667,18.49301825593648
18499,Beočin,20.56458333333333,15.079597457882532
18500,Beočin,20.80833333333333,19.471316109432166
18501,Beočin,13.6975,21.16806347422157
18502,Beočin,15.55416666666667,23.28633995883764
18503,Beočin,19.85,26.6044717275189
18504,Beočin,31.57916666666668,31.06636739988081
18505,Beočin,33.42499999999999,32.60253848466202
18506,Beočin,38.12083333333333,26.622272573198536
18507,Beočin,15.76458333333333,16.365035072994836
18508,Beočin,14.67375,18.212127691807797
18509,Beočin,12.93666666666667,20.196275826430345
18510,Beočin,15.63333333333333,18.017266134296623
18511,Beočin,10.72708333333333,17.12268751137924
18512,Beočin,10.42916666666667,19.997202662736317
18513,Beočin,13.0975,22.183709372947767
18514,Beočin,20.93333333333333,20.619798891484
18515,Beočin,14.90416666666667,17.548675868454026
18516,Beočin,13.43625,22.847971161365106
18517,Beočin,25.88333333333333,18.535047029670583
18518,Beočin,18.7,23.06755498325368
18519,Beočin,21.95833333333334,22.448563866532965
18520,Beočin,21.7,64.80937933696619
18521,Beočin,17.24166666666667,36.62775606437586
18522,Beočin,14.20791666666667,37.83490131077246
18523,Beočin,17.46083333333333,32.70050229356666
18524,Beočin,20.05,33.73161775794865
18525,Beočin,28.15833333333333,41.01742786328755
18526,Beočin,31.74166666666667,38.52799599837572
18527,Beočin,17.18,48.709939384391255
18528,Beočin,14.01666666666667,50.93562784355335
18529,Beočin,24.09583333333333,40.78461679049422
18530,Beočin,20.7875,32.91424003009442
18531,Beočin,19.39583333333333,27.515044853864417
18532,Beočin,18.56,24.368202250382943
18533,Beočin,14.97708333333333,21.89939058566289
18534,Beočin,15.96916666666667,21.443467099406877
18535,Beočin,12.81083333333333,17.59519579772536
18536,Beočin,8.965833333333332,19.30279506944812
18537,Beočin,19.8,27.31028229210464
18538,Beočin,22.70833333333333,22.680874553041463
18539,Beočin,10.29708333333333,15.33392251175266
18540,Beočin,11.49125,20.19148462191176
18541,Beočin,10.13833333333333,20.69530854237066
18542,Beočin,10.70541666666667,22.655972493809905
18543,Beočin,10.61791666666667,17.64706954539458
18544,Beočin,9.426666666666668,20.86303385578988
18545,Beočin,10.06416666666666,21.598786859971696
18546,Beočin,4.65695652173913,20.468222470281148
18547,Beočin,12.32875,24.537107069817537
18548,Beočin,20.24583333333333,27.37948257210646
18549,Beočin,12.42166666666667,17.84598242242162
18550,Beočin,6.453478260869566,14.470141231492931
18551,Beočin,4.3,23.4210479854754
18552,Beočin,7.506249999999999,26.23625948420643
18553,Beočin,6.97125,22.525198786005383
18554,Beočin,8.085,19.997202662736317
18555,Beočin,8.932083333333333,21.69422557885345
18556,Beočin,11.945,21.282970548081607
18557,Beočin,11.79083333333333,21.282970548081607
18558,Beočin,18.22708333333334,22.03945255363649
18559,Beočin,18.30583333333334,22.107668116286987
18560,Beočin,17.0375,18.830811733481035
18561,Beočin,20.70416666666667,24.840312479972688
18562,Beočin,28.90416666666667,27.4074428009186
18563,Beočin,22.17916666666667,26.41262616469791
18564,Beočin,21.59166666666667,29.69820539169064
18565,Beočin,12.47,22.533248633502826
18566,Beočin,13.02708333333334,22.87980592941896
18567,Beočin,20.16666666666666,22.53610442415269
18568,Beočin,17.95,20.1616096154734
18569,Beočin,16.14583333333333,21.62587753088954
18570,Beočin,21.73333333333333,22.76489885555892
18571,Beočin,23.79583333333334,22.76489885555892
18572,Beočin,25.65,23.82698504624068
18573,Beočin,27.08333333333334,23.82698504624068
18574,Beočin,27.625,25.8696002338186
18575,Beočin,33.75000000000001,24.70785764403428
18576,Beočin,40.17083333333333,27.365574867914155
18577,Beočin,45.72916666666666,30.783944564892927
18578,Beočin,41.73333333333333,26.384532649110035
18579,Beočin,19.715,21.241767558921502
18580,Beočin,19.7625,21.84103803479905
18581,Beočin,23.71666666666667,25.853126255683904
18582,Beočin,26.10416666666667,23.845017177124312
18583,Beočin,39.6875,21.9616059582154
18584,Beočin,14.53125,23.29070936464053
18585,Beočin,37.41666666666667,21.91767005444304
18586,Beočin,36.11249999999999,26.649058457720532
18587,Beočin,35.89625000000001,22.032577128303068
18588,Beočin,12.39416666666667,18.15374096019765
18589,Beočin,14.9275,16.00426946389399
18590,Beočin,30.87083333333333,23.55665929203429
18591,Beočin,35.81666666666666,23.69435360996632
18592,Beočin,47.44166666666668,23.95154125841156
18593,Beočin,29.58333333333333,24.867297007784984
18594,Beočin,22.0125,25.421244594232974
18595,Beočin,22.66666666666667,25.3405977998574
18596,Beočin,48.6875,26.582826037781167
18597,Beočin,24.33333333333333,25.60117507951972
18598,Beočin,29.8375,25.5493013318505
18599,Beočin,22.26708333333333,25.60117507951972
18600,Beočin,46.06666666666666,24.43032994036792
18601,Beočin,31.19916666666667,27.135338115188617
18602,Beočin,25.42083333333333,22.98352968085152
18603,Beočin,24.95416666666667,24.62505679533116
18604,Beočin,46.12083333333334,30.06860787943971
18605,Beočin,33.93333333333333,29.476637859793136
18606,Beočin,14.84166666666667,21.759460535088493
18607,Beočin,8.945833333333331,28.0672336780038
18608,Beočin,17.57833333333334,30.75505499474692
18609,Beočin,30.05,36.41169466530478
18610,Beočin,16.81791666666667,25.007331327413624
18611,Beočin,24.28333333333333,31.591735356260717
18612,Beočin,25.02791666666667,28.914976055398743
18613,Beočin,8.000416666666666,31.313811336081898
18614,Beočin,7.608333333333333,29.57885928122971
18615,Beočin,25.02083333333333,28.92007206454993
18616,Beočin,14.41291666666667,22.917900313232337
18617,Beočin,7.476666666666667,26.337565261189603
18618,Beočin,4.391666666666667,20.215190590940544
18619,Beočin,7.496666666666665,24.219594920520933
18620,Beočin,7.388333333333333,29.191600889378968
18621,Beočin,8.047916666666666,27.83154857466122
18622,Beočin,8.520000000000001,21.85966984612994
18623,Beočin,5.764166666666665,21.625763826180027
18624,Beočin,11.81583333333334,27.64556211641812
18625,Beočin,9.740833333333333,20.563073454984902
18626,Beočin,9.781666666666668,27.69261056905801
18627,Beočin,4.213333333333334,20.57714412607782
18628,Beočin,14.14208333333333,27.846440439698
18629,Beočin,18.59708333333333,26.66689393241477
18630,Beočin,11.75916666666667,29.73884008932695
18631,Beočin,10.62208333333333,30.632132306687488
18632,Beočin,16.10416666666667,20.420724065969665
18633,Beočin,15.56791666666667,23.350052038747982
18634,Beočin,11.06291666666667,27.881247219760706
18635,Beočin,19.33666666666667,29.2506115396158
18636,Beočin,11.43666666666667,23.366441934823698
18637,Beočin,9.909166666666666,20.746939148395164
18638,Beočin,10.68708333333333,27.345100817794982
18639,Beočin,6.96875,20.623307875774564
18640,Beočin,13.07666666666667,23.09409272566517
18641,Beočin,20.44708333333333,27.60772801594057
18642,Beočin,22.375,23.10908912520349
18643,Beočin,34.04166666666666,29.052797109493177
18644,Beočin,22.225,22.893309435222815
18645,Beočin,38.3375,32.494609161381405
18646,Beočin,44.08333333333332,24.950686183469067
18647,Beočin,8.905000000000001,20.169831680708647
18648,Beočin,14.58625,19.334376714167423
18649,Beočin,4.905416666666667,25.168906287192065
18650,Beočin,8.870833333333332,18.36065574351035
18651,Beočin,18.22416666666667,21.71203780265164
18652,Beočin,12.95958333333334,22.106628533046248
18653,Beočin,9.897083333333333,23.82541167258465
18654,Beočin,19.85416666666667,26.21936836006003
18655,Beočin,27.33333333333333,25.204815544744296
18656,Beočin,29.67083333333332,34.19446108693542
18657,Beočin,26.9875,26.16725482569259
18658,Beočin,26.0625,23.8721925024538
18659,Beočin,23.20416666666667,31.078310489647887
18660,Beočin,35.72916666666666,32.81399524192838
18661,Beočin,50.2375,60.13881499641596
18662,Beočin,40.41666666666666,18.883627981082302
18663,Beočin,21.73291666666666,21.483268911959374
18664,Beočin,18.91333333333333,23.57778188338726
18665,Beočin,15.79083333333333,19.898596029066297
18666,Beočin,17.84375,29.49817624256168
18667,Beočin,22.62208333333334,32.379889551187624
18668,Beočin,29.88333333333334,25.767386945263077
18669,Beočin,35.1,28.315368599185813
18670,Beočin,60.7375,33.4574633315301
18671,Beočin,62.80833333333334,29.045103301256752
18672,Beočin,74.40833333333335,25.213031750087318
18673,Beočin,12.57041666666667,29.82893777536941
18674,Beočin,25.08875,28.3875283103907
18675,Beočin,18.10166666666667,27.664735618480165
18676,Beočin,23.50125,27.738985936389888
27746,Beočin,21.22791666666667,27.60772801594057
27747,Beočin,8.418750000000001,23.594887661140756
27748,Beočin,17.81625,21.625763826180027
27749,Beočin,25.25291666666666,28.96705539757632
27750,Beočin,15.11916666666666,23.122741770136663
27751,Beočin,15.8275,30.46186460738147
27752,Beočin,29.22083333333333,27.131461271816125
27753,Beočin,36.8875,33.30964310749948
27754,Beočin,54.55833333333334,42.16072435817678
27755,Beočin,45.68333333333334,33.313109887156145
27756,Beočin,16.44,22.15623497128119
27757,Beočin,15.81291666666666,23.24799321887464
27758,Beočin,20.52208333333333,20.753946993033598
27759,Beočin,17.33291666666667,19.70260894308695
27760,Beočin,14.62583333333333,23.781523991354867
27761,Beočin,27.10416666666667,33.47238253281748
27762,Beočin,32.64166666666667,28.315368599185813
27763,Beočin,41.12499999999999,31.79143349375663
27764,Beočin,29.98583333333333,19.36727750843616
27765,Beočin,23.14,22.785704967489504
27766,Beočin,22.04125,20.424356068582604
27767,Beočin,20.17391304347827,25.70080487477872
27768,Beočin,11.39375,20.72774233762181
27769,Beočin,29.98708333333333,28.7564788716548
27770,Beočin,46.50416666666666,29.87470488996571
27771,Beočin,51.55833333333334,47.06482582309921
27772,Beočin,61.58750000000001,35.42482076703811
27773,Beočin,23.00833333333334,23.25267383397709
27774,Beočin,21.25833333333333,27.64556211641812
27775,Beočin,20.60708333333333,35.61757200606956
27776,Beočin,34.24166666666666,28.460109796965483
27777,Beočin,24.05,29.16908047378548
27778,Beočin,16.7125,29.960932335511707
27779,Beočin,21.0375,30.307489631427835
27780,Beočin,16.90583333333333,28.17137262549973
27781,Beočin,16.79583333333333,28.89703139204027
27782,Beočin,16.05083333333333,26.499686284021493
27783,Beočin,13.19833333333333,23.10908912520349
27784,Beočin,13.73875,23.778176763506025
27785,Beočin,22.10833333333333,29.005614431135868
27786,Beočin,28.87391304347826,30.443569461020367
27787,Beočin,34.22041666666667,32.36645165913391
27788,Beočin,50.84166666666667,51.08078029349551
27789,Beočin,29.96250000000001,26.465290254539116
27790,Beočin,35.61666666666667,34.18739731475042
27791,Beočin,25.01333333333332,24.33715858638992
27792,Beočin,17.96166666666667,24.033608462277822
27793,Beočin,10.47666666666667,28.734085606306827
27794,Beočin,11.44833333333333,26.82751262232432
27795,Beočin,16.97791666666667,29.864686516096704
27796,Beočin,24.95,35.1595287307565
27797,Beočin,41.31249999999999,36.78535852174412
27798,Beočin,33.1875,36.12439532181632
27799,Beočin,19.93333333333333,29.82581120691426
27800,Beočin,28.47916666666667,33.12141925156809
27801,Beočin,16.86666666666666,27.066191564159027
27802,Beočin,15.04583333333333,24.42713785224144
27803,Beočin,9.680833333333334,24.34074071834459
27804,Beočin,26.025,27.67060828060288
27805,Beočin,24.62083333333333,26.33150928823324
27806,Beočin,20.11541666666666,31.20486278709518
27807,Beočin,28.66666666666667,29.729054468547822
27808,Beočin,16.93416666666667,24.97145697351549
27809,Beočin,16.63875,27.927032952847615
27810,Beočin,18.76666666666667,29.0869502209747
27811,Beočin,20.17875,30.428798095884822
27812,Beočin,24.94583333333333,33.757503559497344
27813,Beočin,29.56666666666667,34.959802556462094
27814,Beočin,22.2125,29.7442539822121
27815,Beočin,9.516666666666664,21.580928143637852
27816,Beočin,11.9525,26.503849288098657
27817,Beočin,11.33478260869565,27.73788312847
27818,Beočin,28.18583333333333,21.542290018169176
27819,Beočin,7.645,27.086390551289625
27820,Beočin,10.11583333333333,30.39258246047296
27821,Beočin,15.09958333333333,36.99552399832531
27822,Beočin,53.8909090909091,47.85954255175518
27823,Beočin,79.10416666666666,50.584008997672974
27824,Beočin,10.29208333333333,34.81209839664669
27825,Beočin,14.2675,29.53142494021748
27826,Beočin,10.91,29.53142494021748
27827,Beočin,15.6775,31.638045957364785
27828,Beočin,18.18125,34.144143573013366
27829,Beočin,24.38916666666667,32.19432906928164
27830,Beočin,24.80249999999999,30.307489631427835
27831,Beočin,26.05416666666667,32.36645165913391
27832,Beočin,19.84583333333333,29.7442539822121
27833,Beočin,10.96083333333333,32.71049726124829
27834,Beočin,23.0625,32.68488147328907
27835,Beočin,27.30500000000001,21.257651979246013
27836,Beočin,6.346956521739129,17.919532924081743
27837,Beočin,15.83291666666667,20.333926809513336
27838,Beočin,11.73166666666666,25.1546113416143
27839,Beočin,12.31333333333333,29.059227986001623
27840,Beočin,8.707500000000001,22.185859426084637
27841,Beočin,13.86958333333333,22.96996399460054
27842,Beočin,12.97125,19.35365570610022
27843,Beočin,18.07166666666667,20.29963345175137
27844,Beočin,15.20565217391304,25.068631325360485
27845,Beočin,15.44041666666667,24.662686786219236
27846,Beočin,10.07458333333333,26.153828172352853
27847,Beočin,13.45333333333333,27.2394274568409
27848,Beočin,11.91958333333334,29.2060858724942
27849,Beočin,18.63874999999999,28.1961931422968
27850,Beočin,19.40416666666667,23.427997772771825
27851,Beočin,12.6275,18.439104365909984
27852,Beočin,5.567916666666666,17.61174114713387
27853,Beočin,10.07916666666667,18.402498627585537
27854,Beočin,8.774166666666668,24.53293760256431
27855,Beočin,8.722083333333332,20.738743864397364
27856,Beočin,10.86041666666667,19.87055106473828
27857,Beočin,9.06541666666667,22.72208473162109
27858,Beočin,9.070000000000002,21.42169804420825
27859,Beočin,11.87809523809524,23.40561643850057
27860,Beočin,9.520833333333334,21.536605118068287
27861,Beočin,8.932083333333335,30.401335218323997
27862,Beočin,16.85833333333333,22.87980592941896
27863,Beočin,9.892499999999998,21.932531453428812
27864,Beočin,14.95458333333333,18.139452931035088
27865,Beočin,18.46666666666667,18.71301694805068
27866,Beočin,9.157916666666663,23.40561643850057
27867,Beočin,13.9625,23.29070936464053
27868,Beočin,11.86791666666667,19.277769323972255
27869,Beočin,21.9875,17.082282368668665
27870,Beočin,11.18833333333333,26.26667476855168
27871,Beočin,4.373333333333334,18.666809676702822
27872,Beočin,5.967083333333332,18.334852450042995
27873,Beočin,13.33666666666667,20.84170643892839
27874,Beočin,15.175,23.32254885145641
27875,Beočin,15.56125,22.87980592941896
27876,Beočin,11.93416666666666,21.65707137026448
27877,Beočin,15.63416666666667,21.479856493697326
27878,Beočin,10.23833333333334,19.57971344399476
27879,Beočin,8.595833333333333,23.612604325390933
27880,Beočin,6.437916666666666,21.414641148251874
27881,Beočin,7.18375,22.41964728341364
27882,Beočin,11.52291666666667,18.020760597048373
27883,Beočin,9.888333333333334,19.60199497277975
27884,Beočin,8.764166666666668,21.713693933831728
27885,Beočin,13.185,25.75591468306535
27886,Beočin,15.15086956521739,16.600266777319952
27887,Beočin,17.29583333333333,17.799973285128615
27888,Beočin,20.5125,19.650645366820186
27889,Beočin,12.44541666666667,21.808781057163216
27890,Beočin,15.775,22.18651659898166
27891,Beočin,15.75833333333333,22.887321368582967
27892,Beočin,24.72083333333334,29.62580043988774
27893,Beočin,26.025,25.73244782251136
27894,Beočin,46.32916666666667,26.77928333843565
27895,Beočin,58.33750000000001,27.2729758424322
27896,Beočin,63.74583333333334,25.236023505499467
27897,Beočin,19.8875,19.398244147154657
27898,Beočin,24.525,24.19567889989384
27899,Beočin,24.52083333333333,24.337816677945987
27900,Beočin,26.1125,21.500348815152684
27901,Beočin,17.98333333333333,18.14802113635449
27902,Beočin,14.99291666666666,22.67289109503628
27903,Beočin,19.56666666666667,25.351654750364908
27904,Beočin,18.45416666666667,26.14307273946374
27905,Beočin,32.7375,22.81803992087717
27906,Beočin,16.69458333333333,16.08685508951873
27907,Beočin,16.49708333333333,19.409540657025367
27908,Beočin,30.12916666666667,20.652120490499414
27909,Beočin,13.845,26.968933095540574
27910,Beočin,13.68458333333333,23.12742211839965
27911,Beočin,18.82916666666667,28.971282738046703
27912,Beočin,25.80833333333334,24.810021006710265
27913,Beočin,27.1125,26.964684007929
27914,Beočin,32.77916666666668,26.454124173604853
27915,Beočin,35.47083333333334,28.80722199274448
27916,Beočin,37.65,34.99575219648558
27917,Beočin,36.15833333333332,34.49738028926041
27918,Beočin,36.19583333333333,32.85878100378957
27919,Beočin,40.34583333333334,34.535822303772775
27920,Beočin,31.6875,34.01143588872027
27921,Beočin,43.1,31.60880080728397
27922,Beočin,30.23333333333333,26.95869621154055
27923,Beočin,22.225,25.803666941628364
27924,Beočin,22.41666666666667,22.56998096958948
27925,Beočin,20.78333333333333,22.17933592013816
27926,Beočin,27.72083333333333,25.4573319704856
27927,Beočin,31.92083333333333,25.711959488440527
27928,Beočin,28.17916666666667,19.979501888538092
27929,Beočin,28.3875,21.403720969184786
27930,Beočin,21.5875,21.561547372819888
27931,Beočin,30.91249999999999,24.69372402477085
27932,Beočin,21.87083333333334,27.589465304868217
27933,Beočin,24.50416666666666,25.683031146660444
27934,Beočin,21.20833333333334,23.611949615819903
27935,Beočin,26.02499999999999,24.42951470259317
27936,Beočin,32.85416666666666,27.613685933478735
27937,Beočin,35.35416666666666,24.41208670355382
27938,Beočin,29.06666666666666,20.295230590572523
27939,Beočin,14.8125,22.239504442913343
27940,Beočin,17.94583333333333,23.46289490526774
27941,Beočin,16.76666666666667,24.705123143191518
27942,Beočin,18.05458333333333,25.13549404687105
27943,Beočin,38.69090909090909,26.15730378998606
27944,Beočin,30.34166666666667,26.443394770075276
27945,Beočin,23.27083333333333,27.49080942620207
27946,Beočin,19.44583333333333,28.112250323393283
27947,Beočin,27.60416666666666,28.605942827389825
27948,Beočin,35.3875,28.776908681087487
27949,Beočin,36.12083333333333,29.51688065794465
27950,Beočin,45.13333333333333,35.943184913899856
27951,Beočin,41.075,29.53822286500436
27952,Beočin,43.40833333333334,33.93463765295708
27953,Beočin,35.95000000000001,31.08478876095329
27954,Beočin,56.40833333333332,25.428496111731164
27955,Beočin,27.825,24.48523332214832
27956,Beočin,50.30833333333334,30.73808067440111
27957,Beočin,37.45,25.98761967149735
27958,Beočin,39.5875,27.328164601471315
27959,Beočin,59.98333333333332,30.194048965433364
27960,Beočin,31.06666666666666,28.81949185869109
27961,Beočin,48.95000000000001,27.89084964106201
27962,Beočin,58.45416666666666,27.16666184440493
27963,Beočin,38.74166666666667,29.049760424829827
27964,Beočin,59.60416666666665,26.625471723767376
27965,Beočin,46.4,27.49080942620207
27966,Beočin,47.01666666666668,28.537644942126363
27967,Beočin,44.11666666666665,32.725906271117815
27968,Beočin,62.02499999999998,34.774805446796826
27969,Beočin,63.55,35.437636141671035
27970,Beočin,77.29166666666667,33.07382128071119
27971,Beočin,74.97500000000001,39.63785686004999
27972,Beočin,57.32083333333333,35.91114909571672
27973,Beočin,30.025,26.165114291240165
27974,Beočin,36.44166666666667,31.8935388689877
27975,Beočin,45.4125,24.84624600906014
27976,Beočin,21.08333333333333,17.679943246534123
27977,Beočin,20.84166666666667,20.98462394134213
27978,Beočin,17.42916666666667,21.594038044073663
27979,Beočin,4.903333333333334,15.673103034161146
27980,Beočin,5.77625,15.749065012622449
27981,Beočin,14.39333333333333,21.865130315372205
27982,Beočin,26.45,22.22742988223154
27983,Beočin,35.89999999999999,24.99990451061545
27984,Beočin,30.11818181818182,22.01256725041365
27985,Beočin,40.90416666666667,24.29906189122781
27986,Beočin,31.72916666666667,34.34395121353677
27987,Beočin,43.90000000000001,23.29070936464053
27988,Beočin,22.30416666666666,21.263649108480685
27989,Beočin,29.4275,26.594602051697123
27990,Beočin,20.8625,23.611286022922165
27991,Beočin,17.32083333333333,26.19784021339684
27992,Beočin,25.11583333333333,17.60634631404728
27993,Beočin,11.26458333333333,17.093415009046204
27994,Beočin,14.625,22.10561957868921
27995,Beočin,17.26,26.333288553626893
27996,Beočin,21.92458333333333,25.78627672116092
27997,Beočin,29.37916666666667,20.445611158424363
27998,Beočin,15.34333333333333,17.252616597260868
27999,Beočin,18.27916666666667,22.721740854224706
28000,Beočin,19.925,21.347849947058137
28001,Beočin,14.47208333333334,24.834243554022542
28002,Beočin,36.37083333333333,24.962201017125395
28003,Beočin,13.69291666666667,20.706414557843267
28004,Beočin,16.56625,23.155950452843648
28005,Beočin,19.05217391304348,19.8318793748524
28006,Beočin,19.45416666666666,25.689540973774136
28007,Beočin,27.57272727272727,24.94879903233231
28008,Beočin,22.4325,26.843403317443496
28009,Beočin,31.13333333333333,28.45115847486793
28010,Beočin,22.77041666666667,29.153041855819424
28011,Beočin,31.93333333333333,25.824354650337057
28012,Beočin,34.52916666666667,27.54028796522335
28013,Beočin,25.125,27.004012283623204
28014,Beočin,22.55833333333333,27.79542909513694
28015,Beočin,44.32083333333333,33.001688662675384
28016,Beočin,49.59166666666666,32.75133529181245
28017,Beočin,58.3875,36.463568412974
28018,Beočin,60.8,34.95194280974808
28019,Beočin,48.0625,30.061767884179773
28020,Beočin,61.26666666666667,36.533221826986775
28021,Beočin,49.2875,30.03710029737709
28022,Beočin,44.87500000000001,34.735431208467546
28023,Beočin,46.25,33.58725856604395
28024,Beočin,48.41666666666665,36.24705681169346
28025,Beočin,41.24583333333334,31.13775356561577
28026,Beočin,29.97916666666667,31.84636945880846
28027,Beočin,44.07916666666667,54.150416095246165
28028,Beočin,22.96333333333333,29.78843210849345
28029,Beočin,41.14583333333334,36.10020913157823
28030,Beočin,51.56086956521739,35.485923484827495
28031,Beočin,58.3625,33.30433105633618
28032,Beočin,75.7875,44.38995780587404
28033,Beočin,94.78333333333332,74.42792039854044
28034,Beočin,78.57083333333333,66.4055911040079
28035,Beočin,73.49583333333332,62.06895774325447
28036,Beočin,67.94166666666668,51.20345620357086
28037,Beočin,47.58333333333332,33.21819763435419
28038,Beočin,40.93749999999999,40.11633912892601
28039,Beočin,25.9625,37.77882987055133
28040,Beočin,32.72083333333333,32.124652676508084
28041,Beočin,59.975,58.35120618720028
28042,Beočin,67.23333333333333,59.92978344957863
28043,Beočin,79.05652173913045,41.4140353650023
28044,Beočin,89.21249999999998,27.20269285984524
28045,Beočin,29.64958333333334,18.676776084473023
28046,Beočin,15.43708333333334,20.933094918466
28047,Beočin,13.40458333333333,18.01477552023666
28048,Beočin,19.47583333333333,28.874193799415263
28049,Beočin,10.47541666666667,28.092083564176686
28050,Beočin,39.79708333333334,31.92878528270279
28051,Beočin,33.00666666666667,30.334743855582552
28052,Beočin,42.63333333333333,41.58581755683909
28053,Beočin,67.50833333333334,22.287944181206303
28054,Beočin,15.34708333333334,29.30405779584164
28055,Beočin,33.79583333333333,30.51539298697669
28056,Beočin,36.58791666666666,25.078937708867716
28057,Beočin,32.67458333333333,28.3219917167232
28058,Beočin,41.47916666666666,53.51885098617617
28059,Beočin,44.12083333333334,29.696091186516448
28060,Beočin,54.36666666666667,33.64179762727597
28061,Beočin,28.25833333333334,25.2035422251354
28062,Beočin,28.65000000000001,25.486058565289436
28063,Beočin,22.97916666666667,19.757277768216746
28064,Beočin,33.99166666666667,39.56662064049516
28065,Beočin,36.19166666666666,40.17452146157343
28066,Beočin,25.85416666666667,32.46826401269572
28067,Beočin,37.12083333333333,30.13989009902576
28068,Beočin,32.23333333333333,49.3400104130878
28069,Beočin,49.60833333333332,33.8605767127559
28070,Beočin,32.47916666666666,22.448147162259257
28071,Beočin,23.63625,25.92677897687972
28072,Beočin,62.3125,26.503032997819503
28073,Beočin,58.96666666666667,27.624791326371685
28074,Beočin,58.57916666666667,27.86803310451012
28075,Beočin,19.13416666666667,20.963020246529982
28076,Beočin,22.35916666666667,21.46612647477926
28077,Beočin,48.9375,26.43507585945353
28078,Beočin,28.625,21.11550627699229
28079,Beočin,21.85833333333333,27.098948560715854
28080,Beočin,32.54210526315791,21.98389297870799
28081,Beočin,28.03333333333333,32.90952605493178
28082,Beočin,36.63333333333334,43.04362425792292
28083,Beočin,72.89166666666667,53.85759909819518
28084,Beočin,84.00833333333334,26.730368979979197
28085,Beočin,111.8958333333333,84.35873833333622
28086,Beočin,60.64166666666666,58.85814696328174
5353,Bor,19.58,20.440149194963748
5354,Bor,28.47,20.433204295487837
5355,Bor,31.92,23.930765580119747
5356,Bor,21.93,20.899342760954703
5357,Bor,36.45,25.989275845623368
5358,Bor,68.92,30.654912893135588
5359,Bor,50.77,25.71081829421949
5360,Bor,39.17,24.163997288163465
5361,Bor,33.54,24.367103841379866
5362,Bor,39.53,24.75319463993128
5363,Bor,43.16,26.376172951733384
5364,Bor,39.9,28.99833508126825
5365,Bor,54.22,33.57739175640048
5366,Bor,62.01,26.4640543434327
5367,Bor,27.38,20.661361446982028
5368,Bor,22.49,20.927489833055507
5369,Bor,57.49,20.899342760954703
5370,Bor,21.22,21.60877330147584
5371,Bor,34.63,21.983890397464723
5372,Bor,22.83,22.408734953925457
5373,Bor,33.91,26.79710187869696
5374,Bor,29.38,24.228224192995302
5375,Bor,32.28,18.24444043178943
5376,Bor,16.68,21.57817560788316
5377,Bor,34.64,22.104501563815184
5378,Bor,20.86,21.263238190600926
5379,Bor,21.76,22.32563384313707
5380,Bor,38.08,25.73578425254921
5381,Bor,32.64,23.6745028767384
5382,Bor,45.16,24.420380762316107
5383,Bor,49.14,23.306457588255807
5384,Bor,62.93,24.23594807752241
5385,Bor,67.36,24.0466884862368
5386,Bor,69.08,23.436521562765723
5387,Bor,54.76,26.34216429978128
5388,Bor,61.44,24.902332233640237
5389,Bor,16.14,20.18312543677648
5390,Bor,27.02,20.804662181727807
5391,Bor,34.82,20.579700818951935
5392,Bor,16.5,24.309595507284776
5393,Bor,15.96,24.69167999899157
5394,Bor,15.23,21.53277781886347
5395,Bor,24.48,23.65385538853177
5396,Bor,22.48,22.29607181641872
5397,Bor,44.43,22.66034987621777
5398,Bor,51.51,29.323117686133347
5399,Bor,48.41,29.553609940686822
5400,Bor,45.69,28.091126373026157
5401,Bor,62.92,33.55433619264284
5402,Bor,72.91,31.90143731582197
5403,Bor,85.6,31.970269151254843
5404,Bor,58.93,32.597768459302664
5405,Bor,49.32,32.38075602468128
5406,Bor,82.7,37.66253209638564
5407,Bor,63.1,35.26303571798027
5408,Bor,69.1,22.046440316344945
5409,Bor,65.47,20.00884656593437
5410,Bor,25.57,19.896889133333183
5411,Bor,44.06,26.8552102425446
5412,Bor,40.08,31.344140436946773
5413,Bor,13.78,31.22363182870413
5414,Bor,26.3,31.25776005691811
5415,Bor,22.13,23.59719615086845
5416,Bor,53.14,25.059617937018057
5417,Bor,12.88,29.087271137436097
5418,Bor,53.32,52.304021753533945
5419,Bor,37.53,46.65268291166991
5420,Bor,35.18,42.19914160333502
5421,Bor,223.75,47.48750336359308
5422,Bor,267.09,46.65268291166991
5423,Bor,49.32,46.034980464750895
5424,Bor,24.3,33.79625669860067
5425,Bor,23.93,36.69100999519085
5426,Bor,83.23,44.36816373811335
5427,Bor,56.39,44.01800475367185
5428,Bor,44.61,46.54072547906873
5429,Bor,100.29,46.54072547906873
5430,Bor,129.1,47.17047890848884
5431,Bor,93.56,49.29663956065539
5432,Bor,143.27,41.862658932523466
5433,Bor,46.96,49.10815563009525
5434,Bor,34.1,37.071710673184015
5435,Bor,32.09,36.98533029315536
5436,Bor,44.8,45.562488542822784
5437,Bor,51.68,41.23420224128841
5438,Bor,21.58,28.876083656048053
5439,Bor,48.05,54.54044247348652
5440,Bor,32.62,37.82015074507852
5441,Bor,17.04,30.88059066588941
5442,Bor,46.96,40.33627888767563
5443,Bor,52.23,47.95854015514087
5444,Bor,45.7,49.94362727447195
5445,Bor,53.5,60.65520698923154
5446,Bor,56.21,58.82170050044165
5447,Bor,52.58,41.55678627720777
5448,Bor,93.76,43.1932056022948
5449,Bor,44.07,50.7463324849503
5450,Bor,28.29,46.73636582538255
5451,Bor,26.47,46.978495776747856
5452,Bor,19.04,41.91131436069306
5453,Bor,29.74,46.8144609638546
5454,Bor,50.24,34.25343533297264
5455,Bor,21.4,34.47123647210337
5456,Bor,45.17,51.50385919907802
5457,Bor,49.68,48.5426975809501
5458,Bor,53.31,49.17430713139486
5459,Bor,49.15,43.345297837376776
5460,Bor,19.76,55.87892782506432
5461,Bor,18.5,28.04987671918148
5462,Bor,21.4,26.979775830266348
5463,Bor,35.0,31.149075097021047
5464,Bor,19.76,32.85912367500512
5465,Bor,37.0,28.51849928983432
5466,Bor,22.85,37.54694241932821
5467,Bor,17.41,31.26278450106725
5468,Bor,32.46,27.588223577044527
5469,Bor,26.12,33.78321946619301
5470,Bor,46.24,35.876785081767814
5471,Bor,28.65,37.71029157055772
5472,Bor,20.31,25.483215659388875
5473,Bor,2.72,19.47365238340667
5474,Bor,23.93,39.41599018762839
5475,Bor,27.75,39.08190023593566
5476,Bor,23.21,32.598596276980786
5477,Bor,13.06,21.01964408876959
5478,Bor,14.33,27.351656223803385
5479,Bor,19.4,32.5565931168793
5480,Bor,15.78,23.03362277512614
5481,Bor,43.71,30.243108023309365
5482,Bor,31.73,51.77178320538859
5483,Bor,44.61,52.35594063119783
5484,Bor,34.45,43.26394650468591
5485,Bor,15.6,24.121867107356863
5486,Bor,31.74,34.6084697477288
5487,Bor,26.11,27.414754149540958
5488,Bor,30.64,54.43058329896571
5489,Bor,28.83,34.71090856182533
5490,Bor,33.73,42.36445029544554
10786,Bor,24.394,36.78270468653245
10787,Bor,41.86799999999999,42.47767825401223
10788,Bor,48.68,35.90639963344325
10789,Bor,43.51199999999999,38.62354336638097
10790,Bor,39.292,35.40983030783867
10791,Bor,19.728,29.39444207214113
10792,Bor,20.294,33.45738860429064
10793,Bor,17.236,25.81217088415804
10794,Bor,38.626,48.02046090330872
10795,Bor,20.522,30.38662933020315
10796,Bor,23.008,30.07187587221049
10797,Bor,29.562,38.50850439827132
10798,Bor,39.324,46.53844860660965
10799,Bor,20.534,30.928520236157254
10800,Bor,29.152,41.48246851122292
10801,Bor,42.87,47.53942224125696
10802,Bor,12.06,25.41874482486572
10803,Bor,20.168,21.029227186978147
10804,Bor,51.586,44.71951467000271
10805,Bor,15.002,31.6531090228354
10806,Bor,42.872,36.8291704083329
10807,Bor,12.308,29.12238281296812
10808,Bor,16.355,28.2364398160484
10809,Bor,44.4875,25.31434639324312
10810,Bor,44.052,34.88405463722095
10811,Bor,21.792,32.7880697642992
10812,Bor,26.366,32.160363095123145
10813,Bor,34.912,29.35112168916845
10814,Bor,70.27799999999999,49.97041030808429
10815,Bor,35.336,46.65105316015481
10816,Bor,39.672,36.22465299441167
10817,Bor,78.80999999999999,22.842813633090596
10818,Bor,22.348,26.284001564405028
10819,Bor,37.108,32.06002379127472
10820,Bor,57.314,43.15200266517167
10821,Bor,41.39,43.15200266517167
10822,Bor,25.688,33.69360281928097
10823,Bor,33.846,31.894879799567985
10824,Bor,46.49,39.53634924339398
10825,Bor,65.154,58.3703694221792
10826,Bor,44.248,50.20602851745105
10827,Bor,62.23799999999999,35.90639963344325
10828,Bor,60.012,27.0434248143112
10829,Bor,42.226,38.10884391742186
10830,Bor,31.024,33.05372719044921
10831,Bor,26.636,34.773346940530125
10832,Bor,23.09,23.42223207794966
10833,Bor,29.95800000000001,30.90197368461913
10834,Bor,54.472,33.66188138097823
10835,Bor,37.84,44.49423481539824
10836,Bor,27.368,36.86802230268091
10837,Bor,19.092,24.016340807354183
10838,Bor,15.892,35.11116035633562
10839,Bor,19.472,43.14990440709129
10840,Bor,28.01,39.07980197785529
10841,Bor,54.202,49.11110648942572
10842,Bor,51.802,56.48703850466871
10843,Bor,36.574,51.38539798031445
10844,Bor,18.786,26.6886029292629
10845,Bor,24.858,33.07040670206664
10846,Bor,33.752,41.83241071125375
10847,Bor,21.116,37.392042444164304
10848,Bor,15.4,38.69943053339044
10849,Bor,29.838,34.8114221799905
10850,Bor,56.09000000000001,48.20760601097708
10851,Bor,54.876,48.51437750148645
10852,Bor,69.432,53.194269843158544
10853,Bor,86.204,49.900715407233136
10854,Bor,45.642,52.13826100514857
10855,Bor,28.824,33.39991482466221
10856,Bor,71.352,44.652460258083686
10857,Bor,50.274,48.4890105131053
10858,Bor,77.054,48.50471706962707
10859,Bor,77.236,54.629897408433685
10860,Bor,80.84,50.46701362584109
10861,Bor,82.024,41.35238691919284
10862,Bor,104.306,40.77029693273123
10863,Bor,120.632,38.49454170984245
10864,Bor,69.75800000000001,43.93214386749297
10865,Bor,47.294,36.13550575417429
10866,Bor,115.46,46.17897837928636
10867,Bor,89.16999999999999,60.13101024091045
10868,Bor,66.676,40.114582088612
10869,Bor,51.188,27.963167519439256
10870,Bor,25.146,25.139767310977117
10871,Bor,19.206,22.76900758653377
10872,Bor,23.75,28.50035747991984
10873,Bor,64.06199999999998,42.15530558183459
10874,Bor,59.64,37.19729593689847
10875,Bor,45.09,40.74399412958172
10876,Bor,34.206,30.29946349315767
10877,Bor,34.614,30.526088946388672
10878,Bor,26.592,29.859986494633947
10879,Bor,54.866,21.259955421802683
10880,Bor,52.928,29.383090488899235
10881,Bor,36.53400000000001,34.051968170700064
10882,Bor,50.904,31.944032534521675
10883,Bor,59.388,38.29915706750217
10884,Bor,57.72000000000001,40.66248776875388
10885,Bor,28.912,28.894767978983268
10886,Bor,17.422,21.867748248078808
10887,Bor,27.418,23.827545705096213
10888,Bor,30.614,28.74719904784643
10889,Bor,32.372,28.8408170758392
10890,Bor,26.54199999999999,37.05040674535958
10891,Bor,29.48,25.334558078506586
10892,Bor,34.464,25.67109612832517
10893,Bor,34.08200000000001,29.884764700876133
10894,Bor,31.336,23.055076580569477
10895,Bor,39.01600000000001,24.526934010418284
10896,Bor,24.826,24.36844550923177
10897,Bor,20.124,23.837136745683274
10898,Bor,24.092,29.23713344130895
10899,Bor,23.97,27.706560547691517
10900,Bor,37.05,26.406096634206783
10901,Bor,32.412,27.63767631728731
10902,Bor,33.54,27.526850566619927
10903,Bor,37.546,29.828973452674223
10904,Bor,39.376,29.13730392260547
10905,Bor,39.972,29.94395121872976
10906,Bor,39.386,28.484561145072643
10907,Bor,30.168,24.57301461167979
10908,Bor,30.378,25.73578425254921
10909,Bor,37.664,26.39571292896026
10910,Bor,39.072,27.17550296714092
10911,Bor,33.636,24.06424215238704
10912,Bor,31.298,23.601217333756743
10913,Bor,33.854,24.98853153165275
10914,Bor,25.82,24.565173565283818
10915,Bor,24.514,20.798833297731548
10916,Bor,29.078,24.491248214962955
10917,Bor,32.998,26.684937300824917
10918,Bor,31.104,29.63538706647937
10919,Bor,29.44600000000001,22.88629569543542
10920,Bor,26.742,21.20814537762137
10921,Bor,33.372,20.11848296259496
10922,Bor,37.6,25.08201350454038
10923,Bor,31.55399999999999,25.094751944407488
10924,Bor,35.742,24.23422866360292
10925,Bor,25.822,20.84997965320121
10926,Bor,22.344,20.194050075439637
10927,Bor,27.744,22.346552519889286
10928,Bor,45.756,26.896181633479607
10929,Bor,34.44199999999999,23.47578436706464
10930,Bor,30.66,24.12662654800903
10931,Bor,27.928,27.95457236915956
10932,Bor,30.432,27.5270772403756
10933,Bor,24.726,26.03466501323697
10934,Bor,26.764,20.02716195045575
10935,Bor,27.478,23.104447621284823
10936,Bor,21.722,21.99334670188866
10937,Bor,26.998,18.540020890573107
10938,Bor,17.928,19.272780251557155
10939,Bor,20.448,20.669494955354928
10940,Bor,20.566,19.891481788652246
10941,Bor,26.628,20.02716195045575
10942,Bor,21.646,21.866520249842505
10943,Bor,30.638,25.093731313788584
10944,Bor,31.80599999999999,22.288612857464223
10945,Bor,24.838,21.615464994570985
10946,Bor,28.292,20.529782651464952
10947,Bor,29.13800000000001,22.158548882954307
10948,Bor,32.162,23.271168123033014
10949,Bor,31.14,22.980341614927344
10950,Bor,31.1,22.45207666290663
10951,Bor,17.988,19.33444035733798
10952,Bor,32.112,22.104501563815184
10953,Bor,30.406,19.92006983734453
10954,Bor,25.946,19.69518354379764
10955,Bor,32.528,23.909112701587745
10956,Bor,29.906,22.75412591157968
10957,Bor,36.298,23.497768952427364
10958,Bor,39.148,28.019105146812088
10959,Bor,37.816,28.912355711157467
10960,Bor,33.956,26.300437008465583
10961,Bor,42.596,29.273394735826457
10962,Bor,42.78400000000001,30.50313831303253
10963,Bor,26.688,26.1333556325524
10964,Bor,19.758,18.631094113807087
10965,Bor,23.288,21.93274512020481
10966,Bor,19.044,19.85170441468929
10967,Bor,18.354,22.25761708911416
10968,Bor,15.286,19.826517113929576
10969,Bor,19.072,19.90225576544949
10970,Bor,20.164,21.84927890434667
10971,Bor,22.458,21.84927890434667
10972,Bor,29.502,20.94025493534308
10973,Bor,31.678,24.17001239362289
10974,Bor,18.522,21.69750837699827
10975,Bor,18.894,24.13980649142595
10976,Bor,34.586,22.15086229556725
10977,Bor,34.25000000000001,24.42166388120749
10978,Bor,28.544,26.554830491393183
10979,Bor,32.606,27.70843430022202
10980,Bor,41.056,29.722289794230235
10981,Bor,45.568,34.04385349896961
10982,Bor,30.176,29.914589312436856
10983,Bor,39.428,28.15583659481612
10984,Bor,39.802,30.431555631077096
10985,Bor,31.388,26.92009548642672
10986,Bor,24.636,19.46317954801202
10987,Bor,32.158,28.47904050070355
10988,Bor,20.472,23.580955228841635
10989,Bor,17.398,19.918136102733943
10990,Bor,19.256,21.03647854297091
10991,Bor,23.768,19.468350740244205
10992,Bor,30.216,21.878671242167577
10993,Bor,38.63000000000001,23.973383637426167
10994,Bor,46.408,24.53310942429068
10995,Bor,37.93,26.31264515298588
10996,Bor,32.788,22.80758737396368
10997,Bor,33.764,25.077520736252684
10998,Bor,28.514,21.306221304774752
10999,Bor,28.148,26.554118907788183
11000,Bor,32.908,24.293336041422524
11001,Bor,35.338,22.476856365026205
11002,Bor,26.922,20.92617026915043
11003,Bor,27.07,21.34442059787176
11004,Bor,33.632,26.30040113448831
11005,Bor,50.95,25.690184719721252
11006,Bor,40.04,23.10211740358018
11007,Bor,44.566,25.32960338081346
11008,Bor,48.21,26.577785897623027
11009,Bor,41.576,23.62128515094672
11010,Bor,27.394,19.07694764402918
11011,Bor,28.902,20.842261865047927
11012,Bor,23.048,16.692099451519695
11013,Bor,32.132,22.67128825348051
11014,Bor,56.072,22.869231771255517
11015,Bor,56.852,25.16055514702658
11016,Bor,55.56,28.869558620890448
11017,Bor,48.638,28.869558620890448
11018,Bor,25.022,19.417261316787048
11019,Bor,36.85600000000001,23.209768445112815
11020,Bor,35.622,20.723043584533908
11021,Bor,29.6825,22.971602372976225
11022,Bor,13.684,16.853834068420763
11023,Bor,23.242,22.85555141274988
11024,Bor,21.286,22.91042733718481
11025,Bor,27.346,23.368721542809634
11026,Bor,31.942,22.019069160722648
11027,Bor,35.514,25.53020580816698
11028,Bor,35.196,24.960343464260653
11029,Bor,18.34,20.71715785223342
11030,Bor,20.37333333333333,19.54211678776788
11031,Bor,20.286,20.02476069436351
11032,Bor,30.202,20.891769169854868
11033,Bor,30.834,21.91651279570421
11034,Bor,29.802,22.91265602539812
11035,Bor,32.376,20.73032421905964
11036,Bor,15.125,18.2185776053246
11037,Bor,13.31,16.06876127190992
11038,Bor,23.972,18.028101197176785
11039,Bor,23.198,18.96723787390289
11040,Bor,19.646,19.03889918416484
11041,Bor,21.364,20.29025386633669
11042,Bor,25.026,20.556269788288517
11043,Bor,33.39333333333334,25.73578425254921
11044,Bor,31.5,25.08201350454038
11045,Bor,21.372,23.89854082255644
11046,Bor,22.282,19.07106191172869
11047,Bor,29.134,22.80899575594512
11048,Bor,31.342,19.88842414055548
11049,Bor,30.318,22.80899575594512
11050,Bor,32.70333333333333,22.614501124367283
11051,Bor,16.62333333333333,19.55112399473993
11052,Bor,13.155,18.24325439082378
11053,Bor,18.528,21.314108657783013
11054,Bor,27.04,25.983339184931957
11055,Bor,29.115,26.819821436959185
11056,Bor,43.30800000000001,29.46980775002856
11057,Bor,39.63250000000001,31.81606528797594
11058,Bor,38.36,33.2498204869073
11059,Bor,45.18599999999999,28.785617061522537
11060,Bor,52.61400000000001,29.56783457653875
11061,Bor,38.134,41.85623405818822
11062,Bor,51.826,40.93979423595444
11063,Bor,32.206,31.409561028010916
11064,Bor,38.6825,34.55961850086808
11065,Bor,40.8775,42.14559297415604
11066,Bor,59.115,45.98143183557191
11067,Bor,44.45,42.19914160333502
11068,Bor,38.378,41.48233075614892
11069,Bor,50.1725,43.22175382778752
11070,Bor,33.685,29.17350713525056
11071,Bor,54.6,36.91125151677237
11072,Bor,30.494,33.96625108808742
11073,Bor,36.4675,32.51942196960411
11074,Bor,52.80399999999999,28.36962331162209
11075,Bor,45.14,36.91125151677237
11076,Bor,34.4075,34.0197997172664
11077,Bor,31.195,30.081501176965745
11078,Bor,53.952,33.27036945400927
11079,Bor,85.316,37.19469960923679
11080,Bor,40.894,33.443060369426505
11081,Bor,62.916,42.36091965551971
11082,Bor,59.66799999999999,43.345297837376776
11083,Bor,54.7325,49.64508561160559
11084,Bor,39.6475,38.19087701222779
11085,Bor,31.536,31.847958836710248
11086,Bor,42.638,33.405326214935606
11087,Bor,53.23800000000001,45.96447778981517
11088,Bor,41.274,50.05558470707313
11089,Bor,32.58,38.34975938649909
11090,Bor,33.45333333333333,33.289481040704324
11091,Bor,48.71333333333333,44.93485466183935
11092,Bor,23.005,44.45939658929744
11093,Bor,24.064,32.06819336918503
11094,Bor,28.78,30.489038564005075
11095,Bor,34.52999999999999,28.1573440819532
11096,Bor,21.344,28.996004454372645
11097,Bor,15.086,22.74964104431353
11098,Bor,10.858,27.52461332406176
11099,Bor,19.342,20.611610462022814
11100,Bor,17.978,27.44715367274008
11101,Bor,21.144,34.019636197956814
11102,Bor,11.876,21.633448765068483
11103,Bor,22.934,26.77402701694036
11104,Bor,25.048,33.0269815448447
11105,Bor,29.572,36.20184441337738
11106,Bor,19.738,27.724841135088468
11107,Bor,11.586,27.91764054259055
11108,Bor,9.332,18.03065756945057
11109,Bor,21.1975,31.26278450106725
11110,Bor,24.855,31.26278450106725
11111,Bor,23.52,31.159241520663
11112,Bor,22.6575,30.245029200452255
11113,Bor,18.1325,21.693054215421064
11114,Bor,31.312,32.79410661004059
11115,Bor,37.12,43.15200266517167
11116,Bor,31.43200000000001,31.58431673865133
11117,Bor,55.19200000000001,41.38887459858076
11118,Bor,53.136,53.26344439633922
11119,Bor,25.154,31.964717435202772
11120,Bor,35.50749999999999,42.69344152031317
11121,Bor,35.238,47.96063841322124
11122,Bor,55.352,47.760622936367966
11123,Bor,84.22,69.09720354000738
11124,Bor,43.822,52.35594063119783
11125,Bor,55.322,42.24847086195325
11126,Bor,30.46,35.367384344352345
11127,Bor,38.81,35.45242623981144
11128,Bor,38.894,46.086899342414775
11129,Bor,31.716,30.20309003724384
11130,Bor,46.678,37.45973972004084
11131,Bor,63.88199999999999,56.25664097180197
11132,Bor,51.326,47.81958864344927
11133,Bor,51.43333333333334,52.0519496075809
12657,Bor,13.375,22.28159980239937
12658,Bor,21.825,25.15382506857744
12659,Bor,33.72499999999999,29.35112168916845
12660,Bor,32.27500000000001,39.53634924339398
12661,Bor,24.9,42.69344152031317
12662,Bor,16.75,42.69344152031317
12663,Bor,30.275,27.160399502256617
12664,Bor,33.1,28.43415145257589
12665,Bor,42.6,25.61411421226948
12666,Bor,28.45,34.55961850086808
12667,Bor,43.775,36.91125151677237
12668,Bor,11.9,20.80106788128015
12669,Bor,14.65,27.334779935133582
12670,Bor,10.25,27.183199304592407
12671,Bor,10.16666666666667,20.16715978236549
12672,Bor,14.76666666666667,25.078335848150328
12673,Bor,23.5,28.88614527985184
20066,Bor,22.21958333333333,46.98476819152611
20067,Bor,19.94541666666667,46.98476819152611
20068,Bor,15.7825,36.69200487622887
20069,Bor,11.98666666666666,35.94899556541602
20070,Bor,20.71666666666667,35.258249677297485
20071,Bor,10.63791666666667,27.056291677213054
20072,Bor,15.0775,42.2510604809989
20073,Bor,31.98750000000001,59.44781213196642
20074,Bor,61.84583333333334,40.00845129649786
20075,Bor,16.65277777777778,25.603136457713468
20076,Bor,12.83285714285714,27.588223577044527
20077,Bor,7.940833333333333,28.88614527985184
20078,Bor,25.97083333333333,41.409380990019706
20079,Bor,23.57083333333333,40.513698553360754
20080,Bor,29.91666666666667,49.94572553255232
20081,Bor,23.76666666666667,39.29828539393134
20082,Bor,24.76666666666667,41.58817160625741
20083,Bor,13.48541666666667,27.89540954700896
20084,Bor,22.23041666666667,28.044646929380598
20085,Bor,9.519583333333332,22.639781869792728
20086,Bor,16.85041666666667,32.06915573020874
20087,Bor,23.04583333333333,38.73724327447165
20088,Bor,5.984583333333333,18.032755827530952
20089,Bor,9.225416666666664,23.416463140939303
20090,Bor,11.85,28.50574609567123
20091,Bor,14.83583333333333,23.98299867669033
20092,Bor,9.776086956521738,27.0216880412935
20093,Bor,8.94875,26.67420041173181
20094,Bor,13.98958333333334,27.657080144503
20095,Bor,18.12916666666667,41.16691554584058
20096,Bor,12.55666666666667,26.69685893367377
20097,Bor,11.02958333333333,27.96491737156043
20098,Bor,7.650000000000001,23.03362277512614
20099,Bor,8.344166666666668,24.322215007452986
20100,Bor,10.03041666666667,17.127362789541117
20101,Bor,8.497499999999999,21.570140813350537
20102,Bor,17.64791666666666,35.12966390564635
20103,Bor,22.19166666666666,40.26597336166782
20104,Bor,36.63333333333334,36.36718899833074
20105,Bor,39.23333333333334,38.24885606201013
20106,Bor,30.65,46.70460178933379
20107,Bor,31.22083333333333,47.86365314847348
20108,Bor,43.03749999999999,53.78398153121243
20109,Bor,28.4875,50.37085351186674
20110,Bor,23.375,41.18375273925324
20111,Bor,26.62916666666667,48.88409398953292
20112,Bor,26.70833333333334,56.25664097180197
20113,Bor,28.82916666666668,44.72364897556231
20114,Bor,21.27458333333333,35.16422103941326
20115,Bor,16.76083333333333,35.08132766435065
20116,Bor,12.22375,28.473237984705143
20117,Bor,21.05458333333333,32.272769239907305
20118,Bor,12.42916666666666,33.61336759709801
20119,Bor,27.2825,36.56341910457774
20120,Bor,26.26250000000001,39.81651564558629
20121,Bor,24.71541666666667,28.50891842265528
20122,Bor,16.015,33.7241247741452
20123,Bor,14.44041666666666,28.51849928983432
20124,Bor,13.36166666666667,27.85035248643281
20125,Bor,14.18875,26.104451735333093
20126,Bor,19.51041666666667,31.373841674972685
20127,Bor,28.8375,39.90537788728287
20128,Bor,28.2875,40.56120268922754
20129,Bor,22.075,40.32695156936243
20130,Bor,26.85416666666667,42.48145801386564
20131,Bor,20.53375,34.37697942925477
20132,Bor,15.31291666666667,27.57575665975645
20133,Bor,10.1475,23.67651730488976
20134,Bor,16.08416666666666,30.80434679621729
20135,Bor,9.897083333333333,20.68081722573869
20136,Bor,11.01625,29.65879953090199
20137,Bor,22.33666666666666,37.24711655648198
20138,Bor,36.15833333333334,42.17101424301589
20139,Bor,28.08333333333334,30.801487793111527
20140,Bor,11.77083333333333,18.89930564390566
20141,Bor,11.97083333333333,31.99452226071743
20142,Bor,32.8875,36.59745402165615
20143,Bor,22.83875,38.792829188014544
20144,Bor,31.21249999999999,39.372291888681744
20145,Bor,24.49583333333333,33.51546151568255
20146,Bor,32.34166666666666,35.435852400092145
20147,Bor,32.07083333333333,46.19675851693558
20148,Bor,42.0125,42.48258969579944
20149,Bor,22.93363636363636,28.196065658542075
20150,Bor,8.939545454545454,27.95717616427944
20151,Bor,12.58833333333333,21.96393104314868
20152,Bor,15.30541666666667,23.088228393220025
20153,Bor,8.674999999999999,29.73926550664585
20154,Bor,27.86625,34.55428097401732
20155,Bor,22.74291666666666,33.5835829267833
20156,Bor,17.38782608695652,20.840459989983724
20157,Bor,8.585,26.971416637291767
20158,Bor,12.76333333333334,25.31171765352166
20159,Bor,5.960416666666667,18.36581778154997
20160,Bor,9.954166666666666,23.504042223971783
20161,Bor,20.99583333333333,33.54838460829998
20162,Bor,34.49999999999999,38.40760648079559
20163,Bor,49.7,43.65571977840015
20164,Bor,44.65833333333333,38.57820791493254
20165,Bor,25.9125,32.12334014259817
20166,Bor,19.3125,29.90635246040374
20167,Bor,9.537916666666666,24.027997528872177
20168,Bor,28.05083333333333,31.38430674765716
20169,Bor,18.28791666666666,25.470887202793143
20170,Bor,19.11083333333333,26.055800507675965
20171,Bor,19.77875,20.94645707645839
20172,Bor,10.03458333333333,17.770296718900685
20173,Bor,16.74416666666667,21.17109438535104
20174,Bor,22.14166666666667,26.732276805196896
20175,Bor,19.69166666666667,31.90143731582197
20176,Bor,19.2125,25.934933853446942
20177,Bor,23.41666666666667,23.57866090032777
20178,Bor,23.17916666666667,25.946660295025893
20179,Bor,23.94416666666666,25.363692103105567
20180,Bor,12.60916666666667,21.89579727657749
20181,Bor,12.93416666666666,24.43693284259695
20182,Bor,10.49958333333334,24.639068858620536
20183,Bor,10.25863636363636,27.685328557752467
20184,Bor,25.02166666666666,25.98392911656989
20185,Bor,24.54791666666667,25.68756164390204
20186,Bor,14.75875,22.304203006444784
20187,Bor,35.96666666666667,23.99624734963024
20188,Bor,40.1625,22.074095397206563
20189,Bor,19.27625,21.993320083310643
20190,Bor,22.80000000000001,24.960343464260653
20191,Bor,14.44958333333333,26.063622437837974
20192,Bor,17.38166666666667,24.8777395097861
20193,Bor,23.22916666666667,21.71484773226829
20194,Bor,12.03583333333333,17.216869539445145
20195,Bor,26.5,23.781950176448387
20196,Bor,26.69083333333333,21.65131760413564
20197,Bor,18.27208333333333,20.54701857694639
20198,Bor,19.71958333333333,24.40270232237353
20199,Bor,29.55416666666667,22.587800351634566
20200,Bor,25.94583333333334,22.150715006887705
20201,Bor,40.9,23.36222479542964
20202,Bor,35.50041666666667,20.77295228452888
20203,Bor,18.04416666666667,19.378793006979517
20204,Bor,16.42083333333333,27.851795263766636
20205,Bor,19.25708333333333,26.66719735710652
20206,Bor,10.25416666666667,26.4011814351547
20207,Bor,8.629166666666668,26.50210694077058
20208,Bor,9.270833333333336,23.271636362447172
20209,Bor,11.89666666666667,24.50316459434385
20210,Bor,8.604166666666666,20.63324944813092
20211,Bor,10.37625,22.382962300892554
20212,Bor,14.21458333333334,27.462717169230636
20213,Bor,16.29166666666667,24.09979615773086
20214,Bor,10.01291666666667,22.374362762026685
20215,Bor,8.525,22.299053896790053
20216,Bor,8.063333333333333,19.780765141726825
20217,Bor,9.980833333333331,21.594284837774698
20218,Bor,11.63166666666667,20.723043584533908
20219,Bor,12.61833333333334,18.222437198276197
20220,Bor,12.63666666666667,17.319363612706574
20221,Bor,17.09166666666667,23.041480385447077
20222,Bor,9.932916666666667,18.22854652829682
20223,Bor,14.7675,22.759593522712585
20224,Bor,14.68458333333333,23.479528114280644
20225,Bor,12.12166666666666,20.186924663742072
20226,Bor,10.47875,20.26974562319114
20227,Bor,11.77208333333333,20.842261865047927
20228,Bor,14.85333333333334,20.619256250445908
20229,Bor,8.069999999999999,18.222437198276197
20230,Bor,12.19208333333333,21.5103764336722
20231,Bor,17.4625,21.06587098787234
20232,Bor,6.274583333333333,15.695839755282137
20233,Bor,9.02875,14.830754624493476
20234,Bor,13.75208333333333,20.607302848102577
20235,Bor,10.24791666666667,22.24625881641911
20236,Bor,17.625,27.184787840928504
20237,Bor,18.64666666666666,29.21966930480397
20238,Bor,17.79166666666667,28.345559438593572
20239,Bor,19.15833333333333,30.361054810809904
20240,Bor,20.88875,24.107553239473447
20241,Bor,20.88333333333333,23.196080475992247
20242,Bor,10.19541666666667,22.089454495799107
20243,Bor,9.952083333333333,21.089508438329467
20244,Bor,12.03791666666667,19.93918827947831
20245,Bor,9.015416666666669,19.50503902561561
20246,Bor,9.391666666666667,22.104501563815184
20247,Bor,12.23833333333333,20.75428818927669
20248,Bor,14.21333333333333,23.607305412110207
20249,Bor,9.74375,20.744537688913056
20250,Bor,11.115,22.317283180585797
20251,Bor,15.89375,19.935612818791792
20252,Bor,17.43,19.935612818791792
20253,Bor,16.65583333333333,20.843219945291832
20254,Bor,9.205416666666668,20.310085220453832
20255,Bor,6.332916666666669,20.59666810093024
20256,Bor,10.45208333333333,24.072522832723678
20257,Bor,11.94541666666667,24.847915444140884
20258,Bor,15.98958333333334,26.736553016163928
20259,Bor,10.99916666666667,27.44589283714203
20260,Bor,7.735,21.09323144960043
20261,Bor,11.47125,24.290534346751578
20262,Bor,13.78041666666667,27.751546141649644
20263,Bor,20.80833333333333,31.37722821231086
20264,Bor,15.34416666666667,27.91500994709205
20265,Bor,10.645,24.628298342256382
20266,Bor,7.251666666666666,17.426787474817644
20267,Bor,10.92,23.382112445906596
20268,Bor,12.51708333333333,22.579942228513957
20269,Bor,9.155833333333332,20.26501579284212
20270,Bor,22.35458333333333,30.284380716084
20271,Bor,21.85791666666667,29.45365253657068
20272,Bor,21.29583333333333,22.75120882070204
20273,Bor,9.38791666666667,18.70112487446789
20274,Bor,9.785416666666665,19.82028543138837
20275,Bor,11.99083333333333,21.135621538110453
20276,Bor,14.82708333333333,22.17881463284988
20277,Bor,8.987083333333329,18.01677395618216
20278,Bor,11.77208333333333,20.932798924386976
20279,Bor,15.41041666666666,23.423728079411173
20280,Bor,15.66541666666667,26.89381008580244
20281,Bor,20.14583333333333,30.88504682819661
20282,Bor,18.8625,23.027908290689112
20283,Bor,8.608333333333334,16.661423640977873
20284,Bor,7.71458333333333,17.41596929197406
20285,Bor,5.92125,16.943012382871018
20286,Bor,12.98333333333333,19.39395961066459
20287,Bor,10.10541666666667,17.360840311742017
20288,Bor,8.3525,20.355404106971328
20289,Bor,12.06208333333333,19.14051255495544
20290,Bor,18.90083333333333,21.089508438329467
20291,Bor,23.78333333333333,22.432339749103956
20292,Bor,24.79166666666667,18.96631436285987
20293,Bor,24.59166666666667,20.71897831765897
20294,Bor,23.47083333333333,22.774116921666792
20295,Bor,24.12916666666667,26.27859479442324
20296,Bor,24.54583333333333,26.45661237567535
20297,Bor,19.23333333333333,26.198128818679383
20298,Bor,25.3375,27.79227495032369
20299,Bor,29.85833333333333,29.792770033103743
20300,Bor,32.67083333333333,31.030261041969176
20301,Bor,27.5125,25.84587264861437
20302,Bor,20.22083333333333,26.17322237632081
20303,Bor,24.24583333333334,28.251140770548787
20304,Bor,29.17916666666667,30.63373797255309
20305,Bor,31.57916666666667,28.77835769281181
20306,Bor,27.2,20.33895447894532
20307,Bor,15.16,20.408112611185224
20308,Bor,12.03083333333333,19.9430799155206
20309,Bor,18.65458333333333,24.960343464260653
20310,Bor,15.81916666666667,22.930665796224847
20311,Bor,17.52125,21.74538779398422
20312,Bor,6.562083333333334,15.352432360600982
20313,Bor,19.55708333333333,19.888808746921608
20314,Bor,23.0,25.57826891432039
20315,Bor,25.83333333333333,22.85705886209853
20316,Bor,26.44166666666667,23.416784648963045
20317,Bor,21.95416666666667,23.544438902228485
20318,Bor,29.06666666666666,23.91420360463057
20319,Bor,24.68333333333333,24.491248214962955
20320,Bor,24.425,24.98853153165275
20321,Bor,27.27083333333333,26.635413656852432
20322,Bor,25.725,24.30222346635972
20323,Bor,12.91916666666667,21.187507364840982
20324,Bor,19.49541666666667,22.71979984601507
20325,Bor,16.66916666666667,18.935381749925188
20326,Bor,17.03083333333333,24.42737040472125
20327,Bor,21.1375,21.442722895599868
20328,Bor,15.09208333333333,22.019069160722648
20329,Bor,19.23916666666667,21.71484773226829
20330,Bor,19.95,23.551361641896733
20331,Bor,18.71375,25.61411421226948
20332,Bor,16.16666666666667,22.771571603716072
20333,Bor,21.50833333333334,20.463110172843887
20334,Bor,32.375,23.704523058560948
20335,Bor,37.58333333333332,25.145419614436666
20336,Bor,28.175,23.83796668218081
20337,Bor,24.60708333333334,23.6745028767384
20338,Bor,25.41125000000001,25.31041164352232
20339,Bor,26.5375,27.706560547691517
20340,Bor,14.10416666666667,24.73263419350341
20341,Bor,17.26,27.5459057810874
20342,Bor,27.79583333333333,29.046283528749687
20343,Bor,29.67083333333333,26.574420518003304
20344,Bor,17.10833333333333,23.74418858008777
20345,Bor,15.34875,25.491734809168182
20346,Bor,12.82958333333334,25.85338578415837
20347,Bor,10.60041666666667,24.846301793172223
20348,Bor,12.45916666666667,21.412783559473432
20349,Bor,13.65291666666666,25.983339184931957
20350,Bor,21.34166666666667,28.350401894671528
20351,Bor,19.48916666666667,29.046283528749687
20352,Bor,36.47916666666666,32.434304653860266
20353,Bor,19.35208333333334,26.536894888045698
20354,Bor,12.05583333333333,28.06562544891972
20355,Bor,26.51625,38.23304928310258
20356,Bor,23.97083333333333,37.032921557052106
20357,Bor,25.60833333333333,37.43863690471668
20358,Bor,32.50833333333333,36.85538437503722
20359,Bor,24.80416666666666,40.51721339004223
20360,Bor,9.982500000000002,29.156555763681837
20361,Bor,12.92583333333334,29.86411843473355
20362,Bor,17.33565217391304,36.58630681962568
20363,Bor,23.52833333333334,29.37902117733284
20364,Bor,9.202083333333333,27.224511251876525
20365,Bor,5.965,23.1996248946231
20366,Bor,7.477083333333333,23.106472603162576
20367,Bor,9.37625,31.078525413728396
20368,Bor,13.4625,42.19914160333502
20369,Bor,19.65708333333333,23.49486508609164
20370,Bor,6.322916666666665,29.10676630280877
20371,Bor,23.27291666666666,38.92113134155901
20372,Bor,30.49166666666666,46.208385001577824
20373,Bor,16.22666666666667,24.34368330802058
20374,Bor,8.731250000000001,22.816799101016045
20375,Bor,6.939166666666666,31.419127038165808
20376,Bor,16.4425,35.74988332115759
20377,Bor,13.18291666666667,22.74964104431353
20378,Bor,11.89458333333333,33.43214750619396
20379,Bor,23.70583333333333,46.70139009452153
20380,Bor,15.88833333333333,22.501571041757927
20381,Bor,5.716250000000001,42.307371026340725
20382,Bor,18.21083333333334,46.19675851693558
20383,Bor,18.97375,29.406796977123204
20384,Bor,5.478333333333333,20.2584017333552
20385,Bor,6.17875,44.2116713976045
20386,Bor,14.21416666666667,21.483254423949887
20387,Bor,4.917368421052632,19.45903143077017
20388,Bor,15.63291666666667,29.166473733688395
20389,Bor,11.07791666666667,44.80660826672502
20390,Bor,24.56125,29.61575570365132
20391,Bor,8.770833333333334,22.99221297603429
20392,Bor,18.44458333333333,40.66210874722989
20393,Bor,17.33,24.681179534465613
20394,Bor,12.30782608695652,20.36354045946721
20395,Bor,28.50208333333333,19.45903143077017
20396,Bor,11.80291666666667,33.2461329644861
20397,Bor,17.06333333333333,21.97269545885
20398,Bor,12.47541666666667,45.60172866763654
20399,Bor,22.20875,56.54221349126256
20400,Bor,35.87499999999999,28.58765785585575
20401,Bor,31.59583333333333,26.656391281352853
20402,Bor,11.62166666666667,29.71376625332737
20403,Bor,16.47458333333334,47.1423289452995
20404,Bor,26.9125,39.667555757411
20405,Bor,24.30416666666667,36.78309613489968
20406,Bor,18.60291666666667,32.21634819231439
20407,Bor,17.81666666666667,41.409380990019706
20408,Bor,20.1125,50.52988295836156
20409,Bor,35.32083333333333,51.56019220216936
20410,Bor,21.3975,54.17174985390759
20411,Bor,18.02583333333334,38.36399274674411
20412,Bor,42.65416666666667,73.4917397093337
20413,Bor,28.59541666666668,24.85148676213712
20414,Bor,15.3975,20.362517148226843
20415,Bor,13.715,35.37902313044959
20416,Bor,20.18625,50.52243414240792
20417,Bor,18.08791666666667,43.19921012655911
20418,Bor,12.49666666666667,45.70591575246706
20419,Bor,49.94375,56.25664097180197
20420,Bor,17.72083333333333,33.52431976519167
20421,Bor,17.305,20.592633243968045
20422,Bor,10.6925,18.643637360594013
20423,Bor,16.86416666666667,38.50492604721447
20424,Bor,11.0075,36.44645710858924
20425,Bor,19.78041666666667,31.53228073386432
20426,Bor,11.20583333333334,41.447081948032896
20427,Bor,26.79083333333334,46.70460178933379
20428,Bor,17.87083333333333,43.15200266517167
20429,Bor,20.7675,41.59866257857408
20430,Bor,23.37375,64.18661511431806
32025,Bor,28.29,27.306860316165924
32026,Bor,20.85,38.560826689600674
32027,Bor,13.78,28.274171471828616
32028,Bor,14.15,27.0613037643885
32029,Bor,32.46,41.678287801423394
32030,Bor,53.49,69.3773699421997
32031,Bor,39.53,24.358120024027304
32032,Bor,22.84,23.457142509699334
32033,Bor,11.79,35.81675028641529
32034,Bor,25.39,69.09720354000738
32035,Bor,34.63,45.70591575246706
32036,Bor,33.18,41.78629246405599
32037,Bor,24.85,47.760622936367966
32038,Bor,24.48,50.37085351186674
32039,Bor,49.86,36.53696623466159
32040,Bor,12.33,41.250351543524886
32041,Bor,28.29,45.09721081869307
32042,Bor,48.41,52.69788831927644
32043,Bor,16.15,23.39137286871601
32044,Bor,15.05,20.222663864479177
32045,Bor,21.03,61.273869804802686
32046,Bor,30.11,44.87854411649753
32047,Bor,24.48,34.04536317745647
32048,Bor,26.84,28.585631385196702
32049,Bor,19.4,21.59842736794212
32050,Bor,16.87,38.30555993818438
32051,Bor,13.42,19.569518470610305
32052,Bor,16.32,30.060558325909685
32053,Bor,26.12,41.39812139923108
32054,Bor,30.11,56.25664097180197
32055,Bor,38.8,49.97041030808429
32056,Bor,38.99,51.723435323004864
32057,Bor,26.84,31.662547609354604
32058,Bor,16.68,28.5601805782474
32059,Bor,11.06,33.52839762475879
32060,Bor,21.4,30.028554411731463
32061,Bor,31.92,46.73650049100755
32062,Bor,28.11,41.957083863013
32063,Bor,26.84,46.24625079150152
32064,Bor,27.2,30.05400521868077
32065,Bor,37.53,38.13653849880775
32066,Bor,32.64,32.97258030936066
32067,Bor,18.86,24.62734138201804
32068,Bor,11.61,20.40941065966713
32069,Bor,23.93,28.44548582976237
32070,Bor,16.32,36.59955227973652
32071,Bor,28.11,47.66109228153669
32072,Bor,29.74,61.273869804802686
32073,Bor,38.62,49.186780386134586
32074,Bor,42.78,60.49867643563709
32075,Bor,33.01,50.19207027514904
32076,Bor,25.21,39.84982248482304
32077,Bor,25.75,47.53942224125696
32078,Bor,33.18,37.84486854131978
32079,Bor,45.7,43.637275105328015
32080,Bor,40.81,47.81958864344927
32081,Bor,45.34,47.42249534749181
32082,Bor,38.98,44.999681072195024
32083,Bor,42.62,48.99626878903268
32084,Bor,52.96,41.28119450546593
32085,Bor,26.11,27.678169756014825
32086,Bor,17.77,24.0405145659872
32087,Bor,20.32,46.8144609638546
32088,Bor,51.68,47.97351232299428
32089,Bor,47.69,45.153521364034894
32090,Bor,42.62,47.97169126615471
32091,Bor,26.65,27.81904860917368
32092,Bor,34.45,42.61999620163384
32093,Bor,34.28,48.99619819749408
32094,Bor,41.52,42.06957487843948
32095,Bor,46.24,40.68504925368831
32096,Bor,29.74,23.10962184367244
32097,Bor,30.45,45.10000115729328
32098,Bor,33.73,52.46579980571863
32099,Bor,22.85,27.294605580081686
32100,Bor,19.22,35.88789743150605
32101,Bor,14.69,29.1611877086978
32102,Bor,15.78,34.69787896500434
32103,Bor,19.59,36.57337222400486
32104,Bor,26.48,37.85564331468774
32105,Bor,24.85,38.69283955780018
32106,Bor,20.67,28.79229375884257
32107,Bor,14.69,33.7962839302289
32108,Bor,21.21,30.469466433452784
32109,Bor,26.29,29.0988453342056
32110,Bor,22.3,22.566162178521445
32111,Bor,17.04,34.90452416072832
32112,Bor,28.84,33.27478093670525
32113,Bor,58.75,31.576812447608365
32114,Bor,83.42,42.72561079186236
32115,Bor,21.94,26.27491197367167
32116,Bor,16.86,29.995036651147643
32117,Bor,14.14,26.447653661575533
32118,Bor,16.87,29.941488021968663
32119,Bor,34.46,29.995036651147643
32120,Bor,37.0,27.286134549041343
32121,Bor,48.42,29.53167285967072
32122,Bor,22.85,31.300128728241184
32123,Bor,33.54,31.366335721937123
32124,Bor,33.19,33.52605409921185
32125,Bor,35.18,31.024976784549413
32126,Bor,30.29,33.3029888700803
32127,Bor,22.67,29.995036651147643
32128,Bor,26.66,33.4266069105051
32129,Bor,47.52,22.90381349022354
32130,Bor,11.24,18.775499646568573
32131,Bor,14.87,22.65729526329916
32132,Bor,20.49,25.294936330882337
32133,Bor,20.31,22.78325535345563
32134,Bor,16.87,19.12635744863469
32135,Bor,19.22,26.85955436372544
32136,Bor,22.49,15.785392529313109
32137,Bor,14.69,20.729005918469348
32138,Bor,13.6,25.02892040893052
32139,Bor,19.58,25.68756164390204
32140,Bor,30.83,26.000208924204877
32141,Bor,33.01,25.70874724378957
32142,Bor,32.83,26.384810803119827
32143,Bor,40.62,26.223437817987165
32144,Bor,45.15,21.229575566564
32145,Bor,28.47,18.91333809183361
32146,Bor,16.87,17.22346654162254
32147,Bor,19.04,17.316855473135465
32148,Bor,19.77,20.935580398141894
32149,Bor,19.41,19.68274442476775
32150,Bor,23.21,18.36809398234931
32151,Bor,21.58,16.81867222907846
32152,Bor,31.91,19.378473436463374
32153,Bor,27.38,21.54139569971533
32154,Bor,21.4,24.166626544525258
32155,Bor,20.85,21.459343373858133
32156,Bor,25.2,18.9826599217946
32157,Bor,30.2,21.774325229986008
32158,Bor,29.2,20.463110172843887
32159,Bor,36.82,25.569236802394038
32160,Bor,32.64,24.26446183018249
32161,Bor,29.2,22.75010783473481
32162,Bor,27.56,22.270635805212297
32163,Bor,34.81,18.76555457236391
32164,Bor,22.48,21.08140094875223
32165,Bor,15.78,17.22346654162254
32166,Bor,19.04,18.60589575045989
32167,Bor,37.36,21.414651427194244
32168,Bor,32.46,21.515826447294742
32169,Bor,25.75,20.46003766871357
32170,Bor,23.39,22.299053896790053
32171,Bor,24.48,15.633320995540013
32172,Bor,21.94,19.936191480476907
32173,Bor,27.2,21.405794744679152
32174,Bor,23.75,20.28358204785381
32175,Bor,19.22,19.3048869348018
32176,Bor,25.39,18.593569519752087
32177,Bor,17.77,19.018842514675708
32178,Bor,21.21,21.23039169760479
32179,Bor,18.86,24.030782741867476
32180,Bor,22.67,21.878671242167577
32181,Bor,23.21,20.993742091191777
32182,Bor,31.37,25.10013786349512
32183,Bor,39.89,22.31749253744065
32184,Bor,36.99,21.3302550788562
32185,Bor,21.94,24.28102266697702
32186,Bor,20.86,18.254286987921923
32187,Bor,17.95,18.86235504584103
32188,Bor,17.23,20.6949971562764
32189,Bor,23.39,22.694779374051546
32190,Bor,21.76,19.72564352810318
32191,Bor,34.45,23.789272343777128
32192,Bor,32.82,28.05081343303532
32193,Bor,46.24,24.585766300299905
32194,Bor,20.67,24.1190514044016
32195,Bor,53.31,23.73077435785983
32196,Bor,33.37,22.925340158818223
32197,Bor,30.29,24.090711745181807
32198,Bor,44.61,22.69220800483223
32199,Bor,52.58,16.145163950495252
32200,Bor,22.48,18.25920744406749
32201,Bor,21.22,20.02716195045575
32202,Bor,19.04,25.671480680585248
32203,Bor,39.35,29.621998446821117
32204,Bor,34.81,24.120482076737208
32205,Bor,11.24,18.45688970917524
32206,Bor,18.5,18.70112487446789
32207,Bor,15.78,21.957203431179725
32208,Bor,14.87,20.57496154809176
32209,Bor,27.93,23.49243394834385
32210,Bor,48.24,24.274783604911864
32211,Bor,39.17,31.28253260001093
32212,Bor,47.7,32.01254110007842
32213,Bor,39.54,30.660090552339227
32214,Bor,59.66,28.478915047051288
32215,Bor,49.32,33.687024326733
32216,Bor,45.88,29.00546714664826
32217,Bor,53.67,30.433986384563617
32218,Bor,52.77,31.526594202362677
32219,Bor,78.14,35.97047503681359
32220,Bor,63.1,34.74330732481149
32221,Bor,58.57,33.740626024780234
32222,Bor,32.46,30.83849465783152
32223,Bor,43.53,21.927186992013805
32224,Bor,36.08,28.27943518849891
32225,Bor,26.12,25.12340959745675
32226,Bor,29.56,28.564226698844973
32227,Bor,22.48,19.686455371582756
32228,Bor,18.86,18.035885972968515
32229,Bor,17.23,20.260246989961043
32230,Bor,27.92,20.993803564522057
32231,Bor,26.65,24.85690014933788
32232,Bor,24.85,22.81805174167465
32233,Bor,23.57,22.41395282656256
32234,Bor,27.56,21.829293828757347
32235,Bor,33.73,25.031979648741743
32236,Bor,41.99,26.86485678676912
32237,Bor,22.12,20.19486347952608
32238,Bor,22.67,20.74305714826181
32239,Bor,26.29,20.899342760954703
32240,Bor,17.59,19.72806402277609
32241,Bor,26.29,20.899342760954703
32242,Bor,44.42,23.90646294553725
32243,Bor,20.02,18.907203808238584
32244,Bor,27.75,24.616993935619394
32245,Bor,35.73,23.782405295755044
32246,Bor,39.89,25.02488092081396
32247,Bor,39.17,29.556052738281988
32248,Bor,49.69,29.893792049896344
32249,Bor,41.16,29.10929265579524
32250,Bor,56.03,31.490459636509428
32251,Bor,34.81,28.153344872212926
32252,Bor,37.9,29.70070293263171
32253,Bor,54.41,33.22999242168304
32254,Bor,26.11,18.5851755855219
32255,Bor,27.75,23.197032405016117
32256,Bor,23.57,22.959051091043435
32257,Bor,26.11,28.34181929496221
32258,Bor,35.18,27.23789253542284
32259,Bor,41.53,26.19469581967573
32260,Bor,54.94,26.691989495408627
32261,Bor,48.41,43.3336477317314
32262,Bor,42.6,27.103953623520205
32263,Bor,39.35,20.575407038650383
32264,Bor,22.31,18.46350554524217
32265,Bor,36.08,27.55056836094664
32266,Bor,46.42,30.04582219078214
32267,Bor,50.42,34.23089674482048
32268,Bor,55.01,31.89632858613474
32269,Bor,54.76,41.84455512769655
32270,Bor,69.45,30.23562370266923
32271,Bor,55.31,25.449225080207853
32272,Bor,48.96,23.697191513271942
32273,Bor,53.67,24.257031424511496
32274,Bor,55.85,24.22021968249644
32275,Bor,18.5,16.464882791421676
32276,Bor,17.95,17.367275402839113
32277,Bor,27.57,22.972459561387527
32278,Bor,31.74,22.219002155181027
32279,Bor,13.96,17.35657274999999
32280,Bor,15.78,15.93154560463517
32281,Bor,16.5,20.01652464816964
32282,Bor,27.2,21.54139569971533
32283,Bor,47.33,24.69864401228532
32284,Bor,62.57,21.9059221703755
32285,Bor,52.05,24.96637791961507
32286,Bor,46.24,26.46850625839396
32287,Bor,46.06,30.07389122551989
32288,Bor,49.68,30.1577996296224
32289,Bor,39.71,21.450949439627944
32290,Bor,39.9,21.51007026786205
32291,Bor,27.92,22.930665796224847
32292,Bor,29.56,30.0669547666469
32293,Bor,42.43,22.366928481508666
32294,Bor,16.32,16.61461936219707
32295,Bor,20.31,19.640485811663694
32296,Bor,13.24,23.32492720011714
32297,Bor,34.82,26.159056544350804
32298,Bor,38.63,24.379991174663893
32299,Bor,36.26,25.57898725484617
32300,Bor,19.76,21.536915148517327
32301,Bor,19.04,20.66566404999569
32302,Bor,20.67,24.46198762767586
32303,Bor,32.46,25.54528343834717
32304,Bor,32.1,22.614501124367283
32305,Bor,26.84,24.10246471265867
32306,Bor,25.75,26.2605984347392
32307,Bor,21.58,23.893040504450003
32308,Bor,19.04,26.819821436959185
32309,Bor,21.4,24.91068945854104
32310,Bor,51.87,29.25119957063409
32311,Bor,50.95,33.32391808318825
32312,Bor,40.98,27.224511251876525
32313,Bor,33.19,27.00784622064545
32314,Bor,80.87,27.89193524665617
32315,Bor,42.98,42.32081164361475
32316,Bor,39.71,43.22175382778752
32317,Bor,55.66,43.22175382778752
32318,Bor,51.51,37.35427221319797
32319,Bor,46.78,45.14891328023634
32320,Bor,50.23,42.32081164361475
32321,Bor,37.18,37.19729593689847
32322,Bor,46.79,42.32081164361475
32323,Bor,42.61,52.25047312435496
32324,Bor,33.55,36.91125151677237
32325,Bor,37.36,32.659975700347154
32326,Bor,21.58,31.50060901604187
32327,Bor,31.37,45.05545283916383
32328,Bor,37.0,37.76700924901283
32329,Bor,34.46,30.331466345272595
32330,Bor,38.8,34.137741747950656
32331,Bor,42.98,56.37621275400133
32332,Bor,39.35,52.47551241339718
32333,Bor,44.8,53.02412440091795
32334,Bor,58.22,37.5793115022402
32335,Bor,29.56,36.56132084649737
32336,Bor,11.97,24.899840444043665
32337,Bor,13.05,31.157143262582625
32338,Bor,22.84,39.29618713585096
32339,Bor,20.86,27.58612531896415
32340,Bor,21.94,37.38781877985848
32341,Bor,23.03,62.48126466206781
32342,Bor,27.56,51.76968494730821
32343,Bor,24.85,49.78459782797713
32344,Bor,40.62,55.99570926866348
32345,Bor,57.67,20.91753725629923
32346,Bor,26.12,27.997700486728903
32347,Bor,29.19,19.9251056531292
32348,Bor,21.58,34.29781365474817
32349,Bor,26.11,58.31472253491984
32350,Bor,38.98,72.56281253366463
32351,Bor,48.23,34.06962033684991
32352,Bor,25.57,51.881642379909394
32353,Bor,55.85,51.67005137669016
32354,Bor,22.3,22.63768361171235
32355,Bor,13.6,19.75912615561872
32356,Bor,18.86,17.73773452444069
32357,Bor,20.49,27.76162679327325
32358,Bor,12.69,31.61469178434461
32359,Bor,25.21,40.97498164086125
32360,Bor,20.85,25.773916893811236
32361,Bor,16.14,36.78309613489968
32362,Bor,14.15,36.55712533748879
32363,Bor,24.85,27.963405896984717
32364,Bor,20.67,34.181901860104425
32365,Bor,19.94,33.93634595073704
32366,Bor,14.69,31.61469178434461
32367,Bor,14.69,36.497930703797934
32368,Bor,20.86,50.37085351186674
32369,Bor,31.38,51.7903402375202
32370,Bor,18.32,24.976564043704485
32371,Bor,21.4,25.62253959994076
32372,Bor,23.93,40.26300882230074
32373,Bor,23.21,51.7182345762096
32374,Bor,34.45,50.54960887563027
32375,Bor,33.73,26.936676403005272
32376,Bor,10.88,23.010527772272905
32377,Bor,20.67,50.37085351186674
32378,Bor,28.11,25.483215659388875
32379,Bor,15.06,19.651846193240385
32380,Bor,10.52,33.35943822983904
32381,Bor,16.86,31.73809966218944
32382,Bor,26.12,47.85863895160679
32383,Bor,38.08,60.65730524731192
12674,Kikinda,31.0,38.83045131197746
12675,Kikinda,23.0,43.37473428510389
12676,Kikinda,30.0,42.52268623572515
12677,Kikinda,44.0,58.698123225912944
12678,Kikinda,25.0,36.71502723778051
12679,Kikinda,14.0,25.39952647580436
12680,Kikinda,30.0,35.497864016107016
12681,Kikinda,48.0,47.52521213360467
12682,Kikinda,56.0,51.52205393226379
12683,Kikinda,42.0,43.84025820682216
12684,Kikinda,27.0,23.198699314978292
12685,Kikinda,40.0,51.01810260376329
12686,Kikinda,73.0,84.33555009762749
12687,Kikinda,56.0,67.07986588743726
12688,Kikinda,50.0,69.14823045534168
12689,Kikinda,79.0,82.91487084513989
12690,Kikinda,35.0,45.69279908831327
12691,Kikinda,20.0,33.177008731371224
12692,Kikinda,40.0,60.280392177697806
12693,Kikinda,60.0,62.11528699779331
12694,Kikinda,16.0,28.577666652807554
12695,Kikinda,19.0,29.481874675727813
12696,Kikinda,23.0,43.42705078098817
12697,Kikinda,41.0,46.87771192392052
12698,Kikinda,74.0,76.70158600448346
12699,Kikinda,39.0,62.1309401828834
12700,Kikinda,39.0,59.44718042373464
12701,Kikinda,27.0,38.74040762811599
12702,Kikinda,20.0,26.874705094727
12703,Kikinda,65.0,26.07967181391147
12704,Kikinda,36.5,30.345997866680552
12705,Kikinda,41.0,44.05479186815144
12706,Kikinda,18.0,24.88657325418657
12707,Kikinda,23.0,33.170311013064335
12708,Kikinda,36.0,56.31038618599307
12709,Kikinda,34.0,38.851080396776055
12710,Kikinda,24.0,43.8850664692403
12711,Kikinda,21.0,21.914435025830976
12712,Kikinda,23.0,28.611356768069047
12713,Kikinda,14.0,34.97497192586549
12714,Kikinda,52.0,72.43855695774376
12715,Kikinda,36.4,37.964498566424616
12716,Kikinda,23.0,30.46163443404472
12717,Kikinda,31.0,44.72493778592654
12718,Kikinda,31.0,37.93638719560483
12719,Kikinda,32.0,28.888606335351675
12720,Kikinda,25.0,38.97398783762065
12721,Kikinda,26.0,28.89883117754817
12722,Kikinda,21.0,26.63223223913593
12723,Kikinda,23.0,27.59008587335421
12724,Kikinda,15.0,36.546133191256224
12725,Kikinda,25.0,29.286448151439185
12726,Kikinda,17.0,26.73223297357169
12727,Kikinda,26.0,27.14745973676132
12728,Kikinda,37.0,37.41127190041036
12729,Kikinda,31.0,34.749267674829234
12730,Kikinda,18.0,25.438264830784547
12731,Kikinda,21.0,26.74908344182301
12732,Kikinda,32.0,32.138531973367606
12733,Kikinda,27.0,30.41810901055928
12734,Kikinda,27.0,36.66325009100493
12735,Kikinda,59.0,61.068142968759005
12736,Kikinda,46.0,43.50450106769445
12737,Kikinda,43.0,47.7427626036686
12738,Kikinda,34.0,39.59879208406349
12739,Kikinda,33.0,35.16414557449903
12740,Kikinda,35.0,34.10788975267199
12741,Kikinda,31.0,29.64970729348085
12742,Kikinda,26.0,29.37385936663268
12743,Kikinda,32.0,35.50359124564404
12744,Kikinda,63.0,70.69134659067919
12745,Kikinda,93.0,90.90494499616506
12746,Kikinda,54.0,50.3581041363354
12747,Kikinda,50.0,53.93463672308168
12748,Kikinda,48.0,35.009642942950016
12749,Kikinda,34.0,48.2519623206508
12750,Kikinda,56.0,50.90584052244141
12751,Kikinda,68.0,61.325883530567374
12752,Kikinda,36.0,44.26463327191057
12753,Kikinda,51.0,52.113967373827954
12754,Kikinda,49.0,45.18464788048712
12755,Kikinda,61.0,43.18993306718662
12756,Kikinda,54.0,41.48984630137703
12757,Kikinda,43.0,42.06123060125071
12758,Kikinda,44.0,42.23838107736985
12759,Kikinda,33.0,38.70018723348314
12760,Kikinda,64.0,47.810551378645066
12761,Kikinda,61.0,50.58788406769781
12762,Kikinda,50.0,39.31282192299495
12763,Kikinda,37.0,21.44775369253273
12764,Kikinda,17.0,20.990699307424794
12765,Kikinda,20.0,31.910066864009565
12766,Kikinda,18.7,29.67573769409244
12767,Kikinda,32.0,36.082255313228174
12768,Kikinda,41.0,41.08367426771049
12769,Kikinda,33.0,39.11958255236548
12770,Kikinda,24.0,20.54423969264416
12771,Kikinda,19.0,28.375498869737747
12772,Kikinda,19.0,18.928901546397167
12773,Kikinda,11.0,20.627082332929355
12774,Kikinda,22.0,28.178338178400093
12775,Kikinda,28.0,38.29355187273111
12776,Kikinda,29.0,37.06635671614493
12777,Kikinda,44.0,41.94643076900609
12778,Kikinda,43.0,41.70655125726655
12779,Kikinda,25.0,20.71731900757534
12780,Kikinda,28.0,25.90969968293177
12781,Kikinda,23.3,23.38542931113757
12782,Kikinda,28.0,29.181405188138857
12783,Kikinda,32.0,31.722429591786835
12784,Kikinda,35.0,38.75056949835298
12785,Kikinda,29.0,21.106216796932305
12786,Kikinda,21.0,27.22830841975684
12787,Kikinda,23.0,22.5049809991966
12788,Kikinda,23.0,19.38888887454957
12789,Kikinda,24.0,23.16783328600788
12790,Kikinda,23.0,25.245217278206106
12791,Kikinda,21.0,22.67215300723856
12792,Kikinda,27.0,24.23982260795698
12793,Kikinda,22.0,23.44498096167185
12794,Kikinda,20.0,24.218343774593578
12795,Kikinda,25.0,26.78096775266637
12796,Kikinda,28.0,21.971478647976024
12797,Kikinda,23.0,23.65988282105845
12798,Kikinda,25.0,22.818526845559244
12799,Kikinda,28.0,24.69790179216243
12800,Kikinda,29.4,25.84981135095024
12801,Kikinda,37.3,29.80266041163953
12802,Kikinda,26.1,25.202579956887003
12803,Kikinda,23.0,25.672911982168337
12804,Kikinda,18.0,22.416560458387824
12805,Kikinda,15.0,21.22430105216874
12806,Kikinda,21.0,23.836399767752155
12807,Kikinda,19.0,21.04027845497041
12808,Kikinda,23.0,17.089975789194007
12809,Kikinda,22.0,20.39259257334563
12810,Kikinda,15.0,17.82051185917036
12811,Kikinda,13.0,21.330378064430658
12812,Kikinda,18.0,24.545988075949637
12813,Kikinda,17.0,22.090799116170164
12814,Kikinda,23.0,23.549519911946465
12815,Kikinda,27.0,23.87984672086582
12816,Kikinda,20.0,20.382000120724
12817,Kikinda,23.0,23.0306063028271
12818,Kikinda,19.0,23.6577391318444
12819,Kikinda,25.0,26.64833863218714
12820,Kikinda,36.0,24.34554947708875
12821,Kikinda,25.0,23.07915159723248
12822,Kikinda,22.0,18.16054835596563
12823,Kikinda,28.0,24.142845483029276
12824,Kikinda,23.0,20.218121482082456
12825,Kikinda,23.0,20.826750704622796
12826,Kikinda,27.0,26.34538998122837
12827,Kikinda,35.0,27.860701826475808
12828,Kikinda,32.0,25.765211972150635
12829,Kikinda,45.0,30.046284033733556
12830,Kikinda,45.0,29.282295390737502
12831,Kikinda,39.0,23.55670184522996
12832,Kikinda,30.0,27.28764805338112
12833,Kikinda,42.0,26.98365488583361
12834,Kikinda,39.0,23.37752826030955
12835,Kikinda,24.0,18.496179271118606
12836,Kikinda,25.0,20.879577309205867
12837,Kikinda,26.0,18.961209978855784
12838,Kikinda,23.0,21.06612620191157
12839,Kikinda,19.6,20.258573393441186
12840,Kikinda,18.2,24.18284061922707
12841,Kikinda,25.6,21.730930674954
12842,Kikinda,34.2,21.412868253977702
12843,Kikinda,26.5,25.68490424053937
12844,Kikinda,31.6,24.7002737744184
12845,Kikinda,16.9,20.65668614974002
12846,Kikinda,17.8,21.888818436415427
12847,Kikinda,39.7,22.42073373881729
12848,Kikinda,34.7,23.93941118132529
12849,Kikinda,38.7,24.74323720110005
12850,Kikinda,51.0,25.906038410784245
12851,Kikinda,45.2,26.60254658952939
12852,Kikinda,54.5,32.1007331286319
12853,Kikinda,34.4,27.51923800684643
12854,Kikinda,28.4,26.979917596587192
12855,Kikinda,39.1,27.75430301641372
12856,Kikinda,27.3,26.402521764163332
12857,Kikinda,34.5,24.409808527182317
12858,Kikinda,32.1,26.291007535722198
12859,Kikinda,30.7,21.26231284399123
12860,Kikinda,27.9,17.960500518706375
12861,Kikinda,28.4,21.71539593285975
12862,Kikinda,33.4,23.263573135948292
12863,Kikinda,30.8,28.344962779373425
12864,Kikinda,31.2,26.93646091956297
12865,Kikinda,42.2,26.691302058868796
12866,Kikinda,42.2,32.732504124393124
12867,Kikinda,24.7,24.40007734470997
12868,Kikinda,34.3,24.131958220550167
12869,Kikinda,24.7,17.876603193736273
12870,Kikinda,28.1,21.037017430735705
12871,Kikinda,28.0,23.57711532303397
12872,Kikinda,42.0,25.24063640191239
12873,Kikinda,30.0,21.900081765120024
12874,Kikinda,24.0,23.5120920588063
12875,Kikinda,27.0,25.61979991316982
12876,Kikinda,25.0,27.04171915563447
12877,Kikinda,33.0,28.64829827578663
12878,Kikinda,38.0,29.673131184219784
12879,Kikinda,54.0,29.69009307867179
12880,Kikinda,28.0,18.59034500214183
12881,Kikinda,20.0,18.690016266441287
12882,Kikinda,16.0,15.85840934932211
12883,Kikinda,22.0,19.862991577560923
12884,Kikinda,20.0,24.091904339515384
12885,Kikinda,41.0,26.23245085892753
12886,Kikinda,48.0,25.557354575800066
12887,Kikinda,47.0,27.31205637806777
12888,Kikinda,49.0,26.534093456836043
12889,Kikinda,23.0,21.764736088307984
12890,Kikinda,24.0,21.55864776547136
12891,Kikinda,24.0,22.101846417979853
12892,Kikinda,19.0,16.061221634056356
12893,Kikinda,11.0,17.070201403713146
12894,Kikinda,17.0,20.3818261365622
12895,Kikinda,25.0,23.06606081228121
12896,Kikinda,30.0,25.013178973841725
12897,Kikinda,39.0,24.535442252788894
12898,Kikinda,34.0,27.44046756933764
12899,Kikinda,35.0,28.116330289631637
12900,Kikinda,20.0,18.50231320677459
12901,Kikinda,15.0,17.24866797971167
12902,Kikinda,12.0,23.31225507786873
12903,Kikinda,14.0,20.450375305622305
12904,Kikinda,27.0,22.169426031154025
12905,Kikinda,35.0,21.36227250752928
12906,Kikinda,33.0,21.18657666227649
12907,Kikinda,14.0,16.369032441701965
12908,Kikinda,10.0,14.751276268618687
12909,Kikinda,13.0,18.943827568626286
12910,Kikinda,10.0,18.20670930768646
12911,Kikinda,13.0,18.01206252819431
12912,Kikinda,12.0,18.958424879374995
12913,Kikinda,19.0,20.51791176868165
12914,Kikinda,25.0,23.79159709893912
12915,Kikinda,22.0,25.792954504504788
12916,Kikinda,30.0,27.282579807876218
12917,Kikinda,20.0,20.673185923635707
12918,Kikinda,18.0,21.147746178553355
12919,Kikinda,14.0,19.51439926422516
12920,Kikinda,18.0,19.22627697684933
12921,Kikinda,18.0,18.184501575652234
12922,Kikinda,17.0,18.23720257601193
12923,Kikinda,12.0,19.69741331273503
12924,Kikinda,12.0,17.392356160814266
12925,Kikinda,17.0,20.444661065915746
12926,Kikinda,24.0,25.95325269746963
12927,Kikinda,30.0,27.485937113998247
12928,Kikinda,28.0,31.60502091647012
12929,Kikinda,38.0,30.56604770783464
12930,Kikinda,35.0,29.31390303940229
12931,Kikinda,30.0,25.834867497026025
12932,Kikinda,35.0,32.11346613698384
12933,Kikinda,49.0,36.60179945659728
12934,Kikinda,41.0,32.48483963334127
12935,Kikinda,39.0,36.52476432827384
12936,Kikinda,28.0,30.073685550498663
12937,Kikinda,25.0,31.86642762467347
12938,Kikinda,36.0,35.91423349920813
12939,Kikinda,38.0,36.147540442342205
12940,Kikinda,33.0,34.97497192586549
12941,Kikinda,29.0,29.130803772162736
12942,Kikinda,33.0,29.37559685494293
12943,Kikinda,13.0,25.320763189042992
12944,Kikinda,38.0,34.51619524691527
12945,Kikinda,23.0,30.80385408116968
12946,Kikinda,26.0,34.9086133097064
12947,Kikinda,39.0,46.50839401465906
12948,Kikinda,26.0,38.98592356479852
12949,Kikinda,29.0,38.98592356479852
12950,Kikinda,35.0,49.26970084831054
12951,Kikinda,36.0,40.728363991219496
12952,Kikinda,60.0,54.34253854877526
12953,Kikinda,36.0,47.851615768293854
12954,Kikinda,41.0,42.590503562214536
12955,Kikinda,42.0,30.271086306060777
12956,Kikinda,29.0,25.76728730563264
12957,Kikinda,28.0,32.79822226755578
12958,Kikinda,39.0,40.70976656543706
12959,Kikinda,36.0,45.99651358910204
12960,Kikinda,29.0,42.13317957732244
12961,Kikinda,39.0,40.327757591105495
12962,Kikinda,37.0,43.74916237159653
12963,Kikinda,65.0,69.57134291961431
12964,Kikinda,38.0,46.005828046660966
12965,Kikinda,39.0,47.434028979023104
12966,Kikinda,45.0,49.17647264736584
12967,Kikinda,50.0,45.17011541614006
12968,Kikinda,20.0,30.79727587306043
12969,Kikinda,25.0,31.930631326996256
12970,Kikinda,23.0,26.22462705589691
12971,Kikinda,22.0,23.318578067137057
12972,Kikinda,25.0,47.21723874366866
12973,Kikinda,14.0,21.767950096984286
12974,Kikinda,16.0,25.37429785761676
12975,Kikinda,14.0,27.328831709707742
12976,Kikinda,26.0,46.69255201275641
12977,Kikinda,33.0,59.22638853672998
12978,Kikinda,37.0,54.22683518787448
12979,Kikinda,33.0,49.36498126189234
12980,Kikinda,38.0,46.77822381613346
12981,Kikinda,51.0,55.28964782268412
12982,Kikinda,55.0,60.83634843800967
12983,Kikinda,30.0,39.16588428894795
12984,Kikinda,12.0,21.09854797905089
12985,Kikinda,11.0,22.59045983214772
12986,Kikinda,27.0,44.27960990257913
12987,Kikinda,44.0,49.41464980345584
12988,Kikinda,34.0,44.294071517456246
12989,Kikinda,30.0,27.93962753458272
12990,Kikinda,26.0,25.30848892456789
12991,Kikinda,10.0,22.31306317728145
12992,Kikinda,20.0,37.95149279300161
12993,Kikinda,30.0,50.57330861283784
12994,Kikinda,22.3,38.59974934422202
12995,Kikinda,27.3,34.82631745381371
12996,Kikinda,21.3,25.14760796088165
12997,Kikinda,27.1,40.148659099304695
12998,Kikinda,58.0,69.09856191377818
12999,Kikinda,49.9,57.77341916006988
13000,Kikinda,31.3,42.165803101755806
13001,Kikinda,39.5,60.29225943512475
13002,Kikinda,64.8,65.77862376500322
13003,Kikinda,62.7,71.24639071288264
13004,Kikinda,40.2,46.141865822899845
13005,Kikinda,32.3,54.22683518787448
13006,Kikinda,32.8,41.99404987696252
9343,Kosjerić,92.9625,37.40711849646306
9344,Kosjerić,58.14583333,48.44122759832331
9345,Kosjerić,15.09875,33.16024864018761
9346,Kosjerić,21.50916667,19.55422038323481
9347,Kosjerić,24.48333333,24.586309844359864
9348,Kosjerić,33.46666667,28.086374705567167
9349,Kosjerić,52.3125,48.230076569093576
9350,Kosjerić,82.52916667,51.16648402343768
9351,Kosjerić,81.41666667,55.388523214099344
9352,Kosjerić,70.6625,45.36264103087308
9353,Kosjerić,26.03833333,18.67165616330159
9354,Kosjerić,36.725,28.298154542587127
9355,Kosjerić,49.37083333,39.20095706418493
9356,Kosjerić,62.4,38.02915241577089
9357,Kosjerić,30.6,32.081030860316595
9358,Kosjerić,47.80416667,40.21983308163866
9359,Kosjerić,54.6625,48.77475531515103
9360,Kosjerić,47.975,58.483851715555296
9361,Kosjerić,81.70416667,50.490519636553415
9362,Kosjerić,87.99583333,54.51101760247275
9363,Kosjerić,70.70416667,48.37051627314339
9364,Kosjerić,41.56666667,31.69553097233088
9365,Kosjerić,58.575,35.19784210652196
9366,Kosjerić,59.975,45.01453840634117
9367,Kosjerić,61.22083333,38.650575121415045
9368,Kosjerić,85.29166667,51.01899388549949
9369,Kosjerić,112.7291667,55.04276478076132
9370,Kosjerić,97.64166667,38.76673726261989
9371,Kosjerić,97.55833333,52.778345701834006
9372,Kosjerić,97.58333333,50.340691602974765
9373,Kosjerić,78.2625,45.49620299728537
9374,Kosjerić,73.41818182,41.24595143373764
9375,Kosjerić,74.24166667,44.74463923528119
9376,Kosjerić,92.79166667,50.15244079426798
9377,Kosjerić,86.69583333,33.268722708737
9378,Kosjerić,42.80416667,26.873480995108167
9379,Kosjerić,26.29791667,28.9712108446267
9380,Kosjerić,13.03458333,22.58862310709535
9381,Kosjerić,24.65416667,28.239737467278424
9382,Kosjerić,53.45,42.16430180900837
9383,Kosjerić,51.69083333,39.45835707746384
9384,Kosjerić,42.74583333,37.00473359768959
9385,Kosjerić,35.83041667,26.780029541918
9386,Kosjerić,31.31625,28.905908897002845
9387,Kosjerić,24.91,21.649160038285324
9388,Kosjerić,8.695833333,21.959593025582507
9389,Kosjerić,21.4625,31.37424725380369
9390,Kosjerić,37.82291667,36.008437268449306
9391,Kosjerić,35.27916667,37.8821730381003
9392,Kosjerić,45.85583333,37.8821730381003
9393,Kosjerić,43.25833333,35.29767514236676
9394,Kosjerić,21.64333333,24.57956686753097
9395,Kosjerić,15.67083333,23.98345571197272
9396,Kosjerić,16.865,22.01626585468684
9397,Kosjerić,26.27458333,28.53445981610332
9398,Kosjerić,25.23875,28.561992338584204
9399,Kosjerić,38.35416667,32.65133136713093
9400,Kosjerić,36.90833333,20.90134376830564
9401,Kosjerić,16.67333333,21.92423978606793
9402,Kosjerić,39.0,25.54184051509979
9403,Kosjerić,22.08708333,28.083922076714355
9404,Kosjerić,16.50875,22.757336679172028
9405,Kosjerić,15.85916667,20.275694387904515
9406,Kosjerić,19.10208333,23.133605956351825
9407,Kosjerić,30.80708333,25.061226265314108
9408,Kosjerić,27.49583333,28.28462393501557
9409,Kosjerić,51.98333333,62.01500235379558
9410,Kosjerić,54.69583333,59.58239681959348
9411,Kosjerić,52.95416667,59.58239681959348
9412,Kosjerić,26.04875,42.246771470307685
9413,Kosjerić,55.79166667,55.83963201861878
9414,Kosjerić,51.52916667,63.790228792479965
9415,Kosjerić,73.33333333,72.35682400377542
9416,Kosjerić,66.16666667,64.16420275962784
9417,Kosjerić,77.95833333,57.56551741183141
9418,Kosjerić,43.78375,42.97394464308972
9419,Kosjerić,39.57916667,51.399340532367205
9420,Kosjerić,31.32875,44.56114620892362
9421,Kosjerić,8.025833333,29.419988816436508
9422,Kosjerić,15.34958333,33.86406854224391
9423,Kosjerić,32.85416667,43.363940890371865
9424,Kosjerić,36.65416667,49.98540398935138
9425,Kosjerić,41.04583333,52.03073224860193
9426,Kosjerić,42.18041667,52.319020407108965
9427,Kosjerić,53.51666667,69.86747346078174
9428,Kosjerić,44.48333333,60.339562935831474
9429,Kosjerić,30.42916667,43.830757520225454
9430,Kosjerić,24.77916667,44.0215484693153
9431,Kosjerić,20.76666667,34.46826321242053
9432,Kosjerić,15.10625,29.554553312569325
9433,Kosjerić,32.08333333,49.41479729165194
9434,Kosjerić,72.84166667,73.23324554563762
9435,Kosjerić,52.825,60.25170517973615
9436,Kosjerić,89.36666667,75.2409314976871
9437,Kosjerić,68.2875,72.70866489704727
9438,Kosjerić,40.60833333,57.16935582694244
9439,Kosjerić,46.66666667,52.01886307646063
9440,Kosjerić,57.66666667,80.64076923950064
9441,Kosjerić,79.05416667,82.35674569132613
9442,Kosjerić,12.79875,27.774424505916105
9443,Kosjerić,18.27125,40.79800757402664
9444,Kosjerić,47.1125,56.11432052492332
9445,Kosjerić,50.3875,62.5360366218684
9446,Kosjerić,52.27916667,50.495670963113575
9447,Kosjerić,39.91666667,53.29790770101572
9448,Kosjerić,19.20291667,37.73122789773706
9449,Kosjerić,35.8625,57.01935787935621
9450,Kosjerić,45.60833333,63.541023714900845
9451,Kosjerić,70.13333333,74.99172642010798
9452,Kosjerić,86.4125,86.62828492403384
9453,Kosjerić,146.3208333,123.7359580412026
9454,Kosjerić,146.75,114.27271134380834
9455,Kosjerić,123.05,108.70184319162946
9456,Kosjerić,61.39166667,60.2019193636869
9457,Kosjerić,69.33333333,46.475990372892
9458,Kosjerić,74.65,79.52019721635428
9459,Kosjerić,58.3,52.90243093007337
9460,Kosjerić,81.025,111.9111234381356
9461,Kosjerić,140.15,120.52397188813156
9462,Kosjerić,111.45,73.6328552549025
20792,Kosjerić,100.175,89.11741821925214
20793,Kosjerić,110.2833333333333,90.89789600067054
20794,Kosjerić,104.2708333333333,87.32601965366146
20795,Kosjerić,109.8041666666667,87.32601965366146
20796,Kosjerić,75.82916666666667,99.6330345289628
20797,Kosjerić,97.14166666666668,121.7001915565235
20798,Kosjerić,69.65833333333335,73.6328552549025
20799,Kosjerić,81.00833333333334,73.38365017732337
20800,Kosjerić,121.8708333333333,109.15050776501472
20801,Kosjerić,11.12083333333333,26.73718472942612
20802,Kosjerić,16.99083333333333,24.757648707951127
20803,Kosjerić,36.82083333333333,53.48278553396294
20804,Kosjerić,29.55,44.06338525956149
20805,Kosjerić,36.3875,49.46457145820333
20806,Kosjerić,36.2875,61.29798096580131
20807,Kosjerić,88.02083333333333,94.67275829823724
20808,Kosjerić,36.97583333333333,43.87739357448296
20809,Kosjerić,25.46909090909091,38.20442702330535
20810,Kosjerić,18.9875,30.61876063505726
20811,Kosjerić,15.61708333333334,29.38838131201363
20812,Kosjerić,27.65416666666666,39.47633964224336
20813,Kosjerić,36.25833333333333,54.74004447373781
20814,Kosjerić,33.775,37.72972793991431
20815,Kosjerić,28.71958333333333,37.210395366589005
20816,Kosjerić,27.12916666666667,40.23505507847981
20817,Kosjerić,21.35833333333333,33.091517098887216
20818,Kosjerić,20.98541666666667,28.086374705567167
20819,Kosjerić,20.75875,33.246977332010815
20820,Kosjerić,33.46666666666666,44.1035412560076
20821,Kosjerić,38.18749999999999,51.17327816612229
20822,Kosjerić,16.2975,26.20039249843684
20823,Kosjerić,51.81375000000002,54.292743896352135
20824,Kosjerić,42.81541666666667,42.92001509170018
20825,Kosjerić,27.94375,36.50032515878602
20826,Kosjerić,9.265833333333337,20.13174443835858
20827,Kosjerić,13.4275,21.809771604119653
20828,Kosjerić,22.61666666666666,34.2183594185603
20829,Kosjerić,25.21666666666667,36.91953908759152
20830,Kosjerić,45.525,49.07731939463843
20831,Kosjerić,64.10416666666666,58.224868522810034
20832,Kosjerić,63.58333333333332,62.47580018357841
20833,Kosjerić,64.82083333333333,69.38405432088723
20834,Kosjerić,103.2875,78.08005207564874
20835,Kosjerić,96.43333333333337,74.99172642010798
20836,Kosjerić,55.63750000000001,61.22300371415575
20837,Kosjerić,55.80416666666667,62.40654195127144
20838,Kosjerić,70.45833333333331,59.939279202367366
20839,Kosjerić,95.52499999999998,62.92101425498935
20840,Kosjerić,73.75416666666665,63.49171732238308
20841,Kosjerić,68.95833333333333,86.2613352792605
20842,Kosjerić,80.76541666666668,64.81549087533104
20843,Kosjerić,74.22500000000001,60.61144006301754
20844,Kosjerić,71.14166666666667,61.24993615312148
20845,Kosjerić,80.34999999999998,57.77211856522511
20846,Kosjerić,59.06666666666666,57.575102735908416
20847,Kosjerić,48.37791666666666,46.80393726265666
20848,Kosjerić,9.722083333333334,28.89915628528845
20849,Kosjerić,28.25291666666666,35.210423899723985
20850,Kosjerić,32.54583333333333,50.37391244687584
20851,Kosjerić,54.24166666666667,63.11752631631047
20852,Kosjerić,77.26666666666667,73.19081568889779
20853,Kosjerić,39.77083333333334,54.54792987150376
20854,Kosjerić,44.15,54.0265490285101
20855,Kosjerić,57.62499999999999,57.024179912657246
20856,Kosjerić,68.94583333333334,55.709056551860016
20857,Kosjerić,64.56583333333333,47.39436374783173
20858,Kosjerić,73.64166666666665,62.35079519292457
20859,Kosjerić,38.94875,37.18927886735008
20860,Kosjerić,41.26666666666667,52.22554945476594
20861,Kosjerić,32.43458333333334,37.72148610151403
20862,Kosjerić,27.45291666666667,43.83822328255575
20863,Kosjerić,60.85416666666668,52.05239766992108
20864,Kosjerić,70.18750000000001,59.557797147231
20865,Kosjerić,30.10541666666666,28.355769593434538
20866,Kosjerić,25.83583333333333,32.47584132886211
20867,Kosjerić,53.24583333333334,51.80593653534184
20868,Kosjerić,48.41666666666666,51.47333372627547
20869,Kosjerić,46.92499999999999,51.64814861438188
20870,Kosjerić,51.06250000000001,46.0192646967465
20871,Kosjerić,60.84999999999999,47.06145588810529
20872,Kosjerić,50.06166666666667,39.73490465825816
20873,Kosjerić,59.41250000000002,43.298972294316
20874,Kosjerić,63.07500000000001,48.167309009853966
20875,Kosjerić,38.71125,34.23045048345243
20876,Kosjerić,29.16181818181818,41.82181055218381
20877,Kosjerić,18.12333333333333,22.11939920269565
20878,Kosjerić,15.46333333333333,24.314380865786568
20879,Kosjerić,27.59208333333333,37.4924129771292
20880,Kosjerić,55.15478260869565,47.63984508721887
20881,Kosjerić,27.49374999999999,35.83854423963751
20882,Kosjerić,16.6975,28.39530845434233
20883,Kosjerić,26.55625,33.71505053803127
20884,Kosjerić,24.0925,24.57378469367474
20885,Kosjerić,14.83208333333333,18.51354930944311
20886,Kosjerić,28.83375000000001,31.82287222427149
20887,Kosjerić,42.425,43.04674037859918
20888,Kosjerić,56.69166666666666,51.44315670126973
20889,Kosjerić,48.30833333333333,54.22348566404517
20890,Kosjerić,44.69166666666666,51.99308994140085
20891,Kosjerić,28.37041666666666,36.48841197965292
20892,Kosjerić,39.19166666666667,43.18351224716612
20893,Kosjerić,30.40083333333333,35.31178192652825
20894,Kosjerić,27.27249999999999,31.494317665411828
20895,Kosjerić,16.59791666666667,28.33690244375863
20896,Kosjerić,13.64208333333333,33.78085714128782
20897,Kosjerić,21.74,26.725197984849597
20898,Kosjerić,18.26416666666666,31.06615964336492
20899,Kosjerić,16.29791666666667,30.255556224076777
20900,Kosjerić,29.95416666666666,32.08215766671811
20901,Kosjerić,40.59583333333334,35.704972441331684
20902,Kosjerić,46.95833333333334,35.70065888190145
20903,Kosjerić,38.22916666666666,33.582648855016
20904,Kosjerić,28.80208333333334,31.60402986252812
20905,Kosjerić,31.75,29.360114291672776
20906,Kosjerić,15.6625,26.42157787644839
20907,Kosjerić,21.52458333333334,25.53368863618533
20908,Kosjerić,25.44583333333333,32.92470081180837
20909,Kosjerić,29.70541666666666,30.223646679375545
20910,Kosjerić,24.81625,27.995691089000623
20911,Kosjerić,25.00708333333333,28.465509198834955
20912,Kosjerić,26.61,25.059466642968008
20913,Kosjerić,25.53333333333333,30.53934839185605
20914,Kosjerić,26.39583333333334,26.16645843657046
20915,Kosjerić,26.7,25.861995259406694
20916,Kosjerić,31.42500000000001,29.60633556877546
20917,Kosjerić,19.9625,25.728269201238216
20918,Kosjerić,14.81,21.503754971121488
20919,Kosjerić,17.32958333333333,22.54088750115681
20920,Kosjerić,19.7,23.252427786996048
20921,Kosjerić,18.74583333333333,20.694776632241098
20922,Kosjerić,22.92916666666666,20.36909350510311
20923,Kosjerić,21.61333333333333,20.937449613457208
20924,Kosjerić,17.20416666666667,21.360210619892506
20925,Kosjerić,19.88708333333334,20.952956086207283
20926,Kosjerić,24.97083333333333,23.32836854319636
20927,Kosjerić,22.9,21.955975784052413
20928,Kosjerić,14.34958333333333,18.32462495929302
20929,Kosjerić,7.147500000000001,18.478710443340947
20930,Kosjerić,26.47083333333333,28.19664759312389
20931,Kosjerić,26.07083333333333,29.10549215913862
20932,Kosjerić,22.50416666666667,24.11914597205674
20933,Kosjerić,19.38333333333333,22.02176811964071
20934,Kosjerić,18.56666666666667,23.00325136255844
20935,Kosjerić,25.34583333333333,24.772636168191777
20936,Kosjerić,15.99875,18.48286547297639
20937,Kosjerić,16.3625,18.478710443340947
20938,Kosjerić,17.71666666666667,20.87262371854312
20939,Kosjerić,21.7875,21.93732290206704
20940,Kosjerić,17.85416666666667,19.995184278132403
20941,Kosjerić,16.44791666666667,16.363922189820673
20942,Kosjerić,16.6125,18.94659749795809
20943,Kosjerić,22.75083333333334,18.42380337874894
20944,Kosjerić,15.87916666666666,17.26479098178819
20945,Kosjerić,23.49583333333334,20.28379450531872
20946,Kosjerić,15.39125,19.32753305626037
20947,Kosjerić,11.78833333333333,18.7969895542478
20948,Kosjerić,17.26666666666667,20.3830732210636
20949,Kosjerić,16.85416666666666,16.878623473969828
20950,Kosjerić,17.29166666666667,19.292236595904235
20951,Kosjerić,15.92791666666666,17.768969740460765
20952,Kosjerić,18.175,19.43952905930015
20953,Kosjerić,13.75166666666667,17.768969740460765
20954,Kosjerić,11.62083333333334,15.373399694754148
20955,Kosjerić,17.90833333333333,18.233321896527404
20956,Kosjerić,14.65541666666667,17.806386059914047
20957,Kosjerić,10.47375,15.373399694754148
20958,Kosjerić,10.43125,16.336218960284675
20959,Kosjerić,21.82916666666666,21.381667683234788
20960,Kosjerić,14.73083333333333,20.83920633153791
20961,Kosjerić,18.7875,21.762394826821676
20962,Kosjerić,22.80833333333334,25.15070208605747
20963,Kosjerić,30.4875,29.12710997392391
20964,Kosjerić,37.28749999999999,29.50592841782422
20965,Kosjerić,40.7375,26.95192222025345
20966,Kosjerić,28.20833333333333,22.700180985716305
20967,Kosjerić,22.58333333333333,25.935129104087817
20968,Kosjerić,20.12541666666666,21.466112900808454
20969,Kosjerić,19.11833333333333,20.54741423753956
20970,Kosjerić,9.804999999999998,16.441359718153947
20971,Kosjerić,15.38041666666666,21.762394826821676
20972,Kosjerić,18.52041666666667,21.762394826821676
20973,Kosjerić,16.08708333333333,17.491075576584432
20974,Kosjerić,15.61041666666667,19.832789112541505
20975,Kosjerić,18.135,20.393542936510688
20976,Kosjerić,17.1125,17.772139042319743
20977,Kosjerić,23.2875,22.37938802212816
20978,Kosjerić,25.9375,21.525085231405924
20979,Kosjerić,16.28041666666667,15.54113751771994
20980,Kosjerić,14.51583333333333,19.979756133201104
20981,Kosjerić,18.81541666666667,21.054872227684942
20982,Kosjerić,24.85416666666666,23.2827382366659
20983,Kosjerić,26.70416666666667,23.530749762334025
20984,Kosjerić,29.075,26.453503141063777
20985,Kosjerić,21.6875,20.32251070514286
20986,Kosjerić,26.325,26.504122111440285
20987,Kosjerić,26.61666666666666,30.69218355505284
20988,Kosjerić,37.09999999999999,34.2949982834533
20989,Kosjerić,32.59583333333332,28.21227931167785
20990,Kosjerić,35.30833333333334,23.784218570849767
20991,Kosjerić,12.20916666666666,20.400922807983275
20992,Kosjerić,17.31208333333333,22.346931889279105
20993,Kosjerić,17.94583333333334,20.728632115884967
20994,Kosjerić,19.54791666666667,22.69315865687909
20995,Kosjerić,24.67916666666666,26.626189154554293
20996,Kosjerić,32.04583333333333,28.312311798290523
20997,Kosjerić,12.16916666666667,15.26906766021634
20998,Kosjerić,10.17708333333333,18.493824772259543
20999,Kosjerić,12.64541666666666,19.689163949998274
21000,Kosjerić,17.78125,23.001853711267326
21001,Kosjerić,21.14875,23.326958126531387
21002,Kosjerić,14.69,18.98348280334473
21003,Kosjerić,18.90333333333334,21.64124489656669
21004,Kosjerić,12.19166666666667,19.570863144177945
21005,Kosjerić,18.20416666666667,24.42035500494656
21006,Kosjerić,24.06666666666666,25.56669872520819
21007,Kosjerić,11.47833333333333,16.873668847162765
21008,Kosjerić,8.019583333333335,17.195137963573405
21009,Kosjerić,7.56375,17.195137963573405
21010,Kosjerić,7.090416666666665,19.570863144177945
21011,Kosjerić,12.49458333333334,20.276544290831485
21012,Kosjerić,11.60041666666667,18.97399300710495
21013,Kosjerić,14.06708333333333,20.276544290831485
21014,Kosjerić,13.06375,20.3504862415493
21015,Kosjerić,16.03375,21.481005625061464
21016,Kosjerić,25.5625,22.39071294966232
21017,Kosjerić,22.2875,20.956813458179884
21018,Kosjerić,30.5625,27.00964499381785
21019,Kosjerić,36.38333333333334,31.590090177062763
21020,Kosjerić,41.3375,30.43316001134055
21021,Kosjerić,31.7,28.678178771492785
21022,Kosjerić,28.49166666666667,26.63261619537447
21023,Kosjerić,31.09166666666667,29.20664534386414
21024,Kosjerić,34.57083333333334,30.42162593314625
21025,Kosjerić,37.62083333333334,29.31509228508173
21026,Kosjerić,28.94583333333334,25.31038562533896
21027,Kosjerić,31.6875,26.62855014906922
21028,Kosjerić,33.02083333333334,28.145960972113887
21029,Kosjerić,29.39583333333334,25.75620272654716
21030,Kosjerić,33.8875,31.441896283047868
21031,Kosjerić,16.66208333333333,19.68648661107041
21032,Kosjerić,9.889166666666666,19.972711118891752
21033,Kosjerić,8.447916666666668,17.71053790899457
21034,Kosjerić,16.08958333333333,19.976793206202
21035,Kosjerić,18.58625,25.469192510625767
21036,Kosjerić,15.88833333333333,21.98580234748315
21037,Kosjerić,8.799166666666666,16.131618551272307
21038,Kosjerić,17.57083333333334,21.040426887261013
21039,Kosjerić,19.51666666666667,22.066681627901083
21040,Kosjerić,22.525,22.357273811103912
21041,Kosjerić,23.24166666666667,23.289665287830296
21042,Kosjerić,21.825,24.334920826228068
21043,Kosjerić,19.36666666666667,22.999073104627467
21044,Kosjerić,32.13333333333334,22.999073104627467
21045,Kosjerić,34.40416666666666,22.999073104627467
21046,Kosjerić,37.175,26.28383073273988
21047,Kosjerić,31.36521739130434,20.629554653699437
21048,Kosjerić,31.91666666666667,21.74537239410844
21049,Kosjerić,29.58958333333334,23.60569762929181
21050,Kosjerić,29.40833333333333,23.700439546661748
21051,Kosjerić,23.625,20.114154708278267
21052,Kosjerić,23.38333333333334,21.21593938372509
21053,Kosjerić,21.95833333333333,20.68539588171251
21054,Kosjerić,35.04347826086956,26.44324117059722
21055,Kosjerić,38.27833333333333,26.60942156850171
21056,Kosjerić,4.481666666666666,17.115985367132065
21057,Kosjerić,10.03125,16.75452007353548
21058,Kosjerić,32.25833333333333,22.786486500037515
21059,Kosjerić,22.02083333333333,22.43121576182173
21060,Kosjerić,24.35833333333333,22.999073104627467
21061,Kosjerić,28.76250000000001,22.999073104627467
21062,Kosjerić,23.79166666666667,24.79278111154369
21063,Kosjerić,26.09166666666667,27.239541511930483
21064,Kosjerić,23.65833333333333,28.403594365161435
21065,Kosjerić,27.15,28.38836849612894
21066,Kosjerić,24.54583333333333,28.075214383450096
21067,Kosjerić,24.175,28.70683180601503
21068,Kosjerić,24.51666666666667,25.35692423261566
21069,Kosjerić,31.29041666666667,26.943989481836446
21070,Kosjerić,25.14583333333333,25.740961947430776
21071,Kosjerić,30.61916666666666,28.191431860593863
21072,Kosjerić,36.0125,29.288158589681014
21073,Kosjerić,44.28333333333333,31.72817862227964
21074,Kosjerić,34.9125,32.940739485258085
21075,Kosjerić,14.5175,23.58880907898501
21076,Kosjerić,16.40125,36.15820923888409
21077,Kosjerić,31.6625,44.61839934359684
21078,Kosjerić,40.55833333333333,44.85085885696192
21079,Kosjerić,51.77500000000001,53.39102007587181
21080,Kosjerić,49.8875,39.84380220376753
21081,Kosjerić,39.12166666666666,23.6556770910217
21082,Kosjerić,12.68708333333333,29.158269745596563
21083,Kosjerić,20.94875,32.92684605395098
21084,Kosjerić,38.72916666666666,37.32713414442738
21085,Kosjerić,42.86739130434783,33.731030738588714
21086,Kosjerić,27.26083333333333,36.1599247872398
21087,Kosjerić,42.65,32.16329299059068
21088,Kosjerić,23.67541666666667,24.929115724612497
21089,Kosjerić,21.19249999999999,30.233850367530643
21090,Kosjerić,45.58750000000001,63.03140672524043
21091,Kosjerić,32.34416666666666,38.06294801449723
21092,Kosjerić,29.51875000000001,63.09905842208703
21093,Kosjerić,28.31125,32.780265218619924
21094,Kosjerić,20.195,51.69615541903974
21095,Kosjerić,24.51833333333333,61.36350851101577
21096,Kosjerić,21.92208333333333,48.87810226226814
21097,Kosjerić,36.215,69.86571891183142
21098,Kosjerić,43.22916666666666,53.21032077117919
21099,Kosjerić,22.45833333333333,49.14750699973506
21100,Kosjerić,52.05,62.442064829101454
21101,Kosjerić,59.3375,52.95058770113822
21102,Kosjerić,32.95499999999999,36.58973266383412
21103,Kosjerić,36.02875,62.20960531573637
21104,Kosjerić,59.90416666666667,89.34987773261722
21105,Kosjerić,61.25000000000001,116.76816806202964
21106,Kosjerić,39.83333333333334,69.35031896641026
21107,Kosjerić,31.74583333333334,20.03841058785684
21108,Kosjerić,5.065416666666667,23.234129795058305
21109,Kosjerić,28.04916666666666,72.56984181736048
21110,Kosjerić,64.66250000000001,100.0462603590507
21111,Kosjerić,29.67875,41.48100374009887
21112,Kosjerić,9.557083333333331,16.905235449803573
21113,Kosjerić,8.434166666666666,24.62307545358376
21114,Kosjerić,51.9375,86.99941037882893
21115,Kosjerić,59.36250000000001,73.3230365080628
21116,Kosjerić,30.55583333333334,50.22588036109448
21117,Kosjerić,87.59166666666668,97.817449043872
21118,Kosjerić,42.52083333333334,23.841703112228917
21119,Kosjerić,17.8225,33.88543840399325
21120,Kosjerić,19.55583333333334,49.95485384855596
21121,Kosjerić,62.75416666666666,68.86865437546606
21122,Kosjerić,86.21249999999999,74.99172642010798
21123,Kosjerić,87.59166666666668,57.0838528208872
21124,Kosjerić,27.57708333333333,27.03664605480252
21125,Kosjerić,37.78666666666666,63.6162129164585
21126,Kosjerić,77.53333333333333,69.86747346078174
21127,Kosjerić,56.59166666666667,61.9983168820652
21128,Kosjerić,68.62916666666666,77.37090843419675
21129,Kosjerić,64.2333333333333,77.78282081450048
21130,Kosjerić,89.17391304347827,56.27084250401303
21131,Kosjerić,22.17708333333333,21.281906277031343
21132,Kosjerić,20.7875,19.202274674050734
21133,Kosjerić,38.5125,57.697555585798376
21134,Kosjerić,72.9875,71.87515941283122
21135,Kosjerić,93.60833333333332,68.86865437546606
21136,Kosjerić,92.12916666666668,74.32930714775203
21137,Kosjerić,94.0125,117.92690874499776
21138,Kosjerić,97.39565217391304,89.11741821925214
21139,Kosjerić,59.39124999999999,77.74395409613528
21140,Kosjerić,59.13333333333333,81.0838466711058
21141,Kosjerić,107.825,90.89789600067054
21142,Kosjerić,101.3291666666667,75.60040502811623
21143,Kosjerić,97.11666666666667,105.46634992705968
21144,Kosjerić,117.1875,75.2409314976871
21145,Kosjerić,97.14583333333331,73.6328552549025
21146,Kosjerić,113.1083333333333,75.2409314976871
21147,Kosjerić,123.65,84.69650063117965
21148,Kosjerić,98.425,86.87749000161295
31668,Kosjerić,75.81,49.997273161492686
31669,Kosjerić,55.69,76.70969017578518
31670,Kosjerić,64.2,76.07708574990102
31671,Kosjerić,74.55,79.08802989119765
31672,Kosjerić,94.67,119.35374612622104
31673,Kosjerić,101.4,96.6799967021606
31674,Kosjerić,74.36,20.738208965958805
31675,Kosjerić,26.3,44.63241986575038
31676,Kosjerić,35.92,30.414923643237763
31677,Kosjerić,23.94,63.73796035043592
31678,Kosjerić,58.59,84.44729555360053
31679,Kosjerić,69.11,62.61739383114282
31680,Kosjerić,38.99,68.19753397054096
31681,Kosjerić,90.88,86.62828492403384
31682,Kosjerić,136.95,22.443237232374223
31683,Kosjerić,46.44,81.27104357988273
31684,Kosjerić,99.58,118.53414901470482
31685,Kosjerić,44.26,73.79573064984089
31686,Kosjerić,42.26,41.19004071290125
31687,Kosjerić,50.61,54.816408587410095
31688,Kosjerić,66.21,71.87515941283122
31689,Kosjerić,80.89,84.44729555360053
31690,Kosjerić,156.72,115.61028887511657
31691,Kosjerić,164.34,123.59709933051104
31692,Kosjerić,110.1,80.10973493464627
31693,Kosjerić,66.39,88.2766099148696
31694,Kosjerić,32.47,23.54573719166074
31695,Kosjerić,21.04,40.20243445365896
31696,Kosjerić,50.96,58.15866167628665
31697,Kosjerić,84.51,71.87515941283122
31698,Kosjerić,87.97,84.89277288055067
31699,Kosjerić,119.51,91.10982205622852
31700,Kosjerić,57.86,62.53017669076928
31701,Kosjerić,67.46,72.56984181736048
31702,Kosjerić,72.19,85.37443747149486
31703,Kosjerić,86.89,71.68198845112461
31704,Kosjerić,89.05,74.87249740911918
31705,Kosjerić,75.99,72.91952844395732
31706,Kosjerić,95.03,73.07498867708091
31707,Kosjerić,82.35,30.04798276514615
31708,Kosjerić,31.92,33.6061692326263
31709,Kosjerić,28.66,45.62140551024722
31710,Kosjerić,31.92,53.806172931509536
31711,Kosjerić,23.4,19.979234000656103
31712,Kosjerić,35.91,59.016087516676805
31713,Kosjerić,49.34,50.24728326123221
31714,Kosjerić,61.67,57.46549959247041
31715,Kosjerić,68.93,74.07833258185264
31716,Kosjerić,50.61,48.10718803139001
31717,Kosjerić,66.57,63.98716542801504
31718,Kosjerić,57.98,61.13104899765069
31719,Kosjerić,59.48,55.60717250525369
31720,Kosjerić,69.11,115.1706934099875
31721,Kosjerić,45.89,23.3906277976912
31722,Kosjerić,23.16,42.656630147146906
31723,Kosjerić,30.11,42.27261209618664
31724,Kosjerić,58.23,49.47585826511868
31725,Kosjerić,73.99,69.86571891183142
31726,Kosjerić,78.89,50.42146812118426
31727,Kosjerić,89.61,69.22213046672894
31728,Kosjerić,56.22,45.67257421013019
31729,Kosjerić,47.52,58.69200853803228
31730,Kosjerić,38.82,68.66095821381556
31731,Kosjerić,69.28,74.3107920952177
31732,Kosjerić,48.76,40.28795162071357
31733,Kosjerić,44.98,32.17151395894211
31734,Kosjerić,36.47,27.97097868133373
31735,Kosjerić,39.36,55.03345193260861
31736,Kosjerić,28.12,26.44734397563569
31737,Kosjerić,38.45,59.1992640807286
31738,Kosjerić,22.67,25.07640818800841
31739,Kosjerić,16.51,26.68938228974251
31740,Kosjerić,40.63,52.215425698449366
31741,Kosjerić,50.96,49.1573949552326
31742,Kosjerić,37.36,55.03345193260861
31743,Kosjerić,36.82,52.22554945476594
31744,Kosjerić,37.37,54.25900854187518
31745,Kosjerić,25.75,36.5638274725719
31746,Kosjerić,41.54,61.09141859047421
31747,Kosjerić,53.68,73.19543055939168
31748,Kosjerić,54.05,55.87018780504355
31749,Kosjerić,36.82,50.212024230913386
31750,Kosjerić,24.49,32.38211790160037
31751,Kosjerić,31.56,42.118484411364776
31752,Kosjerić,39.54,44.85807869234812
31753,Kosjerić,84.35,57.41893756921352
31754,Kosjerić,27.93,25.2968360691813
31755,Kosjerić,42.63,46.27712779171315
31756,Kosjerić,25.76,37.36715521165199
31757,Kosjerić,70.74,52.53977783721448
31758,Kosjerić,72.54,50.37987052602415
31759,Kosjerić,16.51,25.54098883901987
31760,Kosjerić,30.83,33.996530442823854
31761,Kosjerić,29.38,28.439864409257027
31762,Kosjerić,40.44,29.99885461815293
31763,Kosjerić,33.74,33.7215604507774
31764,Kosjerić,28.12,29.6614029816572
31765,Kosjerić,46.43,31.30918186638674
31766,Kosjerić,46.43,31.60677219725712
31767,Kosjerić,39.91,28.878541738551977
31768,Kosjerić,35.37,41.42940529157991
31769,Kosjerić,44.8,31.570843046877854
31770,Kosjerić,36.46,32.66710193093702
31771,Kosjerić,31.19,29.99885461815293
31772,Kosjerić,37.0,32.036974291534385
31773,Kosjerić,47.16,22.873221713914305
31774,Kosjerić,9.07,20.32622646352554
31775,Kosjerić,18.15,24.00141229782959
31776,Kosjerić,26.3,23.72763628887952
31777,Kosjerić,26.84,33.8762275749526
31778,Kosjerić,19.23,25.199865648827828
31779,Kosjerić,27.94,46.655939991068784
31780,Kosjerić,30.29,23.71493274001781
31781,Kosjerić,16.14,22.90057639359742
31782,Kosjerić,23.03,25.61853616203276
31783,Kosjerić,19.69,25.96880764016666
31784,Kosjerić,23.4,29.33908245485596
31785,Kosjerić,27.38,28.461643014445247
31786,Kosjerić,38.64,25.55604727763674
31787,Kosjerić,34.1,23.449500446579925
31788,Kosjerić,22.13,22.85232380810182
31789,Kosjerić,23.04,23.930368228454835
31790,Kosjerić,21.58,17.644933704156372
31791,Kosjerić,22.49,18.022863039909254
31792,Kosjerić,31.2,21.675641340251623
31793,Kosjerić,21.58,22.89862500018084
31794,Kosjerić,23.4,19.59597486099762
31795,Kosjerić,21.22,20.818562126392315
31796,Kosjerić,23.04,18.979458597581196
31797,Kosjerić,22.13,19.80805505312411
31798,Kosjerić,25.39,21.626903659198327
31799,Kosjerić,26.66,18.32462495929302
31800,Kosjerić,27.75,20.29929363689151
31801,Kosjerić,29.2,22.86689533826701
31802,Kosjerić,20.13,17.777129561641903
31803,Kosjerić,28.11,20.11647640200204
31804,Kosjerić,38.27,21.89572149517932
31805,Kosjerić,28.84,23.077193313276258
31806,Kosjerić,31.74,20.29929363689151
31807,Kosjerić,24.49,16.9970149369862
31808,Kosjerić,30.83,21.25327008387814
31809,Kosjerić,16.14,17.269084794489796
31810,Kosjerić,10.7,17.326342022063162
31811,Kosjerić,17.23,18.022863039909254
31812,Kosjerić,19.23,19.98083032700542
31813,Kosjerić,17.59,20.571363494395104
31814,Kosjerić,27.93,21.675641340251623
31815,Kosjerić,25.03,20.398588220513798
31816,Kosjerić,22.13,20.353816722791453
31817,Kosjerić,19.41,19.35264477308005
31818,Kosjerić,16.51,17.97406619717698
31819,Kosjerić,21.94,21.293302924660978
31820,Kosjerić,16.5,19.570863144177945
31821,Kosjerić,20.67,17.806386059914047
31822,Kosjerić,14.15,20.276544290831485
31823,Kosjerić,20.13,17.195137963573405
31824,Kosjerić,19.95,20.276544290831485
31825,Kosjerić,27.75,20.956813458179884
31826,Kosjerić,29.74,23.477173047334112
31827,Kosjerić,39.54,21.14078366141774
31828,Kosjerić,44.08,23.52697115789253
31829,Kosjerić,28.12,21.586146690551487
31830,Kosjerić,17.41,16.441359718153947
31831,Kosjerić,14.14,15.10132983725055
31832,Kosjerić,19.04,19.252399834291857
31833,Kosjerić,22.49,20.276544290831485
31834,Kosjerić,21.22,20.38917372385619
31835,Kosjerić,29.75,21.07065927730261
31836,Kosjerić,35.0,23.7480515343851
31837,Kosjerić,29.92,23.48796352822017
31838,Kosjerić,51.14,24.701744206706767
31839,Kosjerić,65.17,23.438199763005127
31840,Kosjerić,65.21,21.533205242723906
31841,Kosjerić,36.64,19.54725625031396
31842,Kosjerić,29.75,21.800513225702137
31843,Kosjerić,25.76,18.95722882575302
31844,Kosjerić,23.76,17.22147434280965
31845,Kosjerić,20.13,16.01690855781145
31846,Kosjerić,22.67,19.32753305626037
31847,Kosjerić,29.39,24.723776766843244
31848,Kosjerić,30.47,24.22504038313731
31849,Kosjerić,39.0,21.644425356042923
31850,Kosjerić,11.79,14.201107636816548
31851,Kosjerić,17.59,17.570808333725676
31852,Kosjerić,21.04,18.42778990833367
31853,Kosjerić,26.66,19.689163949998274
31854,Kosjerić,27.2,20.393542936510688
31855,Kosjerić,21.04,24.33578077535606
31856,Kosjerić,29.39,24.52376308651388
31857,Kosjerić,33.55,24.52376308651388
31858,Kosjerić,38.08,24.89776020016182
31859,Kosjerić,35.73,24.89776020016182
31860,Kosjerić,45.53,26.453503141063777
31861,Kosjerić,40.44,33.12374008501965
31862,Kosjerić,38.45,23.493765666966915
31863,Kosjerić,36.1,35.963379607748664
31864,Kosjerić,37.0,29.4063477429558
31865,Kosjerić,43.71,29.90694199680773
31866,Kosjerić,36.91,24.602538214489943
31867,Kosjerić,34.45,26.705585758653022
31868,Kosjerić,30.65,17.702306721747437
31869,Kosjerić,24.3,23.785962257785712
31870,Kosjerić,34.1,26.02559444299788
31871,Kosjerić,33.35,22.915727117393743
31872,Kosjerić,27.03,17.339829913310925
31873,Kosjerić,22.67,19.979756133201104
31874,Kosjerić,23.76,20.35049324117253
31875,Kosjerić,29.93,20.782802370181347
31876,Kosjerić,24.66,23.289842621057623
31877,Kosjerić,23.39,21.92826349682527
31878,Kosjerić,20.68,21.23676282985533
31879,Kosjerić,28.3,20.9461706466525
31880,Kosjerić,33.74,22.236922302046658
31881,Kosjerić,31.2,23.68877674224849
31882,Kosjerić,20.17,19.1754095206721
31883,Kosjerić,17.05,21.20893576755787
31884,Kosjerić,19.95,19.06156370154937
31885,Kosjerić,14.69,19.3521558847522
31886,Kosjerić,18.86,21.64124489656669
31887,Kosjerić,19.95,22.898445629700003
31888,Kosjerić,21.22,20.552945656905727
31889,Kosjerić,16.14,22.91696795539924
31890,Kosjerić,22.67,27.47853152399567
31891,Kosjerić,34.1,25.75620272654716
31892,Kosjerić,31.38,26.902546446808792
31893,Kosjerić,34.12,24.594128572879598
31894,Kosjerić,29.57,28.67348257009115
31895,Kosjerić,34.82,30.21333285881345
31896,Kosjerić,36.82,31.31437569405056
31897,Kosjerić,39.9,27.45270538615217
31898,Kosjerić,37.0,21.22507654596394
31899,Kosjerić,19.59,19.759842185269196
31900,Kosjerić,24.31,20.98196617913317
31901,Kosjerić,23.58,21.190142420563905
31902,Kosjerić,31.19,23.057263111984568
31903,Kosjerić,27.03,28.51258661497144
31904,Kosjerić,26.3,27.78671933610544
31905,Kosjerić,49.16,29.064949782347743
31906,Kosjerić,43.53,25.217932652880407
31907,Kosjerić,35.01,25.258818123807792
31908,Kosjerić,39.54,22.99842806275364
31909,Kosjerić,31.75,21.97405722362072
31910,Kosjerić,38.63,25.746612156456617
31911,Kosjerić,38.09,32.808946458923394
31912,Kosjerić,39.72,28.86375898163567
31913,Kosjerić,50.92,38.5882972416629
31914,Kosjerić,60.21,35.66249357977547
31915,Kosjerić,59.67,39.68058981921848
31916,Kosjerić,62.76,29.926596661870427
31917,Kosjerić,44.62,24.325119182966063
31918,Kosjerić,47.16,30.73670448057029
31919,Kosjerić,49.7,17.705327263271048
31920,Kosjerić,17.23,15.4626712226932
31921,Kosjerić,25.39,18.866770303443595
31922,Kosjerić,24.49,21.794611770397488
31923,Kosjerić,14.69,20.323634885851
31924,Kosjerić,9.98,17.115985367132065
31925,Kosjerić,9.97,18.50145421309708
31926,Kosjerić,11.61,16.364161197359554
31927,Kosjerić,21.77,21.55128168247992
31928,Kosjerić,28.12,25.45805804738683
31929,Kosjerić,29.75,18.14183347005512
31930,Kosjerić,30.11,18.481011708892165
31931,Kosjerić,35.73,22.1406235786189
31932,Kosjerić,31.74,22.066681627901083
31933,Kosjerić,53.86,25.670220551954404
31934,Kosjerić,59.3,28.79786817353753
31935,Kosjerić,33.74,23.778472903173125
31936,Kosjerić,42.08,25.689861963497787
31937,Kosjerić,50.06,22.357273811103912
31938,Kosjerić,33.92,19.96708196596916
31939,Kosjerić,18.14,14.531232449713867
31940,Kosjerić,34.28,24.93363031086881
31941,Kosjerić,36.1,31.72817862227964
31942,Kosjerić,44.61,31.72817862227964
31943,Kosjerić,46.44,33.987304027130094
31944,Kosjerić,26.3,17.845304362855334
31945,Kosjerić,25.21,19.97170719973131
31946,Kosjerić,30.84,25.70551843624517
31947,Kosjerić,42.63,25.907835394813866
31948,Kosjerić,43.53,37.789025532244494
31949,Kosjerić,41.71,24.397672001424382
31950,Kosjerić,46.8,27.976063332506687
31951,Kosjerić,31.01,27.497982755626943
31952,Kosjerić,37.91,28.671009762990543
31953,Kosjerić,39.18,31.422795045526968
31954,Kosjerić,53.32,25.544025311895695
31955,Kosjerić,46.99,32.426671977562314
31956,Kosjerić,56.76,36.06971954456661
31957,Kosjerić,61.67,44.85085885696192
31958,Kosjerić,60.77,42.32750309006649
31959,Kosjerić,49.15,41.25470274869218
31960,Kosjerić,48.61,44.85085885696192
31961,Kosjerić,67.84,62.442064829101454
31962,Kosjerić,62.4,62.442064829101454
31963,Kosjerić,91.04,54.89871860079404
31964,Kosjerić,88.7,57.50102247030042
31965,Kosjerić,84.53,62.442064829101454
31966,Kosjerić,74.54,62.442064829101454
31967,Kosjerić,68.02,48.23534218922652
31968,Kosjerić,69.28,50.4797427745973
31969,Kosjerić,74.73,58.919977547237536
31970,Kosjerić,56.05,49.9060681757631
31971,Kosjerić,55.32,44.85085885696192
31972,Kosjerić,56.22,60.73453620770032
31973,Kosjerić,31.2,34.12091605656445
31974,Kosjerić,31.92,41.35322740220597
31975,Kosjerić,72.19,50.24728326123221
31976,Kosjerić,81.44,54.46932245189388
31977,Kosjerić,93.96,73.6328552549025
31978,Kosjerić,100.67,62.20960531573637
31979,Kosjerić,110.28,71.87515941283122
31980,Kosjerić,97.39,71.37596422527389
31981,Kosjerić,84.71,71.37596422527389
31982,Kosjerić,82.7,35.35896133236432
31983,Kosjerić,47.89,61.533337762851374
31984,Kosjerić,44.62,55.01167192730674
31985,Kosjerić,32.65,26.033679829600157
31986,Kosjerić,37.18,61.95497455878688
31987,Kosjerić,53.87,56.4001808018163
31988,Kosjerić,66.39,68.86865437546606
31989,Kosjerić,104.84,68.86865437546606
31990,Kosjerić,114.09,62.20960531573637
31991,Kosjerić,41.72,57.095721993028505
31992,Kosjerić,41.9,19.08039875090529
31993,Kosjerić,48.25,33.59223817371424
31994,Kosjerić,65.83,44.56613090155279
31995,Kosjerić,93.94,61.96040023815725
31996,Kosjerić,114.25,96.6685750781454
31997,Kosjerić,71.64,57.50102247030042
31998,Kosjerić,87.41,25.269849082663395
31999,Kosjerić,25.75,24.8023966338569
32000,Kosjerić,18.5,23.850645370081956
32001,Kosjerić,23.76,32.93860826531715
32002,Kosjerić,31.92,48.23959730918274
32003,Kosjerić,40.26,42.47742168383527
32004,Kosjerić,33.92,34.71004906892566
32005,Kosjerić,51.69,33.10059076638945
32006,Kosjerić,40.27,25.170206950642477
32007,Kosjerić,29.93,28.35800215913611
32008,Kosjerić,47.15,63.34358356175873
32009,Kosjerić,44.98,42.47742168383527
32010,Kosjerić,32.64,41.88006083082245
32011,Kosjerić,19.77,27.71310968362289
32012,Kosjerić,31.38,38.51607255445958
32013,Kosjerić,41.36,47.41671763276943
32014,Kosjerić,64.76,64.59130589120721
32015,Kosjerić,57.14,30.49034531941792
32016,Kosjerić,87.07,48.72799880633244
32017,Kosjerić,69.11,72.12436449041034
32018,Kosjerić,82.52,58.68751803387245
32019,Kosjerić,89.41,48.72799880633244
32020,Kosjerić,72.37,18.78156012625449
32021,Kosjerić,33.92,24.999378426360224
32022,Kosjerić,48.07,66.22532553142908
32023,Kosjerić,42.26,18.94328361687053
32024,Kosjerić,11.43,16.52552296193779
1551,Kragujevac,45.01,33.820575953666115
11134,Kragujevac,31.08,18.286340821651123
11135,Kragujevac,39.86,49.197891218536654
11136,Kragujevac,74.4,49.853111500149154
11137,Kragujevac,52.46,40.59494340738642
11138,Kragujevac,61.06,52.55981581360355
11139,Kragujevac,46.08,36.50588910206101
11140,Kragujevac,59.78,45.71551624570996
11141,Kragujevac,42.6,44.561740979506965
11142,Kragujevac,43.7,50.4330543184184
11143,Kragujevac,47.35,48.49437142275832
11144,Kragujevac,86.46,84.37875695563393
11145,Kragujevac,73.68,84.90627685534182
11146,Kragujevac,71.47,73.91748463842221
11147,Kragujevac,66.53,46.276067703469536
11148,Kragujevac,51.22,64.00860859837051
11149,Kragujevac,76.59,69.4381599801172
11150,Kragujevac,109.31,77.45100787599554
11151,Kragujevac,55.02,42.61770811247478
11152,Kragujevac,61.23,40.967566811383776
11153,Kragujevac,79.32,66.21602993663905
11154,Kragujevac,69.27,50.482205420519
11155,Kragujevac,64.53,59.1222274245307
11156,Kragujevac,85.18,60.72751898113001
11157,Kragujevac,56.3,37.87963312087605
11158,Kragujevac,49.35,43.476309379374456
11159,Kragujevac,40.94,41.71215211779544
11160,Kragujevac,44.62,44.49541755194037
11161,Kragujevac,79.71,60.66882009923184
11162,Kragujevac,65.81,50.43171704092576
11163,Kragujevac,25.59,33.62970382833005
11164,Kragujevac,32.53,33.91410694253368
11165,Kragujevac,61.42,62.551745210578765
11166,Kragujevac,45.51,56.36359087606456
11167,Kragujevac,56.11,59.943649712349085
11168,Kragujevac,72.38,63.609147643509296
11169,Kragujevac,90.83,69.50755126688695
11170,Kragujevac,74.76,58.1695596240422
11171,Kragujevac,26.69,31.535144781695937
11172,Kragujevac,33.08,40.25103788778817
11173,Kragujevac,48.07,61.699217129443326
11174,Kragujevac,55.21,48.062432979229165
11175,Kragujevac,62.65,62.368098190510366
11176,Kragujevac,67.09,54.96353178064886
11177,Kragujevac,93.76,65.68037038998003
11178,Kragujevac,87.9,71.30858375700623
11179,Kragujevac,95.43,76.22368027316602
11180,Kragujevac,88.28,65.80598428775009
11181,Kragujevac,96.86,65.02782109924138
11182,Kragujevac,68.55,62.27740315685749
11183,Kragujevac,57.57,56.3149959165189
11184,Kragujevac,68.55,64.90328229525572
11185,Kragujevac,86.47,77.30931837705018
11186,Kragujevac,88.11,70.43065845686988
11187,Kragujevac,90.31,64.47423980109821
11188,Kragujevac,83.94,61.81180340187528
11189,Kragujevac,78.23,51.46778868494296
11190,Kragujevac,107.28,63.982427591996206
11191,Kragujevac,78.59,37.66302152398234
11192,Kragujevac,48.07,29.41523358741257
11193,Kragujevac,30.33,22.809792008464026
11194,Kragujevac,29.24,31.547630347403608
11195,Kragujevac,68.18,48.02645206511564
11196,Kragujevac,42.3,31.63829222017523
11197,Kragujevac,27.6,32.89347138678136
11198,Kragujevac,44.05,26.237328288686907
11199,Kragujevac,16.81,19.6404376426314
11200,Kragujevac,27.78,31.196785331939765
11201,Kragujevac,52.64,42.16366422559949
11202,Kragujevac,46.6,44.46915847707449
11203,Kragujevac,46.61,43.638682577635954
11204,Kragujevac,62.69,41.63605314578189
11205,Kragujevac,33.19,24.15557719123639
11206,Kragujevac,29.06,23.6417897744427
11207,Kragujevac,25.59,31.5802873355961
11208,Kragujevac,41.66,32.70821884628438
11209,Kragujevac,35.09,36.25229034005932
11210,Kragujevac,40.76,40.11359046308053
11211,Kragujevac,59.21,22.61604586332065
11212,Kragujevac,24.67,23.506699916364287
11213,Kragujevac,31.43,24.628930514096343
11214,Kragujevac,27.78,25.41185043997639
11215,Kragujevac,27.05,25.994863006857816
11216,Kragujevac,25.95,23.649056919686164
11217,Kragujevac,22.11,22.39123613207882
11218,Kragujevac,26.90833333,27.990022254774367
11219,Kragujevac,24.92916667,25.77287967164452
11220,Kragujevac,23.94,23.258660772272204
11221,Kragujevac,37.46,25.54641441549529
11222,Kragujevac,27.0625,27.15287523584304
11223,Kragujevac,32.35,27.10064521837779
11224,Kragujevac,46.24,28.192790703219707
11225,Kragujevac,37.83,26.112941660945623
11226,Kragujevac,26.86,27.448575465952448
11227,Kragujevac,26.13,26.71614797880547
11228,Kragujevac,27.77,26.153772438391737
11229,Kragujevac,35.09090909,24.51261926302181
11230,Kragujevac,32.16,25.037399264396832
11231,Kragujevac,37.28,27.53273995257522
11232,Kragujevac,46.41,30.712616581081768
11233,Kragujevac,35.09,24.00040398387712
11234,Kragujevac,29.79,24.53840123760976
11235,Kragujevac,33.99,25.370944422852737
11236,Kragujevac,15.72,20.13029484882913
11237,Kragujevac,3.11,18.380274331649872
11238,Kragujevac,2.75,24.19177850655468
11239,Kragujevac,19.39916667,24.19177850655468
11240,Kragujevac,24.51666667,21.62079192709468
11241,Kragujevac,18.3,20.983541758048776
11242,Kragujevac,19.4125,22.75231849407449
11243,Kragujevac,27.97916667,21.99291027534898
11244,Kragujevac,32.92083333,23.386246932350723
11245,Kragujevac,36.59583333,23.536878184869742
11246,Kragujevac,25.34875,25.80297884426734
11247,Kragujevac,20.36666667,20.28332197265088
11248,Kragujevac,21.74583333,21.13243919426612
11249,Kragujevac,26.44541667,25.43155102570185
11250,Kragujevac,30.19166667,24.6676099067017
11251,Kragujevac,25.45,21.382860311400947
11252,Kragujevac,46.95,29.25396765383141
11253,Kragujevac,34.36,29.69216033460942
11254,Kragujevac,33.99,25.98632565164429
11255,Kragujevac,23.57,24.16562024406928
11256,Kragujevac,25.77916667,18.190805275723832
11257,Kragujevac,21.65416667,21.087073864350348
11258,Kragujevac,16.81666667,17.3501322577037
11259,Kragujevac,14.63833333,18.67798850412196
11260,Kragujevac,18.80666667,20.52211497173934
11261,Kragujevac,27.65833333,23.707210642353573
11262,Kragujevac,23.76,19.80848270903439
11263,Kragujevac,25.22,21.455220804939053
11264,Kragujevac,19.96666667,21.06628038729681
11265,Kragujevac,18.6875,21.12267155283832
11266,Kragujevac,20.225,21.933072670823137
11267,Kragujevac,24.31666667,22.392691222136385
11268,Kragujevac,18.03333333,21.250385654292568
11269,Kragujevac,14.11208333,21.933072670823137
11270,Kragujevac,16.77083333,21.971725388493777
11271,Kragujevac,30.6875,25.21795794600719
11272,Kragujevac,26.34583333,21.739663797836943
11273,Kragujevac,22.67916667,20.56565929359467
11274,Kragujevac,22.40416667,23.55846821339169
11275,Kragujevac,23.98291667,18.471721417449
11276,Kragujevac,14.09625,19.28739029796847
11277,Kragujevac,19.0,23.634047909007062
11278,Kragujevac,23.0,23.91464831839914
11279,Kragujevac,19.875,24.505771422209605
11280,Kragujevac,25.3,26.324500982450697
11281,Kragujevac,34.82083333,27.814460546365883
11282,Kragujevac,39.4625,23.508119041724733
11283,Kragujevac,27.36666667,27.30508179566684
11284,Kragujevac,26.24090909,24.839050916321234
11285,Kragujevac,18.025,18.323606628687816
11286,Kragujevac,20.9875,23.152571315697493
11287,Kragujevac,25.03,23.30328720592853
11288,Kragujevac,21.74,24.96940554840111
11289,Kragujevac,22.65416667,26.5385665676324
11290,Kragujevac,30.14,29.13316057789858
11291,Kragujevac,27.4,27.23235136625265
11292,Kragujevac,27.4125,26.23207619656323
11293,Kragujevac,27.42608696,26.65360781975644
11294,Kragujevac,30.87,25.905534521935667
11295,Kragujevac,24.67083333,24.83562168326665
11296,Kragujevac,18.27208333,22.211502662508423
11297,Kragujevac,26.86,23.307622038353955
11298,Kragujevac,23.57,21.15017248123302
11299,Kragujevac,23.25833333,21.516106001058624
11300,Kragujevac,25.39,24.39216586056769
11301,Kragujevac,22.65,24.467254828967537
11302,Kragujevac,20.20434783,24.038093156510445
11303,Kragujevac,18.26,26.783534888652
11304,Kragujevac,40.0,26.26368281083205
11305,Kragujevac,39.27,22.73791648735292
11306,Kragujevac,48.77,28.38101146976652
11307,Kragujevac,16.26,16.85065428765654
11308,Kragujevac,26.85,27.52429188549125
11309,Kragujevac,23.56,21.90537775391098
11310,Kragujevac,24.29,22.173117159279577
11311,Kragujevac,14.83,26.731775998192536
11312,Kragujevac,21.91,19.71707069533453
11313,Kragujevac,22.83,20.12151067318427
11314,Kragujevac,16.8,19.93569206186709
11315,Kragujevac,18.45,19.857071075629477
11316,Kragujevac,61.56,21.878276230279155
11317,Kragujevac,14.25,22.493351482490677
11318,Kragujevac,31.23,20.987353809256398
11319,Kragujevac,40.01,20.645349891152705
11320,Kragujevac,13.34,17.73322613934381
11321,Kragujevac,10.41,18.382382851105778
11322,Kragujevac,12.61,18.60312505606984
11323,Kragujevac,17.67,21.67731093704549
11324,Kragujevac,16.99,21.16037046900978
11325,Kragujevac,18.27,21.957607771376228
11326,Kragujevac,23.75,27.351140936552333
11327,Kragujevac,26.3,30.03522033044544
11328,Kragujevac,30.14,39.44479365024655
11329,Kragujevac,17.72,18.625970090728103
11330,Kragujevac,17.54,20.037003029757184
11331,Kragujevac,25.94,27.52429188549125
11332,Kragujevac,29.78,21.328831293801517
11333,Kragujevac,25.94,21.730207118655745
11334,Kragujevac,24.40956522,21.665767430249076
11335,Kragujevac,15.89,22.028779722473917
11336,Kragujevac,20.74,19.459565921444995
11337,Kragujevac,21.92,23.85160192380193
11338,Kragujevac,32.52,32.78996209094074
11339,Kragujevac,33.98,32.885880008478715
11340,Kragujevac,38.54,38.4223741816002
11341,Kragujevac,32.15,38.23876786590803
11342,Kragujevac,49.69,47.51698135443074
11343,Kragujevac,47.32,42.52773140339213
11344,Kragujevac,56.81,38.30398962396762
11345,Kragujevac,59.0,53.96618965921728
11346,Kragujevac,46.03,42.860453694780986
11347,Kragujevac,47.13,42.87859077371471
11348,Kragujevac,27.58,32.18572481541652
11349,Kragujevac,31.23,35.81196821876191
11350,Kragujevac,41.28,45.26283966938389
11351,Kragujevac,51.14,45.26283966938389
11352,Kragujevac,48.96,46.277828208061486
11353,Kragujevac,38.4,45.67128061915622
11354,Kragujevac,134.18,45.26283966938389
11355,Kragujevac,57.18,47.5138863050398
11356,Kragujevac,34.53,41.56219634485039
11357,Kragujevac,63.21,41.56219634485039
11358,Kragujevac,59.73,37.45041049806425
11359,Kragujevac,34.17916667,41.56219634485039
11360,Kragujevac,39.09,37.069220181494025
11361,Kragujevac,42.60416667,48.04090096363004
11362,Kragujevac,46.76,50.46908098304768
11363,Kragujevac,50.05,62.888166607261695
11364,Kragujevac,83.84,69.97661691076205
11365,Kragujevac,78.89,64.02211297571954
11366,Kragujevac,79.64,50.91481429231326
11367,Kragujevac,90.79,68.74301104439581
11368,Kragujevac,61.19,36.91050983479022
11369,Kragujevac,33.61,29.54524246074339
11370,Kragujevac,35.62,28.339727062832388
11371,Kragujevac,49.51,41.50862040725695
11372,Kragujevac,53.18,60.69083844647574
11373,Kragujevac,57.9,58.41570853185459
11374,Kragujevac,66.3,69.77881879256809
11375,Kragujevac,55.53,55.12657564028922
11376,Kragujevac,55.53,63.72881037096371
11377,Kragujevac,54.07,60.72751898113001
11378,Kragujevac,63.17,63.91004980315913
11379,Kragujevac,61.56,72.742124095815
11380,Kragujevac,65.94,57.47129236233975
11381,Kragujevac,47.13,46.7081438710788
11382,Kragujevac,45.3,38.47049906391432
11383,Kragujevac,34.30833333,36.71718279516777
11384,Kragujevac,17.91,26.89504546816433
11385,Kragujevac,26.31,30.48942879072549
11386,Kragujevac,25.21,26.19786502115636
11387,Kragujevac,24.66,27.178951875010128
11388,Kragujevac,45.67,40.22096206458377
11389,Kragujevac,49.32,58.864893246650745
11390,Kragujevac,80.77,82.9108588979251
11391,Kragujevac,88.96,74.27955883625368
11392,Kragujevac,66.76,56.3535029187967
11393,Kragujevac,38.18,44.04352886041145
11394,Kragujevac,15.16,27.57681555621458
11395,Kragujevac,20.40666667,31.13653117640092
11396,Kragujevac,25.54916667,36.27223120523161
11397,Kragujevac,34.75,42.200208230100266
11398,Kragujevac,14.24708333,24.95153914679181
11399,Kragujevac,26.28,39.21583382463995
11400,Kragujevac,60.475,48.31091513873837
11401,Kragujevac,39.1,37.44981148586295
11402,Kragujevac,62.66,61.75167874711527
11403,Kragujevac,55.9,34.469781479669244
11404,Kragujevac,27.58,18.850714915007615
11405,Kragujevac,19.36,25.41466341805245
11406,Kragujevac,35.07,39.16846161091632
11407,Kragujevac,50.79,57.26463256890749
11408,Kragujevac,27.7,27.43143514979729
11409,Kragujevac,43.29,42.94192362911815
11410,Kragujevac,29.59,29.827304878279406
11411,Kragujevac,29.44,30.221892353391613
11412,Kragujevac,36.9,48.296020013314624
11413,Kragujevac,35.99,45.79197013325398
11414,Kragujevac,49.32,53.30772649235581
11415,Kragujevac,101.73,93.61981021335448
11416,Kragujevac,96.26,85.678607531146
11417,Kragujevac,82.74,77.71277982749014
11418,Kragujevac,61.92,61.89573724230811
11419,Kragujevac,58.63,78.16378158041088
11420,Kragujevac,60.54,62.94123475866596
11421,Kragujevac,59.73,63.06838256736037
11422,Kragujevac,74.71,69.41466016765962
11423,Kragujevac,84.2,75.35260541670354
11424,Kragujevac,97.9,77.25004258276188
11425,Kragujevac,81.46,75.69326422915442
20431,Kragujevac,73.34166666666665,76.909383770311
20432,Kragujevac,82.64583333333333,85.93315779804237
20433,Kragujevac,71.27499999999999,83.22081737858524
20434,Kragujevac,89.59166666666665,84.50545518728296
20435,Kragujevac,65.05416666666667,67.35924431365488
20436,Kragujevac,42.1475,54.4696510748368
20437,Kragujevac,66.81666666666668,79.76805503856768
20438,Kragujevac,69.8375,75.14489261295574
20439,Kragujevac,38.37083333333333,30.943027842241666
20440,Kragujevac,15.4025,25.42919427945698
20441,Kragujevac,22.28,28.450447166872827
20442,Kragujevac,41.87916666666667,49.955387625139466
20443,Kragujevac,54.45416666666667,55.29738058568639
20444,Kragujevac,66.68333333333334,62.89185015925188
20445,Kragujevac,55.67916666666667,61.72309467302908
20446,Kragujevac,37.56249999999999,34.35808827041054
20447,Kragujevac,26.2375,27.18284979489362
20448,Kragujevac,24.72083333333333,26.44996505434441
20449,Kragujevac,25.47666666666666,24.33243711792625
20450,Kragujevac,38.82541666666667,33.69785854598745
20451,Kragujevac,40.88750000000001,45.59635589413466
20452,Kragujevac,55.27916666666666,59.358719955186494
20453,Kragujevac,23.735,23.78612870681229
20454,Kragujevac,14.36333333333334,24.95785418660834
20455,Kragujevac,29.6,36.96455242325675
20456,Kragujevac,20.1375,30.15340784638561
20457,Kragujevac,29.7625,31.386390438001477
20458,Kragujevac,44.34583333333334,35.52754090891998
20459,Kragujevac,33.95,36.12311097413537
20460,Kragujevac,48.19583333333335,51.40378240083747
20461,Kragujevac,19.17416666666667,22.668614847308618
20462,Kragujevac,42.44166666666666,35.09250588347077
20463,Kragujevac,36.20416666666667,31.2020338851858
20464,Kragujevac,24.30791666666667,27.47640442614234
20465,Kragujevac,9.870833333333332,18.2550904417893
20466,Kragujevac,16.38958333333333,28.43483610866472
20467,Kragujevac,39.31666666666666,42.35675205703984
20468,Kragujevac,55.65,53.87855083117309
20469,Kragujevac,53.19583333333333,42.037434374233456
20470,Kragujevac,62.92083333333333,54.33180216258572
20471,Kragujevac,72.92916666666667,73.43052552102226
20472,Kragujevac,87.90416666666665,86.91538057255194
20473,Kragujevac,71.39999999999999,74.59188312095462
20474,Kragujevac,73.98333333333333,85.61338182173418
20475,Kragujevac,44.8125,48.10695159205712
20476,Kragujevac,51.37500000000001,61.69901584799116
20477,Kragujevac,75.59583333333333,75.59486884075807
20478,Kragujevac,73.93749999999999,73.75030149733045
20479,Kragujevac,54.60833333333334,36.54136712476184
20480,Kragujevac,53.92083333333334,53.73239825963291
20481,Kragujevac,36.43916666666667,35.05588735029849
20482,Kragujevac,51.14166666666667,46.39305855566157
20483,Kragujevac,55.08333333333334,56.24499889637875
20484,Kragujevac,54.27083333333332,51.04501454380738
20485,Kragujevac,71.97500000000001,55.59897853984892
20486,Kragujevac,35.79166666666666,28.088616252853576
20487,Kragujevac,15.65291666666667,22.89233486952873
20488,Kragujevac,30.2875,32.740320872718115
20489,Kragujevac,34.77083333333333,41.216643386329
20490,Kragujevac,30.98333333333333,37.13907398808105
20491,Kragujevac,26.56666666666667,30.549040957861383
20492,Kragujevac,50.6625,43.283154283553465
20493,Kragujevac,61.6375,55.57313936527683
20494,Kragujevac,43.65833333333334,48.91113998296254
20495,Kragujevac,57.00833333333333,52.19674219161637
20496,Kragujevac,42.59583333333334,46.28099538310117
20497,Kragujevac,33.47916666666666,32.45022788416458
20498,Kragujevac,23.20416666666666,26.169702774537654
20499,Kragujevac,39.82083333333333,30.433217367406364
20500,Kragujevac,19.19583333333333,24.831114293786268
20501,Kragujevac,27.70708333333333,34.589170350318014
20502,Kragujevac,44.125,44.31360710850853
20503,Kragujevac,40.62083333333334,39.48853040539316
20504,Kragujevac,33.93541666666667,25.84466692998336
20505,Kragujevac,16.15,19.454722748552648
20506,Kragujevac,38.84166666666667,46.202853643884666
20507,Kragujevac,32.95416666666667,36.08181673990494
20508,Kragujevac,36.5,46.39402424377412
20509,Kragujevac,62.24166666666665,52.393792262806095
20510,Kragujevac,50.93333333333334,51.11577958554692
20511,Kragujevac,40.8375,39.84353651277269
20512,Kragujevac,43.88750000000001,46.46919735294545
20513,Kragujevac,37.72916666666666,36.85951017263184
20514,Kragujevac,30.59541666666667,27.04466609616762
20515,Kragujevac,14.02818181818182,26.746385548063827
20516,Kragujevac,14.6975,18.010041896987484
20517,Kragujevac,10.45416666666667,19.802245389038266
20518,Kragujevac,22.4525,31.63960609956749
20519,Kragujevac,34.17583333333334,35.099119867558734
20520,Kragujevac,29.6375,33.936846951232404
20521,Kragujevac,17.82125,24.26497515337325
20522,Kragujevac,22.29708333333333,30.189127240147027
20523,Kragujevac,25.8125,24.5853985864708
20524,Kragujevac,16.54666666666667,18.777442585881992
20525,Kragujevac,25.685,29.78538863921395
20526,Kragujevac,41.40833333333332,37.18711028008514
20527,Kragujevac,59.34583333333333,47.07146896297581
20528,Kragujevac,47.87916666666667,45.29325486256902
20529,Kragujevac,45.05416666666667,43.51174992344396
20530,Kragujevac,40.19583333333333,38.846163798718734
20531,Kragujevac,44.2625,40.78230951318974
20532,Kragujevac,22.95708333333333,27.89874265031721
20533,Kragujevac,31.97083333333333,33.93886431449202
20534,Kragujevac,19.4,26.62636838563213
20535,Kragujevac,20.7625,30.12541268591409
20536,Kragujevac,19.97875,26.742030097281653
20537,Kragujevac,16.94375,22.369564370543955
20538,Kragujevac,11.78,21.88049935505128
20539,Kragujevac,29.53333333333333,26.46364222770322
20540,Kragujevac,27.85833333333333,28.852523789579276
20541,Kragujevac,36.16249999999999,32.063850048267774
20542,Kragujevac,34.05833333333334,26.81279513902119
20543,Kragujevac,26.92916666666667,30.388544262191868
20544,Kragujevac,26.68750000000001,23.729898820136302
20545,Kragujevac,18.91166666666667,22.01581039648543
20546,Kragujevac,29.93333333333333,25.75107451505003
20547,Kragujevac,22.9625,26.63339687953153
20548,Kragujevac,25.68708333333333,29.5366096516725
20549,Kragujevac,36.1625,27.400859377916795
20550,Kragujevac,26.84583333333333,28.7655103764878
20551,Kragujevac,17.18875,21.990339402839552
20552,Kragujevac,16.64166666666667,22.54145465779486
20553,Kragujevac,18.69458333333333,20.829144348652733
20554,Kragujevac,19.98958333333334,23.31827368781897
20555,Kragujevac,28.4125,30.10598537218497
20556,Kragujevac,18.22708333333334,23.611128591028358
20557,Kragujevac,15.84583333333333,24.283199624741894
20558,Kragujevac,27.15,26.34268019408802
20559,Kragujevac,19.50625,21.04436682470469
20560,Kragujevac,13.7425,21.375185322071395
20561,Kragujevac,17.49583333333333,18.22709672153476
20562,Kragujevac,15.05583333333333,19.81010765231067
20563,Kragujevac,18.30416666666667,19.90171568908376
20564,Kragujevac,14.37333333333333,17.05681652997517
20565,Kragujevac,22.925,18.618346860741365
20566,Kragujevac,26.15833333333333,19.815218442250693
20567,Kragujevac,21.4875,22.04291690778545
20568,Kragujevac,12.06666666666666,17.2337197855433
20569,Kragujevac,33.3375,34.52819649380179
20570,Kragujevac,33.94583333333333,29.99581059074985
20571,Kragujevac,25.35833333333333,24.107022048243792
20572,Kragujevac,22.4875,21.707013672465507
20573,Kragujevac,20.5625,24.073746713423358
20574,Kragujevac,30.07916666666667,26.45474336664842
20575,Kragujevac,25.575,21.261095693110107
20576,Kragujevac,24.48333333333334,22.693859628356137
20577,Kragujevac,24.7375,25.327660657346183
20578,Kragujevac,24.59583333333333,22.03403425275497
20579,Kragujevac,18.5625,21.61622316066697
20580,Kragujevac,21.90952380952381,20.12151067318427
20581,Kragujevac,23.76666666666667,20.97924924034558
20582,Kragujevac,19.05416666666666,20.53424142437018
20583,Kragujevac,19.075,18.70450247719157
20584,Kragujevac,19.45,18.61749902284232
20585,Kragujevac,14.34375,19.16926951555441
20586,Kragujevac,16.80416666666667,19.62992950122141
20587,Kragujevac,17.66083333333333,17.959495192290373
20588,Kragujevac,17.8375,19.35730213537496
20589,Kragujevac,21.775,21.31184381708836
20590,Kragujevac,16.85416666666667,17.931563917546708
20591,Kragujevac,21.65,18.61749902284232
20592,Kragujevac,17.68125,18.61749902284232
20593,Kragujevac,18.27041666666667,18.041675227183354
20594,Kragujevac,23.82916666666667,19.038988597592247
20595,Kragujevac,13.34291666666667,19.06970639887738
20596,Kragujevac,14.4525,16.6925370738423
20597,Kragujevac,11.92083333333333,14.356904078154834
20598,Kragujevac,25.2125,19.28321182363513
20599,Kragujevac,19.29583333333333,20.51598538293068
20600,Kragujevac,21.50833333333333,22.44409977218718
20601,Kragujevac,26.37083333333333,29.69216033460942
20602,Kragujevac,30.8375,31.842218777689062
20603,Kragujevac,28.0375,29.565353239097824
20604,Kragujevac,30.17083333333333,28.54219922973291
20605,Kragujevac,34.0875,23.67842933280897
20606,Kragujevac,23.44166666666666,24.06040151947964
20607,Kragujevac,18.53333333333333,21.36454535488883
20608,Kragujevac,19.73333333333333,23.09234580714416
20609,Kragujevac,16.33,17.247863280953236
20610,Kragujevac,19.24416666666667,20.696925206105337
20611,Kragujevac,20.66625,22.332036599626782
20612,Kragujevac,22.15583333333333,18.812063958332857
20613,Kragujevac,17.18333333333333,17.5684030251905
20614,Kragujevac,18.4625,20.614429002901243
20615,Kragujevac,20.55833333333334,20.1589487620074
20616,Kragujevac,26.13333333333333,20.05833624211072
20617,Kragujevac,22.68333333333333,20.41068626385325
20618,Kragujevac,18.9625,16.8233957402893
20619,Kragujevac,17.75416666666667,18.81560785411789
20620,Kragujevac,15.77458333333333,20.313955723585977
20621,Kragujevac,17.62083333333333,21.5457196647664
20622,Kragujevac,21.97083333333333,25.438161206374577
20623,Kragujevac,23.5,24.78972784590197
20624,Kragujevac,22.42083333333333,26.37916477691612
20625,Kragujevac,20.88333333333333,22.96676685733323
20626,Kragujevac,19.52916666666667,25.29715660701576
20627,Kragujevac,24.08333333333333,28.048097320017646
20628,Kragujevac,26.04583333333333,31.819512657315848
20629,Kragujevac,21.82083333333334,26.957448217912667
20630,Kragujevac,23.21826086956522,25.29715660701576
20631,Kragujevac,16.2625,17.52118420555214
20632,Kragujevac,18.23227272727273,23.61171110066816
20633,Kragujevac,15.82208333333333,21.767326530814515
20634,Kragujevac,15.86916666666666,23.95175025740788
20635,Kragujevac,19.8625,27.14078860564119
20636,Kragujevac,30.34347826086957,25.424870708470014
20637,Kragujevac,17.34583333333333,17.09453080605748
20638,Kragujevac,10.02826086956522,18.84215827231376
20639,Kragujevac,9.103333333333332,20.07750777396602
20640,Kragujevac,13.93958333333333,21.69116483951037
20641,Kragujevac,16.2625,20.14061039970052
20642,Kragujevac,18.685,18.50143912607884
20643,Kragujevac,13.52708333333333,20.738562742169997
20644,Kragujevac,10.25958333333333,19.567905521973582
20645,Kragujevac,14.54416666666667,24.34617652376189
20646,Kragujevac,18.25833333333333,26.67827148320744
20647,Kragujevac,19.90208333333334,20.973816660965213
20648,Kragujevac,10.00583333333333,17.21993200620957
20649,Kragujevac,7.702916666666667,17.646247834799354
20650,Kragujevac,8.473749999999999,18.701875110323325
20651,Kragujevac,11.125,20.62914498275981
20652,Kragujevac,11.72916666666666,19.91427680045561
20653,Kragujevac,13.61916666666667,19.9852932947682
20654,Kragujevac,13.71458333333333,20.93446958299404
20655,Kragujevac,14.41416666666667,22.01740602506869
20656,Kragujevac,19.98333333333333,23.619750927897652
20657,Kragujevac,26.28333333333333,22.750828490565752
20658,Kragujevac,28.62916666666667,22.04682823320954
20659,Kragujevac,31.97083333333333,27.682994284428386
20660,Kragujevac,27.8,27.89715824622093
20661,Kragujevac,26.74166666666667,27.31741269266692
20662,Kragujevac,25.175,27.233427453502944
20663,Kragujevac,27.83333333333333,29.129521883111785
20664,Kragujevac,28.73333333333334,31.14964203664513
20665,Kragujevac,32.59583333333334,31.76607998040518
20666,Kragujevac,30.175,29.89515672506299
20667,Kragujevac,25.10416666666667,28.652374011168032
20668,Kragujevac,20.80833333333333,27.3025131459068
20669,Kragujevac,22.69166666666667,27.192338364471677
20670,Kragujevac,24.15,26.66120147496378
20671,Kragujevac,24.575,21.23012332972452
20672,Kragujevac,13.045,19.567905521973582
20673,Kragujevac,14.72666666666667,18.12307081734856
20674,Kragujevac,22.875,24.890716231544527
20675,Kragujevac,21.9125,27.261478311329043
20676,Kragujevac,16.87,21.10830701228525
20677,Kragujevac,16.985,19.06541388573501
20678,Kragujevac,21.20833333333334,22.564913374290786
20679,Kragujevac,20.05416666666667,23.536878184869742
20680,Kragujevac,23.54166666666667,23.536878184869742
20681,Kragujevac,22.60416666666667,23.515525709582
20682,Kragujevac,20.70416666666667,23.64705296630487
20683,Kragujevac,19.9625,24.27079678461308
20684,Kragujevac,23.53333333333333,23.35188723285123
20685,Kragujevac,23.70833333333334,23.515525709582
20686,Kragujevac,26.4875,25.965173518408783
20687,Kragujevac,30.95,22.19583442652534
20688,Kragujevac,24.62916666666667,22.46322924394289
20689,Kragujevac,18.2625,22.03403425275497
20690,Kragujevac,18.52083333333333,24.28774518996952
20691,Kragujevac,21.03333333333333,25.277421702562503
20692,Kragujevac,19.76363636363636,18.940015445354653
20693,Kragujevac,21.575,19.694816926065787
20694,Kragujevac,26.18333333333333,23.447557190158275
20695,Kragujevac,25.66249999999999,25.180405597850736
20696,Kragujevac,36.80125,27.959790904481487
20697,Kragujevac,8.802916666666667,17.632313640595246
20698,Kragujevac,16.18875,20.34015593925656
20699,Kragujevac,35.0,25.98301924776812
20700,Kragujevac,30.26666666666667,25.165113365851084
20701,Kragujevac,27.03333333333333,23.96357193198823
20702,Kragujevac,29.11250000000001,23.844103037494595
20703,Kragujevac,29.73333333333333,27.18533951404516
20704,Kragujevac,30.2375,28.186312769194217
20705,Kragujevac,19.325,27.788179113212276
20706,Kragujevac,22.75416666666666,28.24885682348
20707,Kragujevac,30.075,27.543259278274387
20708,Kragujevac,25.2,23.73396785794793
20709,Kragujevac,24.30833333333333,26.360387860586457
20710,Kragujevac,21.38750000000001,28.101985680398556
20711,Kragujevac,26.65833333333333,22.422281800022606
20712,Kragujevac,15.94583333333334,24.875165124482447
20713,Kragujevac,23.87083333333333,22.22766666423909
20714,Kragujevac,20.275,27.901020387164888
20715,Kragujevac,22.63375,27.989922507838155
20716,Kragujevac,34.39166666666667,33.96131589979827
20717,Kragujevac,30.42916666666667,32.57545473364801
20718,Kragujevac,22.95583333333333,22.90033972758886
20719,Kragujevac,16.68416666666667,29.719023436067165
20720,Kragujevac,34.69583333333333,49.82319213943823
20721,Kragujevac,32.34166666666666,46.38989138062188
20722,Kragujevac,24.9125,26.34494375622154
20723,Kragujevac,27.87916666666667,27.788589261204944
20724,Kragujevac,32.21208333333333,26.388526996360422
20725,Kragujevac,14.43125,29.15996861047056
20726,Kragujevac,16.77541666666667,30.4800875241198
20727,Kragujevac,24.5625,29.02302941296516
20728,Kragujevac,41.09999999999999,26.5156747628865
20729,Kragujevac,19.01125,29.50921425460553
20730,Kragujevac,13.55416666666667,21.03937448654214
20731,Kragujevac,13.2525,21.50370285840032
20732,Kragujevac,17.2875,37.338347325503854
20733,Kragujevac,23.14166666666666,31.963470065805843
20734,Kragujevac,22.55416666666666,26.857945428745623
20735,Kragujevac,21.38791666666667,26.82960049290564
20736,Kragujevac,16.19041666666667,23.09580720112893
20737,Kragujevac,20.81375,26.05617055710871
20738,Kragujevac,27.90416666666666,30.5014900925036
20739,Kragujevac,11.0,25.661699167207217
20740,Kragujevac,24.425,41.36439822665641
20741,Kragujevac,40.89375,42.280372768991
20742,Kragujevac,24.68166666666667,30.78941343730196
20743,Kragujevac,35.42083333333333,60.72751898113001
20744,Kragujevac,26.395,35.87871777889755
20745,Kragujevac,15.73625,25.84466692998336
20746,Kragujevac,26.04291666666667,77.25004258276188
20747,Kragujevac,40.75000000000001,88.03079202677095
20748,Kragujevac,38.10909090909092,69.77881879256809
20749,Kragujevac,31.80541666666667,54.03353539393614
20750,Kragujevac,23.48125,18.408737512648848
20751,Kragujevac,8.225416666666668,19.08470278882992
20752,Kragujevac,28.44090909090909,32.43907967100847
20753,Kragujevac,40.7375,47.05661782219628
20754,Kragujevac,42.80416666666665,32.63799319274197
20755,Kragujevac,12.79666666666667,19.073679947050987
20756,Kragujevac,11.29583333333333,24.414830069793627
20757,Kragujevac,31.28625,72.3432849664405
20758,Kragujevac,20.26916666666667,35.97792030627413
20759,Kragujevac,35.05249999999999,61.42979206827326
20760,Kragujevac,37.40000000000001,29.514539342292917
20761,Kragujevac,17.40458333333333,21.063361505384066
20762,Kragujevac,21.62916666666667,33.0977438088056
20763,Kragujevac,20.74166666666666,28.006473139402384
20764,Kragujevac,40.05000000000001,63.603941611014974
20765,Kragujevac,48.67083333333334,71.15913756498864
20766,Kragujevac,44.08260869565218,41.03358025010264
20767,Kragujevac,36.0375,38.78317570368739
20768,Kragujevac,47.7625,74.27955883625368
20769,Kragujevac,51.48333333333332,59.43947394906
20770,Kragujevac,48.43913043478261,90.37368873375752
20771,Kragujevac,52.00416666666666,87.27341697778408
20772,Kragujevac,47.34999999999999,88.3798345564219
20773,Kragujevac,29.99166666666666,30.80412391418769
20774,Kragujevac,22.69583333333334,27.310518118690712
20775,Kragujevac,29.85416666666666,27.02900555946889
20776,Kragujevac,39.30541666666666,62.23691049842444
20777,Kragujevac,56.02500000000001,119.8555157677519
20778,Kragujevac,76.50416666666668,132.52561343574789
20779,Kragujevac,72.46250000000002,93.61981021335448
20780,Kragujevac,83.6125,57.26463256890749
20781,Kragujevac,56.70833333333332,51.76718125849222
20782,Kragujevac,30.48333333333333,39.28293356361087
20783,Kragujevac,22.50958333333333,37.66601268494411
20784,Kragujevac,64.14166666666667,63.16983039855645
20785,Kragujevac,67.70416666666667,106.01836145744076
20786,Kragujevac,74.49166666666667,86.16175343793286
20787,Kragujevac,64.47916666666666,77.25004258276188
20788,Kragujevac,79.54166666666667,128.80892822600984
20789,Kragujevac,73.72500000000001,61.42596510100497
20790,Kragujevac,57.45000000000001,107.08846559719188
20791,Kragujevac,68.4375,131.94473259192176
29177,Kragujevac,52.59999999999999,74.70880942160892
29178,Kragujevac,40.55,66.74218819117483
29179,Kragujevac,47.45416666666667,74.10762450596249
29180,Kragujevac,36.93333333333333,61.75633195438988
29181,Kragujevac,61.25833333333333,33.68322516072871
29182,Kragujevac,16.68791666666667,40.09326965488298
29183,Kragujevac,30.7525,22.3643119148206
29184,Kragujevac,20.11166666666667,30.92205410759776
29185,Kragujevac,29.7375,60.16730796582938
29186,Kragujevac,53.09583333333334,104.18062883461631
29187,Kragujevac,62.45833333333334,62.14199687286904
29188,Kragujevac,51.65416666666666,77.69662397136965
29189,Kragujevac,62.70000000000001,73.1174970552282
29190,Kragujevac,63.49166666666668,119.8555157677519
29191,Kragujevac,74.825,23.36131602971104
29192,Kragujevac,39.94083333333334,64.12339391217618
29193,Kragujevac,32.70000000000001,27.55565895899937
29194,Kragujevac,33.45041666666666,38.89582609943801
29195,Kragujevac,27.76041666666667,27.63936735373901
29196,Kragujevac,24.8125,26.447689057649114
29197,Kragujevac,45.56666666666666,104.04188690988042
29198,Kragujevac,53.74583333333333,67.2675976684317
29199,Kragujevac,81.39166666666667,119.55940276687936
29200,Kragujevac,56.7,64.15713929652563
29201,Kragujevac,37.47083333333334,31.395519911256127
29202,Kragujevac,41.74583333333334,93.56378627627652
29203,Kragujevac,22.59041666666667,22.801995431999583
29204,Kragujevac,20.40208333333333,32.21419405980345
29205,Kragujevac,48.77916666666667,112.9548488470924
29206,Kragujevac,67.79166666666667,104.18062883461631
29207,Kragujevac,70.08333333333333,113.0935907718283
29208,Kragujevac,97.80416666666667,118.27484224862415
29209,Kragujevac,42.5875,60.92094767070757
29210,Kragujevac,46.17083333333334,73.56747328303052
29211,Kragujevac,43.18750000000001,50.79796014540519
29212,Kragujevac,63.65833333333334,74.56621251791643
29213,Kragujevac,68.98333333333333,118.10812389139596
29214,Kragujevac,63.27083333333331,42.9193068044859
29215,Kragujevac,61.275,88.25691533268473
29216,Kragujevac,56.47916666666666,30.797885273717576
29217,Kragujevac,39.08333333333333,33.46075486409437
29218,Kragujevac,28.02500000000001,31.328792540953177
29219,Kragujevac,23.57916666666667,33.05688239877264
29220,Kragujevac,15.73791666666667,25.21311108013748
29221,Kragujevac,31.45416666666666,53.64971705431463
29222,Kragujevac,45.3875,78.9891307676264
29223,Kragujevac,51.61666666666665,77.22241223610506
29224,Kragujevac,48.75833333333333,86.36271873116652
29225,Kragujevac,45.05,92.20533232161546
29226,Kragujevac,57.59583333333334,87.26278689551695
29227,Kragujevac,51.80833333333332,66.51359255128435
29228,Kragujevac,44.08333333333334,84.91563000113386
29229,Kragujevac,42.02083333333334,39.4015487187187
29230,Kragujevac,21.10291666666667,24.390334794812635
29231,Kragujevac,13.915,27.48218235263855
29232,Kragujevac,25.53333333333333,34.28148479433866
29233,Kragujevac,25.78333333333333,36.74510820559218
29234,Kragujevac,27.725,31.124739055557335
29235,Kragujevac,28.47916666666667,35.21335012029019
29236,Kragujevac,43.02083333333332,36.50652424656727
29237,Kragujevac,29.85833333333333,22.763540247483515
29238,Kragujevac,19.17666666666667,40.24329104278312
29239,Kragujevac,29.00833333333334,36.86025852976928
29240,Kragujevac,31.82916666666668,44.61179021977729
29241,Kragujevac,51.17916666666667,75.89422952238809
29242,Kragujevac,41.99166666666667,52.51738730420083
29243,Kragujevac,31.04583333333333,35.666205057786115
29244,Kragujevac,20.195,32.61636729626382
29245,Kragujevac,28.30416666666667,28.154391850260527
29246,Kragujevac,23.725,27.76215010371902
29247,Kragujevac,18.375,24.847202928501044
29248,Kragujevac,12.85875,22.3643119148206
29249,Kragujevac,19.6875,29.750939361619533
29250,Kragujevac,38.26291666666667,56.04583306248613
29251,Kragujevac,38.875,73.9081320954814
29252,Kragujevac,40.25833333333334,60.70036566793261
29253,Kragujevac,30.005,53.13489122326894
29254,Kragujevac,32.06249999999999,62.69036848906772
29255,Kragujevac,27.3125,40.92945924348177
29256,Kragujevac,29.06666666666667,74.34443359534919
29257,Kragujevac,35.5375,74.45649676790958
29258,Kragujevac,41.675,74.45649676790958
29259,Kragujevac,30.6,36.85951017263184
29260,Kragujevac,16.36458333333334,28.088616252853576
29261,Kragujevac,22.6875,53.50592878041708
29262,Kragujevac,19.20833333333334,23.530986097315505
29263,Kragujevac,31.92416666666667,21.77902037898572
29264,Kragujevac,18.33166666666667,22.19003105893428
29265,Kragujevac,21.61083333333334,33.22507760485747
29266,Kragujevac,16.64333333333333,28.962170492276588
29267,Kragujevac,54.55454545454545,34.255711104750176
29268,Kragujevac,74.91666666666666,41.20782166395389
29269,Kragujevac,20.52166666666666,21.56584237451477
29270,Kragujevac,14.4625,30.55939349644337
29271,Kragujevac,18.17791666666667,28.63725335365356
29272,Kragujevac,17.73333333333333,26.847130864809028
29273,Kragujevac,18.08125,33.005534559341754
29274,Kragujevac,15.89166666666667,29.05369552602975
29275,Kragujevac,14.03458333333333,28.36906693095623
29276,Kragujevac,17.02125,28.92751205431307
29277,Kragujevac,24.80333333333333,28.962170492276588
29278,Kragujevac,29.70833333333333,35.61417010056794
29279,Kragujevac,36.3,31.857726445728414
29280,Kragujevac,28.79583333333333,25.442975063053503
29281,Kragujevac,17.82,29.512381429645227
29282,Kragujevac,24.42916666666666,31.04133709905196
29283,Kragujevac,43.67250000000001,22.481786659749567
29284,Kragujevac,9.121666666666668,19.894006702625106
29285,Kragujevac,17.32083333333333,36.060964191408345
29286,Kragujevac,20.26583333333333,35.356300851379395
29287,Kragujevac,19.7725,37.81319932119564
29288,Kragujevac,20.6625,22.369564370543955
29289,Kragujevac,21.49583333333334,41.55358772400246
29290,Kragujevac,19.26749999999999,18.13196576492377
29291,Kragujevac,11.2625,25.702114629904983
29292,Kragujevac,24.53333333333333,34.74601123972166
29293,Kragujevac,17.94666666666667,23.962863486872443
29294,Kragujevac,10.74333333333333,29.65406082850395
29295,Kragujevac,12.86875,25.41185043997639
29296,Kragujevac,12.32083333333333,26.14013534255163
29297,Kragujevac,16.825,23.456178453317
29298,Kragujevac,12.01375,22.131545078655293
29299,Kragujevac,10.50375,18.908194854718744
29300,Kragujevac,9.969583333333334,16.607404321955777
29301,Kragujevac,21.3875,21.28275565955261
29302,Kragujevac,17.65833333333333,23.534989793744472
29303,Kragujevac,11.39375,23.21609688100423
29304,Kragujevac,10.26,20.00174478280813
29305,Kragujevac,10.895,22.21606785672437
29306,Kragujevac,10.86791666666667,19.30274794952629
29307,Kragujevac,12.26833333333334,22.80389379824486
29308,Kragujevac,12.48583333333333,26.639967508110068
29309,Kragujevac,12.41333333333333,18.809815193860526
29310,Kragujevac,11.735,22.67617969679061
29311,Kragujevac,12.14916666666667,19.20247490314962
29312,Kragujevac,7.11,18.800944455649606
29313,Kragujevac,11.70041666666667,22.50682413436864
29314,Kragujevac,17.025,22.56117102985121
29315,Kragujevac,16.70875000000001,24.073746713423358
29316,Kragujevac,13.575,21.00141612725989
29317,Kragujevac,11.9475,17.205997812005464
29318,Kragujevac,21.4125,18.880637521158032
29319,Kragujevac,21.14375,16.145445221055642
29320,Kragujevac,8.97875,17.151518154314196
29321,Kragujevac,13.82125,23.103738842774472
29322,Kragujevac,19.53333333333333,22.247969029228678
29323,Kragujevac,18.225,23.159705715462728
29324,Kragujevac,17.95833333333333,23.21609688100423
29325,Kragujevac,16.04875,20.67284340227021
29326,Kragujevac,17.005,17.03055911362461
29327,Kragujevac,16.43666666666667,19.00150960991596
29328,Kragujevac,17.08333333333334,19.05577220467327
29329,Kragujevac,13.515,20.794234749188888
29330,Kragujevac,11.3225,19.526607391152723
29331,Kragujevac,11.20541666666667,18.03980613480562
29332,Kragujevac,9.44375,19.567905521973582
29333,Kragujevac,13.85541666666666,18.617059250273947
29334,Kragujevac,10.83208333333333,22.44409977218718
29335,Kragujevac,12.565,24.64149909818161
29336,Kragujevac,14.38291666666667,26.85273058263632
29337,Kragujevac,17.95416666666667,24.758642876892285
29338,Kragujevac,36.67916666666667,23.86208267101676
29339,Kragujevac,27.5375,25.146663612573462
29340,Kragujevac,16.71583333333333,18.03980613480562
29341,Kragujevac,17.01208333333333,17.29479884990442
29342,Kragujevac,10.82083333333333,19.50087824800349
29343,Kragujevac,9.777083333333332,20.776048821783235
29344,Kragujevac,12.64166666666667,24.22101896969557
29345,Kragujevac,17.675,26.840190156322368
29346,Kragujevac,18.91666666666667,28.77064204534907
29347,Kragujevac,17.90875,29.570390570267307
29348,Kragujevac,42.07916666666667,25.969608402564106
29349,Kragujevac,37.60833333333334,27.514209932726665
29350,Kragujevac,35.48333333333333,26.2812194793512
29351,Kragujevac,25.625,20.33108456959974
29352,Kragujevac,20.98583333333334,27.92748404620017
29353,Kragujevac,17.1,22.099693528971777
29354,Kragujevac,15.51833333333333,23.228204811745805
29355,Kragujevac,14.395,15.675437778715905
29356,Kragujevac,20.05,25.846758263840087
29357,Kragujevac,23.4375,24.31499408967146
29358,Kragujevac,18.15,25.520902692014285
29359,Kragujevac,20.8,23.55296685932793
29360,Kragujevac,9.5425,13.89239314515214
29361,Kragujevac,12.18666666666667,18.88147288089386
29362,Kragujevac,13.39041666666667,20.28088489837027
29363,Kragujevac,11.00708333333333,18.76326517149368
29364,Kragujevac,9.58625,22.794412763525965
29365,Kragujevac,14.02083333333333,25.418067880921605
29366,Kragujevac,15.63333333333333,25.918811131868363
29367,Kragujevac,18.04583333333333,29.33580439224909
29368,Kragujevac,22.6625,30.02467972736639
29369,Kragujevac,20.95909090909091,29.41751746386562
29370,Kragujevac,22.4875,32.452395738467125
29371,Kragujevac,20.05,30.5082688668238
29372,Kragujevac,19.78333333333333,26.797475380523714
29373,Kragujevac,17.07958333333333,31.05278269681363
29374,Kragujevac,21.225,36.14857897631318
29375,Kragujevac,27.99583333333333,36.05347234020649
29376,Kragujevac,30.01250000000001,34.173813851670324
29377,Kragujevac,24.71428571428572,32.03952159329408
29378,Kragujevac,21.1125,22.33239653798903
29379,Kragujevac,21.30416666666667,29.70457351646404
29380,Kragujevac,20.575,25.1414127979434
29381,Kragujevac,20.24166666666667,26.91585288446961
29382,Kragujevac,20.99583333333333,17.19147858471486
29383,Kragujevac,12.74791666666667,18.872704154979942
29384,Kragujevac,13.58083333333333,19.49060514568912
29385,Kragujevac,11.74916666666667,22.666698662071717
29386,Kragujevac,9.874166666666666,24.7543928694292
29387,Kragujevac,15.59416666666666,22.66090306757617
29388,Kragujevac,12.97291666666667,20.831148148532517
29389,Kragujevac,11.46625,20.70343404707826
29390,Kragujevac,12.415,26.68585558505338
29391,Kragujevac,20.325,21.80802277491153
29392,Kragujevac,14.83916666666666,19.738395429690573
29393,Kragujevac,9.840416666666664,21.714164041222308
29394,Kragujevac,12.89875,24.20050836995372
29395,Kragujevac,10.34958333333333,20.12318815160337
29396,Kragujevac,8.4125,21.737165829999093
29397,Kragujevac,9.595833333333331,25.31509505208698
29398,Kragujevac,13.51208333333333,23.235786820027688
29399,Kragujevac,12.62041666666667,24.51063557617623
29400,Kragujevac,11.08583333333334,25.232716439030597
29401,Kragujevac,13.68041666666667,26.039530280389144
29402,Kragujevac,14.78833333333334,29.564791376795267
29403,Kragujevac,17.775,30.522230220528588
29404,Kragujevac,17.92083333333333,37.02215584913006
29405,Kragujevac,19.9625,29.90301293015888
29406,Kragujevac,19.42499999999999,27.14574791295483
29407,Kragujevac,17.13333333333334,29.49596295508783
29408,Kragujevac,16.65416666666667,23.235786820027688
29409,Kragujevac,10.45875,21.92984162892607
29410,Kragujevac,17.30083333333333,26.96526031475089
29411,Kragujevac,17.55291666666667,27.96218820054481
29412,Kragujevac,15.785,29.78051503966083
29413,Kragujevac,14.63958333333333,31.339284645173
29414,Kragujevac,18.33333333333333,30.74416759063432
29415,Kragujevac,24.27916666666667,32.74721231459414
29416,Kragujevac,24.95,31.2156513069361
29417,Kragujevac,21.025,28.288102600914517
29418,Kragujevac,23.4375,31.34112847230369
29419,Kragujevac,17.96833333333333,23.27164120209806
29420,Kragujevac,18.91791666666667,29.78198024855096
29421,Kragujevac,22.47083333333333,32.91523195025218
29422,Kragujevac,24.91666666666666,36.84565726269766
29423,Kragujevac,25.86666666666666,39.568027149126046
29424,Kragujevac,28.40833333333333,36.41125395660407
29425,Kragujevac,28.52083333333333,37.23802385453372
29426,Kragujevac,23.99583333333333,32.82408530385163
29427,Kragujevac,17.575,27.5997302065538
29428,Kragujevac,17.725,30.541646467749725
29429,Kragujevac,21.98181818181818,34.7843724469507
29430,Kragujevac,9.85,17.54669121181634
29431,Kragujevac,12.51958333333334,16.406510869412998
29432,Kragujevac,11.50458333333333,23.20498339382781
29433,Kragujevac,8.132916666666665,17.884899082632202
29434,Kragujevac,3.930833333333333,18.265257752936048
29435,Kragujevac,4.240416666666667,16.545975191237325
29436,Kragujevac,4.472916666666666,20.12151067318427
29437,Kragujevac,9.707083333333337,22.128591672501862
29438,Kragujevac,14.52666666666666,30.32049272947769
29439,Kragujevac,13.50458333333334,21.91957436110001
29440,Kragujevac,9.470416666666669,22.306858368522917
29441,Kragujevac,11.78041666666667,27.47900399358514
29442,Kragujevac,10.59125,31.11343656135952
29443,Kragujevac,13.06666666666667,26.461340117967023
29444,Kragujevac,12.24,24.85645944122217
29445,Kragujevac,10.31333333333333,26.32432347016701
29446,Kragujevac,9.719166666666666,24.85645944122217
29447,Kragujevac,8.89625,23.536878184869742
29448,Kragujevac,12.49291666666666,20.909291351890168
29449,Kragujevac,3.365416666666667,14.271003775652002
29450,Kragujevac,5.284166666666667,19.760312296171463
29451,Kragujevac,6.952916666666668,32.66044163227733
29452,Kragujevac,9.287083333333332,29.655029988495176
29453,Kragujevac,6.500416666666667,20.745845218582005
29454,Kragujevac,5.605,17.189942088672904
29455,Kragujevac,9.386666666666663,26.900902925111478
29456,Kragujevac,9.415000000000004,27.03863829583072
29457,Kragujevac,3.084583333333334,26.41123836181008
29458,Kragujevac,1.452916666666667,25.5238119624945
29459,Kragujevac,6.895833333333333,25.181296431970125
29460,Kragujevac,27.27083333333333,25.5238119624945
29461,Kragujevac,25.09125,21.63200463904663
29462,Kragujevac,30.1875,44.640487361618376
29463,Kragujevac,29.34999999999999,32.885880008478715
29464,Kragujevac,28.98333333333333,43.06141898801464
29465,Kragujevac,30.47083333333333,34.219339365093745
29466,Kragujevac,37.84583333333334,51.24281266200136
29467,Kragujevac,37.07083333333333,28.38216254336756
29468,Kragujevac,27.00416666666667,40.89005305319259
29469,Kragujevac,33.71666666666666,40.89005305319259
29470,Kragujevac,32.59583333333333,42.09774184283713
29471,Kragujevac,45.78333333333333,60.71533557182665
29472,Kragujevac,53.21250000000001,69.99475398969578
29473,Kragujevac,59.13333333333333,69.97661691076205
29474,Kragujevac,64.25000000000001,60.82739874438705
29475,Kragujevac,60.82500000000002,62.90630368619542
29476,Kragujevac,54.49166666666667,54.47994750663501
29477,Kragujevac,50.24583333333333,61.05551735081811
29478,Kragujevac,61.36666666666667,60.69719849289292
29479,Kragujevac,64.96666666666667,64.21991109391348
29480,Kragujevac,64.5375,80.30651196921252
29481,Kragujevac,60.49999999999998,57.2872232664209
29482,Kragujevac,54.95000000000001,69.77881879256809
29483,Kragujevac,40.28333333333333,44.2292437544902
29484,Kragujevac,51.05833333333333,68.51504823932949
29485,Kragujevac,60.6875,90.26141789828884
29486,Kragujevac,76.36666666666667,74.25814345087309
29487,Kragujevac,78.79583333333335,86.36271873116652
29488,Kragujevac,75.12916666666666,94.54446643425598
29489,Kragujevac,87.72499999999998,104.50040481092452
29490,Kragujevac,111.0333333333333,87.80219638688047
29491,Kragujevac,82.12916666666666,93.93958618966268
29492,Kragujevac,75.40833333333333,40.204752931961536
29493,Kragujevac,39.02083333333334,47.31827897066936
29494,Kragujevac,42.62916666666667,55.88620300499414
29495,Kragujevac,38.54166666666666,33.49139366595414
29496,Kragujevac,37.45833333333334,47.19617546705968
29497,Kragujevac,45.45,75.46466858926394
29498,Kragujevac,58.625,93.61981021335448
29499,Kragujevac,80.40833333333335,78.65121771238448
29500,Kragujevac,82.60416666666667,66.40152937872395
29501,Kragujevac,33.6625,24.139053274541254
29502,Kragujevac,22.18875,20.419698659266604
29503,Kragujevac,13.05708333333333,21.254358519122967
29504,Kragujevac,30.6,63.35284598112666
29505,Kragujevac,41.54166666666666,69.11838400380901
29506,Kragujevac,60.92083333333334,73.2295602277886
29507,Kragujevac,85.00833333333333,50.14576484906277
29508,Kragujevac,73.475,94.16818182955316
29509,Kragujevac,88.125,33.83044930202217
29510,Kragujevac,24.11666666666666,27.60709837213722
29511,Kragujevac,24.18458333333333,59.88752574003811
29512,Kragujevac,24.08458333333333,28.821966201817794
29513,Kragujevac,34.57916666666666,36.26226009231167
29514,Kragujevac,29.40416666666667,51.76718125849222
29515,Kragujevac,48.89166666666666,44.87172168626079
29516,Kragujevac,41.69166666666667,49.19271044049502
29517,Kragujevac,33.6625,27.34762596109873
29518,Kragujevac,43.25041666666667,45.70660967154344
29519,Kragujevac,31.05833333333333,38.50494833269936
29520,Kragujevac,44.59166666666667,61.42596510100497
29521,Kragujevac,42.82083333333333,51.9410048523069
29522,Kragujevac,31.41666666666667,30.617993131559857
29523,Kragujevac,34.69166666666667,53.431421134137416
29524,Kragujevac,51.20833333333334,51.44740528218404
29525,Kragujevac,40.52916666666667,50.72357026614311
29526,Kragujevac,45.06250000000001,30.561658515663005
29527,Kragujevac,39.57916666666667,56.20390494288402
29528,Kragujevac,65.02083333333333,77.13797941020148
29529,Kragujevac,87.75833333333333,120.25340948906808
29530,Kragujevac,89.51666666666665,103.26421984485216
29531,Kragujevac,55.31916666666665,22.36202295614151
29532,Kragujevac,27.34083333333334,66.54366797423499
29533,Kragujevac,51.0375,63.36167818696045
29534,Kragujevac,29.74166666666666,23.813748975744417
29535,Kragujevac,27.72041666666667,43.785572653472975
29536,Kragujevac,55.66249999999999,70.64258380743972
29537,Kragujevac,35.31249999999999,62.840212008200055
29538,Kragujevac,57.2875,89.60098310952978
29539,Kragujevac,70.17083333333333,106.76868962088368
29540,Kragujevac,77.87083333333332,122.0192392915223
29541,Kragujevac,83.35416666666666,121.37509260960375
29542,Kragujevac,113.5083333333333,130.94957493289212
32747,Loznica,59.68,51.44098145337282
32748,Loznica,63.47,61.57372851324184
32749,Loznica,27.93,35.75683049594117
32750,Loznica,48.25,51.67456474230081
32751,Loznica,104.46,119.70078664573713
32752,Loznica,218.39,99.93095003513966
32753,Loznica,64.55,19.157197476691643
32754,Loznica,29.57,19.72776398857052
32755,Loznica,46.61,32.83760951240275
32756,Loznica,80.36,48.18114137716128
32757,Loznica,70.18,68.95240569945692
32758,Loznica,73.27,49.9772524714376
32759,Loznica,80.7,66.83174795724386
32760,Loznica,98.11,73.25506903149098
32761,Loznica,71.27,58.693630866046
32762,Loznica,67.28,52.56426529483962
32763,Loznica,72.36,22.17637223398282
32764,Loznica,28.84,41.76881454605386
32765,Loznica,25.21,19.19477003056973
32766,Loznica,51.51,45.18992633583215
32767,Loznica,92.51,67.91186557150168
32768,Loznica,119.54,74.85426559299835
32769,Loznica,96.66,33.45054589695854
32770,Loznica,61.85,40.43382234149348
32771,Loznica,69.28,48.273050745429146
32772,Loznica,80.34,73.79940702809202
32773,Loznica,40.99,21.28254455103633
32774,Loznica,48.61,47.43516608039072
32775,Loznica,78.0,61.61546776772866
32776,Loznica,98.66,69.81855454556805
32777,Loznica,110.99,73.25506903149098
32778,Loznica,132.21,89.04864885088278
32779,Loznica,76.91,57.9281726574384
32780,Loznica,68.02,62.46048581089555
32781,Loznica,77.45,73.93121339740672
32782,Loznica,104.64,63.94342523881412
32783,Loznica,86.7,68.75688361466855
32784,Loznica,70.0,35.747896443016245
32785,Loznica,36.45,45.23779093371845
32786,Loznica,35.55,27.990101416081394
32787,Loznica,30.84,29.73750820989786
32788,Loznica,22.13,29.018285545561984
32789,Loznica,34.28,26.177804275125418
32790,Loznica,27.57,19.302466423724887
32791,Loznica,45.34,43.14989651968098
32792,Loznica,58.95,55.45348490354516
32793,Loznica,70.2,60.598443150788384
32794,Loznica,87.78,45.23779093371845
32795,Loznica,58.04,51.95146880410277
32796,Loznica,70.91,61.93566072098427
32797,Loznica,49.7,30.83437034894852
32798,Loznica,54.6,48.022726040847054
32799,Loznica,38.45,27.91684713105064
32800,Loznica,25.93,27.55482485087048
32801,Loznica,35.91,50.597658178799776
32802,Loznica,63.85,50.9856925026058
32803,Loznica,64.03,46.58926201524157
32804,Loznica,60.58,45.06891725646732
32805,Loznica,64.39,55.78751659316383
32806,Loznica,95.59,84.07907753172438
32807,Loznica,88.16,49.13826849308907
32808,Loznica,61.48,47.8842576617
32809,Loznica,45.52,42.98685857498686
32810,Loznica,59.12,50.73571258157968
32811,Loznica,78.9,54.132733927817576
32812,Loznica,54.76,22.70519090884417
32813,Loznica,84.63,24.10236330491858
32814,Loznica,37.36,44.368565843909415
32815,Loznica,35.0,23.471069968149173
32816,Loznica,22.13,33.08954664780863
32817,Loznica,23.94,24.91610718872807
32818,Loznica,29.2,19.826952046559654
32819,Loznica,43.53,44.06469927820273
32820,Loznica,44.26,41.06668093453514
32821,Loznica,61.66,50.61580439320499
32822,Loznica,39.17,38.91453085606774
32823,Loznica,40.63,31.600618996125643
32824,Loznica,34.1,36.71346858288222
32825,Loznica,45.16,47.4977946123032
32826,Loznica,57.5,45.938933360181615
32827,Loznica,50.42,51.43685500804285
32828,Loznica,31.56,28.5424682072937
32829,Loznica,23.94,40.1034709930582
32830,Loznica,39.35,39.5101478592855
32831,Loznica,36.27,40.58059387286586
32832,Loznica,69.28,24.59797186673592
32833,Loznica,22.31,23.53763368707052
32834,Loznica,34.46,30.017051126504683
32835,Loznica,23.94,34.18451638885037
32836,Loznica,65.3,52.644868301997256
32837,Loznica,95.05,49.74394222186725
32838,Loznica,13.97,20.056211003447395
32839,Loznica,19.41,29.200756757861065
32840,Loznica,18.5,28.55305405989405
32841,Loznica,25.75,29.200756757861065
32842,Loznica,26.48,28.344682615807105
32843,Loznica,23.58,28.344682615807105
32844,Loznica,21.4,28.5424682072937
32845,Loznica,32.29,31.02893859171514
32846,Loznica,34.28,27.203578972535936
32847,Loznica,27.02,31.19171818450513
32848,Loznica,39.54,31.600618996125643
32849,Loznica,29.92,28.01645495150113
32850,Loznica,27.57,29.200756757861065
32851,Loznica,30.29,32.626472270102234
32852,Loznica,44.08,22.248860769834355
32853,Loznica,12.52,16.375559202030068
32854,Loznica,23.4,21.38169302722138
32855,Loznica,23.03,29.144898282360817
32856,Loznica,26.66,24.36357228198826
32857,Loznica,15.78,21.41534569428826
32858,Loznica,33.01,38.2004232459859
32859,Loznica,35.73,26.81634818135067
32860,Loznica,27.74,19.189906660362475
32861,Loznica,23.76,28.82009734798991
32862,Loznica,25.21,24.229532369004552
32863,Loznica,22.13,25.41383417536448
32864,Loznica,20.68,24.855153445247613
32865,Loznica,22.13,24.946150944315374
32866,Loznica,25.76,23.74892381609091
32867,Loznica,17.59,23.82930117147772
32868,Loznica,19.41,17.94457581979549
32869,Loznica,13.6,15.408128995971488
32870,Loznica,18.68,18.742238860413863
32871,Loznica,19.95,22.66340249972115
32872,Loznica,20.32,17.94457581979549
32873,Loznica,29.72,18.49114199815541
32874,Loznica,23.21,20.668770171686376
32875,Loznica,15.05,17.645748916372494
32876,Loznica,18.14,18.742238860413863
32877,Loznica,25.39,19.955588463652656
32878,Loznica,18.14,18.25440273079704
32879,Loznica,26.3,21.310227016110098
32880,Loznica,27.39,20.12446214090378
32881,Loznica,21.04,19.194424465632984
32882,Loznica,25.39,19.81420913907755
32883,Loznica,16.5,19.739158587240254
32884,Loznica,18.14,21.735593709896865
32885,Loznica,20.49,20.42264839226681
32886,Loznica,18.86,16.901012685950704
32887,Loznica,14.51,18.671858379376943
32888,Loznica,15.6,18.253915569892904
32889,Loznica,19.05,21.018975134586043
32890,Loznica,31.2,23.948923185300195
32891,Loznica,32.65,25.51733980956877
32892,Loznica,30.47,22.713656087356483
32893,Loznica,29.02,23.37202794366851
32894,Loznica,17.23,16.5411292654329
32895,Loznica,16.33,14.643499928735498
32896,Loznica,14.15,15.415949593668303
32897,Loznica,14.69,18.96615550170391
32898,Loznica,20.49,20.035741678703708
32899,Loznica,22.13,20.42095644746568
32900,Loznica,32.28,28.15036463395977
32901,Loznica,30.65,25.07650779318128
32902,Loznica,25.39,23.864191735726944
32903,Loznica,39.53,23.72938405920299
32904,Loznica,57.86,23.77863723894521
32905,Loznica,60.39,22.43137418042881
32906,Loznica,25.39,20.366597946258526
32907,Loznica,21.58,20.01068757832935
32908,Loznica,26.66,19.849867510918664
32909,Loznica,27.38,19.95325586679156
32910,Loznica,23.04,17.997502629992074
32911,Loznica,21.21,20.551274553911924
32912,Loznica,25.21,22.368954822699912
32913,Loznica,23.22,25.10252678802283
32914,Loznica,28.84,22.40523900272333
32915,Loznica,13.06,13.496965291608094
32916,Loznica,17.78,18.291700996199555
32917,Loznica,22.13,18.54272294497293
32918,Loznica,18.5,19.50899171502088
32919,Loznica,21.76,21.82444445357419
32920,Loznica,23.03,25.545059749029527
32921,Loznica,35.73,23.83382500609062
32922,Loznica,31.92,24.051951863083968
32923,Loznica,32.46,25.256368714008264
32924,Loznica,36.63,25.669795675691507
32925,Loznica,30.65,25.669795675691507
32926,Loznica,38.08,31.726673552861392
32927,Loznica,40.62,23.04421874904061
32928,Loznica,43.16,29.326963766870705
32929,Loznica,45.35,32.13514574859957
32930,Loznica,46.8,27.88597756130491
32931,Loznica,33.91,26.67068443343797
32932,Loznica,36.82,23.94132881221041
32933,Loznica,28.11,21.22397410437696
32934,Loznica,21.4,18.63019816217917
32935,Loznica,26.12,23.72625303471985
32936,Loznica,31.56,23.354748207422805
32937,Loznica,31.56,18.59873531137844
32938,Loznica,18.32,21.82948787127919
32939,Loznica,24.12,20.789618582840305
32940,Loznica,25.94,21.9610177981006
32941,Loznica,31.37,24.526929612506745
32942,Loznica,21.76,24.740382132087333
32943,Loznica,20.49,22.14757783076926
32944,Loznica,33.19,22.0069991523142
32945,Loznica,32.83,24.5323834508754
32946,Loznica,39.35,22.69718248700588
32947,Loznica,21.22,20.390103520217917
32948,Loznica,21.22,21.644596210829103
32949,Loznica,21.59,21.959921284035435
32950,Loznica,17.59,22.8159954260894
32951,Loznica,29.2,23.374676156206267
32952,Loznica,30.84,22.976815493500084
32953,Loznica,27.7,24.06416207594277
32954,Loznica,27.03,29.48192953807079
32955,Loznica,44.8,24.06416207594277
32956,Loznica,35.91,25.544876776133385
32957,Loznica,42.62,27.38084744573427
32958,Loznica,46.07,31.998583793960663
32959,Loznica,32.83,30.24254688087246
32960,Loznica,34.28,27.03841269278156
32961,Loznica,59.85,28.96877380035444
32962,Loznica,38.81,24.990975160900085
32963,Loznica,36.09,18.986885269547464
32964,Loznica,28.29,19.66429917151788
32965,Loznica,33.55,24.92040987655722
32966,Loznica,27.2,24.62284280605964
32967,Loznica,35.36,24.62284280605964
32968,Loznica,33.01,24.62284280605964
32969,Loznica,35.73,26.8259775294402
32970,Loznica,37.36,24.695352986513235
32971,Loznica,38.45,25.58921852866362
32972,Loznica,34.46,23.88149817110564
32973,Loznica,37.73,24.695352986513235
32974,Loznica,36.26,24.22448021929507
32975,Loznica,39.72,25.549909156844137
32976,Loznica,39.17,27.27668909441017
32977,Loznica,44.26,27.635299192574013
32978,Loznica,42.44,29.68165679820588
32979,Loznica,49.7,29.98036238726092
32980,Loznica,53.32,33.35405674176327
32981,Loznica,37.55,23.023430064704183
32982,Loznica,40.63,24.098841230160915
32983,Loznica,40.62,28.737646012968717
32984,Loznica,45.35,20.00647239030985
32985,Loznica,21.77,16.590575691740387
32986,Loznica,23.21,20.0876204420958
32987,Loznica,21.59,21.605919415874027
32988,Loznica,10.7,16.376203971749316
32989,Loznica,6.35,13.574124084439266
32990,Loznica,8.71,15.244492304707377
32991,Loznica,24.66,22.511361564019747
32992,Loznica,34.27,28.86966032671501
32993,Loznica,35.37,17.7725676388853
32994,Loznica,24.85,18.55685677734052
32995,Loznica,31.74,22.565337990750457
32996,Loznica,34.28,22.979062144693867
32997,Loznica,34.09,23.321496897646576
32998,Loznica,35.18,21.156723011562303
32999,Loznica,41.53,22.975529725871983
33000,Loznica,34.64,23.780285842726784
33001,Loznica,36.82,24.193006826122264
33002,Loznica,33.37,19.074494831138228
33003,Loznica,22.67,16.496937982879313
33004,Loznica,31.02,21.178199994493443
33005,Loznica,36.27,27.381834406025
33006,Loznica,52.06,27.381834406025
33007,Loznica,42.8,18.024910274503416
33008,Loznica,29.2,16.9139612892795
33009,Loznica,30.65,21.034403970187057
33010,Loznica,31.71,23.124101691680156
33011,Loznica,40.26,27.677144540914668
33012,Loznica,39.9,23.32996978072637
33013,Loznica,37.02,20.622011373515143
33014,Loznica,28.48,19.68901175937012
33015,Loznica,38.45,25.78204112599164
33016,Loznica,37.55,28.36318440781201
33017,Loznica,38.99,27.55070808327612
33018,Loznica,43.16,28.107435100943885
33019,Loznica,40.63,35.73084131636859
33020,Loznica,77.1,44.368565843909415
33021,Loznica,63.47,26.96083351265261
33022,Loznica,55.32,34.976329296635434
33023,Loznica,54.78,35.57902276576512
33024,Loznica,73.45,44.77009035304432
33025,Loznica,73.46,50.26801200090556
33026,Loznica,79.09,50.26801200090556
33027,Loznica,100.85,51.53256659121634
33028,Loznica,102.67,59.05879194728252
33029,Loznica,87.41,49.02471514955095
33030,Loznica,69.81,44.77009035304432
33031,Loznica,67.46,44.77009035304432
33032,Loznica,70.56,50.26801200090556
33033,Loznica,77.62,60.77265464374573
33034,Loznica,61.84,49.02471514955095
33035,Loznica,56.4,46.58926201524157
33036,Loznica,51.16,33.768156751297155
33037,Loznica,56.05,36.42587078619797
33038,Loznica,69.47,51.53256659121634
33039,Loznica,84.69,59.05879194728252
33040,Loznica,105.37,70.29792471610892
33041,Loznica,126.04,70.29792471610892
33042,Loznica,118.97,68.02576252163647
33043,Loznica,115.18,59.466724331136895
33044,Loznica,115.36,48.741778887703695
33045,Loznica,87.79,42.49792815857184
33046,Loznica,64.59,44.31709982076909
33047,Loznica,59.31,31.589725158684125
33048,Loznica,42.26,24.933834830713224
33049,Loznica,48.97,37.15042058736484
33050,Loznica,76.18,57.92740205305133
33051,Loznica,96.83,65.80486138939675
33052,Loznica,137.29,82.07781209358214
33053,Loznica,114.44,50.528239315756814
33054,Loznica,48.42,17.23851738869944
33055,Loznica,37.55,35.12444298802078
33056,Loznica,23.04,17.0733593763319
33057,Loznica,46.43,66.542794848422
33058,Loznica,67.83,53.47137511886914
33059,Loznica,70.18,36.028188834328205
33060,Loznica,73.07,60.77265464374573
33061,Loznica,97.41,23.24125469365435
33062,Loznica,30.11,18.18170953209387
33063,Loznica,33.74,21.70361093661652
33064,Loznica,53.14,28.280742216880096
33065,Loznica,64.56,39.06475161841379
33066,Loznica,67.82,31.44145137767916
33067,Loznica,66.21,30.822227200522697
33068,Loznica,54.24,27.427960664162452
33069,Loznica,52.24,23.217375941007703
33070,Loznica,72.37,39.79123460346551
33071,Loznica,74.9,48.1404399119114
33072,Loznica,67.83,28.133987083429997
33073,Loznica,40.62,28.832085844168255
33074,Loznica,36.64,21.91356407423404
33075,Loznica,56.77,59.466724331136895
33076,Loznica,74.9,41.71146581550661
33077,Loznica,72.57,47.85779540365317
33078,Loznica,91.42,35.97110529322642
33079,Loznica,98.68,63.41261935382057
33080,Loznica,99.02,68.22607772967503
33081,Loznica,117.34,70.65381551024063
33082,Loznica,100.85,68.22607772967503
33083,Loznica,48.43,18.18170953209387
33084,Loznica,42.45,39.16477368486792
33085,Loznica,109.72,47.68473519488128
33086,Loznica,44.98,18.2972874910744
33087,Loznica,17.59,17.07030169859471
1245,Niš,23.4,31.199995706566657
1246,Niš,26.54,26.613836209869103
1247,Niš,17.15,28.536586011429275
1248,Niš,12.27,24.90950318113768
1249,Niš,21.24,24.4486846385393
1250,Niš,18.88,27.56850120295108
1251,Niš,19.37,27.68817835278712
1252,Niš,25.41,29.212900390989677
1253,Niš,22.83,31.147915886613006
1254,Niš,20.47,28.780390961972373
1255,Niš,16.62,26.5369223209407
1256,Niš,31.57,27.463653072238525
1257,Niš,26.44,21.894581122415776
1258,Niš,16.87,23.69614499603635
1259,Niš,42.31,26.011912018473357
1260,Niš,72.31,35.16938177338871
1261,Niš,42.84,30.80193116628879
1262,Niš,45.47,39.1675802762768
1263,Niš,39.7,37.38442447463516
1264,Niš,32.11,26.86614092235032
1265,Niš,29.78,27.533703983194087
1266,Niš,17.95,18.75148123757573
1267,Niš,22.51,23.30428320937426
1268,Niš,15.63,24.778235693586875
1269,Niš,16.07,26.95367930645329
1270,Niš,18.66,23.05688335355937
1271,Niš,12.51,22.210110546127485
1272,Niš,25.51,26.033834108695245
1273,Niš,18.99,21.592449093206387
1274,Niš,21.42,22.865389256464244
1275,Niš,18.7,27.787837814814445
1276,Niš,20.24,25.26018505540184
1277,Niš,20.91,26.25755697681994
1278,Niš,20.97,24.68428617176266
1279,Niš,19.0,23.956015588077832
1280,Niš,16.48,22.248077080086265
1281,Niš,17.995,22.248077080086265
1282,Niš,17.93,20.73627647164981
1283,Niš,16.93,20.07281599853181
1284,Niš,16.27,19.97196837216729
1285,Niš,15.54,20.540829595962613
1286,Niš,12.83,19.776885917929132
1287,Niš,13.085,19.27887770877496
1288,Niš,19.37,21.79369775994385
1289,Niš,20.92,22.32909366512838
1290,Niš,18.96,23.99152850161041
1291,Niš,18.055,22.367769095909708
1292,Niš,17.46,21.79369775994385
1293,Niš,20.435,24.052751015010944
1294,Niš,16.66,20.6791620474423
1295,Niš,19.35,21.30443956402928
1296,Niš,19.78,23.472253471555124
1297,Niš,12.67,19.736320575232117
1298,Niš,11.27,19.27887770877496
1299,Niš,10.82,15.67069827908136
1300,Niš,27.97,24.691501145428365
1301,Niš,26.86,28.971763854371797
1302,Niš,22.715,23.977688627625128
1303,Niš,19.05,26.120501974956653
1304,Niš,22.495,29.600566752193423
1305,Niš,28.145,25.926179118767248
1306,Niš,15.35,24.563372552927884
1307,Niš,20.925,22.442736510625288
1308,Niš,22.7,23.8720287271158
1309,Niš,43.14,23.52783278652552
1310,Niš,21.03,23.024780555984425
1311,Niš,30.915,22.928213023398577
1312,Niš,54.185,21.40888378009233
1313,Niš,44.17,21.33435167820412
1314,Niš,21.66,51.818864665072326
1315,Niš,19.615,48.2270046585932
1316,Niš,34.065,22.21499314638295
1317,Niš,47.865,24.78536301343589
1318,Niš,30.835,27.521102355376676
1319,Niš,23.5,33.16487964959492
1320,Niš,36.91,28.51093177768422
1321,Niš,32.45,26.94381769122298
1322,Niš,15.21,16.472165331780456
1323,Niš,18.17,21.674512015565707
1324,Niš,37.67,28.01776709288037
1325,Niš,35.625,29.35431636759624
1326,Niš,28.08,28.469421781430704
1327,Niš,25.265,24.30063256395119
1328,Niš,20.67,25.9636100772336
1329,Niš,25.85,18.86322200893624
1330,Niš,18.925,21.5898102329606
1331,Niš,30.39,27.97341302730693
1332,Niš,31.02,26.337159455814188
1333,Niš,30.465,27.835838759464096
1334,Niš,20.69,26.378689202789037
1335,Niš,25.035,32.24014232612851
1336,Niš,24.29,30.797452884011577
1337,Niš,18.425,24.816888633296735
1338,Niš,20.75,26.818971098978015
1339,Niš,18.155,25.68957537505532
1340,Niš,13.885,18.521358787348746
1341,Niš,12.715,18.4616626342458
1342,Niš,13.875,18.215065153033507
1343,Niš,18.66,24.136856526941845
1344,Niš,21.17,25.799013220928337
1345,Niš,27.24,31.472691645590515
1346,Niš,27.995,31.83929853145729
1347,Niš,26.27,30.13278777189737
1348,Niš,21.43,27.750442396410065
1349,Niš,23.065,29.766180886030583
1350,Niš,18.955,21.8259384560624
1351,Niš,12.63,19.598667384196133
1352,Niš,17.58,26.25499913938654
1353,Niš,19.4,24.37748843955603
1354,Niš,12.515,18.15136501892629
1355,Niš,18.47,20.25769535443178
1356,Niš,22.24,26.74228876331031
1357,Niš,21.875,29.47329352431348
1358,Niš,21.035,27.970273371402687
1359,Niš,21.97,26.644215690238973
1360,Niš,21.79,26.77208841000801
1361,Niš,19.035,23.76394042187892
1362,Niš,16.9,22.157741918804053
1363,Niš,16.485,22.950151458156167
1364,Niš,16.085,26.02193414528308
1365,Niš,16.495,26.802908061685063
1366,Niš,24.14,26.65715542382923
1367,Niš,27.015,25.576084120379036
1368,Niš,11.57,22.9610523041625
1369,Niš,16.645,22.659975571777228
1370,Niš,16.97,21.224145837125352
1371,Niš,15.53,24.778235693586875
1372,Niš,15.32,23.85650883176376
1373,Niš,19.31,27.13922698472716
1374,Niš,21.36,28.54545571920832
1375,Niš,29.27,32.71102370814103
1376,Niš,24.89,26.48517538227913
1377,Niš,29.065,30.361353578683847
1378,Niš,29.89,26.8829158162846
1379,Niš,21.295,22.812847838971024
1380,Niš,16.685,22.870717142880288
1381,Niš,19.43,22.119237671773472
1382,Niš,15.955,22.90654277536879
1383,Niš,13.625,22.602106267867963
1384,Niš,9.2,18.61745757164593
1385,Niš,5.800000000000001,23.60361308783421
1386,Niš,11.46,19.23289079915381
1387,Niš,11.75,19.035192981816373
1388,Niš,21.215,23.47668306418408
1389,Niš,24.54,26.94762943754508
1390,Niš,24.275,26.06030893084393
1391,Niš,19.905,25.38103151413468
1392,Niš,24.71,28.200549894805047
1393,Niš,33.245,27.58499289861881
1394,Niš,16.085,22.354113502319
1395,Niš,13.905,20.51661920587308
1396,Niš,8.44,18.736384767848666
1397,Niš,16.58,21.49279887794168
1398,Niš,27.09,29.607423336390163
1399,Niš,30.69,32.30127870272333
1400,Niš,24.195,29.473442485605776
1401,Niš,17.045,24.206210825321666
1402,Niš,32.615,32.09148566974669
1403,Niš,22.075,27.41014731433897
1404,Niš,23.885,30.757915234697155
1405,Niš,20.03,35.853887285991114
1406,Niš,26.8,37.64649609919275
1407,Niš,37.38500000000001,48.36953473979042
1408,Niš,40.17,49.21016330983832
1409,Niš,54.38,51.99090593161161
1410,Niš,60.89,51.99090593161161
1411,Niš,61.495,49.21016330983832
1412,Niš,69.315,63.36078070522574
1413,Niš,76.22,75.69352906526873
1414,Niš,52.005,38.07749515903452
1415,Niš,42.77,54.77635537019791
1416,Niš,60.15000000000001,63.36488832009535
1417,Niš,39.49,45.04271608467052
1418,Niš,33.175,43.63720321429248
1419,Niš,35.8,37.70803111082734
1420,Niš,64.56,40.97645114554141
1421,Niš,81.13,54.940947804909165
1422,Niš,58.39,44.05612581712924
1423,Niš,31.43,37.60961006251939
1424,Niš,34.095,35.84298765474878
1425,Niš,56.955,48.07713989177822
1426,Niš,61.105,54.59883895552579
1427,Niš,79.50999999999999,64.77285122632996
1428,Niš,43.53,45.735921645593294
1429,Niš,53.81,42.19402809678415
1430,Niš,68.04499999999999,69.89297353898276
1431,Niš,83.86500000000001,74.43927634338979
1432,Niš,93.37,74.98269527919133
1433,Niš,106.245,84.55098504772825
1434,Niš,130.63,69.96426072331649
1435,Niš,42.935,61.86616434782362
1436,Niš,42.35,56.81773785289125
1437,Niš,56.005,48.88039249615788
1438,Niš,43.09,62.107466876333895
1439,Niš,25.045,35.3533184925551
1440,Niš,57.605,69.96426072331649
1441,Niš,63.37,74.03792434634094
1442,Niš,55.06,64.77285122632996
1443,Niš,91.535,73.83079380141125
1444,Niš,127.6,84.41514168713228
1445,Niš,89.74,99.24376344873248
1446,Niš,72.39,92.2482722845217
1447,Niš,46.69,74.2321457984601
1448,Niš,37.715,53.60288293492329
1449,Niš,59.66,58.83058455100298
1450,Niš,29.7,43.409523725125055
1451,Niš,22.445,34.73514231535424
1452,Niš,21.335,35.166141375196005
1453,Niš,28.005,43.238105952772656
1454,Niš,21.12,35.166141375196005
1455,Niš,14.09,21.29883827413004
1456,Niš,21.415,39.6234913102207
1457,Niš,16.095,22.81528444207368
1458,Niš,33.025,52.72097056186775
1459,Niš,85.505,74.83367328991851
1460,Niš,43.795,50.475963532635696
1461,Niš,39.3,60.609357187865406
1462,Niš,22.75,36.42665405709024
1463,Niš,36.965,60.609357187865406
1464,Niš,68.645,72.59495379417689
1465,Niš,127.365,98.59365495472863
1466,Niš,73.15,90.32454111194448
1467,Niš,45.355,74.20022491708308
1468,Niš,30.605,43.76832331647212
1469,Niš,33.90000000000001,58.96642791159894
1470,Niš,55.86,89.80415028978253
1471,Niš,134.125,84.62227223206197
1472,Niš,106.775,91.014328977905
1473,Niš,21.18,41.74852557338147
1474,Niš,16.635,34.11025621451984
1475,Niš,26.075,35.54398976143958
1476,Niš,43.705,74.11188165557675
1477,Niš,57.28,54.09146082612575
1478,Niš,49.13,42.837786572474045
1479,Niš,51.975,43.874517554903406
1480,Niš,37.93,64.84413841066369
1481,Niš,56.55,51.06747364289445
1482,Niš,116.93,92.67182618247176
1483,Niš,110.35,74.06760178683247
1484,Niš,51.18,49.02980166983368
1485,Niš,37.3,47.41613375066836
1486,Niš,39.14,40.200277615844186
1487,Niš,58.66,47.98335016030787
1488,Niš,40.4,45.20808113713739
1489,Niš,55.39,59.67677506931911
1490,Niš,35.88,43.94732552775473
1491,Niš,49.53,47.247520447498914
1492,Niš,17.08,39.70570337770239
1493,Niš,54.27,39.88924384260526
1494,Niš,61.46,44.36216125772028
1495,Niš,33.75,42.55773318380941
1496,Niš,32.95,57.904098144369314
1497,Niš,41.45,65.41197728804295
1498,Niš,37.8,47.14391767421926
1499,Niš,78.21,65.1980682703105
1500,Niš,71.72,46.67284972822334
1501,Niš,38.05,34.17620424630625
1502,Niš,26.19,39.638364013378
1503,Niš,27.14,36.773140545187374
1504,Niš,22.66,32.18670720916749
1505,Niš,51.22,88.82694397053652
1506,Niš,51.29,55.2836616261075
1507,Niš,52.38,67.56401035007838
1508,Niš,66.45,58.110632702583736
1509,Niš,53.27,67.56401035007838
1510,Niš,30.02,46.88277333174141
1511,Niš,22.97,27.95097705967751
1512,Niš,23.84,23.81576487229415
1513,Niš,17.71,24.427838431341502
1514,Niš,23.93,28.738787438850093
1515,Niš,150.6,45.8876321626886
1516,Niš,114.46,57.41179748452072
1517,Niš,77.25,55.42902098256311
1518,Niš,59.98,62.01865299462622
1519,Niš,16.08,19.67321250621261
1520,Niš,42.41,58.97618008429808
1521,Niš,60.85,62.22984638016956
1522,Niš,43.66,41.94452666667725
1523,Niš,48.12,38.67476953626064
1524,Niš,59.0,42.144028336868566
1525,Niš,24.73,35.14529359545291
1526,Niš,25.98,38.14141593857613
1527,Niš,38.92,40.58357066125567
1528,Niš,35.19,53.64915359711632
1529,Niš,31.37,33.03241102044218
1530,Niš,22.2,34.76769667724045
1531,Niš,38.91,37.53201889250207
1532,Niš,30.38,33.77962193261117
1533,Niš,21.73,32.6398793070668
1534,Niš,25.01,34.851047053178206
1535,Niš,19.58,26.210279756004056
1536,Niš,12.81,20.44705192870098
1537,Niš,30.08,23.78648015731856
1538,Niš,25.23,23.95163168154417
1539,Niš,16.04,23.69614499603635
1540,Niš,15.35,23.69614499603635
1541,Niš,21.44,25.302343499111213
1542,Niš,29.38,42.20378026948328
4611,Niš,59.93,64.84413841066369
4612,Niš,24.63,37.31672528551232
4613,Niš,19.44,31.31245782827907
4614,Niš,27.59,43.81090093499434
4615,Niš,58.205,50.66996126659496
4616,Niš,58.57000000000001,55.14819222417
4617,Niš,27.43,41.59681420292976
4618,Niš,19.995,57.858328945058894
4619,Niš,34.02,52.4722671134131
4620,Niš,40.94,88.87061603551538
4621,Niš,28.54,40.16890301540912
4622,Niš,42.25,61.30889760202263
4623,Niš,62.425,83.00529093653317
4624,Niš,54.215,65.83597626498164
4625,Niš,48.5,64.63700786573399
4626,Niš,34.25,55.73824284943668
4627,Niš,77.64,67.17967265325476
4628,Niš,67.785,76.45212304150155
4629,Niš,112.54,84.41514168713228
4630,Niš,191.89,119.5232308996036
4631,Niš,133.285,66.66478847682042
4632,Niš,117.475,75.06954947276598
4633,Niš,24.765,36.92221033234666
4634,Niš,15.305,36.48664624030866
4635,Niš,21.345,34.553502181609545
4636,Niš,22.73,32.402548364460976
4637,Niš,30.2,44.96035546526204
4638,Niš,39.645,51.32408334632486
4639,Niš,45.73,37.08133351226654
4640,Niš,44.49,50.73363746531107
4641,Niš,52.29,42.93562132752789
4642,Niš,63.76000000000001,84.73211760210538
4643,Niš,82.12,82.70378823305333
4644,Niš,87.845,75.05398246352506
4645,Niš,91.555,63.068385857213535
4646,Niš,106.81,59.03771509593267
4647,Niš,112.09,51.66113511793117
4648,Niš,59.955,62.67708003189851
4649,Niš,34.96,53.69547407870091
4650,Niš,25.205,38.15267574835615
4651,Niš,49.56,50.46934766173194
4652,Niš,27.81,32.81640764527763
4653,Niš,28.92,45.327013937849486
4654,Niš,46.93,42.30022624645223
4655,Niš,44.52,51.9253237847766
4656,Niš,76.255,82.71259549952475
4657,Niš,82.645,85.16630399920832
4658,Niš,83.26,85.57934130353377
4659,Niš,92.32,75.06954947276598
4660,Niš,77.94,92.67182618247176
4661,Niš,50.15000000000001,81.47453834167759
4662,Niš,42.245,57.05786762487392
4663,Niš,79.41499999999999,63.42231571686033
4664,Niš,84.325,63.42231571686033
4665,Niš,86.075,84.97620209170876
4666,Niš,111.745,77.01318344607803
4667,Niš,108.325,63.42231571686033
4668,Niš,71.375,57.45462181441841
4669,Niš,27.325,46.693526762656425
4670,Niš,55.645,65.2717235884243
4671,Niš,62.395,65.50547354303374
4672,Niš,72.03999999999999,62.82474181073109
4673,Niš,108.47,52.93973122181994
4674,Niš,75.83,67.56401035007838
4675,Niš,43.04,41.15791824989566
4676,Niš,65.615,67.35687980514868
4677,Niš,73.44999999999999,65.30676777023447
4678,Niš,55.17,56.71560512773937
4679,Niš,22.72,50.1208609248839
4680,Niš,43.265,61.31858694784081
4681,Niš,49.95,52.172620848283536
4682,Niš,79.69,52.257378296891176
4683,Niš,48.035,57.65410196681088
4684,Niš,19.395,31.91442641312947
4685,Niš,22.165,33.31493408258808
4686,Niš,23.91,39.72238098752909
4687,Niš,32.64,61.14746571010362
4688,Niš,51.275,68.53916937682358
4689,Niš,34.71,54.940947804909165
4690,Niš,11.385,30.495509247248297
4691,Niš,24.375,36.52044585884677
4692,Niš,43.73,62.37747167418164
4693,Niš,42.485,55.35116885524679
4694,Niš,59.735,77.4104158985073
4695,Niš,63.40000000000001,83.98443694444867
4696,Niš,65.38499999999999,74.78908665841699
4697,Niš,45.56,62.21813314701869
4698,Niš,41.785,58.110632702583736
4699,Niš,46.02,58.110632702583736
4700,Niš,40.83,49.88619714594903
4701,Niš,45.325,52.8131004458205
4702,Niš,37.795,45.65366730939046
4703,Niš,23.175,35.83174750232687
4704,Niš,23.145,46.640021219685536
4705,Niš,37.415,52.34612315516375
4706,Niš,39.805,40.928092260692274
4707,Niš,29.565,50.32023251765754
4708,Niš,39.96,53.82967993068726
4709,Niš,42.6,67.27248958076383
4710,Niš,49.26000000000001,58.04909769094915
4711,Niš,29.785,47.5078524305567
4712,Niš,30.48,40.58357066125567
4713,Niš,24.535,31.92635121929827
4714,Niš,12.575,26.28838851543625
4715,Niš,28.26,44.618877143236645
4716,Niš,36.695,45.6740031675397
4717,Niš,31.435,50.36286754329913
4718,Niš,20.52,44.99274675035661
4719,Niš,34.005,46.576287315673135
4720,Niš,39.175,51.04697631950204
4721,Niš,30.32,41.3661805075193
4722,Niš,24.105,31.25452134752618
4723,Niš,29.675,34.71947731233388
4724,Niš,35.59,47.06172727558948
4725,Niš,31.57,42.16263503408727
4726,Niš,33.755,39.896364956897294
4727,Niš,23.515,27.188347601171284
4728,Niš,17.54,25.52063527445841
4729,Niš,18.725,28.76945183820223
4730,Niš,25.21,28.273659945553643
4731,Niš,27.01,25.402222233444885
4732,Niš,25.12,25.573558263481186
4733,Niš,15.385,23.60361308783421
4734,Niš,16.125,24.75447237583239
4735,Niš,18.6,23.859099773342034
4736,Niš,19.685,23.513277926552
4737,Niš,22.11,23.859099773342034
4738,Niš,14.83,23.522089624115456
4739,Niš,12.285,26.5369223209407
4740,Niš,15.635,23.69614499603635
4741,Niš,14.895,23.513277926552
4742,Niš,16.705,19.325422707355948
4743,Niš,13.355,21.07594137193388
4744,Niš,12.135,21.894581122415776
4745,Niš,12.845,20.684925670457275
4746,Niš,11.475,21.197510809950355
4747,Niš,12.885,19.024397146714147
4748,Niš,10.005,19.8027550328363
4749,Niš,11.265,22.059732646641383
4750,Niš,6.665,17.2276620576871
4751,Niš,17.53,22.206849398812757
4752,Niš,14.62,23.78648015731856
4753,Niš,16.935,24.66194046763025
4754,Niš,14.66,20.95094360635879
4755,Niš,19.915,26.11364715381316
4756,Niš,14.375,21.041278767641003
4757,Niš,14.635,19.81616689821836
4758,Niš,18.255,20.28387810875047
4759,Niš,16.61,24.57961344425648
4760,Niš,13.835,22.21897525226805
4761,Niš,15.325,21.48323779221485
4762,Niš,15.345,20.77232126442352
4763,Niš,20.215,22.238758503846167
4764,Niš,18.765,23.993628250754792
4765,Niš,19.325,23.23983261635458
4766,Niš,18.955,25.44704973157005
4767,Niš,19.29,26.73470985962974
4768,Niš,23.835,26.99700767759126
4769,Niš,19.995,22.800854340054094
4770,Niš,16.87,20.752942288569272
4771,Niš,19.275,22.91253637250357
4772,Niš,15.665,20.04766491115876
4773,Niš,14.225,20.687478020975973
4774,Niš,17.63,19.21384465752422
4775,Niš,12.365,19.956760405655032
4776,Niš,11.97,21.211907655827144
4777,Niš,14.8,22.248077080086265
4778,Niš,14.02,22.19607302976809
4779,Niš,17.255,21.203225847461614
4780,Niš,23.685,25.086244781924265
4781,Niš,12.475,20.27005060273299
4782,Niš,14.41,23.491525953253014
4783,Niš,34.795,28.147078828341964
4784,Niš,45.175,31.518144722865017
4785,Niš,45.08,34.58370866668205
4786,Niš,37.73,27.750395041173924
4787,Niš,26.155,24.01751123781189
4788,Niš,13.305,25.86157030955567
4789,Niš,13.39,28.31842825609576
4790,Niš,18.305,29.380271775541736
4791,Niš,33.58,31.018193649275144
4792,Niš,26.365,24.108911551253044
4793,Niš,12.525,19.40638900252377
4794,Niš,11.63,20.31076589734809
4795,Niš,15.43,22.565429451743924
4796,Niš,15.615,24.450119096315635
4797,Niš,21.825,29.20059484497656
4798,Niš,18.465,30.435846207656542
4799,Niš,18.26,29.70084179605558
4800,Niš,12.825,26.28889835265153
4801,Niš,15.025,24.69400246014116
4802,Niš,14.09,25.90389413149802
4803,Niš,15.875,27.79487378874733
4804,Niš,18.125,30.220972682139408
4805,Niš,20.255,32.61608137210096
4806,Niš,24.195,28.24582584798031
4807,Niš,20.335,22.884499103685307
4808,Niš,17.47,20.117130363239863
4809,Niš,15.405,19.60254821340381
4810,Niš,16.345,17.594147571647333
4811,Niš,16.7,22.804677508022383
4812,Niš,19.945,23.51522966089001
4813,Niš,16.97,22.086327934472177
4814,Niš,15.925,23.281127087133
4815,Niš,18.465,26.44356436828486
4816,Niš,15.11,24.450119096315635
4817,Niš,15.93,27.86537098498296
4818,Niš,22.68,30.07725676582323
4819,Niš,24.415,28.089349032126584
4820,Niš,27.22,29.577866851843694
4821,Niš,27.18,29.94389700154625
4822,Niš,31.675,29.995347366762047
4823,Niš,16.555,30.11977816821613
4824,Niš,16.915,27.86754282995624
4825,Niš,8.83,25.67870324007132
4826,Niš,13.78,26.33615695251023
4827,Niš,20.955,26.744958688460475
4828,Niš,9.31,24.25073957876983
4829,Niš,6.555,25.157695090846
4830,Niš,9.835,26.33615695251023
4831,Niš,17.125,30.923000373161287
4832,Niš,16.43,29.148740338077843
4833,Niš,14.56,27.82257854382981
4834,Niš,13.49,26.623756751158627
4835,Niš,13.53,28.288193423324387
4836,Niš,14.985,27.6071214802242
4837,Niš,15.335,29.67358215272549
4838,Niš,16.19,32.07186105446185
4839,Niš,21.455,28.46424392187882
4840,Niš,9.03,21.07445329363291
4841,Niš,7.744999999999999,21.974874849319704
4842,Niš,14.53,24.219449805746056
4843,Niš,11.24,22.94262617707812
4844,Niš,11.895,25.571308884413043
4845,Niš,12.92,28.186962647457943
4846,Niš,18.465,25.439936989850693
4847,Niš,16.19,23.78673307910943
4848,Niš,12.9,20.15937515055405
4849,Niš,17.845,23.392292695454408
4850,Niš,14.82,24.59284244540005
4851,Niš,13.555,21.203225847461614
4852,Niš,13.735,22.431952253877945
4853,Niš,12.05,22.157741918804053
4854,Niš,13.41,22.93317780254379
4855,Niš,14.405,23.94684399304597
4856,Niš,13.49,23.95163168154417
4857,Niš,12.005,23.85650883176376
4858,Niš,13.24,24.778235693586875
4859,Niš,13.87,23.94684399304597
4860,Niš,11.225,23.60361308783421
4861,Niš,9.24,23.60361308783421
4862,Niš,10.67,23.455408622642736
4863,Niš,13.745,23.994921964494036
4864,Niš,13.93,25.695810127961785
4865,Niš,15.45,26.79222418391877
4866,Niš,20.12,31.147915886613006
4867,Niš,20.305,30.719203601709204
4868,Niš,16.96,31.50445573588346
4869,Niš,21.04,26.81440539171411
4870,Niš,23.52,29.70915600411174
4871,Niš,13.82,20.410587283780856
4872,Niš,13.73,20.11068058516511
4873,Niš,15.475,20.20694430040256
4874,Niš,15.88,26.131245522632344
4875,Niš,13.545,24.296507016054477
4876,Niš,15.88,27.73706037283678
4877,Niš,16.78,28.084003130313626
4878,Niš,14.795,27.4351414386741
4879,Niš,13.07,24.49173011030991
4880,Niš,16.035,26.48517538227913
4881,Niš,26.76,28.357342723299112
4882,Niš,12.995,22.95194575595244
4883,Niš,14.445,24.212420524237277
4884,Niš,19.79,28.14871579124224
4885,Niš,16.53,28.14871579124224
4886,Niš,15.885,29.22011712478213
4887,Niš,19.14,29.607423336390163
4888,Niš,18.11,28.71721467593116
4889,Niš,21.545,29.5495540324809
4890,Niš,15.14,20.883238072929885
4891,Niš,5.404999999999999,17.804684001366994
4892,Niš,5.43,18.64181868303707
4893,Niš,5.925,17.47791693454821
4894,Niš,10.675,24.18313448954282
4895,Niš,17.04,26.339737000362145
4896,Niš,38.42,47.16775076176661
4897,Niš,20.32,27.89912171122629
4898,Niš,9.51,28.10950018243136
4899,Niš,19.26,33.73477061677845
4900,Niš,44.84,73.97638933470635
4901,Niš,46.88,61.87591652052276
4902,Niš,48.37,64.7826033990291
4903,Niš,52.01,63.00685084557895
4904,Niš,34.365,45.24219623706299
4905,Niš,44.205,49.932464549220185
4906,Niš,24.63,39.23274333747312
4907,Niš,27.105,42.078296387061904
4908,Niš,25.585,46.71156668567047
4909,Niš,18.68,45.9499795842187
4910,Niš,48.48,64.7826033990291
4911,Niš,67.83,92.3938678178168
4912,Niš,53.56,64.7826033990291
4913,Niš,24.13,43.67457216451335
4914,Niš,32.14,51.99090593161161
4915,Niš,55.18,63.068385857213535
4916,Niš,50.27500000000001,75.21842501627583
4917,Niš,62.79000000000001,62.99312093417865
4918,Niš,37.545,40.68222199960361
4919,Niš,28.795,35.054637229876015
4920,Niš,17.35,34.69953639122554
4921,Niš,70.805,92.38411564511767
4922,Niš,39.085,56.9865804405402
4923,Niš,24.76,48.3147962022637
4924,Niš,28.51,49.60269373553975
4925,Niš,18.925,44.48134286110976
4926,Niš,63.495,84.62227223206197
4927,Niš,65.28,101.36056122390706
4928,Niš,27.615,74.03792434634094
4929,Niš,40.575,64.84413841066369
4930,Niš,15.665,34.73514231535424
4931,Niš,20.57,52.0524409432462
4932,Niš,31.495,69.89297353898276
4933,Niš,27.465,74.37685483323165
4934,Niš,31.46,68.1852395171768
4935,Niš,65.87,92.4554028294514
4936,Niš,60.655,77.33968544562438
4937,Niš,20.79,43.6049966146449
4938,Niš,36.19,71.81794710329949
4939,Niš,21.615,47.6858340664632
4940,Niš,29.75,48.92536683883864
4941,Niš,35.105,49.080839511678434
4942,Niš,16.025,33.629576193496675
4943,Niš,13.145,36.371018677014405
4944,Niš,20.585,45.18090288817456
4945,Niš,24.86,55.67425449575213
4946,Niš,22.445,49.247511867189225
4947,Niš,13.11,36.11833043982081
4948,Niš,29.835,74.98269527919133
4949,Niš,59.89,100.5570800323649
4950,Niš,9.31,29.725775763275355
4951,Niš,6.845,28.058733144076115
4952,Niš,26.195,50.6637212388765
4953,Niš,25.75,36.47266148726666
4954,Niš,65.14,67.14367473158731
4955,Niš,24.09,31.26402805965187
4956,Niš,14.37,33.63966202371342
4957,Niš,16.45,31.52130514787304
4958,Niš,28.38,47.58917478147323
4959,Niš,39.53,62.78996812795012
4960,Niš,45.0,64.08917834562553
4961,Niš,21.94,33.22374275001303
4962,Niš,20.78,36.01350904579325
4963,Niš,63.35,84.45369987284195
4964,Niš,49.53,63.353611084590405
4965,Niš,39.99,51.64147555841318
4966,Niš,80.05,92.2482722845217
4967,Niš,109.55,99.61963790172632
4968,Niš,71.78,92.31862332176912
4969,Niš,18.53,44.6279014667315
4970,Niš,61.05,66.10801676424579
4971,Niš,41.63,55.7570276648319
4972,Niš,38.81,55.61868473093616
4973,Niš,42.67,63.01938761692041
4974,Niš,31.04,50.939250771118
4975,Niš,104.59,117.50038927356296
10060,Niš,56.545833335,70.11106003803357
10061,Niš,18.010625,32.09532796735069
10062,Niš,27.460416665,37.24671228457363
10063,Niš,27.9375,38.37770190698371
10064,Niš,37.422916665,54.73381725997948
10065,Niš,91.29375,91.7375135531135
10066,Niš,101.76041665,93.703265955909
10067,Niš,80.81041666499999,93.3588582672976
10068,Niš,110.61041665,117.46953723497
10069,Niš,58.52916667,64.03122498968303
10070,Niš,83.06875,92.46469563754206
10071,Niš,46.862083335,51.20218823305135
10072,Niš,30.877083335,42.9660358663876
10073,Niš,44.8375,54.73381725997948
10074,Niš,42.875,51.428644515778274
10075,Niš,83.69791666500001,92.46469563754206
10076,Niš,124.79166665,109.9914211663213
10077,Niš,100.9,92.67182618247176
10078,Niš,17.8675,28.277560510700397
10079,Niš,23.021875,31.379046683688912
10080,Niš,53.689583335,67.06678455720318
10081,Niš,94.79583333,86.78760491010742
10082,Niš,88.01041667000001,84.97620209170876
10083,Niš,32.12875,44.93530673945475
10084,Niš,31.874375,42.90939636074945
10085,Niš,40.933333335,45.27450388011658
10086,Niš,39.36875000000001,46.693526762656425
10087,Niš,63.214583335,56.711290675312085
10088,Niš,50.98520833,49.27903230016556
10089,Niš,39.697708335,38.05611788477224
10090,Niš,46.615625,54.87840871750332
10091,Niš,30.779583335,39.09121923529391
10092,Niš,37.81875,43.61427807628658
10093,Niš,17.255416665,28.46199467836651
10094,Niš,27.01458333,37.41672195690454
10095,Niš,37.816875,52.93973122181994
10096,Niš,65.858333335,68.19719088693628
10097,Niš,32.71875,52.172620848283536
10098,Niš,18.409375,27.727129985089608
10099,Niš,15.629375,34.94665153910942
10100,Niš,23.60416667,48.22393920649533
10101,Niš,35.19375,50.34989475563874
10102,Niš,47.852083335,62.47361983252651
10103,Niš,64.89583333,72.4042158713663
10104,Niš,43.114583335,50.16155417029329
10105,Niš,11.87791667,27.835405075257174
10106,Niš,22.655416665,41.621186821514335
10107,Niš,45.125,52.784926821936416
10108,Niš,45.133333335,51.90033674731583
10109,Niš,35.24791667,46.21082459871013
10110,Niš,41.408333335,54.13697035279438
10111,Niš,54.65833333499999,72.97405468816166
10112,Niš,59.04375,80.41266572044313
10113,Niš,61.779166665,80.61979626537283
10114,Niš,62.77291667,78.9967156830796
10115,Niš,76.4875,68.08185954825511
10116,Niš,26.652291665,39.2844341537312
10117,Niš,19.8,41.21558241853056
10118,Niš,28.691666665,53.57499824548341
10119,Niš,19.67208333,48.19662445664899
10120,Niš,43.916666665,66.66811925173936
10121,Niš,56.53541667,67.57579905774008
10122,Niš,47.379583335,55.75604373492369
10123,Niš,52.060416665,66.52760718460374
10124,Niš,52.65625,59.42092502109144
10125,Niš,40.951875,58.71765516769285
10126,Niš,42.295454545,55.936912545919554
10127,Niš,47.075,57.02120461487609
10128,Niš,56.5,56.78745466026663
10129,Niš,45.61875000000001,41.58737633860596
10130,Niš,41.98125,26.33526478352702
10131,Niš,25.74291667,25.440952253083623
10132,Niš,9.0766666665,22.13915467306377
10133,Niš,21.48229167,34.727574625386566
10134,Niš,37.3125,52.3448357912584
10135,Niš,35.350416665,47.45680237063229
10136,Niš,29.440498185,41.66603887264296
10137,Niš,38.033333335,34.082143883029495
10138,Niš,23.177916665,33.8809192800622
10139,Niš,19.805625,31.35770660524808
10140,Niš,16.287291665,25.929265852856823
10141,Niš,21.454809785,34.26567640802446
10142,Niš,31.1675,47.5078524305567
10143,Niš,28.966875,43.63135588723562
10144,Niš,31.20395833,45.3129408762788
10145,Niš,33.426458335,44.66937741218649
10146,Niš,31.75625,30.727484009072487
10147,Niš,18.21125,22.85841967414111
10148,Niš,10.8599999985,26.447111529916462
10149,Niš,21.667291665,30.87575944995549
10150,Niš,28.752083335,32.911628660054575
10151,Niš,30.125,36.64876984003721
10152,Niš,27.68333333,24.3851609065312
10153,Niš,15.25020833,22.548542862526933
10154,Niš,32.515,25.92255214805018
10155,Niš,24.008541665,28.977399298752623
10156,Niš,13.561666665,26.05304106798292
10157,Niš,16.771458335,22.89189340935148
10158,Niš,17.96291667,22.995365392572364
10159,Niš,20.035625,27.188347601171284
10160,Niš,14.585833335,23.50048025020392
10161,Niš,10.054791665,23.60361308783421
10162,Niš,11.7781250015,23.78648015731856
10163,Niš,16.87833333,23.326878110952933
10164,Niš,14.666458335,25.44169616670488
10165,Niš,13.045625,23.21128942208677
10166,Niš,16.098125,22.873033306173685
10167,Niš,16.136458335,24.739598582473707
10168,Niš,13.9481250015,23.85650883176376
10169,Niš,15.31375,23.85650883176376
10170,Niš,16.4427083335,22.14747686634532
10171,Niš,18.99020833,24.72712763747343
10172,Niš,19.476458335,30.19187135020949
10173,Niš,22.069166665,34.709952158712035
10174,Niš,27.40729167,27.97614188653621
10175,Niš,21.005416665,27.047818766444163
10176,Niš,21.0125,29.62015824614593
10177,Niš,24.128333335,23.988150886794266
10178,Niš,20.448541665,19.64287504949446
10179,Niš,13.6572916665,23.513277926552
10180,Niš,24.8085416665,27.32681185553416
10181,Niš,24.749583335,27.39500223257127
10182,Niš,21.3750000015,22.74531648835766
10183,Niš,21.309791665,26.25230955550618
10184,Niš,24.2927083335,26.12535254554768
10185,Niš,34.64479167,25.77040697656844
10186,Niš,30.7158333315,28.29486609829535
10187,Niš,18.4574999985,29.20626646308933
10188,Niš,18.4579166665,20.769709946360283
10189,Niš,16.720625,23.084353854823583
10190,Niš,15.428125,23.47433977754512
10191,Niš,18.562916665,25.2268087034406
10192,Niš,19.1889583335,23.446491717881468
10193,Niš,16.876458335,23.219312401094896
10194,Niš,23.851666665,31.57111269389847
10195,Niš,21.97958333,26.59221044282565
10196,Niš,16.805208335,27.6071214802242
10197,Niš,14.27625,20.13116505615824
10198,Niš,12.50875,22.783031244763468
10199,Niš,10.8245561585,18.734535701574405
10200,Niš,10.9168749985,18.15136501892629
10201,Niš,10.1120833315,17.25485157410805
10202,Niš,17.899375,20.77454948983674
10203,Niš,18.322291665,19.405174822803467
10204,Niš,12.7449999985,19.638000371354384
10205,Niš,15.0770833335,20.98267412295017
10206,Niš,13.086041665,23.67411894769076
10207,Niš,14.2739583335,23.875082995076767
10208,Niš,18.454166665,23.683960743354607
10209,Niš,15.4360416685,21.904701012199343
10210,Niš,9.559166665,22.157741918804053
10211,Niš,8.498958335,22.650906603607908
10212,Niš,18.1766666665,25.67826124333628
10213,Niš,20.441041665,26.28918464376137
10214,Niš,14.4049999985,20.083624139801845
10215,Niš,13.959583335,24.92288899978736
10216,Niš,13.9414583335,21.38591504249463
10217,Niš,10.9845833315,18.70822983783736
10218,Niš,12.4635416665,23.09030180903136
10219,Niš,13.301875,23.219312401094896
10220,Niš,11.446875,24.887697279222223
10221,Niš,12.5035416685,26.9436610071062
10222,Niš,12.3279166665,27.843391294331425
10223,Niš,22.71854167,25.918303096367072
10224,Niš,16.47625,18.533124743414284
10225,Niš,14.8393749985,21.84628033038246
10226,Niš,16.41208333,20.09216449617909
10227,Niš,20.314583335,17.291256129871577
10228,Niš,16.473541665,21.707525478825797
10229,Niš,10.1697916665,20.863499501313797
10230,Niš,11.1173279,22.074084145072224
10231,Niš,12.3856249985,22.074084145072224
10232,Niš,11.988333335,22.693230425550254
10233,Niš,12.149791665,27.602590355046203
10234,Niš,14.7987500015,24.863085593894883
10235,Niš,12.6789583335,23.792862604065306
10236,Niš,11.7354166685,22.53286658982285
10237,Niš,11.811875,22.17052639514644
10238,Niš,13.278333335,23.33951840432908
10239,Niš,18.5902083315,29.09454718087622
10240,Niš,19.01791667,31.75671222124149
10241,Niš,18.217916665,31.76370127975895
10242,Niš,23.724583335,31.24122382183989
10243,Niš,17.494375,29.259249187380483
10244,Niš,19.895625,32.14138212122828
10245,Niš,18.590625,26.94675510350569
10246,Niš,15.839583335,23.65175501570117
10247,Niš,14.588333335,28.372134474758266
10248,Niš,15.082916665,24.83510897022941
10249,Niš,15.9975,23.57654903263806
10250,Niš,13.63125,24.257618793776828
10251,Niš,12.780416665,24.851571526202157
10252,Niš,12.105208335,25.89306573202801
10253,Niš,13.8025,29.90632697178994
10254,Niš,15.22875,33.01325751558671
10255,Niš,17.280416665,30.42770175098961
10256,Niš,18.499375,27.803855357020375
10257,Niš,13.6566666685,27.6071214802242
10258,Niš,19.83375,26.921647350524417
10259,Niš,21.595833335,24.56923260272434
10260,Niš,15.98229167,24.25710510668277
10261,Niš,13.160833335,22.1224483439998
10262,Niš,13.873333335,22.84836821249808
10263,Niš,14.714791665,20.35643334837585
10264,Niš,21.00729167,28.33355695230713
10265,Niš,12.6108333315,25.47794119128494
10266,Niš,15.1925000015,27.6071214802242
10267,Niš,16.6349999985,31.53758520990963
10268,Niš,19.756458335,33.09685584987235
10269,Niš,23.005625,23.865143759502963
10270,Niš,12.535625,19.800252487974625
10271,Niš,11.5722916685,20.652539835357903
10272,Niš,10.975208335,17.7767232600449
10273,Niš,21.078125,27.8918737306772
10274,Niš,23.985416665,28.839659712994703
10275,Niš,29.644375,27.87945298847361
10276,Niš,26.0575,29.600566752193423
10277,Niš,26.877291665,32.78926458785224
10278,Niš,19.47333333,24.61957226273646
10279,Niš,15.976458335,22.286862444747705
10280,Niš,19.53125,25.086244781924265
10281,Niš,19.968958335,24.99963222427273
10282,Niš,8.980625,16.79561338363557
10283,Niš,18.735416665,29.91858119849228
10284,Niš,13.3295833315,22.428768285244683
10285,Niš,11.8785416685,21.76530781212668
10286,Niš,13.407291665,21.62455486670555
10287,Niš,15.2843750015,23.82826963719191
10288,Niš,16.513125,26.831821712003904
10289,Niš,19.580416665,25.771422685900887
10290,Niš,17.541666665,21.359706521225064
10291,Niš,13.701875,22.428768285244683
10292,Niš,13.4479166665,21.48323779221485
10293,Niš,14.7825,23.918118168839168
10294,Niš,17.2133333315,24.277760603833496
10295,Niš,22.544166665,27.060457991371607
10296,Niš,13.6093750015,19.62667606602611
10297,Niš,14.643125,17.75747924023789
10298,Niš,5.587291666500001,19.41575786863816
10299,Niš,7.258125,20.76030752714792
10300,Niš,9.9741666665,24.155407369900708
10301,Niš,12.7137499985,23.927348350763975
10302,Niš,13.685208335,24.01145386269488
10303,Niš,17.06104167,32.010847905974785
10304,Niš,18.43625,30.370932106447025
10305,Niš,19.31875,30.27251105813907
10306,Niš,24.245434785,25.32719480654512
10307,Niš,22.000625,21.943108567064773
10308,Niš,22.89479167,26.37211777623561
10309,Niš,25.78020833,27.52181987891293
10310,Niš,21.587916665,23.97565082401677
10311,Niš,22.289583335,23.15352151689244
10312,Niš,12.31875,18.982798380067784
10313,Niš,18.477291665,24.90458975397612
10314,Niš,17.848333335,25.658307269909088
10315,Niš,23.598333335,33.08620762221189
10316,Niš,31.229166665,32.73227776256509
10317,Niš,31.847916665,33.59306283031477
10318,Niš,35.05270833,33.08620762221189
10319,Niš,37.5125,41.75765511451606
10320,Niš,50.22215909000001,46.64568853514218
10321,Niš,34.8125,31.81174763128683
10322,Niš,36.891666665,33.76155343266806
10323,Niš,32.50833333,36.85856287301385
10324,Niš,24.85,27.01826778891018
10325,Niš,22.095833335,37.5480750508848
10326,Niš,23.966666665,37.64649609919275
10327,Niš,31.797916665,42.55771012913008
10328,Niš,38.65833333499999,49.56409316948511
10329,Niš,45.447916665,50.769070137068894
10330,Niš,39.3875,47.10287251098549
10331,Niš,42.42145833,49.56409316948511
10332,Niš,55.5125,48.13578478518097
10333,Niš,36.925,44.06587798982837
10334,Niš,48.691666665,46.89283719106038
10335,Niš,42.76041667,42.20378026948328
10336,Niš,38.239583335,45.9499795842187
10337,Niš,33.52354167,44.41980784947517
10338,Niš,42.16666667,46.3039094438655
10339,Niš,45.59166667,49.932464549220185
10340,Niš,49.691666665,51.99090593161161
10341,Niš,63.120833335,59.33010994394488
10342,Niš,72.61875,59.391644955579466
10343,Niš,49.75208333499999,48.43106975142501
10344,Niš,75.570833335,69.96426072331649
10345,Niš,90.589583315,63.42231571686033
10346,Niš,47.860416665,44.3595137612484
10347,Niš,28.40625,39.723947122041146
10348,Niš,42.22291667,45.9927380996593
10349,Niš,41.13541667,43.6049966146449
10350,Niš,57.670833335,62.99709867287981
10351,Niš,66.114583335,64.84413841066369
10352,Niš,38.320833335,43.68445962581119
10353,Niš,30.72708333,39.09121923529391
10354,Niš,35.808333335,50.83060514870349
10355,Niš,30.741666665,52.0524409432462
10356,Niš,63.25624999999999,74.98269527919133
10357,Niš,60.2375,61.136728561239934
10358,Niš,30.640625,40.19548860950132
10359,Niš,62.385416665,59.18962360631074
10360,Niš,24.40729167,37.97653951288865
10361,Niš,25.695625,37.40929289710227
10362,Niš,22.247916665,34.67641422507469
10363,Niš,28.258333335,37.91145745984015
10364,Niš,42.76875,45.36127246137825
10365,Niš,22.823333335,36.45502809057526
10366,Niš,47.074791665,50.185074867959685
10367,Niš,51.822916665,64.77285122632996
10368,Niš,32.65,47.98796113579787
10369,Niš,27.21666667,43.211995477886006
10370,Niš,34.35958333,52.0524409432462
10371,Niš,12.666875,31.49488655232999
10372,Niš,7.859375,26.712509465179085
10373,Niš,20.144375,45.103106303113385
10374,Niš,24.14375,44.357251063667
10375,Niš,12.521041665,31.55232832625317
10376,Niš,15.88479167,37.17811118978947
10377,Niš,39.66249999999999,53.08667647909906
10378,Niš,33.29048913,44.361587256104606
10379,Niš,54.5125,61.28005651509079
10380,Niš,88.375,50.796289059739
10381,Niš,40.793541665,32.02084616220261
10382,Niš,18.01479167,30.751481231193345
10383,Niš,30.41458333,40.8661298596189
10384,Niš,68.96041667,76.45212304150155
10385,Niš,23.67229167,42.55773318380941
10386,Niš,66.64625000000001,65.44397993934031
10387,Niš,57.95,53.1115102729593
10388,Niš,31.79375,41.48873760712583
10389,Niš,35.733333335,62.55762712580532
10390,Niš,60.504166665,76.45212304150155
10391,Niš,63.845833335,74.84685191859536
10392,Niš,97.03333333,89.66830692918656
10393,Niš,121.19438405,104.91802428039196
10394,Niš,136.29791665,119.05631553081564
10395,Niš,112.88958335,110.9205553097402
10396,Niš,86.37708333500001,84.55098504772825
10397,Niš,113.2520833,114.40097959279744
10398,Niš,96.654166685,85.17281604301384
10399,Niš,63.81874999999999,58.07771340028429
10400,Niš,143.33125,105.12515482532166
10401,Niš,156.115,101.36056122390706
10402,Niš,131.8708333,120.1561723087626
10403,Niš,92.04583333,85.87556886562861
10404,Niš,69.72083333,84.62227223206197
10405,Niš,48.04583333,64.84413841066369
10406,Niš,23.88333333,45.30373124869758
10407,Niš,22.49166667,40.29356027760576
10408,Niš,35.25,53.34672624137068
10409,Niš,49.40833333,67.25941005184534
10410,Niš,32.1125,52.14737645939045
10411,Niš,52.775,31.76580568412707
10412,Niš,36.67083333,42.30586581494499
10413,Niš,29.64166667,39.26460545308053
10414,Niš,61.50833333,91.7375135531135
10415,Niš,146.0416667,118.48392091073204
10416,Niš,90.02916667,98.26056912980349
10417,Niš,98.52916667,114.19384904786772
10418,Niš,81.09583333,85.3407657252612
10419,Niš,15.58041667,27.497229145783137
10420,Niš,60.15833333,73.83079380141125
10421,Niš,12.28958333,25.752147962313263
10422,Niš,13.36666667,26.97596314878905
10423,Niš,16.2375,27.600986767433408
21697,Niš,104.18125,92.8927488935272
21698,Niš,107.4541666666667,92.00311709698128
21699,Niš,92.15625,92.38411564511767
21700,Niš,59.56666666666668,65.46793559998859
21701,Niš,83.70625000000001,83.6613532511823
21702,Niš,75.56666666666666,77.36531063794574
21703,Niš,78.26875000000001,84.62227223206197
21704,Niš,96.39791666666665,89.87543747411625
21705,Niš,51.95347222222222,46.7204612359336
21706,Niš,16.76833333333333,29.89822449997884
21707,Niš,23.6,35.29135545844327
21708,Niš,25.00833333333333,38.97637089630953
21709,Niš,50.10416666666666,54.33871438956107
21710,Niš,69.98958333333334,67.48387187540845
21711,Niš,73.08333333333334,84.62227223206197
21712,Niš,79.39166666666667,55.10482460481119
21713,Niš,19.16666666666667,27.8713006007119
21714,Niš,25.319375,30.25779276262572
21715,Niš,40.41,34.35408492096767
21716,Niš,17.79145833333333,34.02300862388074
21717,Niš,46.81666666666667,55.96238958588571
21718,Niš,56.66666666666667,74.98269527919133
21719,Niš,19.11291666666667,30.876709367612627
21720,Niš,8.221666666666668,27.032355557855773
21721,Niš,16.19925724637681,37.93189962573942
21722,Niš,22.29291666666667,31.69088042164438
21723,Niš,21.43541666666667,32.608479159291505
21724,Niš,27.02708333333333,40.172464520868886
21725,Niš,29.29166666666667,38.51436313768587
21726,Niš,53.88333333333334,57.8705828553546
21727,Niš,49.33749999999999,51.347216912630486
21728,Niš,73.48125,69.68811379729347
21729,Niš,51.1375,49.25861716864513
21730,Niš,45.125625,41.237014183516266
21731,Niš,15.37354166666667,24.33555477603762
21732,Niš,23.39395833333334,22.603108408601397
21733,Niš,31.27500000000001,40.35563854858073
21734,Niš,39.64166666666667,41.68897287388157
21735,Niš,37.06833333333333,41.39315434644968
21736,Niš,37.68958333333333,51.84603739726065
21737,Niš,56.10416666666667,63.21518517193064
21738,Niš,92.96875,92.46469563754206
21739,Niš,99.56458333333332,91.74493511121072
21740,Niš,109.1145833333333,99.67535088348644
21741,Niš,75.72708333333334,64.56522883334426
21742,Niš,57.33750000000001,64.84413841066369
21743,Niš,98.84166666666668,84.97620209170876
21744,Niš,94.71041666666667,77.01318344607803
21745,Niš,118.4645833333333,63.42231571686033
21746,Niš,65.05,50.114179465892114
21747,Niš,40.97541666666667,46.49404661026396
21748,Niš,73.125,62.41300777134424
21749,Niš,64.28125,62.41300777134424
21750,Niš,46.75208333333333,52.0524409432462
21751,Niš,65.89999999999999,46.06402528399303
21752,Niš,52.98958333333334,29.753778805957964
21753,Niš,32.61666666666667,37.074903885708046
21754,Niš,25.74895833333333,38.02472612461016
21755,Niš,39.69375,44.43467809775838
21756,Niš,22.07916666666667,36.02101914507428
21757,Niš,16.14125,34.1610451603855
21758,Niš,29.24583333333333,40.32113660521027
21759,Niš,51.45,61.93745153215735
21760,Niš,53.00208333333335,59.94262421125624
21761,Niš,42.52916666666667,48.43106975142501
21762,Niš,35.49583333333334,36.00277070110292
21763,Niš,45.52916666666667,38.66620872936853
21764,Niš,28.18708333333333,33.04054488851998
21765,Niš,33.08395833333334,37.085570850094825
21766,Niš,19.1225,28.189122390254287
21767,Niš,34.45,46.49404661026396
21768,Niš,54.0125,62.82474181073109
21769,Niš,41.06458333333333,47.48938697614424
21770,Niš,19.15708333333333,31.55506337887696
21771,Niš,13.85541666666667,21.95324011007032
21772,Niš,35.56331521739131,39.77213373376265
21773,Niš,30.545625,42.38549518615521
21774,Niš,42.38416666666667,48.96443017035196
21775,Niš,65.10625,49.21991685585978
21776,Niš,56.47291666666666,40.90011439071642
21777,Niš,54.95833333333333,50.446989805146
21778,Niš,40.60018115942029,48.43106975142501
21779,Niš,49.73208333333334,46.89880487442704
21780,Niš,36.05833333333334,33.25750558702278
21781,Niš,20.05795454545455,32.295291503656124
21782,Niš,27.235625,26.94942798868406
21783,Niš,16.07,27.14545078546645
21784,Niš,29.18125000000001,34.20834960642929
21785,Niš,46.98708333333333,43.66419753233479
21786,Niš,35.42291666666667,35.964141800889145
21787,Niš,29.41833333333333,28.2160254990658
21788,Niš,32.77958333333333,37.84817108192475
21789,Niš,27.485,29.07681056681549
21790,Niš,15.50659090909091,22.432392640689507
21791,Niš,23.59999999999999,36.83615926475876
21792,Niš,46.94166666666666,53.62425154549914
21793,Niš,57.43333333333333,56.022864056797815
21794,Niš,46.54791666666666,52.3448357912584
21795,Niš,42.53541666666667,50.87580164179752
21796,Niš,30.5875,38.24495853634677
21797,Niš,41.56041666666667,47.875853236520605
21798,Niš,33.13958333333333,32.24194751569682
21799,Niš,36.19791666666667,40.8954255283948
21800,Niš,27.114375,31.678536756449844
21801,Niš,19.254375,31.646496978791387
21802,Niš,17.233125,28.902811602479208
21803,Niš,9.338125000000002,23.496035043555647
21804,Niš,7.916032608695652,22.387132631647216
21805,Niš,25.71875,30.10993014557222
21806,Niš,32.15,32.26716982387964
21807,Niš,38.92291666666667,32.46664997627211
21808,Niš,28.77291666666666,29.827372345252567
21809,Niš,25.71041666666667,31.05960949734117
21810,Niš,23.32083333333333,29.503485105441783
21811,Niš,20.1675,26.399141248492278
21812,Niš,26.21458333333332,26.68214323670887
21813,Niš,28.65208333333334,32.92803316306121
21814,Niš,31.57083333333333,38.001339837095415
21815,Niš,31.77083333333333,32.72463828925363
21816,Niš,27.25958333333333,30.54064250078797
21817,Niš,20.62020833333333,25.61411491504863
21818,Niš,15.38604166666666,25.01065654878742
21819,Niš,14.65770833333333,19.34148661613161
21820,Niš,20.81395833333333,20.60753802447076
21821,Niš,23.08333333333333,23.777161581078463
21822,Niš,15.4375,22.790605478990503
21823,Niš,17.99916666666667,24.277760603833496
21824,Niš,23.825,25.3018359412346
21825,Niš,12.661875,20.23278266298447
21826,Niš,12.38645833333333,20.55375938319533
21827,Niš,18.27708333333334,22.16077752255329
21828,Niš,13.68208333333333,20.729520276281885
21829,Niš,15.53333333333333,22.428768285244683
21830,Niš,14.73479166666667,20.976271864403163
21831,Niš,23.09583333333333,22.98612667977848
21832,Niš,27.95416666666667,22.16077752255329
21833,Niš,19.30229166666667,19.412285125716213
21834,Niš,19.57479166666667,23.08781595307619
21835,Niš,26.60416666666666,29.28941497538253
21836,Niš,25.40625,25.0503286255286
21837,Niš,18.68958333333333,25.95477449660136
21838,Niš,18.58958333333334,24.959993464246384
21839,Niš,17.84791666666667,23.593311533692777
21840,Niš,23.57708333333333,28.35156070743787
21841,Niš,23.76666666666667,22.54020781164944
21842,Niš,21.30625,25.41320792590328
21843,Niš,24.525,28.14913721070197
21844,Niš,21.84166666666667,25.741042930274503
21845,Niš,13.46837121212121,25.444035102787527
21846,Niš,15.52583333333333,22.13175212549581
21847,Niš,14.80958333333333,22.701494617864917
21848,Niš,16.22291666666667,21.833802026927444
21849,Niš,20.86041666666667,24.59284244540005
21850,Niš,13.470625,19.46221371174946
21851,Niš,10.12166666666667,16.926952989349633
21852,Niš,16.01166666666667,23.469427556806504
21853,Niš,14.38541666666667,21.17296171298386
21854,Niš,14.97083333333333,22.48927395190007
21855,Niš,17.67536231884058,23.330030883707817
21856,Niš,17.30208333333333,22.01383923626292
21857,Niš,15.77125,21.927057524220828
21858,Niš,14.76833333333333,21.10697734810224
21859,Niš,12.94020833333333,16.447555419524942
21860,Niš,12.95854166666667,18.02235682612216
21861,Niš,11.09875,20.5395786924422
21862,Niš,12.75854166666667,18.0648429378122
21863,Niš,6.8525,15.282830238729645
21864,Niš,17.20083333333334,20.041757524856937
21865,Niš,21.60416666666666,23.8013103456162
21866,Niš,21.90625,27.69915658681041
21867,Niš,25.91041666666667,30.26749935223856
21868,Niš,26.25,31.83929853145729
21869,Niš,23.80416666666667,31.83929853145729
21870,Niš,19.85416666666667,31.740877483149333
21871,Niš,33.89583333333333,30.621222842665578
21872,Niš,23.05416666666667,27.119216348942462
21873,Niš,19.425,28.016511676433115
21874,Niš,22.34145833333334,30.26749935223856
21875,Niš,13.25625,18.89723663260341
21876,Niš,18.97583333333333,24.03464261761877
21877,Niš,16.71708333333333,25.78474380323477
21878,Niš,14.09708333333333,20.48967762769492
21879,Niš,16.98875,21.266771301855183
21880,Niš,21.21333333333333,24.18267429876997
21881,Niš,14.416875,23.228261292378654
21882,Niš,20.56041666666667,22.409347328476542
21883,Niš,15.26416666666667,25.06026561330844
21884,Niš,21.53541666666667,23.424373400868024
21885,Niš,16.25,22.36706427549551
21886,Niš,16.69395833333333,24.07414106480321
21887,Niš,21.13541666666667,25.559810253324457
21888,Niš,22.53125,31.30732701484201
21889,Niš,23.42291666666667,29.2739033342837
21890,Niš,25.74583333333334,28.76106511837833
21891,Niš,24.36458333333334,24.20496899028268
21892,Niš,16.98125,24.853507284756283
21893,Niš,22.95208333333333,29.289161897506013
21894,Niš,24.40208333333333,32.535297926687335
21895,Niš,25.66041666666667,29.236630392051094
21896,Niš,17.54173913043478,27.513074744120384
21897,Niš,16.58520833333333,22.384977470323257
21898,Niš,21.08958333333333,24.583719067280896
21899,Niš,19.433125,23.266449435584743
21900,Niš,21.60916666666667,27.835838759464096
21901,Niš,20.30416666666667,25.842393487494867
21902,Niš,30.9875,26.58040889344158
21903,Niš,27.71979166666667,21.031531230545458
21904,Niš,13.01979166666667,18.91945092980481
21905,Niš,14.18875,21.202775067388025
21906,Niš,13.241875,23.598127826860008
21907,Niš,13.04354166666667,21.192776229211844
21908,Niš,16.37791666666666,18.011749964214616
21909,Niš,13.10479166666666,22.55654281756876
21910,Niš,14.72708333333333,23.457340448878185
21911,Niš,18.63916666666667,25.99369495071123
21912,Niš,19.72083333333334,29.572965917000555
21913,Niš,18.093125,24.306733449144925
21914,Niš,8.469999999999999,17.353064721934064
21915,Niš,10.239375,17.353064721934064
21916,Niš,7.930833333333333,17.382090118991538
21917,Niš,11.80916666666666,21.12157249454493
21918,Niš,10.48958333333333,17.968497949441943
21919,Niš,14.57020833333333,20.0234531215207
21920,Niš,14.08416666666666,21.30443956402928
21921,Niš,16.185,21.52894561271259
21922,Niš,18.475,22.590041137071264
21923,Niš,19.588125,20.61086587677593
21924,Niš,25.22083333333333,25.65695052876672
21925,Niš,26.79375,29.38166148262821
21926,Niš,23.37291666666667,27.464785874360768
21927,Niš,19.25208333333333,24.97621306237228
21928,Niš,20.42916666666667,25.63967353549028
21929,Niš,25.52291666666667,27.958972261942407
21930,Niš,25.32708333333333,31.386947623502525
21931,Niš,28.03958333333333,30.03436672358941
21932,Niš,28.26249999999999,27.852031389196554
21933,Niš,28.07708333333333,31.740877483149333
21934,Niš,21.925,28.65060069579846
21935,Niš,21.025,26.65715542382923
21936,Niš,18.310625,26.56701798447326
21937,Niš,21.12541666666667,22.534892077082755
21938,Niš,14.323125,21.562500017077717
21939,Niš,14.088125,20.13081577757593
21940,Niš,19.69,26.93584066885904
21941,Niš,19.40166666666667,28.82526698397313
21942,Niš,15.44,26.31044693280424
21943,Niš,13.40854166666667,16.540343122945167
21944,Niš,17.6375,21.40142872417728
21945,Niš,17.03541666666667,23.77785185305299
21946,Niš,19.02166666666666,22.209572833055685
21947,Niš,16.96770833333333,22.996877936651003
21948,Niš,16.32291666666666,22.90654277536879
21949,Niš,15.29854166666667,22.90654277536879
21950,Niš,21.13333333333333,23.82826963719191
21951,Niš,22.45458333333334,23.687516691770774
21952,Niš,27.72708333333333,24.778235693586875
21953,Niš,24.11458333333333,26.618535146556116
21954,Niš,25.94583333333333,27.899209799483124
21955,Niš,17.97708333333333,22.768334827549285
21956,Niš,20.17083333333333,24.80159165946008
21957,Niš,19.87916666666666,26.131245522632344
21958,Niš,15.89041666666666,20.022511398091336
21959,Niš,22.22708333333333,22.428768285244683
21960,Niš,25.57708333333333,23.239381674045987
21961,Niš,28.364375,24.648725116917724
21962,Niš,39.34854166666667,27.866409376885144
21963,Niš,11.82479166666667,19.330615510288585
21964,Niš,17.95083333333334,19.16515009213528
21965,Niš,31.20625,30.805886505426315
21966,Niš,29.57291666666666,48.62271380603643
21967,Niš,25.4375,22.790605478990503
21968,Niš,29.52916666666667,23.687516691770774
21969,Niš,31.42291666666667,24.49173011030991
21970,Niš,31.49791666666666,29.42649076601616
21971,Niš,23.15833333333333,25.38103151413468
21972,Niš,25.18416666666667,26.776006566233004
21973,Niš,27.59791666666667,28.41552197855544
21974,Niš,28.48958333333333,26.254631787033336
21975,Niš,28.17708333333334,27.58661995503431
21976,Niš,27.47854166666666,29.7194178945972
21977,Niš,33.67791666666666,27.13521098906877
21978,Niš,20.81229166666667,25.980421451959444
21979,Niš,27.42625,28.09647862897117
21980,Niš,20.19104166666667,24.836889371645096
21981,Niš,33.44791666666667,28.76945183820223
21982,Niš,37.11666666666667,30.36827958623672
21983,Niš,43.65416666666667,32.55678751406217
21984,Niš,33.41208333333334,27.510524402127057
21985,Niš,19.69354166666667,29.4035925863082
21986,Niš,37.71041666666667,39.04431573572496
21987,Niš,38.97500000000001,44.06587798982837
21988,Niš,23.67291666666667,28.01379707234937
21989,Niš,34.344375,29.585656762814544
21990,Niš,39.00208333333333,30.329953459397192
21991,Niš,26.893125,31.25225272954682
21992,Niš,34.6508152173913,31.76729410305564
21993,Niš,36.88124999999999,32.12122396270244
21994,Niš,50.625,26.15718895382892
21995,Niš,15.88583333333333,27.162130921442305
21996,Niš,13.91479166666667,24.131343256608872
21997,Niš,14.51395833333333,25.00946792879804
21998,Niš,26.033125,31.59984918350276
21999,Niš,33.03770833333334,32.93183735150375
22000,Niš,40.77837121212121,27.41014731433897
22001,Niš,26.94166666666666,33.76340416910316
22002,Niš,29.035625,32.6945915029607
22003,Niš,19.0625,25.71781753237296
22004,Niš,17.79520833333333,26.342115118012572
22005,Niš,10.50145833333333,25.121520372884675
22006,Niš,27.31791666666667,39.10585074735955
22007,Niš,46.78541666666667,42.26531528111787
22008,Niš,23.92124999999999,35.02383428645443
22009,Niš,44.29166666666667,48.07713989177822
22010,Niš,33.04166666666667,49.07955214777309
22011,Niš,12.33583333333333,28.277560510700397
22012,Niš,41.05208333333334,31.56266918695234
22013,Niš,55.21666666666667,69.00334174243682
22014,Niš,74.38354166666667,63.068385857213535
22015,Niš,35.77333333333334,50.090012430657175
22016,Niš,40.25104166666667,40.24930201088279
22017,Niš,23.84125,28.687589713470693
22018,Niš,11.09354166666667,20.888423911684715
22019,Niš,44.64416666666666,75.15017771653473
22020,Niš,79.0625,87.1415347697542
22021,Niš,49.49166666666667,43.10187922698356
22022,Niš,18.468125,30.73212190399468
22023,Niš,39.42083333333333,58.94572399389593
22024,Niš,74.49729166666667,22.629234893598515
22025,Niš,9.711041666666668,17.652682867294995
22026,Niš,13.01770833333333,18.532487031401235
22027,Niš,34.77541666666667,51.441738609885846
22028,Niš,31.50208333333333,27.84656145085863
22029,Niš,32.15416666666667,60.60244260999814
22030,Niš,50.28958333333333,46.48727989232667
22031,Niš,15.938125,33.94537534025321
22032,Niš,27.90395833333333,29.01613940051103
22033,Niš,21.30625,36.79924493828955
22034,Niš,58.76458333333333,92.2482722845217
22035,Niš,58.60833333333333,41.621186821514335
22036,Niš,15.94895833333333,46.95122456812579
22037,Niš,33.15833333333333,50.38598827371362
22038,Niš,52.29374999999999,106.12427420495531
22039,Niš,49.06458333333335,52.0524409432462
22040,Niš,41.01041666666667,67.33069723617906
22041,Niš,93.23541666666664,92.8927488935272
22042,Niš,97.28958333333334,56.0843990684324
22043,Niš,49.42083333333333,60.2949772141329
22044,Niš,38.14541666666666,36.371018677014405
22045,Niš,22.63083333333334,26.182908664281467
22046,Niš,21.88479166666666,41.3886984606315
22047,Niš,59.54166666666667,92.75690553293124
22048,Niš,99.52291666666667,102.18544372660632
22049,Niš,109.7020833333333,119.05631553081564
22050,Niš,144.80625,92.4554028294514
22051,Niš,82.6,120.04977775129572
22052,Niš,83.42916666666666,63.83870881643414
22053,Niš,52.50875,74.00229864330025
22054,Niš,119.7333333333333,115.12414399277024
22055,Niš,153.25,114.64675710433951
22056,Niš,114.3854166666667,92.4554028294514
22057,Niš,87.68124999999999,92.4554028294514
22058,Niš,137.4145833333333,119.05631553081564
22059,Niš,115.6833333333333,92.4554028294514
22060,Niš,106.7895833333334,119.05631553081564
22061,Niš,101.1895833333333,92.96403607786094
30231,Niš,65.10624999999999,33.92088534741947
30232,Niš,61.8825,120.6331495386968
30233,Niš,121.0041666666667,90.98992092903184
30234,Niš,70.08124999999998,81.6448555703873
30235,Niš,100.7145833333333,76.58796640209752
30236,Niš,93.49166666666667,34.58953270212934
30237,Niš,27.74166666666667,28.8453500687033
30238,Niš,20.890625,37.87632050650746
30239,Niš,23.63958333333333,29.073726746707752
30240,Niš,43.59166666666666,92.46469563754206
30241,Niš,69.07916666666665,64.63700786573399
30242,Niš,53.27291666666667,68.96054964200017
30243,Niš,66.55416666666666,118.2661177713566
30244,Niš,131.60625,118.00653402230137
30245,Niš,149.1166666666667,53.36256715788995
30246,Niš,42.17354166666667,117.97204680818416
30247,Niš,79.32916666666665,74.66267663821006
30248,Niš,26.89729166666667,51.7450875479871
30249,Niš,17.43208333333334,36.79924493828955
30250,Niš,23.82291666666667,35.69843454077326
30251,Niš,53.95416666666667,103.22557894528744
30252,Niš,78.63958333333332,104.91802428039196
30253,Niš,71.45000000000002,101.15343067897736
30254,Niš,104.725,114.122561863534
30255,Niš,57.09166666666667,43.09113648851992
30256,Niš,42.76875,81.97540658842799
30257,Niš,34.029375,28.61575541989213
30258,Niš,24.58958333333334,41.94768522499668
30259,Niš,37.7,66.31463911899493
30260,Niš,48.59166666666667,76.80605290114833
30261,Niš,84.64583333333334,99.39518101190204
30262,Niš,101.3791666666667,115.0439895567688
30263,Niš,78.02708333333334,81.75922880663221
30264,Niš,83.85416666666666,89.5726138838016
30265,Niš,88.61041666666668,99.82676844665602
30266,Niš,101.9583333333333,92.67182618247176
30267,Niš,99.97083333333332,74.15810425137828
30268,Niš,86.96875,77.01318344607803
30269,Niš,61.32083333333333,52.172620848283536
30270,Niš,47.93541666666665,44.42842131433903
30271,Niš,37.37083333333334,44.96178173326598
30272,Niš,23.40125,47.06796905083838
30273,Niš,29.80833333333333,36.96713731289203
30274,Niš,19.93541666666667,32.51910850362738
30275,Niš,31.71458333333333,62.19073295521073
30276,Niš,49.68333333333334,92.6380667525998
30277,Niš,67.96458333333334,92.67182618247176
30278,Niš,62.94791666666668,76.65925358643125
30279,Niš,68.19999999999999,84.62227223206197
30280,Niš,55.31041666666668,69.96426072331649
30281,Niš,69.85624999999999,67.7001084927538
30282,Niš,66.26875000000001,54.940947804909165
30283,Niš,47.48125,64.45283258534869
30284,Niš,41.71250000000001,44.96178173326598
30285,Niš,54.70270833333333,41.21558241853056
30286,Niš,36.97916666666666,33.65539399574744
30287,Niš,25.98958333333334,47.09369433990203
30288,Niš,28.31458333333333,42.38549518615521
30289,Niš,30.30416666666667,50.34792942050157
30290,Niš,36.40416666666666,38.28292536857116
30291,Niš,31.58750000000001,36.68131550791364
30292,Niš,16.635,38.02472612461016
30293,Niš,24.45208333333333,46.95437220269497
30294,Niš,25.97708333333333,38.25921007570645
30295,Niš,33.53333333333333,45.33438696555988
30296,Niš,37.3125,48.664173047123256
30297,Niš,19.96604166666667,31.434883473839623
30298,Niš,20.97458333333334,30.47882782111928
30299,Niš,28.72771739130435,48.07713989177822
30300,Niš,28.31458333333333,37.03505788581384
30301,Niš,31.08479166666667,28.4264300629526
30302,Niš,18.91770833333333,28.69158932717768
30303,Niš,22.03479166666666,39.164711782170286
30304,Niš,39.69270833333334,57.74999164203744
30305,Niš,57.66041666666666,46.01151459585329
30306,Niš,31.89375,59.391644955579466
30307,Niš,46.8875,52.46375041522422
30308,Niš,37.83125,46.60044234304817
30309,Niš,27.01041666666667,32.82374448527942
30310,Niš,40.28750000000001,58.187462385737824
30311,Niš,54.43541666666667,66.65633054407763
30312,Niš,51.44375000000001,58.110632702583736
30313,Niš,30.10625,45.70272030102432
30314,Niš,23.88520833333334,27.695282409663893
30315,Niš,27.60145833333333,46.006940442887526
30316,Niš,30.33749999999999,32.59179994654906
30317,Niš,56.63520833333332,26.106006743312594
30318,Niš,25.85875,23.610914830541
30319,Niš,32.47833333333333,33.68041235365768
30320,Niš,24.74916666666666,29.70563740441021
30321,Niš,69.79545454545455,29.522770334925863
30322,Niš,73.46666666666667,32.62632992745462
30323,Niš,38.48020833333333,29.291829771055244
30324,Niš,17.855625,31.14277177894452
30325,Niš,29.82083333333333,31.58112553393669
30326,Niš,24.99333333333333,34.11441308290973
30327,Niš,22.869375,34.903257421318365
30328,Niš,21.6625,28.99092207412
30329,Niš,17.66458333333333,30.843441900484567
30330,Niš,16.74104166666667,31.14277177894452
30331,Niš,23.56270833333333,31.14277177894452
30332,Niš,36.67291666666667,38.716642060625055
30333,Niš,38.81041666666666,34.9526407328596
30334,Niš,35.60208333333334,31.175206141137902
30335,Niš,25.60208333333333,31.58112553393669
30336,Niš,32.27916666666666,30.58544014490501
30337,Niš,38.28333333333333,22.5244690912387
30338,Niš,8.309583333333332,23.3954018073592
30339,Niš,22.27708333333333,30.436675869012326
30340,Niš,28.86666666666667,33.94699268996157
30341,Niš,28.13291666666667,30.356792453402285
30342,Niš,21.73333333333333,27.516860720175647
30343,Niš,25.39291666666666,38.72066059335894
30344,Niš,26.9225,30.32850036212018
30345,Niš,21.4525,24.799537750125157
30346,Niš,26.56625,29.79465708115835
30347,Niš,26.09875,25.16754421981543
30348,Niš,17.4725,26.254631787033336
30349,Niš,17.65854166666666,24.944252027700323
30350,Niš,15.25229166666667,24.564231965244183
30351,Niš,16.719375,24.08909986093802
30352,Niš,8.8275,22.75031073305944
30353,Niš,11.30520833333333,19.14774844080424
30354,Niš,7.563750000000001,16.83399967541795
30355,Niš,19.41354166666667,18.98812941188605
30356,Niš,17.331875,22.842842641261576
30357,Niš,17.658125,22.659975571777228
30358,Niš,14.67875,20.597013746712
30359,Niš,6.013541666666666,21.581081375015696
30360,Niš,11.48104166666667,21.60708242269217
30361,Niš,19.19645833333333,21.317660723228823
30362,Niš,14.87583333333334,20.6326885081862
30363,Niš,17.30875,22.659975571777228
30364,Niš,14.09770833333333,18.78862577822481
30365,Niš,7.836041666666667,18.1019053663832
30366,Niš,15.17458333333333,20.03397248630709
30367,Niš,21.45416666666667,23.77553452466297
30368,Niš,21.73020833333334,22.90654277536879
30369,Niš,13.14583333333333,18.71733859389108
30370,Niš,10.716875,19.330615510288585
30371,Niš,22.64791666666667,19.50581300638054
30372,Niš,17.21083333333333,18.78862577822481
30373,Niš,12.29520833333333,20.24833516716061
30374,Niš,17.78333333333333,24.422213557213908
30375,Niš,17.86791666666667,22.607738409506155
30376,Niš,16.565625,21.22512881502669
30377,Niš,17.9775,21.13479365374448
30378,Niš,16.65604166666667,21.13381067584314
30379,Niš,18.74791666666667,22.57518366579512
30380,Niš,15.08604166666667,20.57756301440205
30381,Niš,17.87893115942029,22.0670005095024
30382,Niš,18.58854166666666,21.887939410115347
30383,Niš,16.064375,20.62398046237978
30384,Niš,17.75458333333333,20.45291767221734
30385,Niš,16.75208333333334,21.614737179348783
30386,Niš,13.26583333333333,20.13081577757593
30387,Niš,13.34270833333333,20.218565853379577
30388,Niš,16.449375,24.16040441748762
30389,Niš,17.50354166666667,28.417734869025505
30390,Niš,20.71666666666667,26.135780644629563
30391,Niš,32.03333333333334,25.323365523574708
30392,Niš,24.28541666666667,31.51070619168835
30393,Niš,20.735625,31.00874657441437
30394,Niš,24.94875,19.7625909350452
30395,Niš,16.12,17.74438882901233
30396,Niš,14.80708333333333,22.318105754531462
30397,Niš,14.65958333333333,25.565449783459076
30398,Niš,18.14395833333333,25.8529420052901
30399,Niš,17.98458333333333,27.488744846296377
30400,Niš,18.37354166666666,27.02829716022821
30401,Niš,34.275,28.613484495169324
30402,Niš,35.62083333333334,28.26656511518837
30403,Niš,34.59999999999999,27.624004331516662
30404,Niš,23.61083333333333,22.602195215672204
30405,Niš,18.76666666666667,24.82540088529655
30406,Niš,15.52770833333333,22.385378862419778
30407,Niš,18.28395833333333,21.05689311268568
30408,Niš,11.89,18.390375449912067
30409,Niš,14.07083333333334,20.186899736315823
30410,Niš,19.19583333333333,25.8529420052901
30411,Niš,18.42395833333333,25.379373361611368
30412,Niš,22.125,28.034449523320053
30413,Niš,16.76770833333333,17.00454150691127
30414,Niš,14.38770833333333,17.688615858880155
30415,Niš,14.69729166666667,21.56495315527251
30416,Niš,15.13985507246377,20.799975243014423
30417,Niš,11.822375,24.722332648473756
30418,Niš,13.7475,26.506711729175255
30419,Niš,15.27791666666666,25.82761917689658
30420,Niš,17.78541666666667,27.520933185294037
30421,Niš,19.44916666666667,26.28889835265153
30422,Niš,17.89708333333333,27.513074744120384
30423,Niš,18.89659420289855,27.42105414800052
30424,Niš,19.13458333333334,29.10909811528703
30425,Niš,19.49958333333333,30.49448684468813
30426,Niš,18.89708333333333,31.235285377966186
30427,Niš,19.07333333333333,31.29988972465607
30428,Niš,22.45729166666666,30.61454933100619
30429,Niš,23.56479166666667,28.279420040689946
30430,Niš,17.85770833333333,28.42802617218684
30431,Niš,15.15395833333334,26.881333402841516
30432,Niš,17.23333333333333,31.450278010995305
30433,Niš,23.795625,27.19399398874553
30434,Niš,20.51208333333333,29.16295177108802
30435,Niš,19.215,24.430987497357773
30436,Niš,13.38895833333333,20.663131087510063
30437,Niš,11.66375,21.443044008262333
30438,Niš,11.26104166666667,24.595418500218383
30439,Niš,10.18541666666667,27.10332195652556
30440,Niš,14.75875,25.38660785436537
30441,Niš,14.06083333333333,23.655218775899485
30442,Niš,12.60375,24.39249255374348
30443,Niš,15.41104166666667,29.30899610042197
30444,Niš,20.058125,34.26515452515305
30445,Niš,19.21916666666666,24.228252808914952
30446,Niš,12.116875,23.03296133836033
30447,Niš,14.414375,29.90207220782243
30448,Niš,16.689375,22.20218478655566
30449,Niš,9.553124999999998,25.91181468911012
30450,Niš,8.876666666666665,27.42312445317636
30451,Niš,15.25083333333333,24.81857643031559
30452,Niš,13.514375,27.73470730579241
30453,Niš,12.58083333333333,28.612354537605835
30454,Niš,14.07854166666667,29.00593118647262
30455,Niš,18.44916666666667,32.67829239852306
30456,Niš,23.23152173913043,27.60975986050341
30457,Niš,25.81041666666667,37.0498221173498
30458,Niš,29.87500000000001,32.34293142217571
30459,Niš,30.325,31.28911013107132
30460,Niš,26.49791666666667,26.6932493691808
30461,Niš,27.12708333333333,23.55367292783446
30462,Niš,17.051875,19.40346827246577
30463,Niš,18.19583333333333,22.334974241195923
30464,Niš,26.26666666666667,26.89324322296728
30465,Niš,24.49208333333333,27.612980581178167
30466,Niš,26.16458333333333,30.965796531662328
30467,Niš,32.08749999999999,29.90632697178994
30468,Niš,38.47291666666666,26.710774343020564
30469,Niš,38.54791666666667,24.44149200964798
30470,Niš,30.90416666666666,31.51840304696231
30471,Niš,27.75,21.818337136589665
30472,Niš,27.575,22.82051359155597
30473,Niš,40.53333333333333,25.284609239101364
30474,Niš,47.01041666666666,33.69191322139403
30475,Niš,53.99791666666666,30.94229093354492
30476,Niš,46.01458333333333,34.561892993696844
30477,Niš,41.96875,33.80777339543273
30478,Niš,50.36041666666668,32.55240588594063
30479,Niš,37.42527173913042,29.50383387409733
30480,Niš,25.73333333333333,25.80851436461676
30481,Niš,30.26458333333333,28.080688917224677
30482,Niš,34.03541666666667,27.66006733744502
30483,Niš,16.98,16.832101049716584
30484,Niš,23.26083333333334,19.060404700047467
30485,Niš,26.60416666666666,22.096252679153803
30486,Niš,19.34585144927537,23.639328083607573
30487,Niš,10.96083333333333,19.74487971388463
30488,Niš,13.99875,18.1019053663832
30489,Niš,16.9625,21.90739350604501
30490,Niš,21.38625,20.95094360635879
30491,Niš,24.64791666666667,24.422213557213908
30492,Niš,24.97916666666666,20.11068058516511
30493,Niš,23.35208333333333,18.478271886386988
30494,Niš,34.07291666666667,24.637482748165745
30495,Niš,37.61874999999999,26.79258065500239
30496,Niš,42.74791666666667,24.135674909915164
30497,Niš,42.55579710144928,25.864439335319144
30498,Niš,37.69583333333334,24.13780025066312
30499,Niš,33.13125,24.49173011030991
30500,Niš,29.3625,23.82826963719191
30501,Niš,40.7375,23.82826963719191
30502,Niš,10.59520833333333,15.470463395737786
30503,Niš,19.82791666666667,23.6448530155096
30504,Niš,24.59375,26.71813726232374
30505,Niš,31.9375,24.944252027700323
30506,Niš,46.71041666666666,23.64123319562505
30507,Niš,27.480625,19.488572166775487
30508,Niš,17.42395833333333,25.95754241027625
30509,Niš,27.81875,29.50057634958
30510,Niš,34.53432971014492,27.79478593159545
30511,Niš,34.46875,24.563396204561247
30512,Niš,30.84583333333333,23.527190002489185
30513,Niš,36.475,23.14656194966664
30514,Niš,25.19583333333333,22.48244848112584
30515,Niš,29.31666666666666,27.846815197734536
30516,Niš,40.51666666666667,32.202857654415375
30517,Niš,38.35099637681159,29.22011712478213
30518,Niš,44.35833333333333,37.64649609919275
30519,Niš,29.11458333333334,37.9020049105316
30520,Niš,23.47916666666666,30.28946942416975
30521,Niš,20.19166666666667,30.68307806475716
30522,Niš,20.47291666666666,34.565334521251565
30523,Niš,19.40208333333334,34.9526407328596
30524,Niš,48.58958333333334,38.93828022678421
30525,Niš,58.83958333333333,48.01560488014363
30526,Niš,61.59791666666666,48.01560488014363
30527,Niš,61.76875,46.53890733141358
30528,Niš,67.40208333333334,47.10287251098549
30529,Niš,71.9625,38.93828022678421
30530,Niš,64.25208333333335,45.9499795842187
30531,Niš,65.55,49.932464549220185
30532,Niš,77.89375,55.54779168206653
30533,Niš,69.51875,51.99090593161161
30534,Niš,62.80625000000001,51.99090593161161
30535,Niš,59.79583333333333,52.0524409432462
30536,Niš,49.04166666666666,38.28292536857116
30537,Niš,49.69166666666666,36.45502809057526
30538,Niš,63.02916666666667,63.42231571686033
30539,Niš,57.64583333333333,62.291381391804144
30540,Niš,77.74166666666667,69.96426072331649
30541,Niš,95.71041666666665,92.4554028294514
30542,Niš,107.8645833333333,65.1980682703105
30543,Niš,76.19166666666668,57.05786762487392
30544,Niš,45.49791666666667,52.0524409432462
30545,Niš,46.41249999999999,47.58764706760508
30546,Niš,26.46458333333333,33.58358022718423
30547,Niš,24.39375,51.98115375891247
30548,Niš,27.18458333333333,35.002316856082444
30549,Niš,40.0625,59.8914679115275
30550,Niš,49.39791666666667,56.81154820309103
30551,Niš,70.78958333333334,75.05398246352506
30552,Niš,92.06875,76.65925358643125
30553,Niš,133.1416666666667,56.0843990684324
30554,Niš,26.34645833333333,21.73408434788547
30555,Niš,21.685,39.258260937313416
30556,Niš,24.43395833333333,27.82495466296371
30557,Niš,43.20229166666667,49.8584914169368
30558,Niš,71.28333333333333,62.861255312283845
30559,Niš,103.675,100.50846585391584
30560,Niš,150.125,114.64675710433951
30561,Niš,103.7729166666667,92.4554028294514
30562,Niš,114.10625,75.05398246352506
30563,Niš,39.52479166666667,62.8719282089244
30564,Niš,25.56375,28.35604442246056
30565,Niš,5.578749999999999,21.0146506253576
30566,Niš,14.19416666666667,39.54654918826801
30567,Niš,38.92083333333333,42.19402809678415
30568,Niš,32.25208333333333,49.59469963780341
30569,Niš,37.97916666666667,36.62024781458233
30570,Niš,23.98958333333334,26.342115118012572
30571,Niš,40.158125,50.46451054766544
30572,Niš,29.93562499999999,36.45502809057526
30573,Niš,75.38541666666667,54.86966062057544
30574,Niš,33.2375,47.6650796234433
30575,Niš,29.25208333333334,36.17693628962819
30576,Niš,37.30208333333334,42.700596777428366
30577,Niš,54.34583333333333,59.03771509593267
30578,Niš,74.3,61.84966967065541
30579,Niš,42.81875,53.73872629551925
30580,Niš,82.04374999999999,85.87556886562861
30581,Niš,116.0604166666667,76.65925358643125
30582,Niš,130.00625,92.96403607786094
30583,Niš,151.4791666666667,51.98115375891247
30584,Niš,71.55020833333333,25.19345393142628
30585,Niš,12.21354166666667,29.257577571488767
30586,Niš,48.47916666666667,62.35049658087563
30587,Niš,29.13145833333334,25.437087994251574
30588,Niš,10.57,27.66034609229393
30589,Niš,19.06291666666667,36.34749881602598
30590,Niš,35.25416666666666,43.370511777162456
30591,Niš,45.34166666666667,47.380516522675386
30592,Niš,77.62708333333333,92.4554028294514
30593,Niš,116.3625,92.2482722845217
30594,Niš,137.5145833333333,92.75690553293124
30595,Niš,144.1416666666667,102.18544372660632
10424,Novi Pazar,169.8916667,120.9850024744905
10425,Novi Pazar,135.0833333,121.09673203432172
22062,Novi Pazar,139.45,121.09673203432172
22063,Novi Pazar,141.0916666666667,121.09673203432172
22064,Novi Pazar,137.5541666666667,121.09673203432172
22065,Novi Pazar,134.4,118.48095354714262
22066,Novi Pazar,83.46666666666667,101.6750931871086
22067,Novi Pazar,112.6083333333333,113.1309777905656
22068,Novi Pazar,113.8583333333333,112.52830737279996
22069,Novi Pazar,117.0125,107.86853172340167
22070,Novi Pazar,117.3791666666667,106.910743864709
22071,Novi Pazar,68.08333333333334,73.71572725063203
22072,Novi Pazar,34.52916666666666,57.220984022824574
22073,Novi Pazar,72.05833333333335,81.44983021465566
22074,Novi Pazar,78.70416666666667,91.45884761432237
22075,Novi Pazar,83.50416666666666,79.41851078259704
22076,Novi Pazar,78.14583333333333,91.45884761432237
22077,Novi Pazar,149.1875,107.31842355384138
22078,Novi Pazar,74.69583333333334,67.60928432218569
22079,Novi Pazar,44.13541666666666,60.75262195348626
22080,Novi Pazar,55.18166666666667,68.41925644239484
22081,Novi Pazar,25.39666666666666,38.25094290773481
22082,Novi Pazar,42.45416666666667,62.38174203073405
22083,Novi Pazar,83.48750000000001,92.20545403711652
22084,Novi Pazar,29.30375,35.826501302096474
22085,Novi Pazar,26.67,33.361746219173085
22086,Novi Pazar,22.475,36.94691202974385
22087,Novi Pazar,24.375,34.14729215122866
22088,Novi Pazar,24.45833333333333,33.702939434711816
22089,Novi Pazar,26.05,38.95773680519081
22090,Novi Pazar,27.98636363636364,37.76964054680918
22091,Novi Pazar,51.13333333333333,47.913358122117344
22092,Novi Pazar,51.52083333333332,47.18929026152126
22093,Novi Pazar,51.75749999999999,56.29379871746165
22094,Novi Pazar,50.04791666666666,52.47461964017153
22095,Novi Pazar,50.88625,57.807273176344985
22096,Novi Pazar,27.41583333333334,34.30273577496183
22097,Novi Pazar,20.65458333333333,24.88816067213381
22098,Novi Pazar,34.90833333333334,34.1935359608965
22099,Novi Pazar,45.86249999999999,42.88637163125652
22100,Novi Pazar,54.22083333333333,51.52499077951015
22101,Novi Pazar,63.91666666666666,62.94417733211739
22102,Novi Pazar,79.71666666666665,74.65936810909375
22103,Novi Pazar,87.95,91.6614503363908
22104,Novi Pazar,110.55,86.4545314968178
22105,Novi Pazar,102.0333333333333,96.38822037451796
22106,Novi Pazar,107.1041666666667,99.41896549944713
22107,Novi Pazar,87.34166666666665,92.52156874796474
22108,Novi Pazar,107.3958333333333,91.95183462955212
22109,Novi Pazar,93.08750000000003,97.00743198182668
22110,Novi Pazar,68.55833333333334,72.51960295757472
22111,Novi Pazar,58.17083333333333,88.26483805380909
22112,Novi Pazar,66.00208333333333,65.3523198516629
22113,Novi Pazar,71.4875,89.18636142775311
22114,Novi Pazar,67.04166666666667,88.61604102742756
22115,Novi Pazar,73.04166666666667,92.01807813022548
22116,Novi Pazar,73.39583333333333,83.60053330253118
22117,Novi Pazar,63.19999999999999,55.23065851362759
22118,Novi Pazar,29.72434782608696,37.67899011684598
22119,Novi Pazar,25.85416666666667,37.81439760850666
22120,Novi Pazar,32.925,53.433285824413886
22121,Novi Pazar,38.57500000000001,46.567920309905766
22122,Novi Pazar,30.78750000000001,36.53873973715656
22123,Novi Pazar,28.57391304347826,35.57732792029535
22124,Novi Pazar,32.64583333333334,50.218823468039794
22125,Novi Pazar,48.13913043478262,56.19187418423684
22126,Novi Pazar,57.00869565217391,65.02735788732438
22127,Novi Pazar,50.7,61.739063748181366
22128,Novi Pazar,56.4,63.85392331474392
22129,Novi Pazar,59.26086956521738,62.847991923507465
22130,Novi Pazar,58.49166666666667,62.938164697054376
22131,Novi Pazar,31.21304347826087,49.714141714106994
22132,Novi Pazar,32.00434782608696,49.45631678780315
22133,Novi Pazar,55.25739130434782,48.816108889830986
22134,Novi Pazar,56.43478260869564,66.76379626762751
22135,Novi Pazar,39.82916666666668,49.439712174940034
22136,Novi Pazar,26.92478260869565,33.68964555835888
22137,Novi Pazar,34.51739130434783,52.009559289572856
22138,Novi Pazar,55.23478260869565,69.87331475573356
22139,Novi Pazar,52.13913043478261,75.76031273653467
22140,Novi Pazar,51.24347826086957,57.37112182523632
22141,Novi Pazar,49.65652173913043,51.83722617933725
22142,Novi Pazar,45.79347826086956,56.441097768096576
22143,Novi Pazar,51.0308695652174,65.70940784748117
22144,Novi Pazar,43.29958333333334,54.990297793865935
22145,Novi Pazar,24.38,33.377006666193125
22146,Novi Pazar,20.88272727272727,37.76616182091287
22147,Novi Pazar,20.10791666666667,27.88621276747107
22148,Novi Pazar,15.25833333333333,28.052910598828888
22149,Novi Pazar,33.19181818181818,41.681791359193824
22150,Novi Pazar,46.03041666666667,53.440321869310445
22151,Novi Pazar,36.88333333333334,44.52606742458379
22152,Novi Pazar,36.40666666666667,31.622558922692125
22153,Novi Pazar,32.88125,37.97072230481921
22154,Novi Pazar,33.94583333333334,29.6120581397405
22155,Novi Pazar,27.41958333333334,27.87540810756731
22156,Novi Pazar,31.375,41.04639819599368
22157,Novi Pazar,58.525,47.27887801110912
22158,Novi Pazar,65.47916666666664,53.61532605578999
22159,Novi Pazar,64.89583333333333,51.52030052453011
22160,Novi Pazar,75.53333333333333,60.68696455076832
22161,Novi Pazar,37.20416666666667,35.63801548102288
22162,Novi Pazar,68.22500000000001,57.5754937052457
22163,Novi Pazar,48.9975,47.85050456483521
22164,Novi Pazar,46.93333333333334,43.72857192167386
22165,Novi Pazar,36.04166666666666,32.944791395859404
22166,Novi Pazar,29.54333333333333,35.88568975476785
22167,Novi Pazar,34.92874999999999,38.03502228282331
22168,Novi Pazar,46.59208333333334,38.07164247196527
22169,Novi Pazar,26.50833333333333,24.391464950331542
22170,Novi Pazar,38.44166666666667,36.9343400378182
22171,Novi Pazar,51.83333333333334,45.48569073531978
22172,Novi Pazar,42.68333333333334,39.26271313583715
22173,Novi Pazar,43.3,34.299985765915984
22174,Novi Pazar,34.3,33.34159498592724
22175,Novi Pazar,30.09583333333333,30.968671496448994
22176,Novi Pazar,21.78,28.154335012632917
22177,Novi Pazar,20.10041666666666,23.653254822292357
22178,Novi Pazar,32.59166666666668,36.97176467886987
22179,Novi Pazar,36.77916666666667,40.943016919571726
22180,Novi Pazar,51.90833333333333,49.8498786484737
22181,Novi Pazar,35.85416666666666,35.5881887870211
22182,Novi Pazar,22.93083333333333,28.06470125591796
22183,Novi Pazar,32.19166666666667,29.69438836505876
22184,Novi Pazar,22.0875,24.179830431746534
22185,Novi Pazar,19.84166666666667,22.064715971953696
22186,Novi Pazar,28.97499999999999,28.037557456593408
22187,Novi Pazar,24.04375,29.393158238123902
22188,Novi Pazar,22.23333333333333,25.35529065666055
22189,Novi Pazar,21.56277777777778,21.58088124936945
22190,Novi Pazar,17.45416666666667,26.290216400457883
22191,Novi Pazar,16.18166666666667,20.731683399892237
22192,Novi Pazar,21.72666666666667,21.773418474058754
22193,Novi Pazar,23.24375,25.029556034401075
22194,Novi Pazar,19.7725,25.02442414852217
22195,Novi Pazar,26.65416666666667,24.751151369193437
22196,Novi Pazar,36.44583333333333,25.659843815964265
22197,Novi Pazar,29.7625,23.89369601735885
22198,Novi Pazar,17.61375,21.8423239300081
22199,Novi Pazar,10.41333333333333,19.231139276173437
22200,Novi Pazar,25.46666666666667,27.56491274847424
22201,Novi Pazar,28.38333333333334,27.851047162861924
22202,Novi Pazar,25.67083333333333,22.353337046134357
22203,Novi Pazar,22.2,22.519072031380126
22204,Novi Pazar,23.15416666666667,23.29798124929525
22205,Novi Pazar,23.59583333333333,27.06600280256088
22206,Novi Pazar,29.575,25.92965160516936
22207,Novi Pazar,21.24166666666667,22.65032601146944
22208,Novi Pazar,20.50416666666667,20.40250576132759
22209,Novi Pazar,22.2125,19.823263379256115
22210,Novi Pazar,16.82916666666667,21.26198175674026
22211,Novi Pazar,14.65,19.1819760809873
22212,Novi Pazar,13.10166666666667,17.889756343387564
22213,Novi Pazar,15.55791666666667,16.259762676318566
22214,Novi Pazar,11.18958333333333,16.943461328457655
22215,Novi Pazar,16.8375,19.601199326197865
22216,Novi Pazar,12.23125,18.221729717292057
22217,Novi Pazar,12.44625,20.63228143052644
22218,Novi Pazar,14.76541666666667,22.88106707496824
22219,Novi Pazar,17.21666666666667,21.02033234440044
22220,Novi Pazar,28.1225,24.57439802692674
22221,Novi Pazar,53.25416666666666,32.46158549639092
22222,Novi Pazar,46.5975,51.49035649878362
22223,Novi Pazar,38.07416666666667,37.28521718181516
22224,Novi Pazar,40.9875,51.94320424715176
22225,Novi Pazar,93.9125,62.84117643882015
22226,Novi Pazar,42.98541666666666,28.6863811729839
22227,Novi Pazar,53.03749999999999,69.29247069832827
22228,Novi Pazar,71.95833333333333,55.00756860116656
22229,Novi Pazar,53.59791666666667,42.03879668332407
22230,Novi Pazar,60.32083333333335,59.00030405063902
22231,Novi Pazar,69.41666666666667,64.63929893971188
22232,Novi Pazar,93.9375,86.08102509692908
22233,Novi Pazar,65.1125,54.46916782341683
22234,Novi Pazar,70.8275,69.29247069832827
22235,Novi Pazar,51.96875000000001,24.77639911174217
22236,Novi Pazar,11.63125,19.01392774085068
22237,Novi Pazar,55.31583333333333,57.385007273884135
22238,Novi Pazar,94.55416666666667,109.8677254859438
22239,Novi Pazar,114.7458333333333,86.19050296744649
22240,Novi Pazar,74.14583333333333,56.03186653777286
22241,Novi Pazar,49.775,29.338390591293933
22242,Novi Pazar,77.03,20.771540210140383
22243,Novi Pazar,34.24333333333333,18.09604324606263
22244,Novi Pazar,33.35833333333333,25.346914196201972
22245,Novi Pazar,96.10416666666669,96.39620391689488
22246,Novi Pazar,150.9916666666667,105.41419258341492
22247,Novi Pazar,89.13333333333333,61.62879406074064
22248,Novi Pazar,84.22916666666667,109.18155175218293
22249,Novi Pazar,81.50869565217391,21.093951698704235
22250,Novi Pazar,68.2875,45.55810535517293
22251,Novi Pazar,26.9875,28.166996205703462
22252,Novi Pazar,61.4375,78.46036721773406
22253,Novi Pazar,120.2625,84.20093031140627
22254,Novi Pazar,106.4791666666666,33.19354084678146
22255,Novi Pazar,56.90833333333333,60.02721465478252
22256,Novi Pazar,58.02083333333332,56.30669868356212
22257,Novi Pazar,63.72916666666668,74.15957960165004
22258,Novi Pazar,128.1125,108.66898567512736
22259,Novi Pazar,129.325,110.85636589357638
22260,Novi Pazar,148.725,111.5447855428874
22261,Novi Pazar,227.7083333333333,118.39623947826688
22262,Novi Pazar,129.1583333333333,88.60598120728369
22263,Novi Pazar,50.68333333333333,21.56987196128413
22264,Novi Pazar,36.57916666666666,43.0118003149236
22265,Novi Pazar,90.01666666666665,92.59239064318972
22266,Novi Pazar,146.3833333333333,112.52830737279996
22267,Novi Pazar,171.6666666666667,112.52830737279996
22268,Novi Pazar,194.1666666666667,107.75680216357048
22269,Novi Pazar,149.9083333333333,102.77963266783608
22270,Novi Pazar,103.7166666666667,105.84978315983284
22271,Novi Pazar,89.97499999999998,99.11588848027384
22272,Novi Pazar,102.9333333333333,114.52750113534206
22273,Novi Pazar,122.2208333333333,109.75599592611258
22274,Novi Pazar,133.7166666666667,94.23381222196964
22275,Novi Pazar,114.1541666666667,121.09673203432172
22276,Novi Pazar,133.2083333333333,114.41577157551085
22277,Novi Pazar,147.8333333333333,100.24300035152842
22278,Novi Pazar,150.8166666666667,121.09673203432172
22279,Novi Pazar,169.8,119.81193824937648
30596,Novi Pazar,143.9916666666667,88.9899151598255
30597,Novi Pazar,78.79583333333333,79.9108779718011
30598,Novi Pazar,145.2166666666667,108.58308356462732
30599,Novi Pazar,91.34166666666664,88.9899151598255
30600,Novi Pazar,152.2541666666667,112.40441667011176
30601,Novi Pazar,145.7375,106.18688344116056
30602,Novi Pazar,89.52499999999999,21.029781922670004
30603,Novi Pazar,23.01708333333333,28.272193365972548
30604,Novi Pazar,28.4375,24.302524325313364
30605,Novi Pazar,37.42916666666667,50.77046598194709
30606,Novi Pazar,78.71666666666667,84.72459133650567
30607,Novi Pazar,82.06666666666666,47.92116186208892
30608,Novi Pazar,79.8125,76.18203057316114
30609,Novi Pazar,134.925,106.57830659857612
30610,Novi Pazar,173.2666666666667,109.43386222051409
30611,Novi Pazar,74.33875,81.6975723796883
30612,Novi Pazar,134.075,109.72373105547152
30613,Novi Pazar,127.7416666666667,108.84429298683256
30614,Novi Pazar,63.79166666666666,39.387827141442166
30615,Novi Pazar,28.8625,34.44501936701014
30616,Novi Pazar,80.31666666666666,84.31265987123749
30617,Novi Pazar,144.0416666666667,107.71810724395532
30618,Novi Pazar,159.6666666666667,99.17585617096366
30619,Novi Pazar,151.3041666666667,107.86853172340167
30620,Novi Pazar,131.2041666666667,101.63086810466162
30621,Novi Pazar,108.9416666666667,104.90217429566916
30622,Novi Pazar,77.14583333333334,33.98421913264659
30623,Novi Pazar,57.72916666666668,30.817627132044954
30624,Novi Pazar,39.74583333333333,79.35308358809883
30625,Novi Pazar,80.3,85.77381386936015
30626,Novi Pazar,120.3875,98.6489221717641
30627,Novi Pazar,134.7291666666667,109.4842613896162
30628,Novi Pazar,100.0041666666667,78.65703044586367
30629,Novi Pazar,103.575,107.06435197557649
30630,Novi Pazar,122.575,109.8677254859438
30631,Novi Pazar,99.40833333333336,79.20505395918123
30632,Novi Pazar,92.83333333333331,83.8771105478902
30633,Novi Pazar,94.675,88.05118396075306
30634,Novi Pazar,91.34166666666668,86.27930246914124
30635,Novi Pazar,102.2208333333333,87.56386715553407
30636,Novi Pazar,80.83749999999999,26.767981234162598
30637,Novi Pazar,36.70833333333334,47.32736048607087
30638,Novi Pazar,52.85833333333332,41.59159398410433
30639,Novi Pazar,36.74583333333333,24.429825244117563
30640,Novi Pazar,36.72083333333334,58.534011166461255
30641,Novi Pazar,75.34583333333333,76.06597566347365
30642,Novi Pazar,84.55,89.59822483098333
30643,Novi Pazar,88.44999999999999,99.45874951090704
30644,Novi Pazar,87.3875,74.2019198087095
30645,Novi Pazar,78.46666666666667,79.10312942595642
30646,Novi Pazar,88.91666666666667,64.81696185341548
30647,Novi Pazar,65.50833333333334,63.61712312792024
30648,Novi Pazar,70.97500000000001,71.0695911396352
30649,Novi Pazar,56.86666666666667,39.60261728134378
30650,Novi Pazar,22.42083333333333,42.022128388767776
30651,Novi Pazar,50.4125,53.01444185623465
30652,Novi Pazar,63.22083333333333,67.45552064748567
30653,Novi Pazar,56.36250000000001,56.09119815793949
30654,Novi Pazar,71.6625,69.46687555288474
30655,Novi Pazar,67.00000000000001,24.385626111347
30656,Novi Pazar,42.17791666666667,51.459990503314415
30657,Novi Pazar,53.48333333333334,43.95827466713795
30658,Novi Pazar,46.8375,56.80080142491071
30659,Novi Pazar,62.1625,44.497951902998416
30660,Novi Pazar,62.32083333333333,65.75938598862302
30661,Novi Pazar,53.07500000000001,40.33647324890235
30662,Novi Pazar,26.20708333333333,29.86812709953211
30663,Novi Pazar,25.25875,24.6238454969052
30664,Novi Pazar,48.03749999999999,43.56041069291905
30665,Novi Pazar,58.64166666666665,53.66678395316639
30666,Novi Pazar,47.09583333333333,44.28392784949556
30667,Novi Pazar,30.10833333333333,32.24770701232956
30668,Novi Pazar,31.01916666666667,37.45768474342711
30669,Novi Pazar,50.95416666666666,46.47076148940437
30670,Novi Pazar,52.70000000000001,51.554086641479294
30671,Novi Pazar,53.86666666666667,58.67358012122145
30672,Novi Pazar,56.3375,49.36960370548996
30673,Novi Pazar,47.73333333333332,40.29357973761952
30674,Novi Pazar,28.825,49.13673362328248
30675,Novi Pazar,35.6175,65.56210879684625
30676,Novi Pazar,53.09999999999999,70.36257960609754
30677,Novi Pazar,59.56249999999999,64.08721315126905
30678,Novi Pazar,54.40791666666667,65.59767828764996
30679,Novi Pazar,35.7,25.76777258588478
30680,Novi Pazar,31.64166666666667,51.68992712870232
30681,Novi Pazar,45.41666666666668,38.54124835383501
30682,Novi Pazar,100.9291666666667,32.410928132478574
30683,Novi Pazar,40.36625,43.92657631299577
30684,Novi Pazar,50.1275,49.06588517383369
30685,Novi Pazar,35.80208333333333,45.76402755614834
30686,Novi Pazar,86.37272727272727,42.83212509772209
30687,Novi Pazar,91.1875,48.473549532356174
30688,Novi Pazar,25.98083333333334,30.612249254813623
30689,Novi Pazar,30.62875,38.132021047313685
30690,Novi Pazar,31.23416666666667,36.04535272536712
30691,Novi Pazar,29.86708333333334,42.55484251166972
30692,Novi Pazar,33.12041666666666,35.89750982464933
30693,Novi Pazar,29.9875,33.78716153116645
30694,Novi Pazar,32.62833333333334,37.04036805292152
30695,Novi Pazar,38.93375,38.5634338435299
30696,Novi Pazar,36.81666666666667,31.60660682354628
30697,Novi Pazar,30.15416666666667,29.73229693654081
30698,Novi Pazar,35.35416666666668,36.70720147671537
30699,Novi Pazar,37.23333333333333,36.51635029626264
30700,Novi Pazar,27.82083333333334,33.1684714125382
30701,Novi Pazar,41.62083333333333,38.29718399324757
30702,Novi Pazar,49.89565217391304,22.66742909364624
30703,Novi Pazar,8.575416666666667,18.78662702400668
30704,Novi Pazar,23.75791666666667,26.5895697771627
30705,Novi Pazar,31.62083333333333,29.583484511053463
30706,Novi Pazar,26.83333333333334,32.28737207855844
30707,Novi Pazar,24.32083333333333,29.667527056311464
30708,Novi Pazar,32.68333333333333,53.104090225161016
30709,Novi Pazar,64.11666666666667,31.60428643742551
30710,Novi Pazar,32.52083333333334,24.6238667036316
30711,Novi Pazar,23.45,25.775797664225585
30712,Novi Pazar,22.33625,33.22584845903895
30713,Novi Pazar,26.73166666666667,27.314653284462224
30714,Novi Pazar,24.38708333333334,26.459731462296944
30715,Novi Pazar,22.03208333333333,26.780338222540543
30716,Novi Pazar,22.67916666666666,30.021809215245742
30717,Novi Pazar,22.075,23.789754955973816
30718,Novi Pazar,17.95833333333333,17.196462006038708
30719,Novi Pazar,13.4025,16.31471493559389
30720,Novi Pazar,20.54958333333333,15.921970317002652
30721,Novi Pazar,15.91583333333333,20.4704426120611
30722,Novi Pazar,15.13958333333333,20.565928349169543
30723,Novi Pazar,16.41708333333333,18.12300624319715
30724,Novi Pazar,15.65541666666667,16.485222342781874
30725,Novi Pazar,16.41291666666666,19.63482148696968
30726,Novi Pazar,18.1225,23.383978847696486
30727,Novi Pazar,20.19583333333334,21.709206758337885
30728,Novi Pazar,21.32875,22.2920345397656
30729,Novi Pazar,19.69583333333333,17.45470371856833
30730,Novi Pazar,20.74583333333334,18.96373425726009
30731,Novi Pazar,27.38333333333334,17.76499708049595
30732,Novi Pazar,37.34583333333334,20.940899774276904
30733,Novi Pazar,28.225,21.735610503399403
30734,Novi Pazar,23.57083333333333,17.930594305934026
30735,Novi Pazar,18.83333333333333,18.188836018463647
30736,Novi Pazar,40.2,20.986496464226736
30737,Novi Pazar,25.36666666666666,15.92783725913044
30738,Novi Pazar,13.72541666666667,17.084732446207497
30739,Novi Pazar,16.10833333333333,20.0389274367482
30740,Novi Pazar,17.3625,21.44947608901172
30741,Novi Pazar,18.46666666666667,18.317471982397475
30742,Novi Pazar,17.82416666666667,22.16339857583177
30743,Novi Pazar,19.03583333333333,19.3181356723272
30744,Novi Pazar,18.0775,20.0389274367482
30745,Novi Pazar,18.71666666666667,18.12300624319715
30746,Novi Pazar,20.3125,17.78717362554945
30747,Novi Pazar,19.01666666666667,18.56710744188609
30748,Novi Pazar,13.99333333333333,18.178468810838982
30749,Novi Pazar,18.3375,19.327864300688574
30750,Novi Pazar,16.45541666666666,20.42265241922272
30751,Novi Pazar,13.35625,16.71147356981805
30752,Novi Pazar,12.69208333333333,21.687820310561023
30753,Novi Pazar,17.95833333333333,22.323915959535757
30754,Novi Pazar,18.22708333333334,21.568191392875303
30755,Novi Pazar,29.60833333333333,22.222481194875478
30756,Novi Pazar,34.55,21.760506263734307
30757,Novi Pazar,27.075,21.161561276228888
30758,Novi Pazar,25.57499999999999,20.63228143052644
30759,Novi Pazar,23.90083333333333,17.197516804198212
30760,Novi Pazar,11.24166666666667,16.092115070412678
30761,Novi Pazar,16.79875,24.35348283041036
30762,Novi Pazar,18.71625,20.07803133808777
30763,Novi Pazar,17.92583333333333,22.40790937238066
30764,Novi Pazar,20.7125,25.130411023423346
30765,Novi Pazar,21.59583333333333,25.013301953772743
30766,Novi Pazar,44.96666666666666,27.457818770785856
30767,Novi Pazar,56.25,25.627099433313884
30768,Novi Pazar,54.41250000000002,26.373585571051404
30769,Novi Pazar,41.35416666666666,23.67466163559352
30770,Novi Pazar,27.41250000000001,19.90765084521975
30771,Novi Pazar,22.76666666666667,17.713157507808223
30772,Novi Pazar,22.2625,16.556583651994206
30773,Novi Pazar,16.25,15.287958905085944
30774,Novi Pazar,16.42083333333333,23.800885490867923
30775,Novi Pazar,23.09166666666667,20.78328601963417
30776,Novi Pazar,19.55,25.398658184988932
30777,Novi Pazar,28.5875,22.191962547694462
30778,Novi Pazar,18.94833333333333,14.594125620767551
30779,Novi Pazar,17.98333333333333,19.33238116848704
30780,Novi Pazar,17.33583333333333,21.105716586073846
30781,Novi Pazar,16.68958333333333,20.01377227814296
30782,Novi Pazar,16.94875,23.19194726420927
30783,Novi Pazar,18.32291666666667,24.189124149086798
30784,Novi Pazar,24.57083333333333,25.689433705244245
30785,Novi Pazar,23.52500000000001,24.81655446050176
30786,Novi Pazar,25.8875,26.59615337272984
30787,Novi Pazar,29.46250000000001,26.71526937117444
30788,Novi Pazar,29.98333333333333,26.71526937117444
30789,Novi Pazar,32.79166666666666,28.04008740303027
30790,Novi Pazar,28.68333333333333,25.000359439891437
30791,Novi Pazar,22.55416666666666,26.529418153734916
30792,Novi Pazar,27.575,29.38757158507932
30793,Novi Pazar,27.2,24.673002216691103
30794,Novi Pazar,22.875,20.02273466628196
30795,Novi Pazar,19.30416666666666,19.760237038045528
30796,Novi Pazar,18.86791666666667,21.79368516697334
30797,Novi Pazar,19.82875,21.05034748056933
30798,Novi Pazar,16.80333333333333,25.542340102584355
30799,Novi Pazar,20.09166666666666,22.74329469450765
30800,Novi Pazar,21.50833333333333,22.733722648214844
30801,Novi Pazar,22.85,24.210128999093435
30802,Novi Pazar,25.205,28.738642445311157
30803,Novi Pazar,29.90416666666667,28.29077559088243
30804,Novi Pazar,24.50833333333334,18.035405636388543
30805,Novi Pazar,14.92166666666667,20.391978409353097
30806,Novi Pazar,16.49416666666666,20.89058564564776
30807,Novi Pazar,16.44791666666667,21.041359563810435
30808,Novi Pazar,14.61625,21.751333686174203
30809,Novi Pazar,14.46208333333333,23.395003649370548
30810,Novi Pazar,20.42083333333333,22.08197577204416
30811,Novi Pazar,20.34291666666667,24.95368665255001
30812,Novi Pazar,17.5,25.63333983167584
30813,Novi Pazar,20.64708333333333,26.994556180683382
30814,Novi Pazar,25.54434782608696,30.61063519640476
30815,Novi Pazar,38.60416666666666,33.07142530503493
30816,Novi Pazar,38.34583333333333,31.567731845109076
30817,Novi Pazar,39.73333333333333,33.13009646697308
30818,Novi Pazar,42.92083333333334,32.59116019809817
30819,Novi Pazar,36.87083333333334,26.311317076054955
30820,Novi Pazar,26.84583333333333,20.938680246455466
30821,Novi Pazar,25.75416666666667,17.677593628352973
30822,Novi Pazar,22.61666666666667,22.605034240700924
30823,Novi Pazar,24.74166666666667,22.8579066706534
30824,Novi Pazar,21.6365,24.500784010961585
30825,Novi Pazar,23.53333333333333,28.76945387621512
30826,Novi Pazar,27.38333333333334,31.044395338489267
30827,Novi Pazar,31.77916666666667,27.787104364248417
30828,Novi Pazar,38.76666666666667,32.68292248874903
30829,Novi Pazar,36.72916666666667,25.87108488986213
30830,Novi Pazar,34.84166666666666,26.394047864520765
30831,Novi Pazar,27.86190476190476,21.202762870387875
30832,Novi Pazar,30.65,23.931409756950643
30833,Novi Pazar,37.29166666666667,30.0814075170888
30834,Novi Pazar,38.94166666666667,32.6786546139121
30835,Novi Pazar,41.78333333333333,37.1512788632258
30836,Novi Pazar,44.78749999999999,37.02143134446379
30837,Novi Pazar,42.19583333333333,36.2810877887182
30838,Novi Pazar,35.725,22.73392172904605
30839,Novi Pazar,33.62500000000001,23.67328134308201
30840,Novi Pazar,34.18750000000001,30.758257731682576
30841,Novi Pazar,38.04583333333333,21.974445784893923
30842,Novi Pazar,9.209999999999996,15.476295595752626
30843,Novi Pazar,18.40958333333333,18.71844434842568
30844,Novi Pazar,20.24666666666667,22.99102863003652
30845,Novi Pazar,13.66083333333333,17.525614566359913
30846,Novi Pazar,5.435652173913043,16.186078971660063
30847,Novi Pazar,13.64791666666667,15.92783725913044
30848,Novi Pazar,10.82291666666667,21.558294198958627
30849,Novi Pazar,19.44041666666667,23.27703818124915
30850,Novi Pazar,21.35833333333333,21.32922292666463
30851,Novi Pazar,26.46666666666667,21.868140034873875
30852,Novi Pazar,24.075,20.415688875207227
30853,Novi Pazar,24.95416666666667,25.43976709645989
30854,Novi Pazar,23.72916666666667,27.88944082561268
30855,Novi Pazar,28.85416666666667,26.93542319220087
30856,Novi Pazar,36.775,22.7878815583412
30857,Novi Pazar,27.3,23.57195025258047
30858,Novi Pazar,24.14333333333333,23.303667191006472
30859,Novi Pazar,21.30333333333333,24.753802220167167
30860,Novi Pazar,22.80833333333333,23.776826688692868
30861,Novi Pazar,10.28708333333333,14.629431294624434
30862,Novi Pazar,15.8925,24.0109084324412
30863,Novi Pazar,26.3125,32.51765006481159
30864,Novi Pazar,33.0875,38.6566439983381
30865,Novi Pazar,35.6,22.025691225540395
30866,Novi Pazar,25.69583333333334,17.423584103481957
30867,Novi Pazar,20.50916666666667,17.80971316978884
30868,Novi Pazar,17.04583333333333,17.51864608393339
30869,Novi Pazar,21.46625,31.677285213459108
30870,Novi Pazar,27.84166666666667,32.03253975880801
30871,Novi Pazar,27.21624999999999,23.46184774491423
30872,Novi Pazar,37.975,30.896191477223866
30873,Novi Pazar,23.30956521739131,18.559462959048297
30874,Novi Pazar,20.75217391304348,29.245307120013504
30875,Novi Pazar,40.46333333333333,43.49089932995533
30876,Novi Pazar,42.18749999999999,47.60637269841238
30877,Novi Pazar,40.58333333333334,41.736341745383896
30878,Novi Pazar,43.44166666666668,36.50355381446488
30879,Novi Pazar,47.19166666666666,37.697597309033625
30880,Novi Pazar,47.95416666666665,51.9903862621608
30881,Novi Pazar,50.22083333333332,51.7694717664894
30882,Novi Pazar,53.81666666666667,56.03645563972371
30883,Novi Pazar,62.29583333333333,63.48913707578722
30884,Novi Pazar,59.825,62.32565047978512
30885,Novi Pazar,65.41250000000001,63.05327749794351
30886,Novi Pazar,69.24583333333335,63.05327749794351
30887,Novi Pazar,67.38333333333334,64.9726153691086
30888,Novi Pazar,67.1375,69.84799261251268
30889,Novi Pazar,62.48750000000001,63.05327749794351
30890,Novi Pazar,64.70833333333333,60.93072316266533
30891,Novi Pazar,54.78333333333333,61.8897909019414
30892,Novi Pazar,61.20833333333334,63.05327749794351
30893,Novi Pazar,63.52083333333334,62.71996106854678
30894,Novi Pazar,71.75416666666666,69.18074113849705
30895,Novi Pazar,53.7375,51.054298134035584
30896,Novi Pazar,63.45416666666667,69.29247069832827
30897,Novi Pazar,77.79166666666667,85.57121114729172
30898,Novi Pazar,92.2625,84.66928766507216
30899,Novi Pazar,114.6913043478261,97.72217025169454
30900,Novi Pazar,116.725,91.80442403716944
30901,Novi Pazar,103.9458333333333,91.87077907959056
30902,Novi Pazar,81.08333333333333,77.72014706147911
30903,Novi Pazar,47.45833333333332,48.3230564563791
30904,Novi Pazar,41.18260869565218,41.40685075683414
30905,Novi Pazar,35.38333333333333,31.103670138462714
30906,Novi Pazar,40.35416666666667,26.66513236052086
30907,Novi Pazar,47.24166666666667,63.33905518976829
30908,Novi Pazar,72.22916666666667,78.30445538548602
30909,Novi Pazar,150.3375,98.96141548572383
30910,Novi Pazar,145.925,114.41577157551085
30911,Novi Pazar,92.32333333333332,18.126668597697797
30912,Novi Pazar,68.47916666666667,69.74895678140713
30913,Novi Pazar,90.94583333333334,24.82211063950641
30914,Novi Pazar,50.30833333333333,65.466904049212
30915,Novi Pazar,101.8833333333333,91.33606668350356
30916,Novi Pazar,141.0,107.86853172340167
30917,Novi Pazar,152.5416666666667,108.43563265036362
30918,Novi Pazar,154.6791666666667,121.09673203432172
30919,Novi Pazar,138.8583333333333,114.8791988053705
30920,Novi Pazar,79.81708333333334,69.35011870430309
30921,Novi Pazar,88.04583333333335,67.2346800376304
30922,Novi Pazar,70.6222222222222,56.875915884255456
30923,Novi Pazar,101.6666666666667,108.36190612874636
30924,Novi Pazar,99.95833333333331,82.05436614058993
30925,Novi Pazar,88.4541666666667,77.41784566177435
30926,Novi Pazar,68.2,64.90168310371017
30927,Novi Pazar,83.04166666666667,20.846426478393763
30928,Novi Pazar,63.99833333333333,69.25251952093456
30929,Novi Pazar,65.3125,78.58056995177371
30930,Novi Pazar,92.0125,102.36278414706636
30931,Novi Pazar,85.93750000000001,45.87533637767852
30932,Novi Pazar,47.53749999999999,24.825082317634443
30933,Novi Pazar,25.01083333333333,46.32399256872152
30934,Novi Pazar,57.46521739130435,62.16011681059903
30935,Novi Pazar,93.19999999999996,76.66695849152197
30936,Novi Pazar,103.9210526315789,23.952117592577807
30937,Novi Pazar,72.17208333333333,69.14517164769335
30938,Novi Pazar,123.3583333333333,119.66463919874154
30939,Novi Pazar,130.4208333333333,119.0975382717796
30940,Novi Pazar,143.6416666666667,118.9858087119484
30941,Novi Pazar,116.9166666666667,21.90308193392373
30942,Novi Pazar,45.67083333333333,53.31892595660624
30943,Novi Pazar,79.97500000000001,84.92025608234019
30944,Novi Pazar,122.1083333333333,19.31067245251633
30945,Novi Pazar,46.84458333333333,43.8139311872666
30946,Novi Pazar,74.11666666666666,70.73114003678937
30947,Novi Pazar,60.52083333333334,61.04534061861848
30948,Novi Pazar,69.9875,98.8703053320938
30949,Novi Pazar,111.4875,91.24951887112262
30950,Novi Pazar,102.0916666666667,75.27240297297658
30951,Novi Pazar,145.2083333333333,119.0975382717796
30952,Novi Pazar,149.6791666666667,119.0975382717796
337,Novi Sad,69.465,48.53287545075381
338,Novi Sad,84.84,48.64366597828409
339,Novi Sad,72.655,49.36046463585775
340,Novi Sad,51.13,41.81727773364496
341,Novi Sad,69.155,48.9606269114839
342,Novi Sad,42.765,38.54316426424053
343,Novi Sad,65.775,48.860866242453646
344,Novi Sad,53.45,43.39412622017444
345,Novi Sad,67.485,49.55517623527733
346,Novi Sad,55.66500000000001,45.898324560838105
347,Novi Sad,78.655,51.36506458311732
348,Novi Sad,132.5,78.49920772589108
349,Novi Sad,23.545,25.47689245125532
350,Novi Sad,33.315,26.61916227106737
351,Novi Sad,29.685,22.867129728769605
352,Novi Sad,20.175,27.63932152000019
353,Novi Sad,16.81,24.65605797154048
354,Novi Sad,33.195,24.00879265678179
355,Novi Sad,19.115,17.71462832204893
356,Novi Sad,13.755,19.816922456447863
357,Novi Sad,36.455,31.47198885289948
358,Novi Sad,33.955,32.3475626487755
359,Novi Sad,28.765,22.200897148796333
360,Novi Sad,13.135,18.399872807049373
361,Novi Sad,21.595,25.07373431667905
362,Novi Sad,24.665,32.21755544368161
363,Novi Sad,28.07,27.812729715032027
364,Novi Sad,39.605,41.44880514772516
365,Novi Sad,52.69,49.4625970576772
366,Novi Sad,66.035,47.30063130372276
367,Novi Sad,39.965,34.500049002803166
368,Novi Sad,44.18,37.212354886974
369,Novi Sad,34.585,30.347540592655672
370,Novi Sad,31.65,30.55089737386758
371,Novi Sad,26.025,31.69918410750846
372,Novi Sad,30.405,34.604237959162404
373,Novi Sad,36.37,31.92159204894841
374,Novi Sad,35.525,20.836282477465897
375,Novi Sad,18.585,21.73982808067454
376,Novi Sad,15.0,19.66463032090205
377,Novi Sad,72.565,27.95403134186446
378,Novi Sad,19.435,27.5601825552662
379,Novi Sad,17.545,21.590975081979167
380,Novi Sad,23.48,23.48975386202191
381,Novi Sad,27.145,28.403012019504317
382,Novi Sad,31.51,37.22841362406236
383,Novi Sad,28.8,26.59912216478006
384,Novi Sad,28.165,28.83910682114856
385,Novi Sad,27.76,33.7548967639871
386,Novi Sad,40.55,41.01639461021918
387,Novi Sad,46.445,45.83940153450055
388,Novi Sad,42.22,32.600881175267034
389,Novi Sad,44.53,33.69553424792769
390,Novi Sad,34.115,26.292275643454687
391,Novi Sad,21.84,31.539669955798075
392,Novi Sad,16.105,30.91806677085156
393,Novi Sad,31.14,33.37821640907726
394,Novi Sad,62.54000000000001,45.83603266583482
395,Novi Sad,49.595,45.36838105213042
396,Novi Sad,52.78,45.36838105213042
397,Novi Sad,61.925,51.26732862171863
398,Novi Sad,52.74,37.77863779193864
399,Novi Sad,14.665,27.93215733939164
400,Novi Sad,20.325,32.96765003627211
401,Novi Sad,14.47,16.684405123625023
402,Novi Sad,22.48,19.879386418906016
403,Novi Sad,63.145,28.71135876793972
404,Novi Sad,278.525,36.69027073347746
405,Novi Sad,156.75,40.50684331308186
406,Novi Sad,77.27000000000001,38.65907759848781
407,Novi Sad,34.32,34.704573593300736
408,Novi Sad,26.41,32.90758537564982
409,Novi Sad,35.68,33.1629937496208
410,Novi Sad,63.54,44.74670633524679
411,Novi Sad,55.87,38.95125043426684
412,Novi Sad,37.66,41.86563896122287
413,Novi Sad,70.62,59.22445424710346
414,Novi Sad,36.71,56.66350432556443
415,Novi Sad,42.36,41.167342878810736
416,Novi Sad,74.07,47.862204508967615
417,Novi Sad,51.97,45.664955119749344
418,Novi Sad,33.83,38.23156959652206
419,Novi Sad,30.96,40.27851065755787
420,Novi Sad,57.59,58.16511718702607
421,Novi Sad,22.88,22.29897123941516
422,Novi Sad,36.09,27.557272553273823
423,Novi Sad,27.825,19.304784424795805
424,Novi Sad,23.835,25.29289299719909
425,Novi Sad,20.375,26.554615431815503
426,Novi Sad,19.685,23.253712503553515
427,Novi Sad,16.95,18.683834161743093
428,Novi Sad,15.82,19.46452826708515
429,Novi Sad,17.005,16.525730874479134
430,Novi Sad,20.835,18.89809452621297
431,Novi Sad,20.975,21.77000054885625
432,Novi Sad,22.28,21.461313901337444
433,Novi Sad,21.795,18.89431000884977
434,Novi Sad,14.405,20.32534456029572
435,Novi Sad,18.295,18.658393164802675
436,Novi Sad,23.535,20.323785223307656
437,Novi Sad,16.075,20.028991527040134
438,Novi Sad,23.915,18.41573981672656
439,Novi Sad,26.605,21.372481060801743
440,Novi Sad,32.44,21.52003250358027
441,Novi Sad,25.855,18.29653513148622
442,Novi Sad,18.875,17.23866752835144
443,Novi Sad,20.325,19.873085285948388
444,Novi Sad,19.69,19.552275323070237
445,Novi Sad,17.07,19.500026562309685
446,Novi Sad,18.975,21.89884101545934
447,Novi Sad,21.155,23.68089354154688
448,Novi Sad,18.04,17.821196868055488
449,Novi Sad,19.095,20.03538006187364
450,Novi Sad,20.455,18.453087149484645
451,Novi Sad,19.51,16.259804986195327
452,Novi Sad,20.595,19.469506185254087
453,Novi Sad,14.555,16.53212656099147
454,Novi Sad,11.05,16.77488180692254
455,Novi Sad,17.835,13.738038463894014
456,Novi Sad,22.365,16.282007561903146
457,Novi Sad,23.485,19.57439149429541
458,Novi Sad,26.475,22.729087112721725
459,Novi Sad,28.925,26.171361593741224
460,Novi Sad,27.045,25.792683092858223
461,Novi Sad,30.84,31.421666402159868
462,Novi Sad,36.34,29.828544860476462
463,Novi Sad,15.475,21.999733380168088
464,Novi Sad,55.32,24.630156155513266
465,Novi Sad,33.845,26.41328693988631
466,Novi Sad,26.175,18.63522634201825
467,Novi Sad,20.67,22.66560027880572
468,Novi Sad,21.46,23.42968765086255
469,Novi Sad,25.635,23.589877511428465
470,Novi Sad,26.58,17.628627407063806
471,Novi Sad,18.105,20.524919436999006
472,Novi Sad,24.53,22.776891231518302
473,Novi Sad,28.555,24.55866043586246
474,Novi Sad,31.07,24.81949171652956
475,Novi Sad,12.52,18.12961641794924
476,Novi Sad,19.92,20.70754589804829
477,Novi Sad,24.76,21.718655679158807
478,Novi Sad,30.04,22.06478202370553
479,Novi Sad,33.85,22.144645641722743
480,Novi Sad,14.755,15.167888288377354
481,Novi Sad,14.645,18.480852675380387
482,Novi Sad,8.805,14.752715932661904
483,Novi Sad,17.035,19.716551251365143
484,Novi Sad,28.29,35.35136234402694
485,Novi Sad,27.915,29.418792249517463
486,Novi Sad,20.94,22.70179335633041
487,Novi Sad,22.885,33.09465573730428
488,Novi Sad,47.285,31.546876492756045
489,Novi Sad,42.645,33.71195895053977
490,Novi Sad,40.955,46.57838352766919
491,Novi Sad,27.895,32.78979561528602
492,Novi Sad,33.685,30.183527138718905
493,Novi Sad,19.825,26.569830585977243
494,Novi Sad,37.13,48.1817512655996
495,Novi Sad,50.54,49.00934045070354
496,Novi Sad,59.825,60.00168239913604
497,Novi Sad,43.115,49.1123230129078
498,Novi Sad,49.18,52.664608781498224
499,Novi Sad,40.86,46.77124532721909
500,Novi Sad,25.005,31.013873226924968
501,Novi Sad,27.025,38.88944701053296
502,Novi Sad,40.04000000000001,40.58154307451949
503,Novi Sad,43.67,49.410420237906415
504,Novi Sad,30.055,36.58666236093013
505,Novi Sad,24.92,25.815004779040425
506,Novi Sad,19.695,24.055586620813884
507,Novi Sad,19.98,31.141525292792924
508,Novi Sad,17.74,25.38284185058234
509,Novi Sad,10.72,17.953889876670484
510,Novi Sad,11.38,25.03776611780492
511,Novi Sad,7.89,17.839221167344604
512,Novi Sad,24.58,29.590149465138666
513,Novi Sad,28.445,42.19136179270261
514,Novi Sad,28.41,37.63278135037731
515,Novi Sad,28.25,40.680998246054045
516,Novi Sad,27.915,35.77200428788338
517,Novi Sad,32.51000000000001,48.79214018653399
518,Novi Sad,53.625,52.664608781498224
519,Novi Sad,64.06,58.7815497483569
520,Novi Sad,34.855,44.80602165960399
521,Novi Sad,31.25,43.54260042842433
522,Novi Sad,36.36,45.32401302402035
523,Novi Sad,27.05,36.68244145579969
524,Novi Sad,64.55,54.04240701825284
525,Novi Sad,50.08,39.43954612368971
526,Novi Sad,23.89,23.75863526663269
527,Novi Sad,16.24,23.910470910127508
528,Novi Sad,24.79,26.932245115824728
529,Novi Sad,12.33,23.14628030958741
530,Novi Sad,12.17,21.08351523615833
531,Novi Sad,11.91,20.876619439756904
532,Novi Sad,18.41,21.09797957578784
533,Novi Sad,23.8,28.718884008007183
2973,Novi Sad,24.6,31.403138541448943
2974,Novi Sad,21.16,30.262374905357767
2975,Novi Sad,15.63,23.6275318276705
2976,Novi Sad,18.67,23.106451848356134
2977,Novi Sad,37.29,33.55511072104213
2978,Novi Sad,18.49,23.494030494154927
2979,Novi Sad,23.94,27.48863340183068
2980,Novi Sad,19.25,22.447741313778614
2981,Novi Sad,24.095,27.100596108510768
2982,Novi Sad,27.855,28.00517431496683
2983,Novi Sad,19.025,25.825069327681888
2984,Novi Sad,14.015,22.67489432544465
2985,Novi Sad,21.425,19.5331666156041
2986,Novi Sad,31.045,29.52931962989409
2987,Novi Sad,27.505,28.43935675110723
2988,Novi Sad,32.935,28.72629737059789
2989,Novi Sad,28.435,23.39607661686209
2990,Novi Sad,27.05,29.582492158701257
2991,Novi Sad,26.29,22.63716762963563
2992,Novi Sad,34.875,36.79251507179945
2993,Novi Sad,60.27500000000001,66.58807675010418
2994,Novi Sad,44.83,50.22306763228754
2995,Novi Sad,26.7,29.76239631327814
2996,Novi Sad,42.895,44.54520581284687
2997,Novi Sad,54.33,55.65299298765424
2998,Novi Sad,51.435,40.28542875100175
2999,Novi Sad,20.79,24.84761824114029
3000,Novi Sad,26.925,30.004214356728625
3001,Novi Sad,24.745,30.86369397681181
3002,Novi Sad,32.165,30.08129496609914
3003,Novi Sad,28.59,33.92313970790437
3004,Novi Sad,39.66500000000001,50.14858614501745
3005,Novi Sad,39.13500000000001,49.70480982111048
3006,Novi Sad,32.0,45.07334050619794
3007,Novi Sad,40.62,60.9057112178333
3008,Novi Sad,55.735,47.22693107155137
3009,Novi Sad,37.045,36.88014488521701
3010,Novi Sad,46.78,38.75529348032189
3011,Novi Sad,48.57,54.15707572757872
3012,Novi Sad,40.54,59.22559227628928
3013,Novi Sad,80.215,75.9015381999993
3014,Novi Sad,63.81,67.98414754054431
3015,Novi Sad,80.195,75.9015381999993
3016,Novi Sad,78.855,69.56099602707378
3017,Novi Sad,99.34,60.933571190583656
3018,Novi Sad,60.06,40.71994202246211
3019,Novi Sad,31.785,46.87113944654606
3020,Novi Sad,34.71,49.151186262011976
3021,Novi Sad,42.53,52.15935758293408
3022,Novi Sad,59.075,63.26636824069245
3023,Novi Sad,61.64,63.00504331760804
3024,Novi Sad,47.0,36.99286065448976
3025,Novi Sad,23.37,42.38042914198713
3026,Novi Sad,36.995,63.43319120834721
3027,Novi Sad,43.995,65.14654071564593
3028,Novi Sad,28.44,47.1510670752251
3029,Novi Sad,33.075,52.58686859268973
3030,Novi Sad,43.13500000000001,58.78709130961517
3031,Novi Sad,29.83,35.5739085209163
3032,Novi Sad,19.395,29.85236161732341
3033,Novi Sad,14.185,24.79948648996853
3034,Novi Sad,16.2,23.723372911080933
3035,Novi Sad,22.03,32.99577426772744
3036,Novi Sad,20.805,29.593666143428614
3037,Novi Sad,23.34,31.666424821519183
3038,Novi Sad,32.59,48.15680043523286
3039,Novi Sad,35.445,43.35343962712847
3040,Novi Sad,34.895,45.00515276492192
3041,Novi Sad,27.34,40.00265617568556
3042,Novi Sad,25.36,34.58990488397486
3043,Novi Sad,27.625,36.04065463640652
3044,Novi Sad,42.25,62.129375418629984
3045,Novi Sad,40.375,52.87570079561441
3046,Novi Sad,43.365,53.803797004455845
3047,Novi Sad,21.755,39.29218872102111
3048,Novi Sad,43.03,50.22974517724787
3049,Novi Sad,50.625,52.454428290420665
3050,Novi Sad,38.26000000000001,50.835414210172495
3051,Novi Sad,39.095,46.74074085530481
3052,Novi Sad,40.145,37.96170552560001
3053,Novi Sad,23.755,28.525641536129083
3054,Novi Sad,19.28,29.121510603949268
3055,Novi Sad,24.57,37.47799541138983
3056,Novi Sad,20.1,25.58447082760028
3057,Novi Sad,15.24,25.689356136641603
3058,Novi Sad,19.15,32.95294238376733
3059,Novi Sad,19.205,37.23846635323752
3060,Novi Sad,21.57,41.72923005694623
3061,Novi Sad,33.915,38.23036254785957
3062,Novi Sad,35.56,39.6258593170221
3063,Novi Sad,15.645,25.41121193149488
3064,Novi Sad,12.61,22.90889370310075
3065,Novi Sad,25.875,31.05278375540385
3066,Novi Sad,27.405,38.259982477266334
3067,Novi Sad,24.515,33.811302112814985
3068,Novi Sad,18.22,23.102177966476333
3069,Novi Sad,27.45,31.44241662578282
3070,Novi Sad,33.11,34.34427340077089
3071,Novi Sad,29.65,32.35438346728739
3072,Novi Sad,23.03,29.529117730358845
3073,Novi Sad,30.29,31.10721764205144
3074,Novi Sad,32.375,37.13615400825039
3075,Novi Sad,27.89,37.698242213073385
3076,Novi Sad,22.375,34.60691193803303
3077,Novi Sad,22.525,27.538167276283065
3078,Novi Sad,29.08,33.47668419321377
3079,Novi Sad,22.0,29.53105794674405
3080,Novi Sad,23.155,25.64332176214373
3081,Novi Sad,31.485,23.900062586649597
3082,Novi Sad,21.365,20.96936028100561
3083,Novi Sad,15.59,24.397743162733228
3084,Novi Sad,19.19,25.39528489587057
3085,Novi Sad,22.32,26.101278689258685
3086,Novi Sad,12.38,24.170802362348745
3087,Novi Sad,14.445,17.942309842576343
3088,Novi Sad,14.515,24.46131652201722
3089,Novi Sad,14.9,27.81313045480253
3090,Novi Sad,19.505,26.752947905887392
3091,Novi Sad,25.525,26.15405122666118
3092,Novi Sad,23.555,21.70349953898656
3093,Novi Sad,16.805,20.6389539323199
3094,Novi Sad,13.885,20.46943460663877
3095,Novi Sad,17.33,21.18907937872799
3096,Novi Sad,14.17,20.555854802819912
3097,Novi Sad,9.15,16.914742825412226
3098,Novi Sad,16.99,21.265358826840327
3099,Novi Sad,19.93,20.722460925155964
3100,Novi Sad,11.48,15.706795799309225
3101,Novi Sad,14.945,22.46621566286909
3102,Novi Sad,19.81,23.321800632091108
3103,Novi Sad,17.81,21.39364653683317
3104,Novi Sad,10.58,20.6389539323199
3105,Novi Sad,24.98,20.423581806360616
3106,Novi Sad,15.14,24.96996673595946
3107,Novi Sad,17.31,24.96996673595946
3108,Novi Sad,17.895,20.79474985760696
3109,Novi Sad,16.31,22.142822949395335
3110,Novi Sad,11.5,21.22431090022576
3111,Novi Sad,9.91,16.984715594783474
3112,Novi Sad,20.72,22.79585383599216
3113,Novi Sad,22.995,22.04515500446247
3114,Novi Sad,27.835,25.200294811133748
3115,Novi Sad,26.53,26.066670555419392
3116,Novi Sad,27.51,26.066670555419392
3117,Novi Sad,23.745,27.61678959486448
3118,Novi Sad,25.845,25.630270314426223
3119,Novi Sad,30.58,27.72331891628634
3120,Novi Sad,32.885,27.21051610370009
3121,Novi Sad,30.01,23.031697249454933
3122,Novi Sad,25.66,21.85810615265386
3123,Novi Sad,21.175,23.41080213820959
3124,Novi Sad,18.535,20.21322865199489
3125,Novi Sad,19.26,20.56855123542533
3126,Novi Sad,18.18,22.00844426440784
3127,Novi Sad,26.49,26.13571779870455
3128,Novi Sad,26.67,26.595527379901437
3129,Novi Sad,28.02,28.329098517558798
3130,Novi Sad,28.34,26.048631797142036
3131,Novi Sad,20.74,26.09958413654006
3132,Novi Sad,29.885,25.85231607924026
3133,Novi Sad,75.24000000000001,30.92074808235832
3134,Novi Sad,52.945,31.020355614192116
3135,Novi Sad,82.53,30.07106883493889
3136,Novi Sad,83.19,24.633073873124296
3137,Novi Sad,23.3,19.55722477126369
3138,Novi Sad,20.62,23.62501134141033
3139,Novi Sad,18.46,25.046368572416835
3140,Novi Sad,32.735,34.40998087241867
3141,Novi Sad,59.14,30.378922136663004
3142,Novi Sad,20.325,21.204779485309743
3143,Novi Sad,14.92,19.12624007667951
3144,Novi Sad,15.935,20.092987627531738
3145,Novi Sad,18.585,23.390773434257035
3146,Novi Sad,33.4,26.068491420379846
3147,Novi Sad,30.18,28.26931204573861
3148,Novi Sad,32.98,34.32809162955295
3149,Novi Sad,32.355,32.13015921854131
3150,Novi Sad,36.795,25.980139376860013
3151,Novi Sad,23.855,19.80493739927917
3152,Novi Sad,27.55,28.64068294691534
3153,Novi Sad,28.23,28.26931204573861
3154,Novi Sad,33.455,34.22416927346791
3155,Novi Sad,40.53,31.23395881086577
3156,Novi Sad,27.845,26.465875008666284
3157,Novi Sad,20.395,22.02156811164756
3158,Novi Sad,20.1,19.11205274162606
3159,Novi Sad,14.09,18.16732117003477
3160,Novi Sad,15.28,18.651811438994407
3161,Novi Sad,22.79,20.72472813368186
3162,Novi Sad,23.95,22.57022185052707
3163,Novi Sad,26.87,23.315675422034577
3164,Novi Sad,30.57,25.32008752711402
3165,Novi Sad,30.02,29.86684262060677
3166,Novi Sad,25.27,31.136762062402667
3167,Novi Sad,31.79,28.471402907097257
3168,Novi Sad,38.63,27.61603674114174
3169,Novi Sad,48.73,32.583332977897385
3170,Novi Sad,31.76,26.167805419986056
3171,Novi Sad,25.42,25.707391749682564
3172,Novi Sad,30.11,29.70615018200049
3173,Novi Sad,29.4,26.266288396871797
3174,Novi Sad,15.52,21.34992608469614
3175,Novi Sad,19.53,22.302931282266037
3176,Novi Sad,22.13,23.40997836029299
3177,Novi Sad,22.91,18.45622909491209
3178,Novi Sad,11.54,20.639904627513648
3179,Novi Sad,10.88,21.999733380168088
3180,Novi Sad,16.05,28.090807880388475
3181,Novi Sad,22.6,25.767703779251857
3182,Novi Sad,23.45,26.194772001414304
3183,Novi Sad,25.13,26.281890168331145
3184,Novi Sad,27.56,25.695076902370687
3185,Novi Sad,25.13,27.282134775226037
3186,Novi Sad,29.97,30.02716458500758
3187,Novi Sad,27.51,33.48937392430773
3188,Novi Sad,32.46,32.17597083274965
3189,Novi Sad,34.53,20.05179136066137
3190,Novi Sad,22.07,21.576903263818004
3191,Novi Sad,23.49,21.372481060801743
3192,Novi Sad,26.83,21.986328093182667
3193,Novi Sad,26.22,22.302931282266037
3194,Novi Sad,19.48,24.876511171979068
3195,Novi Sad,28.17,24.00620761487
3196,Novi Sad,13.24,18.793010211347205
3197,Novi Sad,13.74,16.675407746480083
3198,Novi Sad,21.82,21.99192664041576
3199,Novi Sad,16.1,17.317595229644052
3200,Novi Sad,12.36,16.67760336720972
3201,Novi Sad,11.0,16.922262282318556
3202,Novi Sad,13.515,19.33541065159437
3203,Novi Sad,18.38,20.89512392594141
3204,Novi Sad,17.035,20.263460257695925
3205,Novi Sad,29.76,24.022923701331333
3206,Novi Sad,19.175,22.77835027238805
3207,Novi Sad,20.325,24.630393921654488
3208,Novi Sad,18.655,24.652510092879663
3209,Novi Sad,24.95,24.551617728170918
3210,Novi Sad,25.56,25.01269146495066
3211,Novi Sad,27.81,25.92216974217359
3212,Novi Sad,26.48,27.412803587986694
3213,Novi Sad,35.41,29.42826902846677
3214,Novi Sad,40.15,30.227433402077484
3215,Novi Sad,35.15,30.40554241617524
3216,Novi Sad,30.4,30.227433402077484
3217,Novi Sad,45.28,27.232159641167293
3218,Novi Sad,43.40000000000001,31.8207535445744
3219,Novi Sad,62.18,32.03043862734208
3220,Novi Sad,35.73,20.27044669491937
3221,Novi Sad,14.77,22.3123410974314
3222,Novi Sad,14.57,22.958752270548757
3223,Novi Sad,13.69,17.298839458036042
3224,Novi Sad,17.645,24.90549871844867
3225,Novi Sad,20.8,25.10041116540116
3226,Novi Sad,24.98,24.91821921045971
3227,Novi Sad,25.925,23.922031336622585
3228,Novi Sad,20.795,25.067733680277264
3229,Novi Sad,35.46,29.89084104298145
3230,Novi Sad,42.83,28.8251493687943
3231,Novi Sad,24.185,21.787799003748123
3232,Novi Sad,25.765,25.751162537012643
3233,Novi Sad,23.12,25.10041116540116
3234,Novi Sad,30.695,31.19282576634061
3235,Novi Sad,27.625,28.181387845574
3236,Novi Sad,22.615,34.21889490653018
3237,Novi Sad,31.115,33.05010433054276
3238,Novi Sad,45.13,30.19748181589791
3239,Novi Sad,32.86,23.79178851520073
3240,Novi Sad,25.54,19.93941310485572
3241,Novi Sad,19.85,17.6383152046391
3242,Novi Sad,10.37,16.636764512401882
3243,Novi Sad,22.665,18.27361259641249
3244,Novi Sad,21.43,22.383062967169124
3245,Novi Sad,34.43,31.06311907982905
3246,Novi Sad,21.905,23.54758726450735
3247,Novi Sad,26.74,28.74868670036756
3248,Novi Sad,37.75,40.85593728941818
3249,Novi Sad,31.845,36.44072881097157
3250,Novi Sad,35.575,47.72786045108407
3251,Novi Sad,36.84,41.4969284423751
3252,Novi Sad,39.16500000000001,46.26663068186186
3253,Novi Sad,41.735,46.21813057504821
3254,Novi Sad,47.925,43.984885836133685
3255,Novi Sad,26.64,30.40347876010652
3256,Novi Sad,23.115,29.634825569291102
3257,Novi Sad,22.385,36.558415911188014
3258,Novi Sad,25.585,33.60992052064009
3259,Novi Sad,32.18,39.499270405574016
3260,Novi Sad,68.58,60.79990716541411
3261,Novi Sad,65.675,62.79283126306718
3262,Novi Sad,39.95,43.17900976627392
3263,Novi Sad,29.65,33.69499697256727
3264,Novi Sad,21.18,33.60992052064009
3265,Novi Sad,36.88,43.72370201677544
3266,Novi Sad,24.88,25.87399534725682
3267,Novi Sad,20.845,27.27769822406767
3268,Novi Sad,20.6,18.46321412257777
3269,Novi Sad,13.09,22.53143096164061
3270,Novi Sad,22.99,34.40524140826752
3271,Novi Sad,35.565,41.21536676624483
3272,Novi Sad,33.31,37.37584081574904
3273,Novi Sad,31.945,35.17318871976198
3274,Novi Sad,21.21,32.2123434901982
3275,Novi Sad,32.645,42.881179014903445
3276,Novi Sad,45.69,55.53832427832836
3277,Novi Sad,59.34999999999999,60.70390977767161
3278,Novi Sad,40.09,47.52032985207871
3279,Novi Sad,51.275,56.8300277748008
3280,Novi Sad,30.43,37.095011200388576
3281,Novi Sad,41.26,50.00586736811798
3282,Novi Sad,39.985,48.182781046845626
3283,Novi Sad,27.615,35.31881228753352
3284,Novi Sad,27.59,39.55053056887732
3285,Novi Sad,43.505,51.582715854647454
3286,Novi Sad,64.945,52.31600122512318
3287,Novi Sad,39.605,40.45622125574024
3288,Novi Sad,51.945,48.1817512655996
3289,Novi Sad,53.36,57.29978678912982
3290,Novi Sad,42.715,24.864418726523343
3291,Novi Sad,27.19,28.893175688253013
3292,Novi Sad,23.285,28.570449798889
3293,Novi Sad,19.66,28.548443107968968
3294,Novi Sad,19.565,28.191341544942112
3295,Novi Sad,15.545,21.3949549668244
3296,Novi Sad,21.845,24.78476906109257
3297,Novi Sad,42.54,48.49925612438327
3298,Novi Sad,35.52,34.960828524928274
3299,Novi Sad,23.925,29.947484621537008
3300,Novi Sad,28.63,33.10731121605607
3301,Novi Sad,40.575,47.97832774874786
3302,Novi Sad,28.035,28.23598907826129
3303,Novi Sad,28.05,36.26637536166719
3304,Novi Sad,26.03,28.537338916376328
3305,Novi Sad,19.95,22.509099860987657
3306,Novi Sad,33.145,34.50388106071041
3307,Novi Sad,46.9,60.50128079254014
3308,Novi Sad,40.67,55.418492055174255
3309,Novi Sad,46.795,50.26521014699984
3310,Novi Sad,21.545,29.631463887621056
3311,Novi Sad,26.22,32.2123434901982
3312,Novi Sad,24.375,32.2123434901982
3313,Novi Sad,18.05,26.23731826437673
3314,Novi Sad,30.22,35.11851714171212
3315,Novi Sad,66.89,51.14786431894776
3316,Novi Sad,60.695,60.78055804502034
3317,Novi Sad,20.525,23.19226083393808
3318,Novi Sad,34.98999999999999,45.12620448597781
3319,Novi Sad,63.065,67.36921103209632
5005,Novi Sad,18.14,28.63476070651516
5006,Novi Sad,16.69,25.549015329961296
5007,Novi Sad,13.92,22.737098200928965
5008,Novi Sad,21.8,27.018433366194525
5009,Novi Sad,34.99,47.98394272755705
5010,Novi Sad,42.87,46.46259806339896
11426,Novi Sad,37.974333334,42.881179014903445
11427,Novi Sad,34.045333332,45.35087693380176
11428,Novi Sad,42.56375,61.21540958072004
11429,Novi Sad,25.796333334,39.986625370521566
11430,Novi Sad,18.2753333334,26.56551775447985
11431,Novi Sad,21.668,28.504588958260904
11432,Novi Sad,33.53333333200001,41.128622321351344
11433,Novi Sad,41.098333334,43.92675537892175
11434,Novi Sad,33.857,38.07734473385582
11435,Novi Sad,30.904666666,34.676204701329105
11436,Novi Sad,45.55800000000001,45.898324560838105
11437,Novi Sad,42.586,49.29055111379892
11438,Novi Sad,23.594,23.58326713820568
11439,Novi Sad,20.06,24.97636039579518
11440,Novi Sad,23.224,35.05139853121851
11441,Novi Sad,42.77800000000001,47.883148669723234
11442,Novi Sad,43.246333334,49.02774552197751
11443,Novi Sad,49.16700000000001,57.972024725630575
11444,Novi Sad,36.97799999999999,32.74980731420007
11445,Novi Sad,23.73,30.79698469645448
11446,Novi Sad,25.428,26.833992946389085
11447,Novi Sad,28.3025,25.745880963363437
11448,Novi Sad,33.234,32.20979292709035
11449,Novi Sad,21.480666666,24.05606942303724
11450,Novi Sad,44.662,36.343175305219845
11451,Novi Sad,22.457,32.59109777498248
11452,Novi Sad,14.812666666,19.42265043339618
11453,Novi Sad,18.735,26.880928984907477
11454,Novi Sad,30.765,32.8962768866466
11455,Novi Sad,30.63766666599999,34.036365479178514
11456,Novi Sad,23.160999998,32.44381957443979
11457,Novi Sad,30.202,32.14693567691205
11458,Novi Sad,30.548333334,32.612839077843994
11459,Novi Sad,25.665,28.79017915582924
11460,Novi Sad,29.359333334,32.95338483146618
11461,Novi Sad,23.707333334,28.34468737420877
11462,Novi Sad,16.798,25.82821130572155
11463,Novi Sad,24.177666666,32.25032805750647
11464,Novi Sad,20.377333334,24.416215356398997
11465,Novi Sad,14.252,26.277749761989934
11466,Novi Sad,21.79,30.81089826746005
11467,Novi Sad,25.45,34.08070240540382
11468,Novi Sad,23.928,32.32648930481483
11469,Novi Sad,19.172,26.5758427107068
11470,Novi Sad,20.598,25.296543222169
11471,Novi Sad,22.839666668,30.414538321274986
11472,Novi Sad,25.49065200666666,36.403129477970296
11473,Novi Sad,29.916999998,40.73973306835542
11474,Novi Sad,46.56033333200001,50.93937706411255
11475,Novi Sad,49.3533333325,48.780421045428696
11476,Novi Sad,39.529000002,50.14858614501745
11477,Novi Sad,31.906333334,33.619888259080135
11478,Novi Sad,30.524,36.770290770585085
11479,Novi Sad,28.924,39.5181845784403
11480,Novi Sad,23.508,28.021836290450228
11481,Novi Sad,26.924,39.685609737441375
11482,Novi Sad,45.202,45.68458841873698
11483,Novi Sad,30.286,41.97515905589306
11484,Novi Sad,35.594,39.54589088035858
11485,Novi Sad,35.51133333200001,40.65269766122567
11486,Novi Sad,52.186333334,56.73594875626736
11487,Novi Sad,56.277,55.244885742496855
11488,Novi Sad,56.092333334,51.38387744331403
11489,Novi Sad,48.238666666,44.39259995184132
11490,Novi Sad,45.238333334,42.490440371871706
11491,Novi Sad,40.392333332,42.75124930893031
11492,Novi Sad,32.727333334,38.64806425296361
11493,Novi Sad,39.524333334,40.3450560722338
11494,Novi Sad,53.091333334,51.81601329755833
11495,Novi Sad,47.445333334,38.29095276657742
11496,Novi Sad,19.571333332,27.839992261035885
11497,Novi Sad,22.937666666,27.20378064169577
11498,Novi Sad,26.336,37.76354271274088
11499,Novi Sad,25.044666668,33.62898883325175
11500,Novi Sad,20.28,34.67308795149279
11501,Novi Sad,14.275666666,21.26648185983034
11502,Novi Sad,13.9093333334,28.39401412451346
11503,Novi Sad,17.897666666,20.18585476638673
11504,Novi Sad,13.6519999994,21.03562895508729
11505,Novi Sad,18.787333334,25.93359566530769
11506,Novi Sad,23.136,33.58232856306457
11507,Novi Sad,23.800666668,37.08652469240274
11508,Novi Sad,27.008666668,39.21665672698159
11509,Novi Sad,28.430666668,38.26118288967344
11510,Novi Sad,17.9745833325,22.371658837495787
11511,Novi Sad,12.59375,26.827925749670417
11512,Novi Sad,15.6441666675,28.0572341511932
11513,Novi Sad,18.44,27.31094461480638
11514,Novi Sad,24.169583335,28.405756483840165
11515,Novi Sad,22.0579166675,32.46740653684704
11516,Novi Sad,20.28375,20.04164147189716
11517,Novi Sad,17.5470833325,22.58641465656012
11518,Novi Sad,13.75583333325,21.78819366502519
11519,Novi Sad,14.00458333425,23.522644941843225
11520,Novi Sad,18.815,25.92510394837538
11521,Novi Sad,20.39951389,23.35920735020964
11522,Novi Sad,12.70125,22.667420403839355
11523,Novi Sad,21.3820833325,25.92216974217359
11524,Novi Sad,23.537083335,27.83431858450165
11525,Novi Sad,26.218333335,26.016230689173018
11526,Novi Sad,28.108666668,26.92589038579905
11527,Novi Sad,27.051333334,23.40985144301585
11528,Novi Sad,23.063000002,24.588049530391345
11529,Novi Sad,25.437666666,23.45999547939493
11530,Novi Sad,28.942,28.23149465997089
11531,Novi Sad,28.69,30.204151459657943
11532,Novi Sad,24.36,26.673103165322647
11533,Novi Sad,23.866,26.668860291874637
11534,Novi Sad,28.44600000000001,28.25468200256198
11535,Novi Sad,25.23,20.300967071974966
11536,Novi Sad,21.652,21.391671199336525
11537,Novi Sad,23.116,26.032514772017805
11538,Novi Sad,22.8508333325,27.80403021456169
11539,Novi Sad,15.7058333325,22.567962340413928
11540,Novi Sad,17.32999999925,24.86768779586793
11541,Novi Sad,22.9975,26.30056225988344
11542,Novi Sad,30.4,26.85397018277756
11543,Novi Sad,23.655,22.996486558767987
11544,Novi Sad,25.06375,27.488642033690716
11545,Novi Sad,16.07416666575,17.83644240571499
11546,Novi Sad,11.55416666675,19.32230578803438
11547,Novi Sad,15.1900000025,21.604040016493325
11548,Novi Sad,27.606333332,32.36125657207424
11549,Novi Sad,27.570916668,26.627021831245155
11550,Novi Sad,23.747666666,25.717656264447044
11551,Novi Sad,19.711333334,24.86053293732464
11552,Novi Sad,21.076666666,27.002562217352477
11553,Novi Sad,17.4806666666,22.387278696260783
11554,Novi Sad,16.789333334,20.435790548420574
11555,Novi Sad,18.215333334,25.33801834549506
11556,Novi Sad,13.8290000006,20.074774702317196
11557,Novi Sad,14.6143333326,18.89450468808872
11558,Novi Sad,13.1803333326,23.536320242399007
11559,Novi Sad,16.2466666666,19.22334437543528
11560,Novi Sad,17.515333334,24.1984749194085
11561,Novi Sad,16.915333334,25.59168400580499
11562,Novi Sad,16.6,23.165397885860468
11563,Novi Sad,19.5010000006,23.83778688020442
11564,Novi Sad,22.114,26.317432378138864
11565,Novi Sad,20.942,24.1903156828052
11566,Novi Sad,17.54,20.04899687004273
11567,Novi Sad,17.839999998,24.955720802198886
11568,Novi Sad,17.319,24.86406254062575
11569,Novi Sad,23.625333334,30.34796661984816
11570,Novi Sad,50.76125,33.814775272005726
11571,Novi Sad,34.27375,23.76758637728245
11572,Novi Sad,25.4841666675,25.88636826927521
11573,Novi Sad,36.756666665,27.90726495702567
11574,Novi Sad,37.6408333325,24.33627434201244
11575,Novi Sad,29.4025,19.26189905405246
11576,Novi Sad,26.592,22.2191181929646
11577,Novi Sad,19.3995833325,17.591286127792547
11578,Novi Sad,16.659,17.385872161132735
11579,Novi Sad,13.532,19.211122144329988
11580,Novi Sad,17.046,20.93929362514325
11581,Novi Sad,21.02,21.415983177751283
11582,Novi Sad,21.3786666674,20.93929362514325
11583,Novi Sad,24.147666668,25.116804570147284
11584,Novi Sad,27.121333334,25.015912205438536
11585,Novi Sad,15.541,22.300906381641138
11586,Novi Sad,17.829333334,22.289618467758547
11587,Novi Sad,22.033333334,24.216834675044016
11588,Novi Sad,25.124,25.49383599152259
11589,Novi Sad,30.173666668,26.861476947422812
11590,Novi Sad,25.798,29.90647873605358
11591,Novi Sad,24.386666666,27.055893575795672
11592,Novi Sad,30.222,26.352768962680365
11593,Novi Sad,32.405666668,28.19127271675198
11594,Novi Sad,23.869666666,23.100644729379127
11595,Novi Sad,18.7426666666,21.01658645355865
11596,Novi Sad,22.518188656,26.197219846273924
11597,Novi Sad,20.773,25.506632934008856
11598,Novi Sad,20.784,28.58987599739266
11599,Novi Sad,21.259000002,29.46932743650617
11600,Novi Sad,23.090333332,30.856658131173194
11601,Novi Sad,23.33,31.11844229548879
11602,Novi Sad,17.548,25.358316488404103
11603,Novi Sad,19.606,25.83973653940861
11604,Novi Sad,17.222333332,18.74122027006157
11605,Novi Sad,25.7875,22.05845244046769
11606,Novi Sad,12.64,15.262375383378872
11607,Novi Sad,8.83375,17.511323011630818
11608,Novi Sad,11.5433333332,16.26366872354696
11609,Novi Sad,16.639,18.51235378235063
11610,Novi Sad,24.4204166675,24.771528525505133
11611,Novi Sad,38.35125,26.979628104537657
11612,Novi Sad,40.647083335,27.50050070193954
11613,Novi Sad,30.48375,26.347778026476828
11614,Novi Sad,22.310833335,20.77847782196251
11615,Novi Sad,21.52,19.398146359488376
11616,Novi Sad,20.37222222333333,22.351651030662573
11617,Novi Sad,17.04555555333333,18.631111168773177
11618,Novi Sad,15.9625,17.401321822354465
11619,Novi Sad,22.1425,21.818442892803848
11620,Novi Sad,31.4445833325,27.888255779589425
11621,Novi Sad,42.82277778,28.228911157986225
11622,Novi Sad,35.23,31.4749854065182
11623,Novi Sad,36.692,30.22203625436555
11624,Novi Sad,29.931,25.297646971898985
11625,Novi Sad,19.626,19.512024047919617
11626,Novi Sad,12.612,18.67697139470022
11627,Novi Sad,20.922,21.249731800208476
11628,Novi Sad,26.47,22.77835027238805
11629,Novi Sad,32.95800000000001,23.321800632091108
11630,Novi Sad,28.65222222333334,25.02355327888263
11631,Novi Sad,15.5525,15.859816352259203
11632,Novi Sad,10.71027777666667,14.549104821023343
11633,Novi Sad,9.385,18.71081624916763
11634,Novi Sad,12.05388889,17.57922888047556
11635,Novi Sad,14.01555555666667,17.782635760734976
11636,Novi Sad,15.65611111,18.73200353348193
11637,Novi Sad,19.35944444333333,20.41968774018229
11638,Novi Sad,23.72722222333333,21.818442892803848
11639,Novi Sad,29.86666666666666,23.91803839229001
11640,Novi Sad,27.38555555666666,25.584796247874657
11641,Novi Sad,18.00888889,21.590849867058424
11642,Novi Sad,14.93777777666667,19.635393342386312
11643,Novi Sad,17.16333333333333,18.65664840157447
11644,Novi Sad,27.03222222333333,19.454461230230255
11645,Novi Sad,15.05,19.521579840723863
11646,Novi Sad,15.851111111,18.591607773746823
11647,Novi Sad,21.211111111,20.400132055166036
11648,Novi Sad,12.42,17.417542267946956
11649,Novi Sad,18.32722222233333,19.6110005305214
11650,Novi Sad,25.42944444333333,26.28366484868953
11651,Novi Sad,40.26833333333334,31.99329636340411
11652,Novi Sad,38.855,31.99329636340411
11653,Novi Sad,34.31666666666667,31.89765163576425
11654,Novi Sad,35.41666666666666,33.49828285511382
11655,Novi Sad,34.22,31.125707155847007
11656,Novi Sad,48.57166666666667,42.9187300692188
11657,Novi Sad,52.52722222333333,38.73245121469958
11658,Novi Sad,49.46333333333333,34.18389460072854
11659,Novi Sad,48.095,30.881696321765656
11660,Novi Sad,49.00666666666666,29.28444332707022
11661,Novi Sad,32.1220833325,31.757531091467133
11662,Novi Sad,28.18375,28.151734255906604
11663,Novi Sad,39.6291666675,36.80242674526936
11664,Novi Sad,35.40125,42.23948508735255
11665,Novi Sad,29.9479166675,39.25775313155672
11666,Novi Sad,40.1525,48.55005738662335
11667,Novi Sad,43.56055555666666,48.55005738662335
11668,Novi Sad,53.9004166675,49.7596295333751
11669,Novi Sad,61.84166666500001,48.61660280129929
11670,Novi Sad,53.74875,46.57838352766919
11671,Novi Sad,45.55875,33.93819097318443
11672,Novi Sad,28.85111111,25.876436415364783
11673,Novi Sad,31.39111111,35.04218859010212
11674,Novi Sad,35.224166665,38.66067047780541
11675,Novi Sad,40.940416665,45.35087693380176
11676,Novi Sad,58.65125,48.61660280129929
11677,Novi Sad,48.604583335,39.55231631298568
11678,Novi Sad,37.8154166675,45.35087693380176
11679,Novi Sad,48.2541666675,43.034842266198304
11680,Novi Sad,55.44625,33.41697507831094
11681,Novi Sad,57.11625,49.7596295333751
11682,Novi Sad,62.63666666749999,50.88665606375768
11683,Novi Sad,43.172083335,33.71195895053977
11684,Novi Sad,37.0695833325,26.13714809456826
11685,Novi Sad,30.36125,25.215844461560295
11686,Novi Sad,24.09875,25.189279131847588
11687,Novi Sad,26.3033333325,23.071226346083872
11688,Novi Sad,26.99,29.02269232479249
11689,Novi Sad,19.1466666675,17.094783048462798
11690,Novi Sad,12.345,18.62744736501012
11691,Novi Sad,17.3275,23.634117136349808
11692,Novi Sad,33.47,34.657939217115846
11693,Novi Sad,52.6204166675,55.936483419590616
11694,Novi Sad,51.56583333250001,42.57174018573894
11695,Novi Sad,38.6541666675,33.82499369795877
11696,Novi Sad,37.1270833325,36.90684518730394
11697,Novi Sad,32.51611111,29.229079941738508
11698,Novi Sad,13.99458333175,23.001267415859186
11699,Novi Sad,20.2070138875,26.61261719718506
11700,Novi Sad,23.93398148,30.154595150326543
11701,Novi Sad,36.312,26.73506595105145
11702,Novi Sad,29.264,24.70763152161237
11703,Novi Sad,24.042944444,21.37611572492991
11704,Novi Sad,30.012666666,34.630036182941176
11705,Novi Sad,34.75,41.61769156776257
11706,Novi Sad,36.074,28.43935675110723
11707,Novi Sad,44.288,40.00190768436602
11708,Novi Sad,38.686,28.00616130199147
11709,Novi Sad,37.45,34.51134258806113
11710,Novi Sad,45.038666666,55.218141451954544
11711,Novi Sad,44.934,52.164303511582446
11712,Novi Sad,57.998,44.8499366477478
11713,Novi Sad,81.554,73.86425101681043
11714,Novi Sad,99.24,74.9607077363664
11715,Novi Sad,70.34,40.1165763936919
11716,Novi Sad,23.4226666666,31.89338862780309
11717,Novi Sad,37.2754166675,34.62979684912691
11718,Novi Sad,32.1,31.517807250774823
11719,Novi Sad,23.01,23.536721861247305
11720,Novi Sad,33.95800000000001,33.353374893840254
11721,Novi Sad,28.494,35.17745496408995
11722,Novi Sad,41.16,29.10482283670081
11723,Novi Sad,21.58,32.95329155468629
13007,Novi Sad,19.9895833325,24.97636039579518
13008,Novi Sad,32.2916666675,43.97467585891957
13009,Novi Sad,37.3229166675,59.75823393228375
13010,Novi Sad,30.7916666675,36.58666236093013
13011,Novi Sad,45.6328124975,45.78270584353084
13012,Novi Sad,53.09999999999999,61.56655769818493
13013,Novi Sad,33.675,35.35345035846093
13014,Novi Sad,36.2,30.02735776628185
13015,Novi Sad,35.28125,53.64129296542507
13016,Novi Sad,26.4375000025,30.13208995308276
13017,Novi Sad,56.6979166675,36.72331230434411
13018,Novi Sad,46.979166665,46.3331760965378
13019,Novi Sad,16.5833333325,27.101641408913306
13020,Novi Sad,30.3854166675,40.94900195549505
13021,Novi Sad,49.0,50.949025907614335
13022,Novi Sad,53.575,52.574555890547096
13023,Novi Sad,46.7,45.36838105213042
13024,Novi Sad,37.35,29.34151961982032
13025,Novi Sad,35.34375,49.03222420111562
13026,Novi Sad,28.15277777666667,19.610903285116464
13027,Novi Sad,32.034375,20.27854762577817
13028,Novi Sad,16.94444444333334,25.36757073045189
13029,Novi Sad,16.375,21.30295597191977
13030,Novi Sad,25.46875,26.038346860398192
13031,Novi Sad,27.3229166675,28.106888132087157
13032,Novi Sad,26.6041666675,27.008887850865133
13033,Novi Sad,27.489583335,27.33295853514626
13034,Novi Sad,23.7083333325,24.945498026773727
13035,Novi Sad,19.90624999925,21.428847045815665
13036,Novi Sad,15.4270833325,23.390768170948952
13037,Novi Sad,16.1354166675,25.765003087489887
13038,Novi Sad,19.675,28.601661192190026
13039,Novi Sad,16.375,21.37473859023632
13040,Novi Sad,12.9479166675,21.65989352851641
13041,Novi Sad,21.2916666675,30.68879582184608
13042,Novi Sad,28.13888888666667,31.19931540050633
13043,Novi Sad,19.604166665,22.06543601150293
13044,Novi Sad,31.625,26.536233248310385
13045,Novi Sad,34.90625,32.06787419425178
13046,Novi Sad,26.975,29.77068912727934
13047,Novi Sad,25.875,26.83480522191175
13048,Novi Sad,17.1458333325,19.730022232490285
13049,Novi Sad,15.5520833325,23.995904319090123
13050,Novi Sad,16.770833335,23.989823624127265
13051,Novi Sad,15.34375,19.184351246973996
13052,Novi Sad,15.104166665,20.35135983321023
13053,Novi Sad,21.6979166675,25.58584256422867
13054,Novi Sad,14.9374999975,25.68586197397092
13055,Novi Sad,18.9166666675,25.88404037639868
13056,Novi Sad,27.885416665,29.123475013493564
13057,Novi Sad,33.425,29.07502999496528
13058,Novi Sad,46.84722222333333,24.487327222810254
13059,Novi Sad,37.02500000000001,35.058520010436105
13060,Novi Sad,22.0,32.468296693488064
13061,Novi Sad,44.16666666666666,32.32648930481483
13062,Novi Sad,58.7,35.48340702751265
13063,Novi Sad,39.86666666666667,35.22557825873989
13064,Novi Sad,28.16666666666667,30.599020668517525
13065,Novi Sad,35.5,31.65705748980973
13066,Novi Sad,31.36111111333333,30.38257400818205
13067,Novi Sad,31.56666666666667,30.732613858483766
13068,Novi Sad,42.0,33.654715526610815
13069,Novi Sad,13.25,18.882916006607733
13070,Novi Sad,16.54166666566666,28.201369402578017
13071,Novi Sad,36.23333333333333,33.54847993228932
13072,Novi Sad,45.36666666666667,33.79123517822038
13073,Novi Sad,28.25,26.24356844087451
17975,Novi Sad,51.53041666666667,44.54520581284687
17976,Novi Sad,79.76666666666667,47.794405865760005
17977,Novi Sad,32.09166666666667,37.59897585145329
17978,Novi Sad,40.87083333333334,40.64719274713003
17979,Novi Sad,44.75000000000001,35.95653355382114
17980,Novi Sad,42.40833333333333,39.986625370521566
17981,Novi Sad,72.3625,55.53832427832836
17982,Novi Sad,42.38333333333333,39.87195666119569
17983,Novi Sad,25.05833333333334,23.838041620406813
17984,Novi Sad,9.88875,16.734607938734666
17985,Novi Sad,19.54041666666667,20.32734669449628
17986,Novi Sad,33.35833333333333,35.77200428788338
17987,Novi Sad,39.50833333333333,42.13746056001878
17988,Novi Sad,51.60416666666666,49.43185339683791
17989,Novi Sad,42.325,37.0805269561698
17990,Novi Sad,27.47916666666667,27.40203352486172
17991,Novi Sad,15.27666666666667,20.244509322170785
17992,Novi Sad,14.67458333333333,18.56634101324266
17993,Novi Sad,18.29125,21.55163920186549
17994,Novi Sad,25.66249999999999,26.43470134919854
17995,Novi Sad,30.525,34.58599937477634
17996,Novi Sad,32.7625,35.46525566218743
17997,Novi Sad,14.33750000000001,19.613216411971425
17998,Novi Sad,9.158333333333337,21.40434607253117
17999,Novi Sad,14.97916666666667,31.38922497044337
18000,Novi Sad,21.47375,24.50852616807252
18001,Novi Sad,32.34583333333333,28.31609907836796
18002,Novi Sad,34.94166666666667,41.64225059958445
18003,Novi Sad,28.02083333333333,41.81727773364496
18004,Novi Sad,33.4125,41.128622321351344
18005,Novi Sad,21.44166666666667,24.1250040719902
18006,Novi Sad,27.7,32.48621246594116
18007,Novi Sad,29.11791666666667,21.300296943893063
18008,Novi Sad,16.72166666666667,20.09676030595869
18009,Novi Sad,11.31416666666667,18.8406176022106
18010,Novi Sad,13.955,25.796773528140985
18011,Novi Sad,29.76666666666668,33.175068984940395
18012,Novi Sad,44.675,45.78270584353084
18013,Novi Sad,43.50416666666666,49.57101583241829
18014,Novi Sad,25.84583333333333,34.527980882865414
18015,Novi Sad,55.73333333333333,51.62197449239071
18016,Novi Sad,58.8,61.40220102930683
18017,Novi Sad,47.08333333333335,43.38720603353684
18018,Novi Sad,54.40000000000001,50.53747539801337
18019,Novi Sad,32.73333333333333,44.52511007908706
18020,Novi Sad,55.60833333333333,50.85765822438719
18021,Novi Sad,80.94166666666666,55.53832427832836
18022,Novi Sad,66.25833333333333,48.318000205422926
18023,Novi Sad,35.23333333333333,31.41018060026607
18024,Novi Sad,25.52625,31.00319878069
18025,Novi Sad,19.80875,30.322014996064933
18026,Novi Sad,33.4875,35.406443211822726
18027,Novi Sad,30.59999999999999,37.03195288881329
18028,Novi Sad,31.00833333333333,34.25710141109282
18029,Novi Sad,38.76666666666667,32.14740786868099
18030,Novi Sad,14.74666666666667,19.74704921107566
18031,Novi Sad,16.63458333333333,24.363861695351144
18032,Novi Sad,19.1625,25.965588724810512
18033,Novi Sad,22.70416666666667,28.43784879081529
18034,Novi Sad,31.32916666666667,42.13746056001878
18035,Novi Sad,17.57833333333333,24.41062295607945
18036,Novi Sad,55.18333333333334,55.65299298765424
18037,Novi Sad,42.45833333333334,47.794405865760005
18038,Novi Sad,32.39583333333333,36.26052888858217
18039,Novi Sad,27.975,33.794317995330886
18040,Novi Sad,28.295,29.617841604081093
18041,Novi Sad,17.62875,26.616659477223607
18042,Novi Sad,24.46666666666667,21.258051212343545
18043,Novi Sad,23.35541666666667,21.222219888091587
18044,Novi Sad,18.38666666666667,20.053429376190824
18045,Novi Sad,20.64875,33.22953916429674
18046,Novi Sad,17.17916666666666,29.72472358530202
18047,Novi Sad,22.8125,34.38779302981073
18048,Novi Sad,18.91958333333334,17.647509711555326
18049,Novi Sad,29.88000000000001,26.079569005842824
18050,Novi Sad,38.62083333333334,37.09768617764812
18051,Novi Sad,26.4375,32.36574147457121
18052,Novi Sad,33.09583333333333,38.51827586068421
18053,Novi Sad,36.95833333333333,35.751970494430395
18054,Novi Sad,36.02916666666666,33.49681935848967
18055,Novi Sad,33.2125,32.60377261024225
18056,Novi Sad,37.92916666666667,37.94475683674269
18057,Novi Sad,46.62916666666668,35.131018551839155
18058,Novi Sad,12.17708333333333,23.428756806179848
18059,Novi Sad,7.781363636363636,25.018415151301937
18060,Novi Sad,10.40416666666667,17.457414796809502
18061,Novi Sad,78.14125,22.10824015047244
18062,Novi Sad,16.63,31.285369074457236
18063,Novi Sad,17.68333333333333,29.159549038314317
18064,Novi Sad,16.98791666666667,25.41075057605375
18065,Novi Sad,8.2025,19.367382907945775
18066,Novi Sad,7.911250000000002,23.99221552559461
18067,Novi Sad,39.85833333333333,33.15938763006397
18068,Novi Sad,33.82083333333333,35.770850241644474
18069,Novi Sad,51.31249999999999,43.72174574815222
18070,Novi Sad,42.08333333333333,41.317308076518806
18071,Novi Sad,34.95,39.78664209216337
18072,Novi Sad,30.30291666666667,33.01425919019745
18073,Novi Sad,23.54291666666667,27.62831473194633
18074,Novi Sad,19.68333333333333,25.41075057605375
18075,Novi Sad,12.29208333333333,21.62277100199821
18076,Novi Sad,12.48666666666667,29.890660965962404
18077,Novi Sad,15.38083333333333,22.109168309826384
18078,Novi Sad,15.66541666666667,20.8101273460161
18079,Novi Sad,11.37916666666667,20.51259173942674
18080,Novi Sad,29.05833333333334,23.099455127916787
18081,Novi Sad,40.37499999999999,31.260926314424303
18082,Novi Sad,43.68333333333333,28.53934996673952
18083,Novi Sad,36.54583333333333,29.9891271331936
18084,Novi Sad,32.42083333333333,30.309463081807834
18085,Novi Sad,28.67083333333334,23.428560335704585
18086,Novi Sad,18.405,18.503198310459712
18087,Novi Sad,39.47916666666666,23.18027830981861
18088,Novi Sad,28.89166666666666,27.49291027357653
18089,Novi Sad,20.2125,24.020114243684127
18090,Novi Sad,17.25,23.681067729220768
18091,Novi Sad,28.40416666666667,24.789989709739427
18092,Novi Sad,19.4975,22.674850609542958
18093,Novi Sad,24.14166666666667,24.18345987678654
18094,Novi Sad,22.175,23.77023815719442
18095,Novi Sad,27.1375,24.06304096698269
18096,Novi Sad,26.925,24.249158515525707
18097,Novi Sad,20.82083333333334,24.624598204685785
18098,Novi Sad,17.5625,23.624928159978364
18099,Novi Sad,18.65,17.44895968943838
18100,Novi Sad,17.48333333333333,21.5015948943596
18101,Novi Sad,16.90416666666667,21.5387440089968
18102,Novi Sad,16.30541666666667,17.32755862127157
18103,Novi Sad,11.52208333333333,16.22195947692965
18104,Novi Sad,13.49583333333333,20.224612967384548
18105,Novi Sad,13.46958333333333,17.725815939186965
18106,Novi Sad,20.28916666666667,19.69631921667044
18107,Novi Sad,24.35833333333334,21.79131400023537
18108,Novi Sad,16.39166666666667,17.70736807898639
18109,Novi Sad,12.6825,16.40307503287473
18110,Novi Sad,27.3875,23.3093148437412
18111,Novi Sad,24.52083333333334,25.36613039809596
18112,Novi Sad,21.62916666666666,24.004072397165015
18113,Novi Sad,17.22083333333333,22.49234388700078
18114,Novi Sad,28.94583333333334,24.4143978056151
18115,Novi Sad,26.80416666666667,21.30664210324696
18116,Novi Sad,23.77083333333333,21.062605120181864
18117,Novi Sad,25.6875,21.590849867058424
18118,Novi Sad,21.08666666666667,20.899116978193007
18119,Novi Sad,16.85833333333333,18.65664840157447
18120,Novi Sad,16.81958333333333,20.176932494251226
18121,Novi Sad,19.63333333333333,18.955330596867
18122,Novi Sad,18.45208333333333,19.879105659292584
18123,Novi Sad,19.3,19.81119979044784
18124,Novi Sad,23.39583333333334,19.1531915834182
18125,Novi Sad,21.7,19.408280574263745
18126,Novi Sad,11.775,19.214739255107656
18127,Novi Sad,14.2975,19.22164322234373
18128,Novi Sad,14.90666666666667,18.006857367782565
18129,Novi Sad,18.30416666666667,20.51360941687897
18130,Novi Sad,19.35416666666666,19.11946690158242
18131,Novi Sad,17.91791666666666,20.92319318032205
18132,Novi Sad,13.74083333333333,17.545047693466596
18133,Novi Sad,14.63833333333333,15.805634063994404
18134,Novi Sad,17.30291666666667,16.001587993669663
18135,Novi Sad,19.35416666666667,21.006503971762044
18136,Novi Sad,15.15458333333333,21.2505060080388
18137,Novi Sad,18.56666666666667,18.52857730504639
18138,Novi Sad,17.225,15.179431539895134
18139,Novi Sad,21.73749999999999,21.12960284896829
18140,Novi Sad,14.01666666666667,21.965665137645026
18141,Novi Sad,22.125,25.06074826529669
18142,Novi Sad,24.64583333333333,27.0683717182294
18143,Novi Sad,29.42916666666666,31.53611553183159
18144,Novi Sad,24.8125,30.990562978253504
18145,Novi Sad,30.38333333333334,27.092225078136657
18146,Novi Sad,11.51541666666667,15.636549975065972
18147,Novi Sad,9.562916666666668,18.59639171216
18148,Novi Sad,13.28291666666667,21.37828667230146
18149,Novi Sad,15.74416666666667,18.845460232108355
18150,Novi Sad,9.3075,16.85331480460118
18151,Novi Sad,8.5225,19.469506185254087
18152,Novi Sad,12.43083333333333,22.2191388294548
18153,Novi Sad,18.52083333333334,21.468312315835792
18154,Novi Sad,11.04333333333333,18.174401130101245
18155,Novi Sad,14.84458333333333,22.777449717607595
18156,Novi Sad,22.18333333333333,19.86303324086193
18157,Novi Sad,18.87083333333333,23.129283389845728
18158,Novi Sad,19.01666666666667,23.11501730772909
18159,Novi Sad,17.7875,21.34352021966142
18160,Novi Sad,18.725,22.713007425602783
18161,Novi Sad,12.95916666666667,22.777449717607595
18162,Novi Sad,13.73458333333333,25.75714172482604
18163,Novi Sad,16.63333333333334,30.40619997664404
18164,Novi Sad,18.80416666666667,25.70726826574975
18165,Novi Sad,20.95,21.9032598183391
18166,Novi Sad,10.19791666666667,19.19746508546978
18167,Novi Sad,11.26333333333333,24.897954110766964
18168,Novi Sad,15.17458333333333,29.63710676774974
18169,Novi Sad,14.47583333333333,29.266730865038884
18170,Novi Sad,14.40625,28.6833669834717
18171,Novi Sad,19.92666666666667,23.6486409200286
18172,Novi Sad,11.42875,21.971346758016928
18173,Novi Sad,12.8975,20.703406951189645
18174,Novi Sad,11.83166666666666,18.715910056369392
18175,Novi Sad,8.728750000000002,19.46985697898664
18176,Novi Sad,16.825,27.13953845820877
18177,Novi Sad,18.675,23.457727139421817
18178,Novi Sad,8.37,14.643293164508234
18179,Novi Sad,7.183749999999999,19.70560560540249
18180,Novi Sad,9.572083333333332,20.13682617673413
18181,Novi Sad,13.01541666666667,22.894917167977948
18182,Novi Sad,10.15916666666667,17.1765721773936
18183,Novi Sad,11.99875,20.47691691184706
18184,Novi Sad,11.55916666666667,21.61164011990321
18185,Novi Sad,4.577083333333333,19.13243364715685
18186,Novi Sad,10.83041666666667,24.39465724331451
18187,Novi Sad,18.35,27.561187364208237
18188,Novi Sad,10.50416666666667,17.280543894621253
18189,Novi Sad,6.454166666666666,14.22351761196479
18190,Novi Sad,5.272916666666667,21.071103679619565
18191,Novi Sad,6.735833333333335,20.722673765329795
18192,Novi Sad,8.254166666666668,20.722673765329795
18193,Novi Sad,8.327916666666665,19.469506185254087
18194,Novi Sad,9.669166666666667,21.372481060801743
18195,Novi Sad,11.19791666666667,21.228389836813623
18196,Novi Sad,11.74208333333334,21.30970187385999
18197,Novi Sad,16.40833333333333,23.20657252089214
18198,Novi Sad,16.8125,22.753235778335323
18199,Novi Sad,15.475,20.32410124378327
18200,Novi Sad,19.54166666666667,27.28701277067384
18201,Novi Sad,24.6,28.091147939732625
18202,Novi Sad,18.07083333333334,29.45621669964881
18203,Novi Sad,21.04166666666667,30.32225420247649
18204,Novi Sad,19.65833333333333,31.409578518531777
18205,Novi Sad,19.55416666666666,31.07333211606965
18206,Novi Sad,23.99583333333333,36.82257577158488
18207,Novi Sad,19.2125,28.25266079583396
18208,Novi Sad,15.47083333333333,28.8410622310516
18209,Novi Sad,15.77583333333334,29.50820891186223
18210,Novi Sad,14.60833333333333,29.523137060692655
18211,Novi Sad,15.2875,29.006996253676885
18212,Novi Sad,14.08166666666667,22.891611939139917
18213,Novi Sad,11.08708333333333,18.13422865611837
18214,Novi Sad,9.59875,17.802261218706025
18215,Novi Sad,9.621666666666668,22.324563092070864
18216,Novi Sad,10.505,22.958752270548757
18217,Novi Sad,16.32708333333333,21.011224039765157
18218,Novi Sad,15.60458333333333,19.809673077378743
18219,Novi Sad,16.81708333333333,21.70957763480562
18220,Novi Sad,20.32291666666667,24.022923701331333
18221,Novi Sad,21.99791666666667,24.20332569949204
18222,Novi Sad,20.55333333333333,25.01269146495066
18223,Novi Sad,21.51583333333334,26.59668018271916
18224,Novi Sad,21.1625,28.6502398177664
18225,Novi Sad,17.21708333333333,27.08836727122308
18226,Novi Sad,19.97083333333333,29.15928593111963
18227,Novi Sad,24.17083333333333,31.313500527076403
18228,Novi Sad,17.99583333333333,27.362968387110406
18229,Novi Sad,10.53916666666666,20.89372086246634
18230,Novi Sad,14.14583333333333,22.31384342345214
18231,Novi Sad,14.71208333333333,26.88722545421586
18232,Novi Sad,14.75,27.037657863265817
18233,Novi Sad,20.8,23.227313784875165
18234,Novi Sad,9.77875,22.996486558767987
18235,Novi Sad,14.12541666666667,22.288045272784792
18236,Novi Sad,17.1325,27.446286709860413
18237,Novi Sad,14.3025,21.81214192124244
18238,Novi Sad,7.960833333333333,17.70736807898639
18239,Novi Sad,8.698749999999999,15.859816352259203
18240,Novi Sad,20.59166666666667,23.579147377424373
18241,Novi Sad,25.125,25.82485068497533
18242,Novi Sad,26.66666666666667,26.208586922454284
18243,Novi Sad,24.73333333333333,25.584796247874657
18244,Novi Sad,22.59583333333333,24.768451528552053
18245,Novi Sad,15.22875,24.328024705724093
18246,Novi Sad,13.16333333333334,25.40684465742029
18247,Novi Sad,13.22375,26.424255500755663
18248,Novi Sad,25.52500000000001,25.33261414340574
18249,Novi Sad,25.08750000000001,25.26193258225788
18250,Novi Sad,31.53333333333333,25.668558692627364
18251,Novi Sad,26.30833333333334,26.57799564822217
18252,Novi Sad,34.14166666666667,23.660079567972375
18253,Novi Sad,30.13708333333333,27.35944952548692
18254,Novi Sad,23.20833333333333,23.353089563585005
18255,Novi Sad,16.62083333333333,24.32883754199161
18256,Novi Sad,33.85,30.15523626881172
18257,Novi Sad,42.57083333333335,32.59129893774333
18258,Novi Sad,42.94166666666666,32.93018995260898
18259,Novi Sad,14.47541666666667,21.41798160211184
18260,Novi Sad,13.30375,27.974921464567323
18261,Novi Sad,24.58750000000001,33.401498188490194
18262,Novi Sad,39.09166666666667,41.56404705286871
18263,Novi Sad,20.73333333333333,26.40370265478161
18264,Novi Sad,37.44583333333334,30.345857775404006
18265,Novi Sad,30.17416666666666,27.858631072667755
18266,Novi Sad,9.203333333333331,25.85525060225624
18267,Novi Sad,13.59791666666667,29.808983476336195
18268,Novi Sad,32.31666666666666,29.979879718354045
18269,Novi Sad,15.265,22.413342548452423
18270,Novi Sad,12.67958333333334,25.93951268202252
18271,Novi Sad,9.582499999999998,23.050296647701792
18272,Novi Sad,14.625,24.513121316405392
18273,Novi Sad,15.8825,28.92277623048223
18274,Novi Sad,18.01291666666667,27.680606790925463
18275,Novi Sad,14.59,21.590975081979167
18276,Novi Sad,7.533333333333332,21.49248316965145
18277,Novi Sad,15.04125,27.63932152000019
18278,Novi Sad,13.38875,20.0057341005932
18279,Novi Sad,16.44666666666667,25.978251584940963
18280,Novi Sad,7.342500000000001,19.030585107897565
18281,Novi Sad,18.31458333333333,30.87321655140433
18282,Novi Sad,23.21666666666666,27.8830143351936
18283,Novi Sad,18.71125,31.56163587873693
18284,Novi Sad,20.55,34.71233720658131
18285,Novi Sad,18.41666666666667,26.91619842320461
18286,Novi Sad,16.715,18.617126623695867
18287,Novi Sad,9.331666666666669,29.289429397123865
18288,Novi Sad,28.66791666666667,29.80841028051853
18289,Novi Sad,14.79625,26.206684492431208
18290,Novi Sad,12.64125,19.7730706414351
18291,Novi Sad,13.24333333333334,28.091377878723584
18292,Novi Sad,8.433749999999998,19.64783532492998
18293,Novi Sad,9.424583333333333,23.90744883673232
18294,Novi Sad,19.1,32.029743745431404
18295,Novi Sad,40.31250000000001,33.35977124497196
18296,Novi Sad,40.43333333333333,29.07659395066056
18297,Novi Sad,22.05416666666667,21.31398470703747
18298,Novi Sad,43.5,57.972024725630575
18299,Novi Sad,49.55833333333334,26.105951862773
18300,Novi Sad,12.43833333333333,19.89249262734121
18301,Novi Sad,9.01041666666667,19.65148421596491
18302,Novi Sad,10.46458333333333,26.50543675512968
18303,Novi Sad,9.577083333333333,21.253765821135868
18304,Novi Sad,26.65416666666667,29.235871850739567
18305,Novi Sad,19.075,25.103437144792423
18306,Novi Sad,18.09333333333333,23.851382399955654
18307,Novi Sad,22.35416666666667,25.499305140302376
18308,Novi Sad,18.8875,41.49158375899419
18309,Novi Sad,30.55416666666667,39.55177383482187
18310,Novi Sad,25.02916666666667,29.067270227165885
18311,Novi Sad,22.64583333333334,25.30517107470726
18312,Novi Sad,18.12916666666667,29.86105444383884
18313,Novi Sad,30.8875,46.96905386526163
18314,Novi Sad,45.59166666666667,58.07587691197658
18315,Novi Sad,40.74166666666666,36.643025150564654
18316,Novi Sad,39.55416666666667,28.249899631142974
18317,Novi Sad,28.62916666666666,33.36720769263046
18318,Novi Sad,25.84416666666667,22.56951444937561
18319,Novi Sad,17.75125,26.13714809456826
18320,Novi Sad,26.17916666666667,30.269263859652423
18321,Novi Sad,33.32916666666667,43.90755724842596
18322,Novi Sad,39.56250000000001,45.898324560838105
18323,Novi Sad,104.075,73.86425101681043
18324,Novi Sad,84.02499999999999,75.78686949067341
18325,Novi Sad,71.44583333333331,45.39220537873216
18326,Novi Sad,22.43333333333333,31.403138541448943
18327,Novi Sad,19.15875,19.945806840166632
18328,Novi Sad,13.41166666666666,22.717814217181616
18329,Novi Sad,57.94666666666666,47.794405865760005
18330,Novi Sad,43.47499999999999,36.56932399141043
18331,Novi Sad,58.77916666666666,36.868972159945294
18332,Novi Sad,28.58333333333334,31.1593406452307
18333,Novi Sad,69.08333333333333,46.21850738721192
18334,Novi Sad,36.01708333333333,39.986625370521566
18335,Novi Sad,46.2625,44.75632761000833
18336,Novi Sad,39.75833333333333,39.986625370521566
27382,Novi Sad,21.151875,30.85292870345702
27383,Novi Sad,18.45708333333333,29.10764207730438
27384,Novi Sad,11.05229166666667,23.858874845610877
27385,Novi Sad,27.57791666666667,25.964345458865967
27386,Novi Sad,30.02041666666667,31.517807250774823
27387,Novi Sad,18.53208333333333,25.687560613398784
27388,Novi Sad,16.86041666666667,25.41121193149488
27389,Novi Sad,30.22791666666667,22.64053040600509
27390,Novi Sad,32.1625,43.85300242580071
27391,Novi Sad,37.37791666666666,61.56655769818493
27392,Novi Sad,49.03416666666667,46.82057965701173
27393,Novi Sad,42.4525,36.500496247326346
27394,Novi Sad,31.76625,34.33775639074203
27395,Novi Sad,49.25625,50.53747539801337
27396,Novi Sad,19.57541666666667,22.741688953476608
27397,Novi Sad,16.67041666666666,33.44276178370164
27398,Novi Sad,21.79916666666666,24.00611179204397
27399,Novi Sad,20.08541666666667,27.006368719593382
27400,Novi Sad,15.10291666666667,20.34700761375275
27401,Novi Sad,23.76708333333333,36.362258629425874
27402,Novi Sad,31.4125,49.324777997675405
27403,Novi Sad,39.13458333333333,58.90540944991546
27404,Novi Sad,38.45541666666666,26.016605766380607
27405,Novi Sad,32.52458333333333,27.473637641964256
27406,Novi Sad,27.88916666666667,22.064219821258188
27407,Novi Sad,22.780625,34.80040390640017
27408,Novi Sad,15.05458333333333,21.24765423173804
27409,Novi Sad,25.610625,46.10288866990466
27410,Novi Sad,38.36833333333334,42.59999073049861
27411,Novi Sad,32.53375,39.55177383482187
27412,Novi Sad,56.33,60.43160104439036
27413,Novi Sad,76.69416666666667,50.11624401567138
27414,Novi Sad,29.63791666666667,33.07507041421011
27415,Novi Sad,24.738125,34.80476870846827
27416,Novi Sad,28.56125,47.30063130372276
27417,Novi Sad,40.15166666666667,34.69988339942695
27418,Novi Sad,28.94208333333333,33.298791076065136
27419,Novi Sad,27.3675,33.22748637924951
27420,Novi Sad,27.25375,33.012035739676605
27421,Novi Sad,22.79458333333333,28.71925782362589
27422,Novi Sad,25.55458333333333,26.825812961636203
27423,Novi Sad,19.84125,25.935889442960573
27424,Novi Sad,14.02083333333333,27.13569648401444
27425,Novi Sad,17.795,23.161008389389224
27426,Novi Sad,28.90333333333334,47.40551661276408
27427,Novi Sad,34.48125,41.58402430630246
27428,Novi Sad,33.36958333333334,48.54521840708704
27429,Novi Sad,38.51416666666667,44.905854279987146
27430,Novi Sad,34.3175,38.869962189647765
27431,Novi Sad,36.61958333333333,40.02927501443991
27432,Novi Sad,24.86375,33.35977124497196
27433,Novi Sad,19.17166666666667,25.734023440715752
27434,Novi Sad,18.11979166666666,28.658112152555244
27435,Novi Sad,16.82291666666667,30.07387844120774
27436,Novi Sad,15.68729166666667,21.02995753219165
27437,Novi Sad,19.9075,32.42623834350414
27438,Novi Sad,24.04666666666667,35.04811283933448
27439,Novi Sad,27.08541666666667,33.89520782784212
27440,Novi Sad,29.12166666666666,36.39182788285052
27441,Novi Sad,34.82375,42.17628265570474
27442,Novi Sad,27.71125,29.31687562379686
27443,Novi Sad,23.075,29.99062004023827
27444,Novi Sad,22.17458333333333,33.794317995330886
27445,Novi Sad,27.26958333333333,44.15242382346538
27446,Novi Sad,35.81125,45.51624320092154
27447,Novi Sad,35.3875,35.77653103564455
27448,Novi Sad,19.025,27.56552237284781
27449,Novi Sad,25.26666666666667,31.312173272736626
27450,Novi Sad,19.47916666666667,29.873650677319933
27451,Novi Sad,18.38333333333333,24.25892262309514
27452,Novi Sad,18.97541666666666,22.789434140808453
27453,Novi Sad,7.739999999999999,24.859299173713964
27454,Novi Sad,21.63583333333333,28.156474251824843
27455,Novi Sad,26.37916666666666,33.49681935848967
27456,Novi Sad,31.26041666666667,33.87503516611547
27457,Novi Sad,28.59125,43.43481215116716
27458,Novi Sad,20.44354166666667,27.073914486423764
27459,Novi Sad,28.37916666666667,35.44084104985544
27460,Novi Sad,25.70291666666667,44.75597843908936
27461,Novi Sad,27.22333333333333,42.639258533848434
27462,Novi Sad,40.60499999999999,50.835414210172495
27463,Novi Sad,39.1875,47.4089607733352
27464,Novi Sad,34.19791666666667,29.74401424967144
27465,Novi Sad,11.1525,23.373317473908266
27466,Novi Sad,15.59333333333333,26.733756115904125
27467,Novi Sad,15.72583333333333,28.3679588887726
27468,Novi Sad,27.705625,23.92423846518933
27469,Novi Sad,12.47479166666667,21.54349127598117
27470,Novi Sad,17.554375,31.61152992025553
27471,Novi Sad,25.61354166666667,31.73961059808808
27472,Novi Sad,55.89545454545455,51.65880301730662
27473,Novi Sad,84.99166666666666,54.48389624748116
27474,Novi Sad,13.96625,29.6774688349955
27475,Novi Sad,13.39375,30.064296399606988
27476,Novi Sad,18.44520833333333,30.61012511468329
27477,Novi Sad,25.22541666666667,31.23830450423293
27478,Novi Sad,19.48020833333333,29.6774688349955
27479,Novi Sad,23.50479166666667,30.536866045451
27480,Novi Sad,27.285625,33.688697112261345
27481,Novi Sad,41.2775,31.39494743975027
27482,Novi Sad,42.34520833333333,33.12589232316138
27483,Novi Sad,41.98375,36.41353749227344
27484,Novi Sad,32.06166666666667,31.333492369107177
27485,Novi Sad,21.30041666666667,32.98916401406934
27486,Novi Sad,39.15916666666666,32.57578716035668
27487,Novi Sad,40.03854166666667,19.31992403499892
27488,Novi Sad,8.689583333333335,17.642940171564398
27489,Novi Sad,19.119375,24.531300103629015
27490,Novi Sad,17.04583333333333,25.739169879564532
27491,Novi Sad,18.10854166666667,26.905653683149875
27492,Novi Sad,10.783125,23.28769978124381
27493,Novi Sad,14.83583333333333,30.1056251285265
27494,Novi Sad,18.999375,18.77774918097277
27495,Novi Sad,17.14875,26.02558933744486
27496,Novi Sad,25.55583333333333,32.46740653684704
27497,Novi Sad,24.07833333333333,28.507916975000267
27498,Novi Sad,17.74104166666666,29.964956385077592
27499,Novi Sad,16.04979166666667,27.94681358015616
27500,Novi Sad,16.66479166666667,27.787996720365275
27501,Novi Sad,30.60375,32.405523076751955
27502,Novi Sad,22.12854166666667,27.477379757688105
27503,Novi Sad,17.16729166666667,17.523578736426337
27504,Novi Sad,7.730833333333333,17.374899982347397
27505,Novi Sad,14.45229166666667,18.49445061274463
27506,Novi Sad,14.848125,23.321800632091108
27507,Novi Sad,15.92458333333333,20.75591122725538
27508,Novi Sad,16.685,17.70736807898639
27509,Novi Sad,15.97291666666667,20.816628581848725
27510,Novi Sad,17.25333333333333,24.43924132547216
27511,Novi Sad,20.99416666666666,26.92589038579905
27512,Novi Sad,16.53895833333333,23.25440894167223
27513,Novi Sad,20.26041666666667,24.60178559534189
27514,Novi Sad,19.993125,23.82102815619587
27515,Novi Sad,17.15895833333333,21.673417652084098
27516,Novi Sad,22.390625,17.94308120279281
27517,Novi Sad,24.15666666666667,19.91043371245046
27518,Novi Sad,18.309375,24.990575293725485
27519,Novi Sad,21.11333333333333,25.01269146495066
27520,Novi Sad,17.46916666666667,21.37609759823371
27521,Novi Sad,27.80958333333334,18.74976042432232
27522,Novi Sad,14.75708333333333,37.807524044047376
27523,Novi Sad,8.044166666666667,17.015635190120975
27524,Novi Sad,10.70421052631579,17.70736807898639
27525,Novi Sad,18.76833333333333,21.438607103712567
27526,Novi Sad,19.5425,24.91179910024191
27527,Novi Sad,22.09208333333333,23.54543829316092
27528,Novi Sad,18.068125,21.607951830128485
27529,Novi Sad,15.37479166666667,20.921513890890047
27530,Novi Sad,14.49625,19.577524537236837
27531,Novi Sad,16.68229166666667,19.42433853438011
27532,Novi Sad,12.60979166666667,20.829334937908527
27533,Novi Sad,12.80770833333333,20.98952479847444
27534,Novi Sad,11.73958333333333,16.98145400311201
27535,Novi Sad,11.13104166666667,18.95413632267133
27536,Novi Sad,14.55041666666667,20.889628746239893
27537,Novi Sad,15.479375,24.070980501677365
27538,Novi Sad,21.635625,27.04344101760137
27539,Novi Sad,19.3175,28.16105826247897
27540,Novi Sad,21.82666666666667,25.767703779251857
27541,Novi Sad,23.2775,23.35008386126128
27542,Novi Sad,14.12270833333334,19.67523066244144
27543,Novi Sad,13.48729166666667,17.442495767252954
27544,Novi Sad,9.633333333333336,17.802261218706025
27545,Novi Sad,13.95104166666667,20.785569251218387
27546,Novi Sad,15.48,25.630270314426223
27547,Novi Sad,16.12166666666667,22.00106055341165
27548,Novi Sad,16.05979166666667,24.920041697682297
27549,Novi Sad,26.98791666666667,32.063099879688984
27550,Novi Sad,27.62458333333333,26.135090560719743
27551,Novi Sad,35.99208333333333,27.04536845752163
27552,Novi Sad,45.92666666666666,30.56942170805325
27553,Novi Sad,40.60916666666667,26.349910777798147
27554,Novi Sad,17.269375,20.13577959143967
27555,Novi Sad,17.53875,24.10681665783536
27556,Novi Sad,21.29958333333333,26.038107129380965
27557,Novi Sad,22.04791666666667,21.563746965253547
27558,Novi Sad,16.096875,17.97227678348667
27559,Novi Sad,16.91145833333333,24.752160045598927
27560,Novi Sad,18.97375,28.202620841737343
27561,Novi Sad,19.55958333333333,34.04892956566919
27562,Novi Sad,18.61229166666667,22.72754729403901
27563,Novi Sad,13.91208333333333,15.622489615147574
27564,Novi Sad,12.164375,19.25606186647226
27565,Novi Sad,14.56520833333333,18.885043823971223
27566,Novi Sad,12.27104166666667,24.394615430358613
27567,Novi Sad,13.24958333333333,30.373958059779348
27568,Novi Sad,16.01041666666667,31.28796201762888
27569,Novi Sad,21.63208333333333,26.549110590970635
27570,Novi Sad,22.2725,29.72698025062555
27571,Novi Sad,26.95458333333333,29.325613922223862
27572,Novi Sad,25.83458333333333,31.290464741403405
27573,Novi Sad,30.86791666666667,31.89827773405373
27574,Novi Sad,30.31375,34.30678891955083
27575,Novi Sad,30.9475,30.89612602653294
27576,Novi Sad,26.33333333333333,32.15674261843637
27577,Novi Sad,29.2625,33.836891443230904
27578,Novi Sad,32.55125,32.075042141412986
27579,Novi Sad,23.83708333333334,26.183133501930936
27580,Novi Sad,19.1625,27.03148903736369
27581,Novi Sad,18.74270833333334,23.801246740267167
27582,Novi Sad,16.874375,24.25462867535169
27583,Novi Sad,18.815625,26.27321963581477
27584,Novi Sad,20.90833333333333,26.19183572531142
27585,Novi Sad,18.79166666666667,19.194800960871344
27586,Novi Sad,15.74895833333333,21.206455118922737
27587,Novi Sad,19.54291666666667,21.780613357575728
27588,Novi Sad,16.79770833333333,26.401198917728767
27589,Novi Sad,20.96104166666667,26.24465708893555
27590,Novi Sad,17.88145833333333,24.337442516131727
27591,Novi Sad,20.75375,22.55567331178757
27592,Novi Sad,20.70625,25.39457382603985
27593,Novi Sad,21.09083333333333,31.985752847920715
27594,Novi Sad,21.775,26.303398727288467
27595,Novi Sad,17.19583333333333,19.708766989986746
27596,Novi Sad,11.07770833333333,22.302931282266037
27597,Novi Sad,12.978125,23.321813439312383
27598,Novi Sad,10.98,24.97783697342406
27599,Novi Sad,11.2725,32.837796156576594
27600,Novi Sad,23.925,29.46336490907475
27601,Novi Sad,21.90208333333333,30.68727887417293
27602,Novi Sad,24.4275,35.181956767038486
27603,Novi Sad,21.92625,29.53566031837423
27604,Novi Sad,29.45125,28.620900015065427
27605,Novi Sad,35.38916666666667,30.38405302506849
27606,Novi Sad,39.80166666666666,32.28745412349653
27607,Novi Sad,39.05041666666667,37.07571484953301
27608,Novi Sad,40.94333333333333,33.11899802159688
27609,Novi Sad,37.08666666666667,33.82822846846693
27610,Novi Sad,38.54333333333334,34.54107968613125
27611,Novi Sad,37.565,27.01778201237345
27612,Novi Sad,26.50625,25.80667874114943
27613,Novi Sad,41.8775,31.188831954164897
27614,Novi Sad,32.29041666666667,27.5539540300102
27615,Novi Sad,27.54416666666667,28.58987599739266
27616,Novi Sad,34.04833333333333,32.43546478407248
27617,Novi Sad,34.27666666666667,31.756878971631583
27618,Novi Sad,51.89875,31.23237340046999
27619,Novi Sad,53.42541666666666,27.70264749836272
27620,Novi Sad,47.92041666666667,32.08521605091416
27621,Novi Sad,64.80250000000001,27.213632785814408
27622,Novi Sad,48.42166666666667,31.60912535290837
27623,Novi Sad,54.29541666666667,31.60912535290837
27624,Novi Sad,45.99333333333333,33.722133205067585
27625,Novi Sad,60.85833333333333,35.899605982253895
27626,Novi Sad,64.88874999999999,37.265308595452055
27627,Novi Sad,68.57083333333333,35.82982429154057
27628,Novi Sad,70.85749999999999,39.5585933171336
27629,Novi Sad,53.00416666666666,33.68523095272212
27630,Novi Sad,30.62,28.288756961745413
27631,Novi Sad,37.50041666666667,32.22540763116731
27632,Novi Sad,45.74125,24.98745829028061
27633,Novi Sad,20.69041666666666,17.401321822354465
27634,Novi Sad,18.79125,22.569965300501632
27635,Novi Sad,22.06416666666667,21.17628082103648
27636,Novi Sad,9.523958333333333,16.56103386335075
27637,Novi Sad,4.573333333333334,14.934791453256828
27638,Novi Sad,3.035,13.97472048256198
27639,Novi Sad,5.708125,15.60833443505354
27640,Novi Sad,15.70479166666667,24.770279559871373
27641,Novi Sad,30.98916666666666,29.236328871377804
27642,Novi Sad,35.53416666666666,24.98496454246112
27643,Novi Sad,29.37478260869565,25.28497718219296
27644,Novi Sad,34.57833333333333,30.33422971940037
27645,Novi Sad,35.54541666666667,36.47798365442818
27646,Novi Sad,37.07958333333333,26.948006557024225
27647,Novi Sad,26.64625,23.75284312126735
27648,Novi Sad,26.14875,29.30344748187141
27649,Novi Sad,24.96166666666667,25.1693594849544
27650,Novi Sad,23.39,29.4251688765368
27651,Novi Sad,21.77083333333334,16.628152473844356
27652,Novi Sad,8.955416666666666,15.002066213429682
27653,Novi Sad,13.83833333333333,22.11250670080761
27654,Novi Sad,16.18083333333333,24.74263956923153
27655,Novi Sad,21.93770833333333,28.096786016549125
27656,Novi Sad,27.47083333333333,23.250652174726227
27657,Novi Sad,15.35291666666667,17.30704851763969
27658,Novi Sad,16.62125,26.010938679909064
27659,Novi Sad,17.15083333333333,21.929718263923355
27660,Novi Sad,20.14270833333333,24.675520958737927
27661,Novi Sad,23.59770833333333,25.148219200912457
27662,Novi Sad,21.01729166666667,18.89798793886198
27663,Novi Sad,22.65145833333333,22.614863866735305
27664,Novi Sad,16.50291666666667,19.55599614589162
27665,Novi Sad,20.52895833333334,28.525249196131337
27666,Novi Sad,23.010625,26.28366484868953
27667,Novi Sad,17.36395833333334,26.57799564822217
27668,Novi Sad,25.055,29.107906388539853
27669,Novi Sad,20.76708333333333,35.68836167450183
27670,Novi Sad,24.09333333333333,25.983146490133795
27671,Novi Sad,23.54479166666667,26.61971832410556
27672,Novi Sad,21.78958333333333,25.969160551670008
27673,Novi Sad,22.1675,31.579834730202567
27674,Novi Sad,37.34416666666667,45.65630729822922
27675,Novi Sad,49.05,51.51617043997152
27676,Novi Sad,62.99000000000001,46.33374929235547
27677,Novi Sad,43.44375000000001,42.96893052213507
27678,Novi Sad,37.95583333333333,36.70440504137787
27679,Novi Sad,39.10208333333333,36.10240804769848
27680,Novi Sad,44.5325,44.95277057161388
27681,Novi Sad,40.87388888888889,46.1510119645546
27682,Novi Sad,44.75078947368421,46.15008186026647
27683,Novi Sad,53.3325,50.90578151903713
27684,Novi Sad,36.29208333333334,44.573233373737
27685,Novi Sad,32.21083333333334,46.3331760965378
27686,Novi Sad,40.48375,39.986625370521566
27687,Novi Sad,23.76208333333333,42.03758403049398
27688,Novi Sad,36.01375,47.81495631501143
27689,Novi Sad,48.81782608695653,41.51592375821877
27690,Novi Sad,45.85875,61.5614466996777
27691,Novi Sad,63.2475,64.29712031971304
27692,Novi Sad,95.22916666666669,76.19386105362274
27693,Novi Sad,71.00791666666666,67.25454232277043
27694,Novi Sad,66.38875,69.4463273177479
27695,Novi Sad,61.98083333333332,51.366500059465245
27696,Novi Sad,43.58458333333334,41.10069805691895
27697,Novi Sad,41.77333333333333,42.92017355687243
27698,Novi Sad,28.66208333333333,41.02314224396914
27699,Novi Sad,30.08666666666666,42.3683166688872
27700,Novi Sad,40.83333333333334,55.6163005932168
27701,Novi Sad,52.26416666666667,51.14786431894776
27702,Novi Sad,57.12708333333333,66.93435949639661
27703,Novi Sad,64.79124999999999,30.737997392827037
27704,Novi Sad,18.81479166666666,18.399872807049373
27705,Novi Sad,12.075625,20.978980757052923
27706,Novi Sad,12.16770833333333,17.532841002229446
27707,Novi Sad,14.234375,28.117844241183384
27708,Novi Sad,19.85104166666667,34.613261303634786
27709,Novi Sad,36.51875,49.416028896435016
27710,Novi Sad,33.78916666666667,42.9683573263174
27711,Novi Sad,43.56874999999999,50.71732042715027
27712,Novi Sad,52.28708333333333,22.509509024574204
27713,Novi Sad,13.58608695652174,30.145293159579552
27714,Novi Sad,29.51458333333333,31.673331337184432
27715,Novi Sad,22.82958333333333,28.692433392595778
27716,Novi Sad,21.31291666666667,39.60329963893613
27717,Novi Sad,26.32916666666667,43.47716276823703
27718,Novi Sad,33.205,48.676846230664935
27719,Novi Sad,42.47208333333334,34.28789218502608
27720,Novi Sad,24.40958333333333,33.79123517822038
27721,Novi Sad,30.73166666666667,49.5803276050878
27722,Novi Sad,21.83458333333333,19.861902986818347
27723,Novi Sad,31.19958333333333,42.96322803823063
27724,Novi Sad,30.15041666666667,48.50193409197341
27725,Novi Sad,20.22291666666666,31.062324227083877
27726,Novi Sad,32.7625,39.60294916480064
27727,Novi Sad,28.71416666666667,51.36506458311732
27728,Novi Sad,39.77458333333333,36.751132313147984
27729,Novi Sad,30.48833333333333,28.88760903221887
27730,Novi Sad,29.39333333333333,39.46817647523808
27731,Novi Sad,46.09458333333333,45.2087212323986
27732,Novi Sad,35.7225,71.99264884820678
27733,Novi Sad,54.77625,39.20962983690678
27734,Novi Sad,20.69875,18.219348138648584
27735,Novi Sad,21.92145833333333,31.22211939201126
27736,Novi Sad,23.54895833333333,53.16769981808614
27737,Novi Sad,22.07916666666667,19.451803900663407
27738,Novi Sad,13.384375,24.30934437768227
27739,Novi Sad,19.34333333333333,21.379613960597663
27740,Novi Sad,21.94041666666667,47.747929511145934
27741,Novi Sad,38.74166666666667,48.9606269114839
27742,Novi Sad,54.225,71.67246602183296
27743,Novi Sad,69.71249999999999,82.05557459888426
27744,Novi Sad,78.09583333333335,60.00168239913604
27745,Novi Sad,44.09583333333333,60.50128079254014
4140,Obrenovac,16.58,31.08861963391718
4141,Obrenovac,24.0,29.58013884316085
4142,Obrenovac,36.82,34.40765669073304
4143,Obrenovac,32.68,27.839430031066225
4144,Obrenovac,28.28,36.97061129932454
4145,Obrenovac,65.76,33.83202112154403
4146,Obrenovac,82.33,32.18980412209842
4147,Obrenovac,46.93,27.948263934709264
4148,Obrenovac,35.95,28.307351750970756
4149,Obrenovac,41.65,26.458135378274925
4150,Obrenovac,69.12,56.95726178341047
4151,Obrenovac,96.51,39.9484129137221
4152,Obrenovac,107.5,33.41342043246592
4153,Obrenovac,143.11,34.76616532961519
4154,Obrenovac,132.33,31.852028270740885
4155,Obrenovac,61.41,29.24114942754458
4156,Obrenovac,29.18,22.718473184199063
4157,Obrenovac,51.29,23.1164225789402
4158,Obrenovac,47.38,20.92381966471597
4159,Obrenovac,45.55,20.1006162713888
4160,Obrenovac,50.39,25.73484616827825
4161,Obrenovac,39.94,30.397703700867275
4162,Obrenovac,66.26,32.74044542166302
4163,Obrenovac,64.22,27.432287558754552
4164,Obrenovac,85.81,35.06256310891999
4165,Obrenovac,85.21,29.15564069378981
4166,Obrenovac,79.29,24.370527110879472
4167,Obrenovac,78.83,33.4746137298707
4168,Obrenovac,81.43,35.27090351766826
4169,Obrenovac,42.42,30.91544990321559
4170,Obrenovac,140.11,34.6984206386901
4171,Obrenovac,111.08,33.723368554147456
4172,Obrenovac,131.3,50.90956328512264
4173,Obrenovac,148.13,50.90956328512264
4174,Obrenovac,171.05,45.92061816643528
4175,Obrenovac,86.67,35.98802716341243
4176,Obrenovac,52.42,31.63684837831166
4177,Obrenovac,98.11,38.91173268304099
4178,Obrenovac,103.66,39.924790623590695
4179,Obrenovac,106.75,40.84590694932173
4180,Obrenovac,122.15,40.83424364237102
4181,Obrenovac,84.19,30.87441956483096
4182,Obrenovac,39.74,22.989826577480105
4183,Obrenovac,83.65,36.18041831520908
4184,Obrenovac,93.24,50.70265636101175
4185,Obrenovac,60.39,34.22780023110171
4186,Obrenovac,57.27,25.025036437545968
4187,Obrenovac,74.82,37.3719098236051
4188,Obrenovac,39.47,26.116802379014278
4189,Obrenovac,39.03,26.57742922520116
4190,Obrenovac,22.04,22.69829364579066
4191,Obrenovac,16.68,15.929953974985573
4192,Obrenovac,22.78,22.142579869175997
4193,Obrenovac,20.59,20.89159101880888
4194,Obrenovac,21.62,21.91147089784585
4195,Obrenovac,32.8,31.09810499647732
4196,Obrenovac,55.32,36.26692039147062
4197,Obrenovac,38.37,33.28908053038836
4198,Obrenovac,27.37,23.94986323404237
4199,Obrenovac,21.74,25.56505731787957
4200,Obrenovac,26.64,20.443942112472797
4201,Obrenovac,71.25,32.24311067915393
4202,Obrenovac,75.48,36.06665753893228
4203,Obrenovac,71.15,36.7925499301628
4204,Obrenovac,37.39,28.009775682234228
4205,Obrenovac,61.44,39.75222948345366
4206,Obrenovac,62.36,40.9165945496458
4207,Obrenovac,59.97,36.745613686331644
4208,Obrenovac,59.22,29.380384899572466
4209,Obrenovac,24.53,22.89624765713383
4210,Obrenovac,18.61,20.20615909340032
4211,Obrenovac,26.33,32.31827880047656
4212,Obrenovac,26.9,25.76406524398532
4213,Obrenovac,20.21,18.974227236794118
4214,Obrenovac,25.64,23.83984326989214
4215,Obrenovac,31.69,32.12651054606577
4216,Obrenovac,37.82,33.83972271494168
4217,Obrenovac,36.96,31.744391828659165
4218,Obrenovac,68.07,33.751330978272485
4219,Obrenovac,22.28,19.237898719543956
4220,Obrenovac,10.53,18.61062562314059
4221,Obrenovac,24.75,21.30425152401425
4222,Obrenovac,34.99,24.76729391073504
4223,Obrenovac,41.29,23.505503078048417
4224,Obrenovac,31.83,22.239816526121224
4225,Obrenovac,41.71,29.528551077834567
4226,Obrenovac,38.58,33.81330138957099
4227,Obrenovac,39.26,31.49780661162905
4228,Obrenovac,37.48,32.29652589264621
4229,Obrenovac,31.52,33.50871993837137
4230,Obrenovac,40.74,36.7607013242035
4231,Obrenovac,39.61,36.409269556150015
4232,Obrenovac,31.05,33.91013733669981
4233,Obrenovac,24.59,22.63552899498635
4234,Obrenovac,21.84,18.81541624637276
4235,Obrenovac,18.01,18.80643165771702
4236,Obrenovac,21.44,23.910054161585137
4237,Obrenovac,14.11,19.296759119029804
4238,Obrenovac,14.51,17.12876032982566
4239,Obrenovac,18.43,21.968504390898875
4240,Obrenovac,18.64,18.80054185855341
4241,Obrenovac,44.53,31.200097124127897
4242,Obrenovac,35.8,29.59567716774947
4243,Obrenovac,32.04,32.64701747499162
4244,Obrenovac,19.98,25.28631254899325
4245,Obrenovac,24.33,25.701075605378144
4246,Obrenovac,27.81,30.184221242614605
4247,Obrenovac,36.04,22.35578433429725
4248,Obrenovac,29.84,21.772340042000728
4249,Obrenovac,17.55,23.79208831719161
4250,Obrenovac,18.28,33.2508493435652
4251,Obrenovac,33.05,33.182818544852964
4252,Obrenovac,31.79,32.00242174462994
4253,Obrenovac,34.65,32.03558977627317
4254,Obrenovac,40.88,28.315218089616707
4255,Obrenovac,36.04,30.457724658642352
4256,Obrenovac,38.63,32.407126537610104
4257,Obrenovac,33.07,33.08218765814565
4258,Obrenovac,39.08,35.888943192147416
4259,Obrenovac,39.61,22.35726699996617
4260,Obrenovac,22.39,22.72585814007266
4261,Obrenovac,28.47,22.73394662280265
4262,Obrenovac,36.53,23.578770175893712
4263,Obrenovac,37.13,25.10296223389181
4264,Obrenovac,33.69,26.10516696609477
4265,Obrenovac,36.92,27.717552625897188
4266,Obrenovac,17.14,19.24607978037757
4267,Obrenovac,19.24,17.366561607828952
4268,Obrenovac,35.31,27.94674968396223
4269,Obrenovac,25.85,20.62871337125521
4270,Obrenovac,21.58,19.149341101804293
4271,Obrenovac,15.07,17.931695761425477
4272,Obrenovac,33.08,20.52961620832825
4273,Obrenovac,35.03,20.580961121919024
4274,Obrenovac,27.05,26.85134942261262
4275,Obrenovac,37.35,23.34133703568213
4276,Obrenovac,32.3,34.75274373749208
4277,Obrenovac,30.85,24.534401042617013
4278,Obrenovac,36.43,28.00220763700168
4279,Obrenovac,33.2,29.40063598515219
4280,Obrenovac,37.85,26.740725295310757
4281,Obrenovac,34.45,24.73411768047629
4282,Obrenovac,42.69,25.680003251641097
4283,Obrenovac,50.13,29.213951686277763
4284,Obrenovac,50.23,29.41407861670613
4285,Obrenovac,52.1,27.62688278963377
4286,Obrenovac,55.96,30.8148821088319
4287,Obrenovac,46.42,32.52815342884166
4288,Obrenovac,56.73,29.20702944983632
4289,Obrenovac,54.65,24.92420566719458
4290,Obrenovac,23.19,21.707098071353204
4291,Obrenovac,25.93,26.042538090267367
4292,Obrenovac,19.9,24.80781067133965
4293,Obrenovac,24.77,28.56923306025211
4294,Obrenovac,27.68,23.882187914686885
4295,Obrenovac,31.28,25.041429451052668
4296,Obrenovac,35.56,24.526312559887018
4297,Obrenovac,38.58,23.839364560188613
4298,Obrenovac,45.61,24.29970556921621
4299,Obrenovac,55.3,29.73967134982829
4300,Obrenovac,29.75,23.48084840699622
4301,Obrenovac,23.98,22.94231941443383
4302,Obrenovac,28.18,28.2467615134806
4303,Obrenovac,47.32,32.007580305375
4304,Obrenovac,30.45,28.706008908308064
4305,Obrenovac,23.94,31.057364863763805
4306,Obrenovac,35.17,33.61063506308968
4307,Obrenovac,39.79,32.313424776392935
4308,Obrenovac,41.51,30.577438273224317
4309,Obrenovac,29.66,21.388449594358363
4310,Obrenovac,16.98,16.45990691992591
4311,Obrenovac,12.92,15.634851713305254
4312,Obrenovac,25.28,19.305010824681148
4313,Obrenovac,24.98,22.60906329175626
4314,Obrenovac,43.21,30.450777737698623
4315,Obrenovac,35.72,25.080838164561456
4316,Obrenovac,46.59,32.137951203818204
4317,Obrenovac,41.46,32.41054345238149
4318,Obrenovac,50.0,33.971587553543216
4319,Obrenovac,73.19,40.17633911680476
4320,Obrenovac,95.9,46.10390949159395
4321,Obrenovac,74.77,40.93025052752735
4322,Obrenovac,57.02,38.78317744793848
4323,Obrenovac,65.83,35.448915551370334
4324,Obrenovac,38.35,31.61118385610624
4325,Obrenovac,56.34,34.96649114967072
4326,Obrenovac,46.34,28.53302129235389
4327,Obrenovac,41.03,33.96243179675042
4328,Obrenovac,103.68,61.74075556033717
4329,Obrenovac,108.12,63.63829042111348
4330,Obrenovac,76.87,34.070124655348486
4331,Obrenovac,28.21,31.92505533530672
4332,Obrenovac,25.42,33.02292588940978
4333,Obrenovac,46.18,42.12837105221429
4334,Obrenovac,35.4,27.96965222033672
4335,Obrenovac,35.6,25.99039497898713
4336,Obrenovac,27.06,22.007538589071725
4337,Obrenovac,13.51,19.506752969238068
4338,Obrenovac,28.2,28.71815090236264
4339,Obrenovac,43.82,37.60454188911388
4340,Obrenovac,30.29,29.83419531174685
4341,Obrenovac,41.22,31.062077373620443
4342,Obrenovac,45.93,27.570195875140165
4343,Obrenovac,59.65,42.55400687503786
4344,Obrenovac,58.18,52.3815957431078
4345,Obrenovac,97.78,61.082595144921456
4346,Obrenovac,56.44,35.580501340250535
4347,Obrenovac,82.14,52.45445268300624
4348,Obrenovac,29.68,31.585659003626475
4349,Obrenovac,51.4,46.68891124039303
4350,Obrenovac,58.34,59.49861162863489
4351,Obrenovac,42.7,42.50876645999889
4352,Obrenovac,40.85,39.20158887534728
4353,Obrenovac,80.45,44.12933954442144
4354,Obrenovac,86.65,61.00259911446874
4355,Obrenovac,61.12,32.0811269391782
4356,Obrenovac,83.43,54.58378429057808
4357,Obrenovac,78.47,41.58944844954988
4358,Obrenovac,29.57,21.637970651060453
4359,Obrenovac,34.15,26.119015908684556
4360,Obrenovac,27.61,24.355595978113225
4361,Obrenovac,20.7,25.950987829393707
4362,Obrenovac,31.62,24.7359506674227
4363,Obrenovac,53.21,32.46485506065731
4364,Obrenovac,25.53,26.20192153026869
4365,Obrenovac,24.16,24.05544288033803
4366,Obrenovac,38.67,39.15394779463416
4367,Obrenovac,44.73,31.99789155667904
4368,Obrenovac,27.86,26.630971457484257
4369,Obrenovac,27.3,23.19163239377033
4370,Obrenovac,46.72,37.24909057413559
4371,Obrenovac,28.58,23.069654722621724
4372,Obrenovac,30.46,27.67411828028081
4373,Obrenovac,32.72,20.818280648734795
4374,Obrenovac,17.83,17.751587440698174
4375,Obrenovac,35.62,23.746963776585176
4376,Obrenovac,56.57,51.94087850973035
4377,Obrenovac,78.46,58.31587472073728
4378,Obrenovac,68.28,46.32925073733344
4379,Obrenovac,23.9,27.9673499072152
4380,Obrenovac,33.98,26.44872455077799
4381,Obrenovac,43.25,30.404623645753563
4382,Obrenovac,20.8,24.036101875718117
4383,Obrenovac,60.31,33.22003846945911
4384,Obrenovac,125.38,56.196831120861056
4385,Obrenovac,97.11,42.707847283509246
4386,Obrenovac,55.77,29.932905568482628
4387,Obrenovac,27.58,26.54155297186106
4388,Obrenovac,23.56,25.63784921571096
4389,Obrenovac,26.02,27.942069324312527
4390,Obrenovac,47.25,44.71874711207453
4391,Obrenovac,54.56,49.011936702291685
4392,Obrenovac,39.65,36.82368139667157
4393,Obrenovac,120.69,44.22474501251242
8732,Obrenovac,71.34166667,37.53482644949593
8733,Obrenovac,57.82916667,35.07491899715143
8734,Obrenovac,93.45,56.904015133536426
8735,Obrenovac,84.19166667,39.19450150299951
8736,Obrenovac,53.075,29.782230557565853
8737,Obrenovac,28.7025,25.03777361071972
8738,Obrenovac,40.4875,34.457107382031296
8739,Obrenovac,57.35,46.49095899962978
8740,Obrenovac,38.27916667,35.76598410952955
8741,Obrenovac,36.4375,24.772169470206546
8742,Obrenovac,26.49166667,23.24369344931069
8743,Obrenovac,36.5125,47.46773544655097
8744,Obrenovac,83.90416667,64.75646552205775
8745,Obrenovac,82.55,58.34469335225246
8746,Obrenovac,45.1375,45.4436629790832
8747,Obrenovac,82.25833333,48.92341492681504
8748,Obrenovac,71.06875,39.23130403700139
8749,Obrenovac,27.515,27.175616841853863
8750,Obrenovac,66.07083333,39.422460490090685
8751,Obrenovac,74.24583333,32.90722603011134
8752,Obrenovac,27.28333333,20.85425244998252
8753,Obrenovac,26.54625,21.780655667318435
8754,Obrenovac,24.30833333,27.3738455815519
8755,Obrenovac,47.3375,42.00755044787459
8756,Obrenovac,111.8833333,60.77959262217905
8757,Obrenovac,57.77083333,54.02346120490596
8758,Obrenovac,51.29583333,44.88121719946434
8759,Obrenovac,70.825,33.91489134655822
8760,Obrenovac,53.92291667,25.777270346102537
8761,Obrenovac,61.125,30.18050247726386
8762,Obrenovac,56.34583333,27.020151575838085
8763,Obrenovac,36.025,32.32293630695404
8764,Obrenovac,47.0,28.17080474726233
8765,Obrenovac,69.03333333,25.378405711565343
8766,Obrenovac,117.7083333,33.18044674528545
8767,Obrenovac,93.15,38.087055075851815
8768,Obrenovac,66.39166667,38.06118762032209
8769,Obrenovac,35.76333333,19.628001393688518
8770,Obrenovac,41.14583333,27.562417805640354
8771,Obrenovac,77.20416667,34.29208867516033
8772,Obrenovac,88.06666667,39.19450150299951
8773,Obrenovac,96.20416667,44.73725441381962
8774,Obrenovac,59.8125,34.47950181374369
8775,Obrenovac,58.35,32.62927997359786
8776,Obrenovac,60.71666667,34.02082600794474
8777,Obrenovac,42.91666667,31.974268751040157
8778,Obrenovac,47.37083333,35.94025814662258
8779,Obrenovac,64.3125,32.901097386118
8780,Obrenovac,33.76583333,24.17780352531752
8781,Obrenovac,43.48333333,31.181681374356696
8782,Obrenovac,27.81583333,29.866250541656598
8783,Obrenovac,40.20833333,24.00831652041238
8784,Obrenovac,23.81833333,21.15400193734448
8785,Obrenovac,45.65,29.764874086220747
8786,Obrenovac,62.52083333,32.606575639820875
8787,Obrenovac,49.19583333,32.588621973195465
8788,Obrenovac,19.52166667,27.256047029378305
8789,Obrenovac,23.72083333,24.19911518351253
8790,Obrenovac,40.34166667,32.01054293161941
8791,Obrenovac,56.7,42.77299767179678
8792,Obrenovac,45.14166667,38.035072574618994
8793,Obrenovac,68.37916667,49.00656458301508
8794,Obrenovac,77.6125,52.97506238162738
8795,Obrenovac,59.69583333,56.62799582210968
8796,Obrenovac,37.14166667,24.202796228343267
8797,Obrenovac,36.57083333,34.45318745902068
8798,Obrenovac,52.82916667,36.6517942831777
8799,Obrenovac,54.90416667,32.00445796894047
8800,Obrenovac,52.22916667,29.135689092226933
8801,Obrenovac,57.90416667,35.213960520848666
8802,Obrenovac,116.5541667,47.25164589233111
8803,Obrenovac,94.62916667,50.3573379387931
8804,Obrenovac,58.71666667,39.0084889844246
8805,Obrenovac,90.8875,41.59419405760404
8806,Obrenovac,134.1416667,33.983938577224095
8807,Obrenovac,42.725,38.24504911818702
8808,Obrenovac,49.90416667,33.88723367402657
8809,Obrenovac,56.6875,41.59662448987273
8810,Obrenovac,37.60416667,38.94407633651584
8811,Obrenovac,99.20416667,59.91317370440115
8812,Obrenovac,97.0125,59.52841496050063
8813,Obrenovac,116.8125,49.81389633494554
8814,Obrenovac,100.325,53.27606419367633
8815,Obrenovac,96.97083333,44.039996238331625
8816,Obrenovac,89.6375,51.06348747824837
8817,Obrenovac,56.36818182,38.8866572221075
8818,Obrenovac,78.99166667,37.76266803820006
8819,Obrenovac,108.1291667,60.48505617310226
8820,Obrenovac,81.67083333,40.05043794548818
8821,Obrenovac,41.55416667,20.11903838144672
8822,Obrenovac,34.38375,18.859819681260657
8823,Obrenovac,27.03708333,24.61042846057019
8824,Obrenovac,27.56666667,27.226242813845605
8825,Obrenovac,45.7125,39.32099053183089
8826,Obrenovac,56.57083333,33.54416031594472
8827,Obrenovac,39.40416667,31.63567662972692
8828,Obrenovac,41.75,23.02914900936524
8829,Obrenovac,43.2375,30.265908496758904
8830,Obrenovac,31.61666667,22.317295646853932
8831,Obrenovac,18.12708333,19.36875268101892
8832,Obrenovac,34.05833333,26.549594943532316
8833,Obrenovac,42.56666667,30.29741771342357
8834,Obrenovac,60.48333333,33.73556631752754
8835,Obrenovac,70.71666667,40.76869181842139
8836,Obrenovac,21.42458333,22.5065830079348
8837,Obrenovac,30.2625,24.0742883960572
8838,Obrenovac,35.28375,22.213539464980464
8839,Obrenovac,45.85833333,25.185532990315444
8840,Obrenovac,34.36666667,19.698418961616625
8841,Obrenovac,27.14583333,29.543425465653915
8842,Obrenovac,39.97916667,28.948387339999265
8843,Obrenovac,25.5475,31.773114920086755
8844,Obrenovac,26.90458333,25.008019378355492
8845,Obrenovac,23.72916667,21.96688449882832
8846,Obrenovac,29.55833333,24.732766629961336
8847,Obrenovac,34.5625,25.41392069649715
8848,Obrenovac,29.0875,27.548236194785616
8849,Obrenovac,15.17125,23.714934707051963
8850,Obrenovac,18.0375,24.827529614118724
8851,Obrenovac,25.64166667,24.98613901832663
8852,Obrenovac,36.25833333,25.52078427468636
8853,Obrenovac,35.09583333,26.83243366104916
8854,Obrenovac,30.27083333,24.16273304667464
8855,Obrenovac,28.65833333,29.10147992240601
8856,Obrenovac,23.07083333,26.90390244297882
8857,Obrenovac,36.45,26.524589427411797
8858,Obrenovac,36.5375,23.777294911538775
8859,Obrenovac,35.05789474,25.99398373429498
8860,Obrenovac,34.31666667,25.74737611683331
8861,Obrenovac,41.5375,30.5721726474342
8862,Obrenovac,26.9625,26.616757663550143
8863,Obrenovac,26.69166667,27.373286703193365
8864,Obrenovac,29.16666667,26.524589427411797
8865,Obrenovac,32.92916667,20.057358640244495
8866,Obrenovac,25.05125,21.301737450936585
8867,Obrenovac,36.025,24.910737459698304
8868,Obrenovac,21.37916667,25.83681847404371
8869,Obrenovac,19.40083333,24.3420422475495
8870,Obrenovac,19.74166667,23.165991003562684
8871,Obrenovac,21.56166667,25.19657603624967
8872,Obrenovac,39.78333333,25.218469010217785
8873,Obrenovac,19.80833333,20.777797889963
8874,Obrenovac,40.00416667,27.294440150232123
8875,Obrenovac,19.24041667,18.737741870127607
8876,Obrenovac,20.95916667,20.370205371682225
8877,Obrenovac,31.025,23.241842100831025
8878,Obrenovac,31.325,21.219377245083653
8879,Obrenovac,25.52041667,20.03694388688061
8880,Obrenovac,38.39166667,22.729692870845245
8881,Obrenovac,35.60833333,23.711998777723664
8882,Obrenovac,28.74583333,24.135637675291893
8883,Obrenovac,22.07916667,22.91795798530841
8884,Obrenovac,20.9125,20.617662893850248
8885,Obrenovac,19.7625,23.76106074903543
8886,Obrenovac,19.825,18.359955253597946
8887,Obrenovac,17.25625,16.022966375554955
8888,Obrenovac,21.825,19.052995671577463
8889,Obrenovac,22.51666667,16.1957524667036
8890,Obrenovac,22.80833333,20.368749404512283
8891,Obrenovac,21.30416667,22.924245718058685
8892,Obrenovac,16.915,23.00116741595639
8893,Obrenovac,23.25833333,24.740554237637117
8894,Obrenovac,22.8125,25.58537779072817
8895,Obrenovac,27.55833333,22.72148479742316
8896,Obrenovac,28.19166667,25.691354364322635
8897,Obrenovac,20.08541667,26.76256182864344
8898,Obrenovac,21.8,27.7639548331326
8899,Obrenovac,33.01666667,31.548583788323132
8900,Obrenovac,25.275,24.0443812055809
8901,Obrenovac,27.64583333,19.542116740963948
8902,Obrenovac,31.32083333,27.13136728039961
8903,Obrenovac,28.70416667,23.37184402833308
8904,Obrenovac,20.74916667,22.07998261929834
8905,Obrenovac,21.05416667,26.52641402806612
8906,Obrenovac,28.4125,27.86899289953418
8907,Obrenovac,23.62916667,30.031791068823036
8908,Obrenovac,29.6875,32.20385716776642
8909,Obrenovac,34.69090909,31.397007167477227
8910,Obrenovac,29.6,27.857054453419604
8911,Obrenovac,38.44583333,29.74737514124721
8912,Obrenovac,37.18333333,30.573724722188217
8913,Obrenovac,25.09166667,20.496374494850738
8914,Obrenovac,22.39583333,22.631336609499662
8915,Obrenovac,22.45,19.02436877511353
8916,Obrenovac,21.62083333,19.032808007257003
8917,Obrenovac,14.17291667,20.753433502247223
8918,Obrenovac,15.32958333,21.44343820493801
8919,Obrenovac,20.98333333,21.974284957307745
8920,Obrenovac,21.49583333,22.317625031903717
8921,Obrenovac,21.96666667,25.40487516845568
8922,Obrenovac,26.97916667,25.232607539574545
8923,Obrenovac,24.49583333,22.074984777070213
8924,Obrenovac,24.1125,22.499729348877214
8925,Obrenovac,27.90833333,22.331067663457656
8926,Obrenovac,28.66666667,23.508251701372924
8927,Obrenovac,32.825,25.53211963118412
8928,Obrenovac,35.49583333,26.52076088555772
8929,Obrenovac,36.97916667,26.473149286366244
8930,Obrenovac,36.24583333,27.630638852041763
8931,Obrenovac,39.40416667,27.71197169432289
8932,Obrenovac,25.52916667,25.55893095227356
8933,Obrenovac,31.23333333,24.759439812489944
8934,Obrenovac,23.91666667,23.158247534007963
8935,Obrenovac,28.54583333,22.417440828174374
8936,Obrenovac,32.2625,26.62722029915985
8937,Obrenovac,35.9,22.27252129040511
8938,Obrenovac,17.25416667,20.68079023925877
8939,Obrenovac,22.67083333,25.42035292976076
8940,Obrenovac,25.39166667,26.13460310247555
8941,Obrenovac,29.6,26.13460310247555
8942,Obrenovac,30.3625,26.98194190756409
8943,Obrenovac,28.87083333,27.4406338030404
8944,Obrenovac,33.35416667,28.11569492357596
8945,Obrenovac,26.60416667,26.0519854406568
8946,Obrenovac,24.2625,23.128382052642436
8947,Obrenovac,24.34583333,22.115132718374564
8948,Obrenovac,19.98333333,21.70349304774444
8949,Obrenovac,21.07916667,24.92996158611568
8950,Obrenovac,28.24583333,24.761299900696123
8951,Obrenovac,19.85,17.121925630461497
8952,Obrenovac,20.8125,17.06598921250966
8953,Obrenovac,24.20833333,25.117650863573694
8954,Obrenovac,20.51666667,25.739104659511728
8955,Obrenovac,19.46666667,25.691000665834057
8956,Obrenovac,27.31666667,27.89616024165678
8957,Obrenovac,34.12083333,24.787285692297505
8958,Obrenovac,34.65833333,23.47547523238249
8959,Obrenovac,12.42625,15.276947511626902
8960,Obrenovac,19.75833333,17.48856514039017
8961,Obrenovac,16.95666667,15.732891131045616
8962,Obrenovac,29.72083333,20.14979642067041
8963,Obrenovac,37.40416667,22.76357376872777
8964,Obrenovac,54.9625,24.93757300130907
8965,Obrenovac,52.29583333,27.754774760896694
8966,Obrenovac,45.1,29.10376988573982
8967,Obrenovac,28.19583333,19.25474263218341
8968,Obrenovac,30.23333333,21.332781930264584
8969,Obrenovac,35.0875,23.98463096367809
8970,Obrenovac,24.22916667,21.14151896414725
8971,Obrenovac,15.4925,18.000067524381908
8972,Obrenovac,36.02916667,28.07596801120766
8973,Obrenovac,38.26666667,27.567399171044563
8974,Obrenovac,32.78333333,24.468484240982377
8975,Obrenovac,33.60416667,28.870343841759823
8976,Obrenovac,32.74583333,28.03890201848153
8977,Obrenovac,30.975,30.357193623914053
8978,Obrenovac,27.25833333,26.814985616722453
8979,Obrenovac,16.73291667,19.460101735104764
8980,Obrenovac,14.43875,20.53832279201129
8981,Obrenovac,13.0375,19.536610611974638
8982,Obrenovac,22.7625,23.150532147488995
8983,Obrenovac,26.32916667,22.686129474797298
8984,Obrenovac,29.5875,25.135542668940456
8985,Obrenovac,14.59125,17.679823772781855
8986,Obrenovac,11.17125,15.18803730692488
8987,Obrenovac,10.53333333,19.09901736897144
8988,Obrenovac,17.19708333,17.382356416266063
8989,Obrenovac,21.07333333,19.52515429433254
8990,Obrenovac,18.98166667,19.21539723655033
8991,Obrenovac,22.92083333,19.05765940178373
8992,Obrenovac,33.8875,25.642124093846704
8993,Obrenovac,31.95416667,23.66507353454855
8994,Obrenovac,27.88875,25.846319804806072
8995,Obrenovac,16.68,18.61673020792008
8996,Obrenovac,22.56291667,19.75927530602849
8997,Obrenovac,24.97083333,21.444324781282088
19354,Obrenovac,11.93875,19.16201116941837
19355,Obrenovac,18.72708333333333,20.35473349900401
19356,Obrenovac,18.87291666666667,18.643472530059103
19357,Obrenovac,27.22083333333333,22.35523608979412
19358,Obrenovac,39.84583333333334,37.61255279734413
19359,Obrenovac,37.8875,39.38244599355792
19360,Obrenovac,31.97458333333334,23.538753563902706
19361,Obrenovac,16.90875,19.749400582422226
19362,Obrenovac,37.20416666666667,31.725406465533936
19363,Obrenovac,25.09166666666667,23.644799330511773
19364,Obrenovac,25.84166666666667,23.885963948756217
19365,Obrenovac,34.15416666666667,30.154091728515077
19366,Obrenovac,34.22083333333333,32.544981193398456
19367,Obrenovac,45.72083333333333,40.17637190081328
19368,Obrenovac,23.03083333333334,22.755315491285742
19369,Obrenovac,55.06250000000001,31.454782532301152
19370,Obrenovac,27.1525,22.824686962786867
19371,Obrenovac,21.35208333333333,20.83166000260126
19372,Obrenovac,7.637916666666666,16.96028962294494
19373,Obrenovac,16.20625,25.56958366383019
19374,Obrenovac,27.1625,28.42595004055271
19375,Obrenovac,39.90833333333334,37.24909057413559
19376,Obrenovac,61.25,36.46109306169846
19377,Obrenovac,44.8625,31.398797505083085
19378,Obrenovac,96.51666666666668,50.3932210260947
19379,Obrenovac,108.4541666666667,67.45969186884459
19380,Obrenovac,76.88333333333331,50.514922139132345
19381,Obrenovac,92.60416666666669,60.51806326820756
19382,Obrenovac,48.97499999999999,42.19348477338226
19383,Obrenovac,80.6375,54.707598933914525
19384,Obrenovac,131.3125,62.45297430297098
19385,Obrenovac,109.2416666666667,61.02044730050342
19386,Obrenovac,87.64166666666667,39.90710700293677
19387,Obrenovac,54.32499999999999,32.10194338540676
19388,Obrenovac,31.54125,27.33542527283582
19389,Obrenovac,68.35416666666667,34.97923394032801
19390,Obrenovac,84.46249999999999,49.23835015655377
19391,Obrenovac,52.92499999999999,31.885417208933102
19392,Obrenovac,51.27083333333332,31.114007640969422
19393,Obrenovac,22.48375,19.556658860823248
19394,Obrenovac,18.98125,20.41615228307407
19395,Obrenovac,30.04041666666666,24.39697359563983
19396,Obrenovac,29.84583333333333,29.28358808410622
19397,Obrenovac,37.75833333333333,31.66754267197289
19398,Obrenovac,21.99166666666666,21.81917780789174
19399,Obrenovac,55.95833333333334,49.96179674677203
19400,Obrenovac,65.6375,48.249470628645575
19401,Obrenovac,57.3,44.21280879983862
19402,Obrenovac,57.65416666666668,35.41755360676746
19403,Obrenovac,57.15,36.65264639274949
19404,Obrenovac,35.44166666666667,29.45280793153695
19405,Obrenovac,18.91708333333334,21.15804005064192
19406,Obrenovac,21.47916666666666,21.19933507191916
19407,Obrenovac,19.3725,19.583933069067196
19408,Obrenovac,35.69375,29.191882771384524
19409,Obrenovac,40.96250000000001,31.108682059640827
19410,Obrenovac,21.54166666666667,32.30077230720415
19411,Obrenovac,19.9125,18.89718011211062
19412,Obrenovac,23.23291666666666,21.75327978196336
19413,Obrenovac,73.62083333333334,36.67735651827626
19414,Obrenovac,40.17916666666667,30.572295170771987
19415,Obrenovac,55.80416666666667,39.13703291201035
19416,Obrenovac,84.70416666666667,39.318293604952245
19417,Obrenovac,72.1625,36.39707025676305
19418,Obrenovac,81.47500000000001,39.98593297077365
19419,Obrenovac,78.62916666666666,39.49665334746722
19420,Obrenovac,60.85000000000002,33.48437654996415
19421,Obrenovac,40.125,25.686975840080216
19422,Obrenovac,13.07272727272727,27.2656168263644
19423,Obrenovac,11.1975,18.03612781573462
19424,Obrenovac,21.61291666666666,21.515168930016756
19425,Obrenovac,23.2375,28.792200944639184
19426,Obrenovac,38.175,34.43743119378928
19427,Obrenovac,40.32083333333333,29.941702055846942
19428,Obrenovac,17.14375,19.79135433422405
19429,Obrenovac,23.32708333333334,25.54717048693711
19430,Obrenovac,26.97083333333333,19.600887138155468
19431,Obrenovac,15.42363636363637,15.793304220911246
19432,Obrenovac,26.42625,26.341079113657926
19433,Obrenovac,42.82083333333333,36.40924233966976
19434,Obrenovac,34.51666666666666,33.25441167311393
19435,Obrenovac,61.7125,61.295934881207
19436,Obrenovac,60.72916666666666,49.0010480006657
19437,Obrenovac,49.5625,39.72947356475635
19438,Obrenovac,52.14583333333334,33.28419362569144
19439,Obrenovac,30.70041666666667,24.443544209111085
19440,Obrenovac,32.60416666666667,29.59825044762711
19441,Obrenovac,19.46916666666666,20.818534264397154
19442,Obrenovac,20.61,28.323384002246875
19443,Obrenovac,23.065,25.85733829805655
19444,Obrenovac,18.405,21.790534605748288
19445,Obrenovac,13.19875,20.689196699406104
19446,Obrenovac,27.1875,22.71937759684414
19447,Obrenovac,32.13333333333333,28.3003289635429
19448,Obrenovac,46.31249999999999,30.91754851754506
19449,Obrenovac,45.98750000000001,31.86468805466509
19450,Obrenovac,38.23478260869565,28.600928908241634
19451,Obrenovac,26.07083333333334,22.605281384431112
19452,Obrenovac,21.90416666666667,18.67774148773244
19453,Obrenovac,23.9125,23.86908964525568
19454,Obrenovac,30.22083333333333,26.368954430325456
19455,Obrenovac,32.59583333333333,28.110498508775287
19456,Obrenovac,24.0375,23.05146431248963
19457,Obrenovac,32.60416666666667,28.781252941511266
19458,Obrenovac,28.60833333333333,27.314060579262087
19459,Obrenovac,15.41958333333334,24.48289363139179
19460,Obrenovac,23.48333333333333,28.228791648045032
19461,Obrenovac,28.20833333333333,24.12381733300271
19462,Obrenovac,48.09999999999999,27.744967785852776
19463,Obrenovac,20.48208333333333,25.030839218249582
19464,Obrenovac,18.65916666666667,24.356190017359324
19465,Obrenovac,25.26125,21.49376964060373
19466,Obrenovac,16.68583333333334,21.317446663722126
19467,Obrenovac,11.62958333333333,21.09707266967606
19468,Obrenovac,13.69041666666666,17.998050055352227
19469,Obrenovac,10.69083333333333,23.12959419936352
19470,Obrenovac,14.16458333333333,18.485113096619852
19471,Obrenovac,10.94875,17.42252591212177
19472,Obrenovac,20.36666666666666,19.307204916135877
19473,Obrenovac,21.2,21.976339570646807
19474,Obrenovac,13.91208333333334,19.995309763113003
19475,Obrenovac,8.379999999999997,15.980815962338372
19476,Obrenovac,24.4875,27.81377661137883
19477,Obrenovac,22.3875,26.238300723890184
19478,Obrenovac,18.4625,25.11689263041669
19479,Obrenovac,18.775,21.27925276555237
19480,Obrenovac,21.48208333333334,24.651456766617898
19481,Obrenovac,26.25416666666667,25.246510339302485
19482,Obrenovac,21.0875,21.538030694166984
19483,Obrenovac,18.65833333333333,22.943015874645965
19484,Obrenovac,17.75833333333334,21.29137572801484
19485,Obrenovac,15.7625,23.953358800570484
19486,Obrenovac,17.21666666666667,21.62120909198815
19487,Obrenovac,14.65375,19.995309763113003
19488,Obrenovac,11.71782608695652,20.83336974268442
19489,Obrenovac,17.1875,20.305466086976537
19490,Obrenovac,20.40125,20.253885783745957
19491,Obrenovac,21.40416666666667,20.23244025521385
19492,Obrenovac,12.54499999999999,18.666521336181347
19493,Obrenovac,11.60833333333333,19.572797328664755
19494,Obrenovac,17.1375,19.41867474564197
19495,Obrenovac,18.36625,23.540113467202406
19496,Obrenovac,15.14583333333334,20.32683323568164
19497,Obrenovac,20.57916666666667,26.46755771599265
19498,Obrenovac,18.08458333333333,20.95854673522852
19499,Obrenovac,12.65416666666666,17.857972614442822
19500,Obrenovac,13.63583333333333,14.86633233212405
19501,Obrenovac,11.27958333333333,20.18260818824541
19502,Obrenovac,14.84333333333334,19.322306169567945
19503,Obrenovac,16.52083333333333,19.44460090591012
19504,Obrenovac,15.80416666666667,17.598574810354016
19505,Obrenovac,20.79583333333334,25.28617906415029
19506,Obrenovac,14.3975,21.7877327744909
19507,Obrenovac,18.35833333333333,25.810799918922097
19508,Obrenovac,22.95,29.47154726171341
19509,Obrenovac,24.9125,31.635870264503403
19510,Obrenovac,20.57916666666667,30.186870718837618
19511,Obrenovac,25.55833333333334,28.5515405193258
19512,Obrenovac,16.7375,18.48895476234986
19513,Obrenovac,8.583333333333332,18.80537264587622
19514,Obrenovac,16.50666666666667,23.029683009659347
19515,Obrenovac,18.775,23.485125685857884
19516,Obrenovac,11.55958333333333,18.179923278582567
19517,Obrenovac,14.2,20.3457272623298
19518,Obrenovac,12.91916666666667,23.25106758279569
19519,Obrenovac,17.08708333333334,22.363547230882897
19520,Obrenovac,13.20375,20.34054883896333
19521,Obrenovac,17.52083333333333,23.446031336616564
19522,Obrenovac,20.375,20.905337656520032
19523,Obrenovac,22.4125,24.53451804896128
19524,Obrenovac,32.00833333333334,28.4499331172113
19525,Obrenovac,14.125,20.91941510509695
19526,Obrenovac,17.78958333333333,24.97225344124488
19527,Obrenovac,19.67875,23.59779362576374
19528,Obrenovac,20.6,25.28581409408446
19529,Obrenovac,31.8125,29.200738066353946
19530,Obrenovac,31.82916666666667,27.565850799298293
19531,Obrenovac,31.32916666666666,26.44359820135933
19532,Obrenovac,18.59541666666666,23.038251085123864
19533,Obrenovac,19.775,25.9144598428623
19534,Obrenovac,28.09999999999999,33.16102871770078
19535,Obrenovac,36.25,38.40094791155045
19536,Obrenovac,23.27624999999999,28.65702286455596
19537,Obrenovac,21.15318181818182,25.828851097792995
19538,Obrenovac,19.93333333333333,22.10989267555649
19539,Obrenovac,18.15166666666667,24.807039394003468
19540,Obrenovac,17.24217391304348,17.251674488209055
19541,Obrenovac,18.32608695652174,21.867772579368523
19542,Obrenovac,29.96250000000001,28.845722178564703
19543,Obrenovac,40.02916666666668,25.897338834303945
19544,Obrenovac,17.13666666666667,14.666487285563552
19545,Obrenovac,15.24291666666667,18.678280864354
19546,Obrenovac,16.59333333333333,20.492556936926267
19547,Obrenovac,24.50833333333334,27.242909091914264
19548,Obrenovac,28.71666666666667,25.23917900044384
19549,Obrenovac,16.59416666666667,20.26447978736505
19550,Obrenovac,18.12166666666667,23.296532099998828
19551,Obrenovac,9.752916666666668,18.3081605950369
19552,Obrenovac,15.30608695652174,24.84853197584345
19553,Obrenovac,22.5695652173913,28.95893646263994
19554,Obrenovac,16.56583333333333,21.628554848547736
19555,Obrenovac,7.674166666666668,15.028139145058145
19556,Obrenovac,7.4175,19.18447110580805
19557,Obrenovac,10.03125,19.045476548757293
19558,Obrenovac,12.73458333333333,20.96595794833592
19559,Obrenovac,16.4375,23.667159002921156
19560,Obrenovac,18.51041666666667,22.01523136280272
19561,Obrenovac,15.27416666666667,22.33331298091086
19562,Obrenovac,15.41521739130435,24.658349843636465
19563,Obrenovac,18.57333333333333,26.232335279762047
19564,Obrenovac,27.15,28.55789685003316
19565,Obrenovac,19.4125,23.018061639525254
19566,Obrenovac,24.79583333333333,29.8089595698386
19567,Obrenovac,30.50833333333334,33.683343014437675
19568,Obrenovac,26.11666666666666,34.93887466077054
19569,Obrenovac,26.54166666666666,34.13571368558998
19570,Obrenovac,26.15833333333333,31.665454680294467
19571,Obrenovac,26.47916666666667,34.10986893078093
19572,Obrenovac,28.59166666666667,35.49843151459275
19573,Obrenovac,28.69166666666667,32.37575443521206
19574,Obrenovac,20.67500000000001,28.80409842696804
19575,Obrenovac,20.22083333333333,29.49104642666644
19576,Obrenovac,19.12916666666667,29.296992963833745
19577,Obrenovac,17.70416666666667,28.848938786731296
19578,Obrenovac,20.03333333333333,20.74902631502284
19579,Obrenovac,16.23833333333333,18.797329039326183
19580,Obrenovac,13.15375,19.60080513549397
19581,Obrenovac,16.52583333333333,24.468484240982377
19582,Obrenovac,19.49333333333333,28.870343841759823
19583,Obrenovac,17.575,22.305969879677168
19584,Obrenovac,14.78041666666667,22.756679096981344
19585,Obrenovac,15.70375,27.697453090785466
19586,Obrenovac,17.18375000000001,29.25114742973721
19587,Obrenovac,19.425,29.788639153427177
19588,Obrenovac,22.4375,26.85134942261262
19589,Obrenovac,19.95833333333333,25.766291878396768
19590,Obrenovac,15.18375,23.817848995509436
19591,Obrenovac,14.36291666666667,24.98101189293363
19592,Obrenovac,17.95416666666667,25.4756119444879
19593,Obrenovac,22.26666666666667,33.8113115480366
19594,Obrenovac,22.05833333333333,29.748608973140225
19595,Obrenovac,9.555833333333334,20.836318314997435
19596,Obrenovac,13.45833333333333,23.537519369582668
19597,Obrenovac,12.11875,24.90295921197767
19598,Obrenovac,12.0,24.82515718440431
19599,Obrenovac,17.87583333333334,24.32553863856433
19600,Obrenovac,12.22166666666667,23.29432273995708
19601,Obrenovac,17.2825,24.65394423510332
19602,Obrenovac,17.05541666666667,28.46998592457796
19603,Obrenovac,36.33,25.7685449236886
19604,Obrenovac,5.509166666666668,18.527576091490715
19605,Obrenovac,13.29125,20.975461964415118
19606,Obrenovac,26.31666666666666,28.49905466097993
19607,Obrenovac,29.17083333333333,26.66924510563912
19608,Obrenovac,28.38333333333334,26.85134942261262
19609,Obrenovac,24.30416666666666,26.07328879509532
19610,Obrenovac,25.65,29.199617886656416
19611,Obrenovac,16.55416666666666,24.83012234432788
19612,Obrenovac,15.33875,26.08887430857412
19613,Obrenovac,12.23333333333333,25.48566114437128
19614,Obrenovac,23.10833333333333,26.725640462881028
19615,Obrenovac,18.11208333333333,28.58354651857685
19616,Obrenovac,21.37916666666666,36.549527762016766
19617,Obrenovac,18.1825,33.90589374846213
19618,Obrenovac,19.72625,23.811778422175177
19619,Obrenovac,14.39333333333334,26.258509655851245
19620,Obrenovac,18.9125,26.12053357963279
19621,Obrenovac,13.69208333333333,25.32114407024266
19622,Obrenovac,17.86541666666666,26.02315286806124
19623,Obrenovac,25.54583333333333,37.153327853776574
19624,Obrenovac,31.19166666666666,37.3229632010537
19625,Obrenovac,12.5525,22.701529970419248
19626,Obrenovac,15.29791666666667,28.55454163753997
19627,Obrenovac,34.3625,46.10390949159395
19628,Obrenovac,32.90833333333333,47.95343802286015
19629,Obrenovac,11.935,28.617283009854404
19630,Obrenovac,17.66041666666667,36.7351358783519
19631,Obrenovac,22.72041666666667,32.54377217922908
19632,Obrenovac,8.068333333333333,27.5287667068084
19633,Obrenovac,14.89625,29.67221074068852
19634,Obrenovac,17.88333333333333,25.180530746402415
19635,Obrenovac,14.58125,25.96530182441997
19636,Obrenovac,10.43833333333333,24.816186705740066
19637,Obrenovac,5.997083333333333,19.78347666181589
19638,Obrenovac,9.659166666666666,24.582590967084048
19639,Obrenovac,8.839999999999998,27.29909533483808
19640,Obrenovac,10.42458333333333,26.81668582607697
19641,Obrenovac,9.912916666666666,26.67810678172662
19642,Obrenovac,11.73041666666667,23.672846422790965
19643,Obrenovac,12.49833333333333,25.91956572169037
19644,Obrenovac,12.31190476190476,19.540636591299343
19645,Obrenovac,13.81,27.44974622311225
19646,Obrenovac,4.980416666666667,19.364401971314717
19647,Obrenovac,25.72791666666666,29.258454858077982
19648,Obrenovac,18.4475,27.45563872212953
19649,Obrenovac,17.1625,34.3185276417162
19650,Obrenovac,22.75416666666666,29.759334587660803
19651,Obrenovac,12.1875,21.344673584644337
19652,Obrenovac,8.955,19.24164970777261
19653,Obrenovac,14.89041666666667,30.556379481838977
19654,Obrenovac,32.93749999999999,35.188984053475885
19655,Obrenovac,26.52500000000001,31.463086069904502
19656,Obrenovac,13.14347826086957,20.5003344878307
19657,Obrenovac,14.55458333333334,25.82917313868971
19658,Obrenovac,6.117500000000001,17.873759019348764
19659,Obrenovac,5.930416666666666,20.906191015731
19660,Obrenovac,22.58666666666666,41.48046158736175
19661,Obrenovac,37.99166666666667,41.979009974815526
19662,Obrenovac,42.79583333333334,49.303788937094126
19663,Obrenovac,20.825,24.37754289781394
19664,Obrenovac,28.10416666666666,59.999665485001486
19665,Obrenovac,40.17916666666667,35.33824312287886
19666,Obrenovac,8.535416666666666,24.23307115804525
19667,Obrenovac,6.867916666666666,23.48178534670404
19668,Obrenovac,14.665,28.878951362724127
19669,Obrenovac,7.919583333333335,24.33697695271653
19670,Obrenovac,33.05291666666667,40.49398060968855
19671,Obrenovac,17.20083333333334,24.957881640147047
19672,Obrenovac,18.10833333333333,25.854913510185863
19673,Obrenovac,16.0,30.261914165217316
19674,Obrenovac,16.81958333333333,44.26465789363104
19675,Obrenovac,29.95833333333333,37.51061992810709
19676,Obrenovac,22.80416666666667,37.065066224354624
19677,Obrenovac,32.4625,43.66535557181685
19678,Obrenovac,29.90833333333333,29.034186224794343
19679,Obrenovac,47.84583333333333,48.68610469378935
19680,Obrenovac,69.62916666666668,64.99597396740285
19681,Obrenovac,70.2375,46.498129581580095
19682,Obrenovac,54.57916666666665,39.667679962403376
19683,Obrenovac,66.9125,26.966474821309525
19684,Obrenovac,44.1875,22.488281938433968
19685,Obrenovac,19.76291666666667,26.610832188297355
19686,Obrenovac,36.8625,23.93830948237204
19687,Obrenovac,55.17499999999999,57.85410704263532
19688,Obrenovac,88.16666666666667,62.415598128983866
19689,Obrenovac,132.7625,83.19364371025722
19690,Obrenovac,141.3708333333333,90.36053879037404
19691,Obrenovac,127.8583333333333,49.83768699304744
19692,Obrenovac,45.16666666666668,33.10180460859748
19693,Obrenovac,52.02916666666666,27.34939656151897
19694,Obrenovac,52.0025,33.35781962970388
19695,Obrenovac,111.4458333333333,67.97603412787258
19696,Obrenovac,180.925,67.97603412787258
19697,Obrenovac,123.5625,61.295934881207
19698,Obrenovac,93.96666666666664,31.569148637729988
19699,Obrenovac,102.0166666666667,73.02732340599442
19700,Obrenovac,99.24166666666667,46.82894827309343
19701,Obrenovac,91.47083333333332,63.19346974198331
19702,Obrenovac,55.98333333333333,45.12207187778871
28815,Obrenovac,39.16625000000001,33.2970898011073
28816,Obrenovac,49.36666666666668,35.55801530037009
28817,Obrenovac,26.59166666666667,27.45745339180081
28818,Obrenovac,30.75833333333333,26.83632883084293
28819,Obrenovac,67.94583333333334,27.325899699202804
28820,Obrenovac,26.57083333333334,23.66167283423409
28821,Obrenovac,25.85416666666667,22.657232981608946
28822,Obrenovac,30.71250000000001,21.799904706979277
28823,Obrenovac,39.30416666666667,39.078994364101895
28824,Obrenovac,85.03750000000001,78.88788471747773
28825,Obrenovac,100.5125,58.04019144333044
28826,Obrenovac,62.69166666666668,57.36085882752061
28827,Obrenovac,62.15,40.68867808290293
28828,Obrenovac,93.20416666666668,60.24955057275103
28829,Obrenovac,44.56916666666667,29.24246247152248
28830,Obrenovac,35.57291666666666,28.59574363296707
28831,Obrenovac,26.64583333333334,21.802291021057812
28832,Obrenovac,57.55041666666667,26.35087550239888
28833,Obrenovac,18.37875,20.57336211753981
28834,Obrenovac,31.43333333333333,37.64672531287149
28835,Obrenovac,63.27916666666667,56.62606397612884
28836,Obrenovac,79.66250000000001,52.58919926828136
28837,Obrenovac,82.55652173913043,53.66341545885759
28838,Obrenovac,65.05,51.73965137227022
28839,Obrenovac,48.02500000000001,29.296219137319454
28840,Obrenovac,61.17916666666667,46.21996392817254
28841,Obrenovac,31.78416666666666,19.77412074560538
28842,Obrenovac,41.74166666666667,46.88227350010877
28843,Obrenovac,123.075,54.14306705720063
28844,Obrenovac,95.66666666666664,53.52229008371755
28845,Obrenovac,151.3,85.51508405142812
28846,Obrenovac,152.25,89.91982155699655
28847,Obrenovac,65.58333333333333,31.582109057646917
28848,Obrenovac,64.18750000000001,47.69557314056159
28849,Obrenovac,70.80416666666667,36.278834972949134
28850,Obrenovac,117.9333333333333,53.90959741811136
28851,Obrenovac,117.9875,61.47152344646919
28852,Obrenovac,94.78333333333336,60.47453457525853
28853,Obrenovac,82.025,49.15240936784446
28854,Obrenovac,61.05416666666667,28.727526148519
28855,Obrenovac,42.22083333333334,29.882916237333905
28856,Obrenovac,28.225,26.220582231962315
28857,Obrenovac,35.4125,27.194109368158045
28858,Obrenovac,29.36666666666666,21.91457583507515
28859,Obrenovac,74.2875,53.2759293245455
28860,Obrenovac,81.17083333333333,60.40384697493445
28861,Obrenovac,60.5625,35.185996193733494
28862,Obrenovac,96.31666666666666,68.23044866097163
28863,Obrenovac,66.625,60.58536994616995
28864,Obrenovac,94.19166666666666,72.15712521543922
28865,Obrenovac,57.82499999999999,35.524579826505615
28866,Obrenovac,51.44166666666666,35.220250858944645
28867,Obrenovac,39.18333333333333,30.54531658814419
28868,Obrenovac,24.26625,29.390876158004964
28869,Obrenovac,21.81916666666667,32.1494928623341
28870,Obrenovac,42.28333333333333,40.03618618921711
28871,Obrenovac,39.38333333333333,31.329667084216105
28872,Obrenovac,27.71666666666667,30.29568998675729
28873,Obrenovac,32.20833333333334,29.9684633021984
28874,Obrenovac,47.0625,36.82761729570057
28875,Obrenovac,25.22083333333333,25.223538431907183
28876,Obrenovac,18.32791666666667,25.02481512042277
28877,Obrenovac,32.81666666666666,30.90851728619409
28878,Obrenovac,30.13749999999999,38.52089109676208
28879,Obrenovac,79.70833333333333,37.93550769657673
28880,Obrenovac,51.34583333333332,34.09552540040293
28881,Obrenovac,30.5575,28.442467624955796
28882,Obrenovac,35.95833333333334,29.60802502181785
28883,Obrenovac,29.05,28.321397805841684
28884,Obrenovac,26.9375,25.1423919717814
28885,Obrenovac,29.82916666666667,21.01996287228026
28886,Obrenovac,25.54083333333334,26.8248943967947
28887,Obrenovac,29.40375,25.53734728545542
28888,Obrenovac,50.59166666666668,39.138582091314845
28889,Obrenovac,52.82916666666668,32.67483280787626
28890,Obrenovac,55.48333333333333,55.92881124271123
28891,Obrenovac,44.68749999999999,35.21014043941216
28892,Obrenovac,48.36249999999999,37.3785604134932
28893,Obrenovac,34.7625,32.290081208279766
28894,Obrenovac,51.4375,51.06452195146847
28895,Obrenovac,76.97083333333333,51.36180139393949
28896,Obrenovac,77.02499999999999,62.2856901224021
28897,Obrenovac,44.96666666666667,30.166230476416963
28898,Obrenovac,21.04833333333333,33.05368155580308
28899,Obrenovac,41.37916666666667,25.529923934587163
28900,Obrenovac,16.20833333333333,28.643333225211748
28901,Obrenovac,42.03916666666667,27.72965378380084
28902,Obrenovac,27.74583333333334,20.83772371031494
28903,Obrenovac,22.6125,31.28343604789028
28904,Obrenovac,29.26249999999999,31.28343604789028
28905,Obrenovac,88.38181818181818,49.26270759864062
28906,Obrenovac,111.725,50.92662888262113
28907,Obrenovac,30.23041666666667,20.672954852197428
28908,Obrenovac,22.28041666666667,28.8267786553586
28909,Obrenovac,30.33333333333333,27.15871016284313
28910,Obrenovac,35.83333333333333,29.08347304390305
28911,Obrenovac,41.14583333333332,30.35536301867481
28912,Obrenovac,33.40416666666667,28.57120251937216
28913,Obrenovac,17.78041666666667,29.832877376821937
28914,Obrenovac,25.9175,31.234850957090103
28915,Obrenovac,53.47916666666666,31.725437266707253
28916,Obrenovac,40.59166666666666,33.4255500326299
28917,Obrenovac,49.84166666666666,33.4255500326299
28918,Obrenovac,48.78750000000002,29.21811245813615
28919,Obrenovac,35.91666666666666,31.00287950808362
28920,Obrenovac,42.99583333333333,31.00462665006545
28921,Obrenovac,59.99458333333334,21.369304819587622
28922,Obrenovac,8.029166666666667,16.937812893973913
28923,Obrenovac,23.13000000000001,27.26200220450732
28924,Obrenovac,33.22499999999999,32.41864758085226
28925,Obrenovac,30.86666666666666,32.18246083632175
28926,Obrenovac,18.74583333333333,24.635491176301244
28927,Obrenovac,30.22083333333333,25.497677165266467
28928,Obrenovac,19.34291666666667,23.640145558966253
28929,Obrenovac,25.75916666666667,24.46906452029686
28930,Obrenovac,36.55833333333333,46.364261975368166
28931,Obrenovac,31.68875,25.67262950529573
28932,Obrenovac,21.4475,25.409297454190053
28933,Obrenovac,16.35166666666667,25.70469709532585
28934,Obrenovac,18.5875,26.400518768284144
28935,Obrenovac,24.12875,25.554407768998924
28936,Obrenovac,16.49291666666667,21.73933069393978
28937,Obrenovac,11.76625,17.642585678680895
28938,Obrenovac,7.585833333333333,15.873215244246255
28939,Obrenovac,16.65708333333333,17.12876032982566
28940,Obrenovac,21.21458333333333,22.60588437553495
28941,Obrenovac,24.1625,20.80137007293084
28942,Obrenovac,29.8125,20.263467492253607
28943,Obrenovac,25.29130434782609,19.55862022555621
28944,Obrenovac,142.2845833333333,22.91438996206368
28945,Obrenovac,29.77916666666667,22.076206778863703
28946,Obrenovac,24.64166666666667,19.48587135121879
28947,Obrenovac,25.13333333333333,21.980643887502723
28948,Obrenovac,29.34583333333332,20.65757948046276
28949,Obrenovac,23.67458333333333,21.129208428778515
28950,Obrenovac,33.33583333333333,17.3322818939901
28951,Obrenovac,36.17083333333333,21.870993709974865
28952,Obrenovac,23.1125,22.80841338846921
28953,Obrenovac,25.30416666666666,22.20574496371361
28954,Obrenovac,14.95416666666667,17.3494730605369
28955,Obrenovac,30.67500000000001,20.17886748924045
28956,Obrenovac,27.09791666666666,17.70834511475096
28957,Obrenovac,13.3075,15.458816289611512
28958,Obrenovac,20.62083333333333,17.497213878440597
28959,Obrenovac,40.50416666666666,21.05177856865735
28960,Obrenovac,28.60833333333333,27.102659285593468
28961,Obrenovac,27.53333333333333,21.80635286186266
28962,Obrenovac,30.275,23.0000318065578
28963,Obrenovac,25.07916666666667,19.6997877596427
28964,Obrenovac,20.69166666666667,20.45436205284801
28965,Obrenovac,16.67416666666667,18.55392438520777
28966,Obrenovac,18.56166666666666,21.966742461725712
28967,Obrenovac,16.17583333333333,22.043757544035397
28968,Obrenovac,20.10958333333333,16.38975467724884
28969,Obrenovac,19.63333333333333,20.00516356181635
28970,Obrenovac,21.90833333333333,21.78827116067933
28971,Obrenovac,25.87916666666667,22.82276400902204
28972,Obrenovac,32.99166666666667,24.324473843967223
28973,Obrenovac,32.46666666666667,25.670845188186856
28974,Obrenovac,32.85,24.86236513435017
28975,Obrenovac,44.98750000000001,24.47849743245192
28976,Obrenovac,26.03749999999999,18.11163372490288
28977,Obrenovac,21.325,17.475262327100005
28978,Obrenovac,22.54583333333333,16.24088853544599
28979,Obrenovac,26.13809523809524,19.87383137494165
28980,Obrenovac,20.85,20.84115835816671
28981,Obrenovac,24.62083333333333,22.36817369043146
28982,Obrenovac,35.12916666666668,24.645344657732352
28983,Obrenovac,29.80833333333334,27.549733030428683
28984,Obrenovac,38.16666666666667,28.812124643001685
28985,Obrenovac,66.65416666666665,28.812124643001685
28986,Obrenovac,74.32916666666667,29.616688129969397
28987,Obrenovac,70.50000000000001,26.196214858836612
28988,Obrenovac,30.05833333333333,23.19585470768448
28989,Obrenovac,31.40416666666667,22.63069699616701
28990,Obrenovac,26.12083333333333,22.881132895426973
28991,Obrenovac,29.75,20.55845266587773
28992,Obrenovac,24.90833333333333,17.783707948525002
28993,Obrenovac,21.67916666666666,20.693456024070173
28994,Obrenovac,29.42083333333334,26.64403684295927
28995,Obrenovac,20.88333333333334,29.426495330265897
28996,Obrenovac,30.525,25.78314458367546
28997,Obrenovac,14.34958333333333,13.827672610083736
28998,Obrenovac,24.70416666666666,18.21655608433859
28999,Obrenovac,29.23333333333333,20.20069405318254
29000,Obrenovac,25.0125,20.454890218425025
29001,Obrenovac,25.49166666666666,22.53349925235053
29002,Obrenovac,23.125,28.00273309643399
29003,Obrenovac,32.25,26.1223255636223
29004,Obrenovac,36.80833333333334,28.833773032705512
29005,Obrenovac,40.85,26.65359609168977
29006,Obrenovac,36.05833333333333,29.73361358160519
29007,Obrenovac,34.56666666666667,30.891556042353223
29008,Obrenovac,42.28333333333334,27.728388491101004
29009,Obrenovac,43.07083333333333,30.134531139712003
29010,Obrenovac,40.6125,35.03572328090758
29011,Obrenovac,45.70833333333334,35.422707833724886
29012,Obrenovac,43.92083333333335,30.169374434546924
29013,Obrenovac,52.88333333333333,32.0632966436472
29014,Obrenovac,34.32916666666668,24.08795954154653
29015,Obrenovac,28.40416666666667,23.374418948769808
29016,Obrenovac,23.65,21.750271746120795
29017,Obrenovac,26.55000000000001,26.004437701680587
29018,Obrenovac,31.95416666666666,28.455375825520868
29019,Obrenovac,31.4625,16.839613908898446
29020,Obrenovac,30.40833333333333,21.93696176799527
29021,Obrenovac,33.33750000000001,20.963179171573035
29022,Obrenovac,25.8,23.82965004870533
29023,Obrenovac,24.33833333333333,25.651172554936142
29024,Obrenovac,21.5875,29.419803071762672
29025,Obrenovac,28.12083333333334,22.77870657024781
29026,Obrenovac,40.10416666666666,23.849914034568613
29027,Obrenovac,36.75416666666667,27.73099525745113
29028,Obrenovac,31.27083333333333,26.26009934219528
29029,Obrenovac,25.42083333333333,21.79159023630987
29030,Obrenovac,18.87,21.780428524730723
29031,Obrenovac,21.52625,22.949524079916
29032,Obrenovac,25.79583333333333,21.74221404115569
29033,Obrenovac,32.14583333333333,24.36854425357516
29034,Obrenovac,28.50416666666667,26.09420116232456
29035,Obrenovac,23.27916666666667,26.974721987745717
29036,Obrenovac,33.48333333333334,28.708474606452217
29037,Obrenovac,30.54583333333333,28.48794306875188
29038,Obrenovac,40.125,27.89081455476964
29039,Obrenovac,48.375,28.06142274610484
29040,Obrenovac,55.60833333333333,29.40923939087933
29041,Obrenovac,45.22916666666668,35.20997076156191
29042,Obrenovac,56.48333333333333,35.07939708626593
29043,Obrenovac,43.1375,28.7879746295306
29044,Obrenovac,42.08333333333333,31.811970691558457
29045,Obrenovac,37.60416666666668,27.35845841707385
29046,Obrenovac,25.45416666666667,23.36133792890533
29047,Obrenovac,44.34583333333333,28.071297480155845
29048,Obrenovac,31.325,27.50116456769192
29049,Obrenovac,45.5,28.14655640419715
29050,Obrenovac,44.07083333333335,31.80329466903652
29051,Obrenovac,43.1,35.569757775887794
29052,Obrenovac,55.99166666666667,32.28830967177124
29053,Obrenovac,50.17499999999999,32.58510687358664
29054,Obrenovac,46.1375,27.63253428010755
29055,Obrenovac,46.89583333333334,28.98132960258017
29056,Obrenovac,40.14583333333334,27.6100101646081
29057,Obrenovac,52.26666666666667,31.52906623244862
29058,Obrenovac,58.89583333333334,36.99827309839506
29059,Obrenovac,54.95833333333332,34.47737806858536
29060,Obrenovac,63.37499999999999,44.01547407936128
29061,Obrenovac,75.6625,41.61071702305421
29062,Obrenovac,81.94166666666666,46.18528829795064
29063,Obrenovac,57.84583333333333,39.03006607388348
29064,Obrenovac,45.60833333333333,33.64493620372416
29065,Obrenovac,41.11666666666667,39.29200837147226
29066,Obrenovac,57.25833333333333,25.143124091744784
29067,Obrenovac,21.70083333333334,19.29607625482739
29068,Obrenovac,22.4375,20.921116070869815
29069,Obrenovac,24.50416666666667,22.20341934497638
29070,Obrenovac,13.53333333333333,16.843827423703672
29071,Obrenovac,9.01375,16.29441035235809
29072,Obrenovac,4.965833333333333,14.49937154359957
29073,Obrenovac,9.772083333333336,15.529202929483734
29074,Obrenovac,30.59583333333333,22.34328527915665
29075,Obrenovac,42.225,26.24595596242029
29076,Obrenovac,51.5875,23.44993059240436
29077,Obrenovac,34.49583333333333,26.335650269351817
29078,Obrenovac,45.24166666666668,27.76495153115432
29079,Obrenovac,45.03333333333334,29.37390891229648
29080,Obrenovac,45.37916666666666,24.122955401066665
29081,Obrenovac,29.05833333333334,21.81599523948943
29082,Obrenovac,32.5375,23.23390883329993
29083,Obrenovac,31.69166666666668,23.59658060405782
29084,Obrenovac,31.74166666666666,29.010586812007503
29085,Obrenovac,35.38166666666667,24.875606722826124
29086,Obrenovac,8.898333333333333,70.77258784819207
29087,Obrenovac,39.12916666666667,25.177758522133203
29088,Obrenovac,37.74583333333333,31.920355338327425
29089,Obrenovac,22.80916666666667,19.15002494655392
29090,Obrenovac,28.15416666666667,30.064597300723857
29091,Obrenovac,34.2,44.554030563101534
29092,Obrenovac,53.64166666666666,24.483749722328632
29093,Obrenovac,49.59999999999999,23.88053655812579
29094,Obrenovac,33.70833333333334,19.23672410772629
29095,Obrenovac,32.0375,25.01285481902387
29096,Obrenovac,31.27000000000001,18.97985444429924
29097,Obrenovac,36.52083333333334,32.41724163577093
29098,Obrenovac,47.46666666666668,28.800116300184563
29099,Obrenovac,43.60416666666666,25.17468411532865
29100,Obrenovac,48.07916666666666,31.46493068735489
29101,Obrenovac,40.825,35.09692095242091
29102,Obrenovac,42.10833333333333,38.21678361236079
29103,Obrenovac,23.30434782608696,42.30970354144512
29104,Obrenovac,22.58333333333333,41.55579213072253
29105,Obrenovac,24.70416666666667,39.67931745145737
29106,Obrenovac,70.28750000000001,45.28948074053075
29107,Obrenovac,80.37916666666668,62.307959147858725
29108,Obrenovac,108.8916666666667,69.07399918323361
29109,Obrenovac,88.05000000000003,42.928884805880486
29110,Obrenovac,73.45833333333336,43.933620151032414
29111,Obrenovac,67.51249999999999,41.34528549919573
29112,Obrenovac,65.00000000000001,48.36847299452853
29113,Obrenovac,74.33749999999999,50.51047953881515
29114,Obrenovac,91.4375,50.34654903851684
29115,Obrenovac,93.15833333333336,64.02990544337284
29116,Obrenovac,76.09583333333332,50.01885413321226
29117,Obrenovac,76.89545454545454,32.24366810662763
29118,Obrenovac,59.34166666666667,31.420108750821157
29119,Obrenovac,43.72777777777777,57.40586743510912
29120,Obrenovac,78.53750000000001,34.94989226239019
29121,Obrenovac,107.5041666666667,83.88196530916436
29122,Obrenovac,142.7833333333333,90.15267953203596
29123,Obrenovac,136.5833333333333,91.47008794596134
29124,Obrenovac,120.5166666666667,73.81885544717285
29125,Obrenovac,95.96250000000002,73.02732340599442
29126,Obrenovac,74.10000000000001,48.7594492878234
29127,Obrenovac,55.76666666666666,48.08865035788219
29128,Obrenovac,44.01666666666666,49.705079554486105
29129,Obrenovac,33.89166666666667,45.15254068728497
29130,Obrenovac,33.82916666666667,43.30301215601877
29131,Obrenovac,62.82916666666667,50.14019127699322
29132,Obrenovac,77.89583333333333,89.91982155699655
29133,Obrenovac,137.8125,65.36334660674626
29134,Obrenovac,100.825,30.422238925589063
29135,Obrenovac,20.70458333333333,20.624936803118565
29136,Obrenovac,25.57583333333334,21.5466467230951
29137,Obrenovac,12.16791666666666,21.33046377366635
29138,Obrenovac,29.85416666666667,55.16802300699528
29139,Obrenovac,60.97083333333333,33.83202112154403
29140,Obrenovac,89.14166666666667,39.184232404002174
29141,Obrenovac,72.39583333333333,42.769094743593584
29142,Obrenovac,69.41666666666667,67.54381649936516
29143,Obrenovac,85.21666666666665,22.42012063119437
29144,Obrenovac,16.73083333333333,24.32109636925309
29145,Obrenovac,34.06666666666667,33.58447858078687
29146,Obrenovac,21.60083333333333,28.60818211648701
29147,Obrenovac,43.0375,32.28158125507202
29148,Obrenovac,42.97083333333333,60.557866669484405
29149,Obrenovac,54.73333333333334,57.79747693753121
29150,Obrenovac,52.40833333333334,25.065772025480484
29151,Obrenovac,43.58333333333332,39.11641872421738
29152,Obrenovac,45.04166666666666,37.6224983229685
29153,Obrenovac,30.09583333333333,24.487572747023957
29154,Obrenovac,59.55416666666667,41.50271364038381
29155,Obrenovac,36.95,38.016527459450224
29156,Obrenovac,34.59583333333334,33.390989893194245
29157,Obrenovac,54.24166666666667,57.9271069641142
29158,Obrenovac,78.1375,49.17295895750532
29159,Obrenovac,49.12499999999999,45.89555212435437
29160,Obrenovac,64.59583333333333,37.960526772229
29161,Obrenovac,122.4375,33.10180460859748
29162,Obrenovac,107.7916666666667,55.40694679495721
29163,Obrenovac,155.6916666666667,89.08566550554096
29164,Obrenovac,153.2916666666667,71.08040314939764
29165,Obrenovac,70.96250000000002,22.796264385194515
29166,Obrenovac,33.46708333333334,31.16067098777671
29167,Obrenovac,80.25416666666666,35.122207730899824
29168,Obrenovac,32.49999999999999,21.04005305446455
29169,Obrenovac,16.35416666666666,27.869248958647045
29170,Obrenovac,31.025,20.37361803324052
29171,Obrenovac,33.19583333333333,45.2464269100147
29172,Obrenovac,53.50416666666666,50.482836614939
29173,Obrenovac,81.28333333333333,73.37813821379537
29174,Obrenovac,107.9666666666667,64.99597396740285
29175,Obrenovac,141.2083333333333,96.71509086111352
29176,Obrenovac,135.5,88.3435318057809
12368,Pančevo,72.65660173142858,50.57354455671734
12369,Pančevo,60.72085921285715,43.10995403763038
12370,Pančevo,78.04190476714287,53.961521273689165
12371,Pančevo,42.73236024857142,39.99339878522533
12372,Pančevo,68.95232401714286,43.75898901358501
12373,Pančevo,101.5369047714286,60.47797072450879
12374,Pančevo,66.07964285714286,41.47790600326317
12375,Pančevo,42.82304421714286,22.19774048107551
12376,Pančevo,26.43127588142857,19.52133235961236
12377,Pančevo,21.67708333142857,24.55235850087933
12378,Pančevo,24.23446428571429,27.553798596106446
12379,Pančevo,36.12261904857143,37.13967974010258
12380,Pančevo,67.81082926571428,43.497012286150735
12381,Pančevo,37.54261904714286,36.298403255075606
12382,Pančevo,38.47351190571429,24.54707675464091
12383,Pančevo,34.14607142857142,32.92140277187596
12384,Pančevo,20.28140010285714,22.645680873284984
12385,Pančevo,14.24710403714286,19.464338533516575
12386,Pančevo,34.52946428428572,26.40516166335128
12387,Pančevo,40.59833333285714,37.795283069902055
12388,Pančevo,45.42595238000001,37.33652097112777
12389,Pančevo,70.67238095285714,41.233542202985575
12390,Pančevo,50.70738095142857,40.93400746646032
12391,Pančevo,28.15559523857143,24.47960816804304
12392,Pančevo,21.18845238142857,22.908158328760106
12393,Pančevo,26.30505693714286,24.169623160323983
12394,Pančevo,24.09583333285714,26.9189019101584
12395,Pančevo,31.59952381,26.317911993537503
12396,Pančevo,30.34446428571428,32.17506870664596
12397,Pančevo,31.82575828142857,20.6876598001966
12398,Pančevo,21.69041666571428,21.141076445125144
12399,Pančevo,33.31886904714286,22.96344174269249
12400,Pančevo,33.57130952428572,22.70514496675551
12401,Pančevo,22.39283008714286,22.58526850554248
12402,Pančevo,19.09982142714286,19.751620664571774
12403,Pančevo,22.30797619,24.25370481419826
12404,Pančevo,23.89755952428572,25.80249199056249
12405,Pančevo,20.25428571428571,24.8405931815598
12406,Pančevo,15.86702380857143,22.09511260370345
12407,Pančevo,19.43017857285714,25.143293766885005
12408,Pančevo,25.79220238,23.586059126574217
12409,Pančevo,32.02916666571429,24.42575240593451
12410,Pančevo,28.13746118,24.339266449530744
12411,Pančevo,26.75096014428571,22.493231107065984
12412,Pančevo,25.206805555,24.33055500506727
12413,Pančevo,24.07535714285714,25.143293766885005
12414,Pančevo,26.45613095285714,24.729569961590144
12415,Pančevo,28.23247412,21.83992844435931
12416,Pančevo,33.37599379,23.826204196532466
12417,Pančevo,42.92986111166667,27.34938656468682
12418,Pančevo,41.08511904857143,32.535429077783206
12419,Pančevo,25.89844387857143,22.562259255843163
12420,Pančevo,29.33184523857143,24.456694419949063
12421,Pančevo,40.69031385285715,24.42575240593451
12422,Pančevo,39.67290816285715,23.1050288888062
12423,Pančevo,24.16875,18.94475162516677
12424,Pančevo,27.19248433571429,24.047454198017927
12425,Pančevo,32.57648809714286,26.710922657641763
12426,Pančevo,30.42166666714286,25.64191649179687
12427,Pančevo,19.91313311714286,22.134680974262903
12428,Pančevo,18.99895445285714,22.533695930785772
12429,Pančevo,29.59763888857143,21.51180781684794
12430,Pančevo,39.17965277666666,26.44281883101847
12431,Pančevo,24.24,20.54629652149136
12432,Pančevo,33.45624999833333,27.924542327144103
12433,Pančevo,18.03119047714286,18.43437994971216
12434,Pančevo,16.69744047571428,18.360463200159085
12435,Pančevo,25.03077381,22.911758256553743
12436,Pančevo,32.79095238,24.193062614990737
12437,Pančevo,38.15428571428571,23.60201400500317
12438,Pančevo,44.36208333333334,25.76079578918292
12439,Pančevo,29.19232142857143,22.484270924426777
12440,Pančevo,29.90595238142857,24.20028673096481
12441,Pančevo,22.13785714285714,22.544941912995437
12442,Pančevo,22.73869047571429,19.126314133845742
12443,Pančevo,33.27701389,26.097860055215637
12444,Pančevo,36.15416666666667,26.91488541527153
12445,Pančevo,37.58210145166667,25.400454643815436
12446,Pančevo,15.67550926,16.84663003710145
12447,Pančevo,17.09106692,19.72670890668463
12448,Pančevo,22.35833333285715,30.14152102490666
12449,Pančevo,24.77345238,27.39493648393897
12450,Pančevo,20.20898809571429,22.314917488024577
12451,Pančevo,18.30928571428571,22.647099345544923
12452,Pančevo,22.31255952428571,22.26532024874544
12453,Pančevo,30.96702381,23.951945932630725
12454,Pančevo,30.82,27.33557185076499
12455,Pančevo,34.61946428571428,30.95808845854785
12456,Pančevo,32.19291666714286,28.98878621034824
12457,Pančevo,32.90924689285715,29.688399461437932
12458,Pančevo,24.82059523714286,30.186271648972124
12459,Pančevo,32.25204004285715,27.81726456651492
12460,Pančevo,22.58452380857143,25.103816720483792
12461,Pančevo,29.94369047714286,25.2906810685972
12462,Pančevo,27.42363095285714,28.20030265146477
12463,Pančevo,38.51029761857143,24.12074059331924
12464,Pančevo,16.63916666714286,20.263799135643865
12465,Pančevo,21.34613095285714,23.98903971820988
12466,Pančevo,18.90357142857143,24.109016634580364
12467,Pančevo,24.02880952285714,30.568841744553666
12468,Pančevo,30.23952381,31.01666787156787
12469,Pančevo,33.92333333428572,32.7768845624775
12470,Pančevo,29.79690476285714,33.48631722155348
12471,Pančevo,27.05857142857143,28.442529820215093
12472,Pančevo,25.30541666571429,22.599237156574446
12473,Pančevo,24.90464285714286,23.097712680258716
12474,Pančevo,18.65559523857143,24.4818898076796
12475,Pančevo,19.75696428714286,24.671155481782097
12476,Pančevo,26.11363095142857,27.65933774619269
12477,Pančevo,19.22857142857143,19.1445319469217
12478,Pančevo,21.89404762,20.370008876094342
12479,Pančevo,33.13779761857143,29.235125828829453
12480,Pančevo,23.23464285714286,28.08972027498292
12481,Pančevo,20.68898809428572,28.378340294726268
12482,Pančevo,38.12232143,32.865919357608945
12483,Pančevo,42.651416666,25.05852978724685
12484,Pančevo,20.18472222166666,15.40365318347988
12485,Pančevo,19.72190656666667,19.865780305722573
12486,Pančevo,17.52565476142857,15.40365318347988
12487,Pančevo,19.79089285714286,23.021506821320465
12488,Pančevo,29.86535714285714,26.190602309149195
12489,Pančevo,22.03202381,18.77828757875588
12490,Pančevo,18.67331632571429,18.213384426063172
12491,Pančevo,13.53505952285714,18.213384426063172
12492,Pančevo,21.10398809428571,24.207629498906048
12493,Pančevo,19.95928571428572,24.15356289260025
12494,Pančevo,32.07261904714286,23.23462740377871
12495,Pančevo,27.54642857,26.291887754259083
12496,Pančevo,23.14291666714286,27.86889425580164
12497,Pančevo,27.23869047714286,28.07007536489876
12498,Pančevo,26.42797619142857,28.37655070562985
12499,Pančevo,14.02767857,18.6022579498954
12500,Pančevo,8.778869047142857,20.279411604447777
12501,Pančevo,12.53005952371429,19.600772595658157
12502,Pančevo,18.41226190428572,22.488853912990404
12503,Pančevo,27.85738095285714,26.04265288280966
12504,Pančevo,25.83934523714285,25.46130949224311
12505,Pančevo,12.69368055566667,17.556066551877016
12506,Pančevo,10.42354166666667,16.300868810123028
12507,Pančevo,11.17097222166667,17.9942045508889
12508,Pančevo,9.925416667166669,19.545959360667624
12509,Pančevo,11.555555555,20.063001517222556
12510,Pančevo,11.105000001,18.938450291701702
12511,Pančevo,15.22077380857143,24.405711442507197
12512,Pančevo,26.00589285714286,25.697819263690132
12513,Pančevo,29.82154762,30.0589871430894
12514,Pančevo,25.56833333285714,31.098633487334475
12515,Pančevo,16.74619047571429,17.773203429832712
12516,Pančevo,15.35238636428572,23.276682189935084
12517,Pančevo,21.60265782833334,22.21432017586034
12518,Pančevo,16.12378787857143,18.650123921421777
12519,Pančevo,17.54734472,18.98489300546421
12520,Pančevo,15.86154761857143,17.792173153926658
12521,Pančevo,14.42312074714286,20.099043965078447
12522,Pančevo,10.73597943814286,17.468457131243483
12523,Pančevo,15.73880952385714,19.80476785494472
12524,Pančevo,27.88780279428571,31.66528975674617
12525,Pančevo,33.79309523714286,32.57085504623576
12526,Pančevo,38.33511904714286,36.714113809857466
12527,Pančevo,35.82208333285715,31.287079431169133
12528,Pančevo,50.60809523857143,56.18522021516559
12529,Pančevo,35.24738095285714,36.582051139435045
12530,Pančevo,45.44815476142857,41.889021269470895
12531,Pančevo,61.07654761857143,51.56183887167352
12532,Pančevo,36.37617753714285,32.60021554112895
12533,Pančevo,30.69005952428572,28.82588091844948
12534,Pančevo,22.80952381,30.05957952050661
12535,Pančevo,21.64321428571429,30.378959267364586
12536,Pančevo,28.90327380857143,31.67643757988289
12537,Pančevo,31.77553571428572,33.75503140861501
12538,Pančevo,42.24142857142857,40.96191959192262
12539,Pančevo,27.79892857,37.31137919472327
12540,Pančevo,34.39880952285714,30.266813750550316
12541,Pančevo,37.098819445,32.88526441162976
12542,Pančevo,19.72628655,32.63554008182787
12543,Pančevo,50.473125,35.610794170254
12544,Pančevo,28.40088383666667,36.861023799165125
12545,Pančevo,29.95816919333333,36.91509040547091
12546,Pančevo,43.39973484833333,41.06043627618955
12547,Pančevo,45.09512422428571,45.45384051871088
12548,Pančevo,61.68805641857143,55.75720705051538
12549,Pančevo,52.51214285857143,50.31131946395837
12550,Pančevo,62.44225672857143,60.10445046943318
12551,Pančevo,90.94327380571428,83.94028945071261
12552,Pančevo,48.33928571285714,49.41202009866219
12553,Pančevo,49.20148809714286,48.54124867016756
12554,Pančevo,44.32755952428572,33.90467745519237
12555,Pančevo,31.92089285714286,31.3260547465614
12556,Pančevo,32.90803571428571,31.30012845093605
12557,Pančevo,33.58648809571429,35.20360892748199
12558,Pančevo,42.18392857142857,49.72723797215479
12559,Pančevo,38.37304347857143,44.23162116764512
12560,Pančevo,39.21503623285714,40.60429121738736
12561,Pančevo,34.67601190571429,37.694450898848906
12562,Pančevo,36.20930194857143,45.35551063004367
12563,Pančevo,24.77773809571429,30.221401433686765
12564,Pančevo,30.68583333285714,40.36807487590614
12565,Pančevo,29.27434523857143,30.229387610355705
12566,Pančevo,37.16672619,39.71980688986929
12567,Pančevo,35.86448308285714,34.24198913757419
12568,Pančevo,31.76297101428571,29.434764770192785
12569,Pančevo,22.64314625857143,30.33045316717021
12570,Pančevo,17.73519151042857,27.521680926723853
12571,Pančevo,33.39434523857143,30.96003374013485
12572,Pančevo,16.45909679142857,24.82354982734668
12573,Pančevo,14.64598343728572,32.53915611068752
12574,Pančevo,17.39184523857143,26.85991320075456
12575,Pančevo,41.56845238,46.03444961779273
12576,Pančevo,65.08904762,61.663901695990056
12577,Pančevo,56.36940476142858,59.87868440850671
12578,Pančevo,32.19482143,43.33333751461965
12579,Pančevo,22.95982142857143,31.48894471487581
12580,Pančevo,8.884345238571429,25.858274292647675
12581,Pančevo,13.44982142857143,22.703476792440288
12582,Pančevo,11.07559523814286,23.99636497628015
12583,Pančevo,9.073630952285717,18.683453116583703
12584,Pančevo,35.10562770428572,33.605486597040496
12585,Pančevo,28.25092687142857,27.681234768365712
12586,Pančevo,18.80577380857143,21.099853107777367
12587,Pančevo,18.76672619142857,21.936907618512635
12588,Pančevo,43.01886904571428,42.83976781437384
12589,Pančevo,49.45952381,61.72387339189108
12590,Pančevo,19.13315476285714,27.243903098463665
12591,Pančevo,23.89577380857143,28.121427674938325
12592,Pančevo,20.36547877857143,24.82354982734668
12593,Pančevo,32.45023809428572,31.643699522529342
12594,Pančevo,48.25547619,55.672506283211625
12595,Pančevo,40.41244047571428,55.12310911037834
12596,Pančevo,23.35089285714286,32.40247059873873
12597,Pančevo,82.37244047142858,59.52650624269887
12598,Pančevo,97.16250000857144,69.4716127813304
12599,Pančevo,91.85178572428572,74.93914624469684
12600,Pančevo,62.03166666571429,57.72079714011677
12601,Pančevo,61.65301242285715,60.00612058076597
12602,Pančevo,49.69601190571429,59.905256990382576
12603,Pančevo,25.46699275285714,29.50173906757502
12604,Pančevo,38.16244047714286,45.28422817118712
12605,Pančevo,56.03511904857142,56.429427255142976
12606,Pančevo,67.47619048142857,56.163564457700765
12607,Pančevo,81.27797619571427,63.889928534155054
12608,Pančevo,65.937083334,55.07794095245981
12609,Pančevo,77.79583333333333,40.46500853183512
12610,Pančevo,28.39902777833333,29.938276466721238
12611,Pančevo,56.72656745999999,47.77065208823352
12612,Pančevo,47.44336956499999,50.73516766338141
12613,Pančevo,44.909761905,43.47130486382861
12614,Pančevo,89.29021824833332,63.39526953649119
12615,Pančevo,66.65208333333334,52.66273027582486
12616,Pančevo,91.18486111666664,44.6143520811946
12617,Pančevo,19.97659722166667,22.568116533158207
12618,Pančevo,19.98923611,18.63974353081537
12619,Pančevo,20.960069445,15.859041859856642
12620,Pančevo,20.40388888833333,20.18406349311408
12621,Pančevo,22.63493055666667,16.589856237981557
12622,Pančevo,20.41972222166667,18.08521164603261
12623,Pančevo,19.395069445,24.499255961651503
12624,Pančevo,17.96173611166667,21.02273359987577
12625,Pančevo,23.81923611,22.11508199548493
12626,Pančevo,27.46125,23.522618601027524
12627,Pančevo,24.38465277833333,24.048143410477152
12628,Pančevo,19.05423611166666,21.90883769996208
12629,Pančevo,20.18548611166667,23.405735243628524
12630,Pančevo,19.08736111166667,26.382911722716035
12631,Pančevo,29.67909722166667,26.959534967918604
12632,Pančevo,25.43770833166667,23.57961725976068
12633,Pančevo,25.704333334,26.291543785835
12634,Pančevo,33.3125,30.199252605385244
12635,Pančevo,36.893416668,30.78789453402653
12636,Pančevo,30.242666666,24.927957576506422
12637,Pančevo,22.49909722166667,18.98057293771985
12638,Pančevo,15.413833334,18.10734006951615
12639,Pančevo,13.005833332,19.845485691950003
12640,Pančevo,41.731944445,36.01493757280484
12641,Pančevo,37.09798611,29.73738684647796
12642,Pančevo,40.87458333333333,27.00274827211672
12643,Pančevo,48.3725,31.991298157934807
12644,Pančevo,41.88111111,30.95673673664177
12645,Pančevo,21.90298611,20.31452420365268
12646,Pančevo,19.97138889,18.86387246143078
12647,Pančevo,13.78951388833333,27.48666257257521
12648,Pančevo,11.77666666716667,24.942613135989102
12649,Pančevo,22.99541666666667,25.449759828396893
12650,Pančevo,37.53138888833333,36.416253285653525
12651,Pančevo,26.1265,17.97953692167248
12652,Pančevo,24.361583334,23.93120398943713
12653,Pančevo,25.428333334,21.22888662105601
12654,Pančevo,19.229583332,20.79904234198672
12655,Pančevo,33.0435,27.39367581823418
12656,Pančevo,32.848666666,27.40734447777215
10426,Pirot,79.0,77.26212282546858
10427,Pirot,58.38333333,86.90467126103408
10428,Pirot,116.6208333,119.07972468294054
10429,Pirot,115.2166667,118.4421897759038
10430,Pirot,126.5416667,118.37472318661916
10431,Pirot,71.2875,87.42778794170927
10432,Pirot,51.14166667,82.15358944107825
10433,Pirot,11.76666667,41.62339905695583
10434,Pirot,35.0875,68.15413429660036
10435,Pirot,35.325,61.71180573160253
10436,Pirot,33.0875,64.20336136067728
10437,Pirot,34.64166667,64.35442082878251
10438,Pirot,40.9625,72.53772113418894
10439,Pirot,61.69583333,91.2725257365733
10440,Pirot,60.3375,75.90291524767096
10441,Pirot,69.05,93.0065586163135
10442,Pirot,81.425,91.68377848766212
10443,Pirot,17.31041667,37.87131806480637
10444,Pirot,59.64166667,87.26247452179558
10445,Pirot,78.79583333,85.63490994486278
10446,Pirot,24.81833333,48.46965474317137
10447,Pirot,31.87916667,49.4326410316424
10448,Pirot,32.17083333,49.05253898343904
10449,Pirot,61.12916667,76.12341537358087
10450,Pirot,67.02083333,82.81627982809181
10451,Pirot,62.9375,67.3358712221511
10452,Pirot,58.23333333,74.59598760632336
10453,Pirot,93.53333333,98.27177930076373
10454,Pirot,51.25833333,65.05260944543372
10455,Pirot,99.87083333,103.7132327453502
10456,Pirot,65.8375,50.106142681658746
10457,Pirot,58.90416667,33.80334063970639
10458,Pirot,40.82916667,33.40471623623261
10459,Pirot,39.92916667,30.47419792820587
10460,Pirot,69.725,63.15236722851186
10461,Pirot,80.34583333,47.36357883582066
10462,Pirot,66.7,52.24227806597301
10463,Pirot,65.975,37.85097238449304
10464,Pirot,19.58208333,22.01731432375275
10465,Pirot,46.04166667,33.38544418414244
10466,Pirot,92.87083333,57.975795798647965
10467,Pirot,103.8833333,58.842877683823154
10468,Pirot,61.2,45.57136475098645
10469,Pirot,43.40208333,33.29074742160532
10470,Pirot,50.30833333,33.68517528649641
10471,Pirot,68.72916667,51.18450371382375
10472,Pirot,41.30833333,32.65592508790288
10473,Pirot,57.87083333,48.53676867551842
10474,Pirot,45.27333333,52.67005222189308
10475,Pirot,70.30541667,84.62417390604146
10476,Pirot,51.625,48.45308562462193
10477,Pirot,65.4125,63.08041229985379
10478,Pirot,32.66458333,38.78786493072954
10479,Pirot,27.84166667,35.95878935639041
10480,Pirot,44.06125,57.03634658879088
10481,Pirot,57.86666667,78.23434352550046
10482,Pirot,58.675,57.46297315425932
10483,Pirot,29.0,33.10894867435407
10484,Pirot,32.01875,44.20263565896205
10485,Pirot,60.77916667,71.74482127802774
10486,Pirot,45.7625,56.25799572217915
10487,Pirot,53.47083333,69.55379440179179
10488,Pirot,69.4625,76.93529505693293
10489,Pirot,62.125,68.09662661056063
10490,Pirot,38.46958333,38.89645959075646
10491,Pirot,29.76125,45.48492216450835
10492,Pirot,48.9375,68.60488571473498
10493,Pirot,49.75416667,61.825165517098206
10494,Pirot,39.08333333,56.76901742566672
10495,Pirot,39.025,63.26464848278186
10496,Pirot,50.70416667,72.28728735319214
10497,Pirot,53.30416667,85.72218532918694
10498,Pirot,70.05416667,97.55051690808352
10499,Pirot,67.575,90.14658631551416
10500,Pirot,91.07916667,85.54433053081951
10501,Pirot,44.2375,47.546716449861535
10502,Pirot,51.22916667,74.25047728179042
10503,Pirot,52.34583333,66.07787410332244
10504,Pirot,49.02916667,69.39840182643107
10505,Pirot,66.24166667,78.69552187453371
10506,Pirot,94.4,54.8355248847214
10507,Pirot,66.95833333,67.20439766509308
10508,Pirot,63.12916667,72.23350429966231
10509,Pirot,68.22916667,65.29910739202714
10510,Pirot,58.11666667,63.675791075782655
10511,Pirot,55.16818182,62.30595662702365
10512,Pirot,54.50416667,81.51121235458659
10513,Pirot,66.19166667,59.07912901416694
10514,Pirot,61.72916667,48.71179118845081
10515,Pirot,57.94166667,30.21599639060205
10516,Pirot,57.8,33.94472613000508
10517,Pirot,14.67208333,25.125159316905503
10518,Pirot,22.96583333,34.078621737851435
10519,Pirot,30.77083333,52.85179946497449
10520,Pirot,38.24291667,57.1843648927643
10521,Pirot,32.42,45.94186760376156
10522,Pirot,26.80833333,42.483406942256885
10523,Pirot,28.70375,44.55795142682933
10524,Pirot,35.4625,47.51839975125926
10525,Pirot,36.67083333,34.75163225867731
10526,Pirot,22.12291667,30.492040874834764
10527,Pirot,16.09583333,31.698658234123165
10528,Pirot,24.45958333,36.01491694220604
10529,Pirot,33.64583333,41.80492460095177
10530,Pirot,36.1125,47.66590570454939
10531,Pirot,27.85,27.56663580864579
10532,Pirot,25.00416667,31.63363723474584
10533,Pirot,25.3,33.182516602717875
10534,Pirot,23.38791667,28.72251266173864
10535,Pirot,16.27458333,27.1320372722803
10536,Pirot,18.20166667,24.831551190515917
10537,Pirot,19.36333333,35.91400922775862
10538,Pirot,23.725,30.380345952285943
10539,Pirot,19.80958333,34.217578664665886
10540,Pirot,19.74791667,30.65300870177565
10541,Pirot,20.41666667,30.78489167643885
10542,Pirot,18.62583333,32.69646274780989
10543,Pirot,20.15416667,29.930282510495587
10544,Pirot,19.20833333,30.88565002701312
10545,Pirot,25.09166667,25.910106585795127
10546,Pirot,23.29166667,27.63938662068401
10547,Pirot,18.92083333,26.78665206326808
10548,Pirot,19.01666667,27.829367098570824
10549,Pirot,22.14583333,30.932527094107776
10550,Pirot,18.71666667,36.716604429602505
10551,Pirot,19.6875,38.13106136795749
10552,Pirot,22.39166667,38.91639112844685
10553,Pirot,27.0375,33.75595345370058
10554,Pirot,22.85416667,31.643340996665152
10555,Pirot,21.22083333,31.570932862506528
10556,Pirot,21.95,30.823235740935846
10557,Pirot,20.73875,21.21710080111893
10558,Pirot,13.36166667,23.80525655163291
10559,Pirot,13.2575,31.291332983570623
10560,Pirot,16.38791667,27.138162258014304
10561,Pirot,20.65,29.18642437902929
10562,Pirot,19.13333333,26.461855675021585
10563,Pirot,25.74166667,26.363782397259648
10564,Pirot,31.575,27.26378198726708
10565,Pirot,30.425,30.263019565604
10566,Pirot,21.61666667,31.57318991298128
10567,Pirot,24.73333333,25.207106667873667
10568,Pirot,18.96416667,22.27933814865032
10569,Pirot,21.06208333,25.88893483591915
10570,Pirot,23.1125,25.64260978334425
10571,Pirot,21.60833333,23.233041242148715
10572,Pirot,20.79166667,23.275809622741964
10573,Pirot,28.22916667,30.447292897194902
10574,Pirot,30.4375,29.35821746612188
10575,Pirot,21.56666667,29.38658456682295
10576,Pirot,20.49583333,24.918254129429453
10577,Pirot,16.975,29.489685751460087
10578,Pirot,15.1625,25.653449099684074
10579,Pirot,13.86041667,20.715964567824923
10580,Pirot,13.02833333,22.25970913315363
10581,Pirot,14.32833333,21.54152412862597
10582,Pirot,21.1625,22.562128886080213
10583,Pirot,17.14583333,23.24533236476148
10584,Pirot,20.57916667,27.4418032692116
10585,Pirot,19.47083333,30.04474432225325
10586,Pirot,19.91666667,35.542386994639855
10587,Pirot,24.15416667,28.434866665502422
10588,Pirot,21.1625,27.486804719670506
10589,Pirot,12.8175,26.55005537674158
10590,Pirot,11.56416667,30.04474432225325
10591,Pirot,23.22083333,29.041240731155977
10592,Pirot,28.3625,30.95837384076088
10593,Pirot,19.3875,25.003732834270693
10594,Pirot,19.65416667,28.19492728584116
10595,Pirot,23.45833333,26.32913243196447
10596,Pirot,15.24166667,20.78233695970208
10597,Pirot,18.26666667,24.87998618388415
10598,Pirot,22.14583333,25.674910323493123
10599,Pirot,18.3125,29.935798142615777
10600,Pirot,19.91666667,28.171805299373577
10601,Pirot,22.0125,27.91501474497598
10602,Pirot,25.3,24.316636590622927
10603,Pirot,22.16666667,26.399234338824414
10604,Pirot,27.7,35.86963290245839
10605,Pirot,26.20416667,28.240925269744857
10606,Pirot,25.27083333,24.360795849697936
10607,Pirot,18.96916667,28.71369298421799
10608,Pirot,20.7375,26.595309014796623
10609,Pirot,16.71708333,15.801704010293667
10610,Pirot,20.2125,20.25177446610227
10611,Pirot,14.23375,28.565999015418125
10612,Pirot,14.48333333,24.846156701758417
10613,Pirot,14.42,27.142159224635044
10614,Pirot,14.61875,25.13384142425846
10615,Pirot,12.83416667,24.950038978812312
10616,Pirot,18.16666667,25.26371044270713
10617,Pirot,17.14583333,25.73981062086157
10618,Pirot,14.79833333,23.192451694905063
10619,Pirot,16.73333333,22.94494324427104
10620,Pirot,15.80958333,25.27055823578069
10621,Pirot,20.50833333,29.80072136502605
10622,Pirot,25.42916667,31.53374279899805
10623,Pirot,26.57916667,30.732781885581296
10624,Pirot,31.16666667,33.467905380339886
10625,Pirot,23.50416667,32.09454977820356
10626,Pirot,20.64583333,33.379921429991455
10627,Pirot,25.25833333,30.965612902032515
10628,Pirot,19.25833333,26.43702378133759
10629,Pirot,22.225,31.549759352884845
10630,Pirot,20.90416667,24.117028281964007
10631,Pirot,22.51666667,28.27590108458448
10632,Pirot,19.74625,26.49475343023005
10633,Pirot,11.85,22.735668302581864
10634,Pirot,11.91083333,25.582113990302663
10635,Pirot,15.70833333,32.14071868957446
10636,Pirot,18.29166667,31.256477095184785
10637,Pirot,20.325,33.5969081843962
10638,Pirot,21.33166667,27.907130958394497
10639,Pirot,19.74166667,23.506497612396537
10640,Pirot,20.85,26.81860834639808
10641,Pirot,26.7,27.12604100469264
10642,Pirot,21.86666667,25.70138262713583
10643,Pirot,16.71291667,23.815830689899222
10644,Pirot,18.8625,24.76576929337281
10645,Pirot,15.64,22.09340044113113
10646,Pirot,23.2,33.26608371563093
10647,Pirot,20.1875,29.35901085358792
10648,Pirot,18.50416667,29.56381246862876
10649,Pirot,18.125,33.39053894280411
10650,Pirot,22.4625,30.075597840847085
10651,Pirot,28.15833333,26.425647591312813
10652,Pirot,15.17083333,19.7717673493253
10653,Pirot,16.95833333,24.029213214387152
10654,Pirot,17.82083333,25.715784109326624
10655,Pirot,18.50833333,32.055733240135964
10656,Pirot,55.7,29.594521401437632
10657,Pirot,39.58333333,37.29687520082783
10658,Pirot,32.88333333,34.91903409742012
10659,Pirot,30.71666667,31.5615104623786
10660,Pirot,36.99166667,27.536116042258723
10661,Pirot,30.9375,24.918254129429453
10662,Pirot,29.69583333,25.3096962457208
10663,Pirot,23.83333333,25.89419561033172
10664,Pirot,14.10583333,16.864121452592897
10665,Pirot,19.34583333,23.907209538991506
10666,Pirot,16.99583333,22.41071675403054
10667,Pirot,16.58833333,23.35034817363813
10668,Pirot,14.4575,21.922387159614612
10669,Pirot,16.55,24.069411754839912
10670,Pirot,23.7,31.14980523022012
10671,Pirot,26.35833333,33.14765072910354
10672,Pirot,22.2125,24.867415977867893
10673,Pirot,19.68333333,28.081001220424167
10674,Pirot,20.09583333,27.73484008174377
10675,Pirot,19.21666667,35.67257704538681
10676,Pirot,14.56041667,32.57776624424367
10677,Pirot,20.50791667,29.36583347679001
10678,Pirot,18.43458333,29.34188857700033
10679,Pirot,14.29375,22.721596609429845
10680,Pirot,8.473333333,22.29012981343498
10681,Pirot,10.385,20.955764366374066
10682,Pirot,16.91666667,28.351101604415007
10683,Pirot,21.4125,29.566345388273074
10684,Pirot,26.05166667,32.27496052367203
10685,Pirot,31.39166667,41.23895279364103
10686,Pirot,27.2625,46.63345074285781
10687,Pirot,28.02083333,39.762008838584585
10688,Pirot,35.38181818,36.04835673843266
10689,Pirot,24.06666667,23.649000824680027
10690,Pirot,26.4875,31.85870266304189
10691,Pirot,34.65416667,30.906117378501264
10692,Pirot,26.625,30.122815472401804
10693,Pirot,44.5875,32.7568093194472
10694,Pirot,18.67125,21.30590716551824
10695,Pirot,22.22083333,27.32966822895372
10696,Pirot,29.44583333,36.12463227881624
10697,Pirot,31.08333333,38.95028501333119
10698,Pirot,33.5375,40.56792031476014
10699,Pirot,39.81666667,48.24420720308722
10700,Pirot,37.15,42.82820941899001
10701,Pirot,46.03333333,58.44244913018505
10702,Pirot,58.2125,58.739763346754536
10703,Pirot,46.00833333,40.936407298824975
10704,Pirot,65.17083333,63.01920942748506
10705,Pirot,53.04166667,47.52514362188544
10706,Pirot,42.18333333,44.108012195306365
10707,Pirot,38.33333333,46.84003043638379
10708,Pirot,39.06333333,48.76179816861065
10709,Pirot,51.34,62.824688081706086
10710,Pirot,56.45833333,63.199998808944585
10711,Pirot,58.2125,59.696263339388125
10712,Pirot,46.62916667,57.01170156533139
10713,Pirot,48.4375,57.482691977536106
10714,Pirot,41.64166667,48.69548521573785
10715,Pirot,46.92791667,63.6977434379426
10716,Pirot,61.49166667,62.902684592375095
10717,Pirot,64.77083333,51.61006835683699
10718,Pirot,39.29583333,54.007906413965856
10719,Pirot,27.93333333,47.55909401758557
10720,Pirot,41.1225,51.86521818434949
10721,Pirot,45.34583333,59.32095261214964
10722,Pirot,53.58333333,62.18362101117332
10723,Pirot,71.32083333,66.53278958063912
10724,Pirot,87.20833333,76.04683293089737
10725,Pirot,62.40416667,62.346613153379614
10726,Pirot,71.50833333,75.39024459191323
10727,Pirot,66.1125,65.67940392507414
10728,Pirot,55.9125,58.34032939834324
10729,Pirot,60.73333333,64.08581414360704
10730,Pirot,47.7125,52.142997077408886
10731,Pirot,52.44166667,54.04822862872811
10732,Pirot,68.60833333,74.39174939104753
10733,Pirot,84.9125,85.27709448667619
10734,Pirot,45.20416667,47.19356044417472
10735,Pirot,53.4375,53.01173892052442
10736,Pirot,51.37916667,62.9118243716623
10737,Pirot,57.975,71.0102640663336
10738,Pirot,67.57083333,74.20197360613466
10739,Pirot,97.3125,101.56524890531009
10740,Pirot,50.44166667,48.651877030546046
10741,Pirot,78.68333333,78.44434627725015
10742,Pirot,38.1375,39.42495804296234
10743,Pirot,48.92625,45.26872025502113
10744,Pirot,21.73916667,29.913475133672087
10745,Pirot,25.12083333,35.994539696563685
10746,Pirot,52.81291667,63.37415127563805
10747,Pirot,27.4,42.49691622364957
10748,Pirot,33.06333333,39.92719047150194
10749,Pirot,45.6625,60.481036067338685
10750,Pirot,38.825,50.29719291565791
10751,Pirot,60.93333333,71.30218802690436
10752,Pirot,53.01666667,59.88914969503284
10753,Pirot,30.77916667,37.87943946399402
10754,Pirot,21.74541667,32.17856759298505
10755,Pirot,41.795,53.94095999019343
10756,Pirot,27.14583333,48.8815844760634
10757,Pirot,11.56666667,29.156315710380127
10758,Pirot,14.89458333,40.74316902180069
10759,Pirot,32.39166667,36.43260025656111
10760,Pirot,52.22916667,56.89192787703097
10761,Pirot,53.01666667,54.04822862872811
10762,Pirot,66.6,64.76547496385005
10763,Pirot,20.83166667,24.634568240730665
10764,Pirot,24.21458333,32.09157509067918
10765,Pirot,34.77916667,43.37681461393988
10766,Pirot,49.97916667,70.87549619594468
10767,Pirot,21.57916667,38.42781859668145
10768,Pirot,80.77708333,88.87880378739267
10769,Pirot,71.32083333,73.31215040589585
10770,Pirot,34.62083333,34.28682996293313
10771,Pirot,38.85,56.64679817740345
10772,Pirot,32.675,52.33224718008539
10773,Pirot,30.57083333,48.302344076599645
10774,Pirot,74.09166667,78.54179752088726
10775,Pirot,124.0125,127.72222804011776
10776,Pirot,167.8416667,131.38946220347418
10777,Pirot,120.9,91.25399302469845
10778,Pirot,67.45,75.39024459191323
10779,Pirot,124.5625,130.44169839497033
10780,Pirot,100.2708333,82.30160774505167
10781,Pirot,48.71666667,54.798867248789776
10782,Pirot,79.7,93.4850793406657
10783,Pirot,102.6208333,101.86586780706544
10784,Pirot,128.9208333,85.27709448667619
22333,Pirot,151.6125,119.83498771914336
22334,Pirot,150.2625,119.07972468294054
22335,Pirot,106.7583333333333,101.86586780706544
22336,Pirot,51.86250000000001,59.86599138930192
22337,Pirot,72.60833333333333,83.15359877799624
22338,Pirot,52.29583333333333,61.06978470312108
22339,Pirot,79.84166666666665,112.94565470736325
22340,Pirot,81.27499999999999,100.13668831971958
22341,Pirot,34.67083333333333,45.07866562764421
22342,Pirot,34.21666666666666,39.21884044722601
22343,Pirot,35.24583333333333,39.27693973898892
22344,Pirot,33.25,41.05341536606716
22345,Pirot,52.8375,51.85169435254453
22346,Pirot,66.77500000000002,68.01854651405739
22347,Pirot,55.14583333333334,75.05245050302695
22348,Pirot,35.52083333333334,49.54092055053908
22349,Pirot,25.57333333333333,31.34738323872187
22350,Pirot,32.59333333333333,26.342731390122584
22351,Pirot,62.20124999999999,26.27538705970044
22352,Pirot,22.79083333333334,33.89441341448171
22353,Pirot,25.13666666666667,32.75348662888248
22354,Pirot,47.79583333333333,61.62754957217784
22355,Pirot,21.54875,30.106642094579648
22356,Pirot,17.825,28.113683762176347
22357,Pirot,23.815,37.39160781326591
22358,Pirot,21.63041666666667,28.010878219672573
22359,Pirot,25.32083333333334,47.81018244332773
22360,Pirot,36.15416666666668,44.57458402077491
22361,Pirot,36.47916666666667,47.88839558943127
22362,Pirot,44.9625,51.62466558010813
22363,Pirot,35.65,46.53016640116
22364,Pirot,51.27083333333332,67.10959883565151
22365,Pirot,61.68749999999999,59.155568430857976
22366,Pirot,44.21666666666667,50.9554546655168
22367,Pirot,24.41666666666667,30.572677762710335
22368,Pirot,19.15416666666667,33.26623570384519
22369,Pirot,36.925,49.4471056116164
22370,Pirot,45.87916666666666,70.5317433419814
22371,Pirot,61.71250000000001,68.60488571473498
22372,Pirot,64.12083333333334,75.70098223344391
22373,Pirot,61.92916666666667,72.08857413199102
22374,Pirot,63.93750000000001,70.87549619594468
22375,Pirot,82.78333333333333,69.21005079316006
22376,Pirot,69.9875,57.64529337826917
22377,Pirot,43.525,39.868272418539526
22378,Pirot,72.8625,78.21571160228191
22379,Pirot,96.60833333333336,87.87083237316631
22380,Pirot,98.9875,109.61840619275138
22381,Pirot,88.73750000000001,90.63950197165175
22382,Pirot,79.67083333333333,77.86451379965685
22383,Pirot,40.575,54.31934517405967
22384,Pirot,64.22916666666667,63.81063579641874
22385,Pirot,72.6625,76.29798360041698
22386,Pirot,50.62916666666667,58.46756695658467
22387,Pirot,42.96666666666667,44.11934994342703
22388,Pirot,117.5625,78.89395077356525
22389,Pirot,66.99166666666667,41.37225232069834
22390,Pirot,30.01625,52.71399143203676
22391,Pirot,37.65833333333334,38.78057892249526
22392,Pirot,14.64666666666667,28.626673742796555
22393,Pirot,14.15458333333333,29.36465758937325
22394,Pirot,24.19791666666666,28.45059460762476
22395,Pirot,40.24166666666667,48.84833139023653
22396,Pirot,43.90833333333334,50.82227550596824
22397,Pirot,43.45416666666667,58.842877683823154
22398,Pirot,45.36791666666667,46.78876257633279
22399,Pirot,23.06416666666667,28.2174692579086
22400,Pirot,30.27083333333334,43.7091614248407
22401,Pirot,49.93833333333334,76.02266475374833
22402,Pirot,28.46666666666667,43.80992297023068
22403,Pirot,23.80833333333334,32.122710318095734
22404,Pirot,19.02375,28.6697620806326
22405,Pirot,31.41666666666667,49.67613692264558
22406,Pirot,44.52916666666666,62.13112826012152
22407,Pirot,46.20250000000001,73.81920576508482
22408,Pirot,49.88750000000001,55.29271894255505
22409,Pirot,52.73333333333333,53.43305501323854
22410,Pirot,36.3,41.08403839945707
22411,Pirot,39.5,65.30409319783566
22412,Pirot,38.45875,62.52924744295989
22413,Pirot,29.73208333333333,41.74476885211106
22414,Pirot,22.18045454545454,32.5760732686572
22415,Pirot,22.51916666666667,34.52049716654032
22416,Pirot,14.31458333333333,33.882969081385504
22417,Pirot,21.83333333333333,35.018155371333286
22418,Pirot,30.46,42.044969514706175
22419,Pirot,35.78333333333333,47.668996604764224
22420,Pirot,22.26458333333333,35.9917684136149
22421,Pirot,22.29791666666666,40.29595419248461
22422,Pirot,29.24166666666667,35.83580079325208
22423,Pirot,19.33375,30.485971189310312
22424,Pirot,26.64166666666667,39.10319547097354
22425,Pirot,40.00833333333333,58.92596838821255
22426,Pirot,55.98333333333333,55.33164087928825
22427,Pirot,52.725,59.29605412222909
22428,Pirot,39.20416666666667,38.871628750337486
22429,Pirot,39.27083333333334,46.83382844146154
22430,Pirot,29.49583333333333,39.68784895776759
22431,Pirot,27.07458333333334,36.21466025834346
22432,Pirot,30.41041666666666,49.825287771601936
22433,Pirot,29.76833333333333,33.06175545946266
22434,Pirot,22.35625,38.35428615670669
22435,Pirot,23.16208333333333,33.22641753825669
22436,Pirot,22.70416666666667,30.17974680068144
22437,Pirot,12.1125,22.72572262074725
22438,Pirot,36.45833333333332,38.54867696751671
22439,Pirot,41.44583333333334,43.76492089671784
22440,Pirot,39.59583333333334,40.9117486183938
22441,Pirot,30.37083333333333,31.013219864706365
22442,Pirot,21.59999999999999,30.25238361447178
22443,Pirot,25.57916666666666,28.021940184761164
22444,Pirot,21.86166666666666,24.863715069782533
22445,Pirot,23.5875,27.28794767719941
22446,Pirot,25.99166666666667,29.804463852914733
22447,Pirot,26.03333333333333,40.079268524773184
22448,Pirot,38.7875,41.07214505696858
22449,Pirot,25.575,29.711143874291267
22450,Pirot,22.17416666666666,31.542185715863468
22451,Pirot,16.875,27.26424440072322
22452,Pirot,17.41666666666667,23.464437491928777
22453,Pirot,25.77916666666667,26.26423023056868
22454,Pirot,21.59166666666667,36.25965188325703
22455,Pirot,19.85,28.459747824341974
22456,Pirot,18.75541666666667,30.5971058768912
22457,Pirot,21.03749999999999,26.557444622374906
22458,Pirot,10.30083333333334,18.973696143239938
22459,Pirot,13.02958333333333,22.016958488433936
22460,Pirot,16.64583333333333,28.430699255171284
22461,Pirot,13.12541666666667,22.70921733869921
22462,Pirot,15.58749999999999,21.970224817748488
22463,Pirot,12.95125,21.976424549758946
22464,Pirot,22.05708333333334,28.54398318405229
22465,Pirot,30.3,28.03645362578194
22466,Pirot,26.00833333333334,22.68554336606098
22467,Pirot,20.70833333333334,21.42165829595428
22468,Pirot,26.10833333333333,28.840070417837563
22469,Pirot,24.1,25.65859190808185
22470,Pirot,20.00416666666667,25.43231952158226
22471,Pirot,19.1875,30.8302877543522
22472,Pirot,16.8375,36.64759148916007
22473,Pirot,16.63333333333333,33.34686186571145
22474,Pirot,16.89333333333333,31.43678469155204
22475,Pirot,17.14166666666667,26.92424044958784
22476,Pirot,21.59166666666667,26.02002954329637
22477,Pirot,15.59291666666667,25.35913226314743
22478,Pirot,15.52666666666667,29.284512160907678
22479,Pirot,12.91208333333334,27.686594180083954
22480,Pirot,18.94583333333334,30.380667432367805
22481,Pirot,18.08333333333333,25.995593212252963
22482,Pirot,18.78333333333333,25.455669208507985
22483,Pirot,13.08791666666667,19.609880172991787
22484,Pirot,11.30125,19.81330458332217
22485,Pirot,21.26666666666667,25.3096962457208
22486,Pirot,15.48333333333333,21.9947551437638
22487,Pirot,15.54583333333333,18.68342204118449
22488,Pirot,15.54166666666666,27.9256651984275
22489,Pirot,16.6,25.3096962457208
22490,Pirot,23.1625,24.45245210760619
22491,Pirot,27.98333333333334,37.17546164332573
22492,Pirot,22.00416666666666,33.49942129263863
22493,Pirot,21.425,33.476823699510646
22494,Pirot,31.86666666666667,31.056020508234724
22495,Pirot,16.60833333333333,25.00996998064512
22496,Pirot,18.77916666666667,23.066387663431836
22497,Pirot,18.42916666666667,28.00249956202055
22498,Pirot,14.42,29.47500734252693
22499,Pirot,13.6125,25.274154580114093
22500,Pirot,14.13,26.974610314135788
22501,Pirot,19.01083333333333,28.888730666031787
22502,Pirot,10.86083333333333,26.211632455821675
22503,Pirot,16.5375,25.166709414688118
22504,Pirot,13.22291666666666,25.020736451900927
22505,Pirot,22.00833333333333,25.94568894104135
22506,Pirot,17.85,25.864299964590053
22507,Pirot,16.84583333333333,29.10368212038965
22508,Pirot,17.56666666666667,31.21147047246965
22509,Pirot,22.55,36.37622784635661
22510,Pirot,21.40416666666667,32.09454977820356
22511,Pirot,20.65,32.977720366908386
22512,Pirot,24.725,32.60240963966989
22513,Pirot,22.07916666666667,32.01861018317374
22514,Pirot,24.70833333333334,33.68080740017285
22515,Pirot,24.0875,34.00876911338278
22516,Pirot,21.9375,33.5793175712088
22517,Pirot,19.90833333333333,32.09454977820356
22518,Pirot,14.00833333333333,25.62577142302449
22519,Pirot,18.25416666666667,27.35164766222303
22520,Pirot,27.29166666666667,28.3062466538793
22521,Pirot,15.12541666666667,30.07428187159993
22522,Pirot,15.09166666666667,31.268206035697016
22523,Pirot,28.96666666666667,31.752028317300947
22524,Pirot,25.91666666666667,27.53423767896869
22525,Pirot,13.22083333333333,25.625805847206298
22526,Pirot,10.27416666666667,35.11515894761811
22527,Pirot,8.7625,31.33119206297395
22528,Pirot,10.1975,30.884626890253134
22529,Pirot,13.3,27.260417934177298
22530,Pirot,8.948333333333336,26.688323629943444
22531,Pirot,13.04458333333333,28.19999299063843
22532,Pirot,15.0525,33.404948413930114
22533,Pirot,20.04166666666667,38.42488669548267
22534,Pirot,19.67791666666667,27.74516929966295
22535,Pirot,7.063333333333333,23.11809480652004
22536,Pirot,7.734999999999999,18.62782468325242
22537,Pirot,7.575833333333335,18.418627618970856
22538,Pirot,9.791666666666668,24.74678363547956
22539,Pirot,11.02458333333333,22.71853219579352
22540,Pirot,14.2575,25.07906708478844
22541,Pirot,13.45458333333333,28.437035464675063
22542,Pirot,11.65791666666667,29.896754041053438
22543,Pirot,12.64333333333333,30.857426195385173
22544,Pirot,16.20833333333334,27.79842764018606
22545,Pirot,20.8875,30.942147305021248
22546,Pirot,18.06666666666667,30.595232448337484
22547,Pirot,17.98666666666666,31.69543408271875
22548,Pirot,17.53333333333333,27.73273520557973
22549,Pirot,14.34833333333333,27.93958395862549
22550,Pirot,17.64166666666667,29.35452984915627
22551,Pirot,22.19583333333334,33.02963768669163
22552,Pirot,20.2,37.50012566051073
22553,Pirot,23.07083333333334,29.879765485557414
22554,Pirot,19.07083333333333,31.73487922107269
22555,Pirot,16.59166666666667,32.1464670979868
22556,Pirot,16.23333333333334,29.68220388885118
22557,Pirot,13.15125,26.769354080262985
22558,Pirot,16.0625,26.84957341942617
22559,Pirot,9.566666666666668,24.191141417137725
22560,Pirot,8.052083333333334,24.24343171902225
22561,Pirot,13.66708333333333,29.221706088508256
22562,Pirot,16.71833333333333,29.82328920224634
22563,Pirot,14.2475,29.597016815746755
22564,Pirot,10.2225,19.606700827884666
22565,Pirot,14.35541666666666,27.836041752857223
22566,Pirot,16.65833333333333,32.243679932956475
22567,Pirot,18.4125,30.815718918932912
22568,Pirot,16.475,32.243679932956475
22569,Pirot,13.165,66.2895197968363
22570,Pirot,13.08333333333333,60.05350767149398
22571,Pirot,13.7475,60.12097426077865
22572,Pirot,12.11166666666667,60.12097426077865
22573,Pirot,14.03375,66.60813705564058
22574,Pirot,20.42083333333333,60.11658593752142
22575,Pirot,20.52916666666667,61.08258502031599
22576,Pirot,16.2,56.10310321779611
22577,Pirot,16.14208333333334,46.98888671847381
22578,Pirot,21.625,29.677617632388785
22579,Pirot,28.67083333333332,30.37948080001113
22580,Pirot,22.74583333333333,30.970744022140927
22581,Pirot,18.98333333333334,30.527174768811
22582,Pirot,20.9375,31.430998059824525
22583,Pirot,22.4,33.20470010061734
22584,Pirot,25.14166666666667,34.644122645663
22585,Pirot,15.74208333333334,29.819043526481995
22586,Pirot,13.93166666666666,33.903902466015275
22587,Pirot,19.9375,38.95028501333119
22588,Pirot,21.5875,41.91200465904814
22589,Pirot,17.36666666666666,40.12514299823697
22590,Pirot,15.83291666666667,39.32559574056968
22591,Pirot,20.41916666666667,34.05291409736356
22592,Pirot,13.59208333333333,24.93755748310789
22593,Pirot,17.61041666666667,34.02266529539737
22594,Pirot,15.74,33.184838884813495
22595,Pirot,17.19583333333334,39.205982254718045
22596,Pirot,23.01666666666667,43.20352014622851
22597,Pirot,25.075,39.581292981956544
22598,Pirot,26.64083333333333,45.58695456740711
22599,Pirot,22.25416666666667,45.81575240403726
22600,Pirot,22.26666666666667,64.53678389374225
22601,Pirot,24.88260869565218,46.20730714542404
22602,Pirot,30.83333333333334,52.868371298272905
22603,Pirot,39.325,37.05156845474756
22604,Pirot,16.29565217391304,37.7922525730002
22605,Pirot,18.1,23.57890157808402
22606,Pirot,15.73083333333333,31.960235054932927
22607,Pirot,21.38791666666667,31.47842153809268
22608,Pirot,34.43916666666666,44.309092195748406
22609,Pirot,34.3375,38.88939809960864
22610,Pirot,26.95,42.43937335351007
22611,Pirot,33.50000000000001,36.571028606656455
22612,Pirot,25.58333333333334,27.949509342687666
22613,Pirot,16.99458333333333,27.24644664409452
22614,Pirot,23.215,28.134092645511803
22615,Pirot,26.95583333333333,33.18859374411153
22616,Pirot,44.77500000000001,65.30409319783566
22617,Pirot,29.575,29.60671835541436
22618,Pirot,47.65,61.330235355608345
22619,Pirot,13.94208333333333,35.58249938698587
22620,Pirot,22.68666666666667,33.5197430663368
22621,Pirot,34.95833333333333,56.11970506266484
22622,Pirot,46.72916666666666,45.37224279045003
22623,Pirot,37.97625,30.02760352870505
22624,Pirot,10.77125,22.516100927372047
22625,Pirot,30.08250000000001,60.19703090912288
22626,Pirot,82.42916666666667,102.20962066102872
22627,Pirot,78.38749999999999,110.83053746000624
22628,Pirot,54.13333333333335,25.780427839930297
22629,Pirot,23.99791666666667,74.87237459661804
22630,Pirot,87.63541666666664,48.44974329648852
22631,Pirot,12.75958333333333,48.390952667683614
22632,Pirot,14.66416666666667,27.64938406781337
22633,Pirot,86.05416666666667,74.50934762753303
22634,Pirot,38.1,37.179579060626175
22635,Pirot,53.5,62.77705650127336
22636,Pirot,33.29999999999999,34.84869006163109
22637,Pirot,25.73416666666667,30.3990592976801
22638,Pirot,30.97083333333333,34.70742997147468
22639,Pirot,50.2125,41.890376942553175
22640,Pirot,55.20833333333334,45.14830231358543
22641,Pirot,52.34166666666666,49.27106640344307
22642,Pirot,50.41666666666666,87.98101541381405
22643,Pirot,91.01666666666668,83.98667040904802
22644,Pirot,81.92083333333333,85.14985692843476
22645,Pirot,50.42916666666665,30.98797228372761
22646,Pirot,29.24166666666666,26.91872237568426
22647,Pirot,27.67208333333333,43.37681461393988
22648,Pirot,40.34166666666666,47.49491284830622
22649,Pirot,68.45833333333333,118.74922226256174
22650,Pirot,147.6875,101.1106047708626
22651,Pirot,194.1541666666667,72.07532369840654
22652,Pirot,54.79999999999999,74.49571835396989
22653,Pirot,116.9708333333333,75.78454173602614
22654,Pirot,48.4,56.41023000109893
22655,Pirot,64.76666666666668,110.5762037944417
22656,Pirot,125.75,110.80276711472132
22657,Pirot,128.3541666666667,129.42525488482443
22658,Pirot,92.25416666666666,101.86586780706544
22659,Pirot,80.83333333333334,127.6147733213798
22660,Pirot,72.74166666666667,117.68692673970098
22661,Pirot,95.79166666666669,131.38946220347418
22662,Pirot,113.65,129.32590804055806
30953,Pirot,59.10833333333334,67.71535711824515
30954,Pirot,20.33916666666667,84.48062908152856
30955,Pirot,57.80833333333333,66.69685396523606
30956,Pirot,40.64166666666667,61.958465853513104
30957,Pirot,64.92916666666666,85.27709448667619
30958,Pirot,14.61833333333333,40.22326331120567
30959,Pirot,22.06708333333333,40.48599047645073
30960,Pirot,9.127083333333331,46.70012176156249
30961,Pirot,8.313333333333333,31.531058078670743
30962,Pirot,10.86375,70.87549619594468
30963,Pirot,12.96125,70.5317433419814
30964,Pirot,13.01416666666667,65.90802011887193
30965,Pirot,13.19541666666667,128.9872733748328
30966,Pirot,11.68041666666667,128.3445752497015
30967,Pirot,12.43,102.0806425015036
30968,Pirot,1.525714285714286,102.03788275295746
30969,Pirot,70.9965,42.18458509770853
30970,Pirot,56.52833333333333,53.48427090554454
30971,Pirot,18.85125,44.68115638331427
30972,Pirot,31.08374999999999,69.89763804268254
30973,Pirot,41.6475,109.07973073421306
30974,Pirot,40.09166666666666,74.91172386756102
30975,Pirot,43.76250000000001,55.67979518541421
30976,Pirot,60.73333333333334,83.14343367062364
30977,Pirot,50.51250000000001,45.40177679098752
30978,Pirot,34.07083333333332,63.82394903769808
30979,Pirot,37.52083333333334,37.65530339616115
30980,Pirot,39.97916666666666,67.02582384470085
30981,Pirot,53.79583333333333,37.57367595013305
30982,Pirot,51.41666666666668,75.06570093661144
30983,Pirot,73.6125,129.48851039844848
30984,Pirot,91.925,129.2807106011651
30985,Pirot,83.1,74.26969084550043
30986,Pirot,79.10416666666667,45.98829180470752
30987,Pirot,65.74166666666667,91.7507380086116
30988,Pirot,83.87083333333334,110.24215060455674
30989,Pirot,91.675,86.11736690589528
30990,Pirot,73.10833333333333,46.09130637165181
30991,Pirot,48.4875,52.32282978066176
30992,Pirot,62.425,127.57564191348396
30993,Pirot,22.42083333333334,33.65260641908216
30994,Pirot,41.87916666666667,52.13757145907214
30995,Pirot,21.44166666666666,24.522145028062603
30996,Pirot,27.725,41.17113692742384
30997,Pirot,47.60416666666666,90.31173582412367
30998,Pirot,73.05833333333334,90.31173582412367
30999,Pirot,63.35416666666668,127.59542475298744
31000,Pirot,96.91666666666669,84.99438675272238
31001,Pirot,50.92916666666667,75.39024459191323
31002,Pirot,57.67916666666667,39.66115412946958
31003,Pirot,51.40000000000001,69.35927964711824
31004,Pirot,49.38333333333333,102.20962066102872
31005,Pirot,97.81666666666666,100.923286027184
31006,Pirot,61.175,84.59813053652303
31007,Pirot,25.54166666666666,50.04067052234085
31008,Pirot,70.09583333333335,64.22228045862623
31009,Pirot,51.825,53.52983148563938
31010,Pirot,37.4375,49.56739497143831
31011,Pirot,40.32083333333333,45.57043678558092
31012,Pirot,41.08749999999999,38.91431536086309
31013,Pirot,40.67083333333333,48.12681599134643
31014,Pirot,33.22916666666666,44.7293977352167
31015,Pirot,30.67916666666667,63.56342136357941
31016,Pirot,38.82916666666667,62.9118243716623
31017,Pirot,37.65000000000001,38.86875373216158
31018,Pirot,19.44166666666667,28.840389700027405
31019,Pirot,25.10666666666667,37.96094156045988
31020,Pirot,38.67916666666667,44.095618548423154
31021,Pirot,33.17083333333333,31.195801567682505
31022,Pirot,30.43333333333333,29.8738309814704
31023,Pirot,20.41541666666667,24.281101034876013
31024,Pirot,25.675,36.42159611422664
31025,Pirot,37.85,46.41189566819515
31026,Pirot,58.0,71.3479855829341
31027,Pirot,35.89583333333334,63.63088795286408
31028,Pirot,49.99166666666667,70.0184227974651
31029,Pirot,56.375,41.19434114730292
31030,Pirot,26.34583333333333,40.919951317523065
31031,Pirot,34.49166666666667,74.50957687620426
31032,Pirot,45.06666666666667,57.35732799711797
31033,Pirot,35.84583333333334,65.24501614663285
31034,Pirot,38.52291666666667,37.8768569609373
31035,Pirot,22.73958333333333,23.341108135402752
31036,Pirot,28.85541666666667,42.62382687605588
31037,Pirot,22.73333333333333,35.63280429995466
31038,Pirot,46.10416666666666,28.684704312942287
31039,Pirot,34.60958333333333,31.547445347392088
31040,Pirot,25.11916666666667,54.68319754355357
31041,Pirot,23.78083333333333,36.50121606370609
31042,Pirot,89.47272727272728,50.58093800023031
31043,Pirot,109.2666666666667,35.873123761421326
31044,Pirot,32.52791666666667,36.1345228262932
31045,Pirot,17.70083333333333,37.18784368691317
31046,Pirot,20.10791666666667,49.08061149140372
31047,Pirot,20.79291666666667,38.481523714948125
31048,Pirot,19.37125,30.69501849950734
31049,Pirot,17.925,39.202969480306194
31050,Pirot,14.37125,28.27760523463656
31051,Pirot,13.295,29.59663056101561
31052,Pirot,18.33583333333333,33.43029377571069
31053,Pirot,26.79583333333333,31.99856881152509
31054,Pirot,30.8375,50.04734347758808
31055,Pirot,33.36666666666667,35.55097237691052
31056,Pirot,20.81125,32.06603540080977
31057,Pirot,19.30416666666667,28.596966567506616
31058,Pirot,37.90833333333334,23.19705945952944
31059,Pirot,15.04875,20.730254697604444
31060,Pirot,18.94583333333333,30.582526614031423
31061,Pirot,24.44125,53.41111318151428
31062,Pirot,24.95833333333333,26.38961133207302
31063,Pirot,20.6875,20.93238843166197
31064,Pirot,23.84166666666667,42.381896993726414
31065,Pirot,18.74083333333333,34.149444219427906
31066,Pirot,21.40416666666667,23.952624521665264
31067,Pirot,24.29583333333333,31.709607996279647
31068,Pirot,28.88625,33.742112380606734
31069,Pirot,24.1425,37.73083024076417
31070,Pirot,18.4425,32.87553120092178
31071,Pirot,18.94166666666667,46.53790662787834
31072,Pirot,17.12916666666667,33.8586716606242
31073,Pirot,13.39416666666667,20.959338114532247
31074,Pirot,16.38666666666667,20.91523742926128
31075,Pirot,12.49708333333333,19.180658448344147
31076,Pirot,24.13166666666667,19.72191212181643
31077,Pirot,15.72083333333333,22.087500170620583
31078,Pirot,14.23875,21.35214313477817
31079,Pirot,14.73,19.393755338760062
31080,Pirot,9.868333333333332,19.18225716010453
31081,Pirot,17.845,51.349689255696205
31082,Pirot,18.64166666666667,22.3240709936256
31083,Pirot,14.12041666666667,19.21882851819056
31084,Pirot,13.47708333333333,22.00198481037089
31085,Pirot,16.02291666666666,26.02002954329637
31086,Pirot,9.468333333333332,17.053124395913212
31087,Pirot,15.71666666666667,21.659159010993434
31088,Pirot,21.575,35.94542194780235
31089,Pirot,28.04166666666666,30.61178428582436
31090,Pirot,16.94541666666667,18.10695672471779
31091,Pirot,11.25166666666667,21.067564833245736
31092,Pirot,22.60833333333333,19.12896091654643
31093,Pirot,21.12416666666666,21.067564833245736
31094,Pirot,15.40833333333333,17.880097432809734
31095,Pirot,19.90833333333333,22.335438895520813
31096,Pirot,19.25,24.256310456900952
31097,Pirot,18.3875,23.471170240345707
31098,Pirot,18.74583333333333,22.377295537609392
31099,Pirot,15.22916666666666,27.816846017217166
31100,Pirot,20.57083333333334,20.10387495991354
31101,Pirot,17.80833333333334,19.882084933175985
31102,Pirot,16.46666666666667,23.140150457405607
31103,Pirot,14.71416666666666,20.307723525915392
31104,Pirot,13.65,21.29165151279532
31105,Pirot,19.23333333333333,22.79378851557682
31106,Pirot,21.64166666666667,22.531630903481695
31107,Pirot,15.3675,21.28269488719892
31108,Pirot,10.35375,21.368215870422542
31109,Pirot,12.2925,25.62416813595852
31110,Pirot,13.90375,29.69701501703335
31111,Pirot,17.3125,24.19992415739399
31112,Pirot,37.18333333333333,22.212400286724925
31113,Pirot,26.99583333333334,25.24872713632214
31114,Pirot,24.38333333333334,21.429919765997184
31115,Pirot,27.42083333333333,24.472673625754027
31116,Pirot,14.2675,24.853795246711137
31117,Pirot,11.14208333333334,23.351235455239227
31118,Pirot,9.980833333333331,23.50953712455777
31119,Pirot,14.79458333333333,30.087004153205008
31120,Pirot,18.00833333333334,32.5217778252253
31121,Pirot,18.80833333333333,26.910517827812125
31122,Pirot,37.99583333333334,28.408615183874875
31123,Pirot,45.43333333333334,27.480890655863096
31124,Pirot,42.31666666666666,32.034968233915826
31125,Pirot,28.8625,38.12333805391052
31126,Pirot,20.49166666666666,23.86943173365227
31127,Pirot,20.675,21.80784226230385
31128,Pirot,24.24166666666667,20.607653409462078
31129,Pirot,12.82041666666667,16.586998984380028
31130,Pirot,19.4375,26.213907152012265
31131,Pirot,22.06666666666666,27.668945050647924
31132,Pirot,19.39583333333333,28.52199063555238
31133,Pirot,22.63333333333333,27.48485021062762
31134,Pirot,22.12041666666666,16.714767996645183
31135,Pirot,16.23083333333333,21.078240490698967
31136,Pirot,15.14166666666667,21.010231599286893
31137,Pirot,16.54166666666667,21.0900754424705
31138,Pirot,13.19833333333333,27.2644512498844
31139,Pirot,15.0925,37.32859485487586
31140,Pirot,15.65458333333333,24.087120476656743
31141,Pirot,22.25,28.39151288502361
31142,Pirot,24.42083333333333,39.45853287679247
31143,Pirot,25.74583333333334,28.60402801900011
31144,Pirot,24.9875,28.639021335657635
31145,Pirot,23.32083333333334,31.373459845191206
31146,Pirot,23.55833333333334,31.659972837715568
31147,Pirot,25.98333333333333,31.659972837715568
31148,Pirot,27.32916666666667,35.552994878418794
31149,Pirot,27.9625,40.71146965700552
31150,Pirot,26.52083333333333,26.876368127977177
31151,Pirot,20.14166666666667,32.218823146469944
31152,Pirot,18.65833333333333,30.40980217641297
31153,Pirot,20.11666666666667,35.29086779499206
31154,Pirot,22.62083333333334,34.52978732407827
31155,Pirot,17.55125,30.40980217641297
31156,Pirot,18.08333333333334,22.41053474926676
31157,Pirot,14.88125,19.56273057691943
31158,Pirot,10.13375,21.634040171802805
31159,Pirot,10.75666666666667,22.924717208858148
31160,Pirot,9.662083333333335,30.011455705138253
31161,Pirot,14.76708333333333,25.23220071894646
31162,Pirot,14.24833333333333,27.18450059785229
31163,Pirot,12.79125,29.4094439313248
31164,Pirot,12.35958333333333,27.341466239729712
31165,Pirot,22.35416666666667,31.04693579034487
31166,Pirot,20.39166666666667,22.94079675611725
31167,Pirot,12.6875,21.99648669606549
31168,Pirot,12.86708333333333,26.845536817408416
31169,Pirot,17.14583333333333,22.671243382869797
31170,Pirot,11.33875,25.093826990646107
31171,Pirot,11.0475,27.653471077178523
31172,Pirot,18.83333333333333,20.919251762511617
31173,Pirot,14.62333333333334,27.97258347037912
31174,Pirot,12.58333333333333,35.697833823535426
31175,Pirot,14.99416666666666,29.192109251716484
31176,Pirot,16.07916666666667,33.68892226712451
31177,Pirot,22.42083333333333,29.308259935620654
31178,Pirot,23.94166666666667,39.33105055387612
31179,Pirot,25.3875,32.81713457265475
31180,Pirot,27.3375,38.16498289635127
31181,Pirot,23.22916666666667,28.19480813234169
31182,Pirot,21.67083333333333,25.18834186667088
31183,Pirot,12.98541666666667,18.86578822415031
31184,Pirot,13.87625,28.04173298696427
31185,Pirot,19.5125,31.48291894874225
31186,Pirot,17.61458333333333,34.9128260366639
31187,Pirot,21.3,34.52283690049225
31188,Pirot,26.94583333333334,41.82163328174877
31189,Pirot,32.03333333333333,41.60991859389372
31190,Pirot,36.25833333333333,24.54081909215389
31191,Pirot,28.61250000000001,34.6683519899217
31192,Pirot,25.025,30.133549448355083
31193,Pirot,19.1,21.199730806435305
31194,Pirot,31.47083333333333,29.054075699284077
31195,Pirot,34.30833333333334,32.58978116776758
31196,Pirot,34.55416666666667,29.42908576475039
31197,Pirot,33.14166666666667,37.90123583905765
31198,Pirot,29.92916666666666,35.540916749686005
31199,Pirot,37.64166666666667,35.83469807609042
31200,Pirot,29.09583333333333,28.36414630985478
31201,Pirot,22.85833333333333,25.420514016412174
31202,Pirot,22.62083333333333,23.32974975616996
31203,Pirot,28.48333333333333,26.420465600895074
31204,Pirot,18.375,18.65228887922512
31205,Pirot,18.28875,24.57951128813772
31206,Pirot,18.2275,23.35034817363813
31207,Pirot,15.86875,22.6156732543573
31208,Pirot,12.7275,19.33285679157331
31209,Pirot,10.49416666666667,17.50449005348623
31210,Pirot,12.19666666666667,21.922387159614612
31211,Pirot,17.23375,24.012467642118818
31212,Pirot,21.10208333333334,24.565229030480207
31213,Pirot,20.84166666666667,26.821599825581902
31214,Pirot,21.57291666666667,21.16926314298506
31215,Pirot,17.94,30.79379449081353
31216,Pirot,18.12958333333333,21.632964703764152
31217,Pirot,11.81375,28.10383214194192
31218,Pirot,10.45541666666667,24.069411754839912
31219,Pirot,13.13208333333333,24.557741349255835
31220,Pirot,7.541250000000001,16.526630701590648
31221,Pirot,9.570416666666668,28.62654709169235
31222,Pirot,14.515,32.67600443211492
31223,Pirot,17.61125,43.612065826413314
31224,Pirot,19.08416666666667,24.997328452064657
31225,Pirot,15.26583333333333,18.474907576446217
31226,Pirot,8.560833333333335,17.83112479222223
31227,Pirot,11.81666666666667,39.03112605988847
31228,Pirot,15.14083333333333,34.51135491278729
31229,Pirot,16.81666666666667,33.903902466015275
31230,Pirot,11.3825,32.92710807896949
31231,Pirot,10.77916666666667,34.72787020850914
31232,Pirot,15.05625,22.55042223458902
31233,Pirot,12.69958333333333,33.678912441434086
31234,Pirot,14.66708333333334,34.51135491278729
31235,Pirot,16.33916666666667,34.85510776675057
31236,Pirot,16.10833333333333,58.97719975818636
31237,Pirot,17.03291666666667,79.56086841578359
31238,Pirot,14.80833333333333,30.22042350396768
31239,Pirot,12.07708333333333,32.04879436614365
31240,Pirot,14.48625,43.25499827366014
31241,Pirot,18.94375,53.85320342451288
31242,Pirot,28.19958333333333,54.007906413965856
31243,Pirot,35.45250000000001,66.53278958063912
31244,Pirot,33.84833333333334,119.4613413067422
31245,Pirot,31.33791666666667,72.20740257586186
31246,Pirot,35.43458333333334,73.07672765794493
31247,Pirot,35.84,64.10896288119054
31248,Pirot,28.99750000000001,59.696263339388125
31249,Pirot,33.00416666666667,76.90021858646234
31250,Pirot,39.54166666666667,53.664153560002575
31251,Pirot,27.8375,76.05385446256534
31252,Pirot,27.95,58.447041202959966
31253,Pirot,40.225,75.39024459191323
31254,Pirot,25.80833333333333,62.9118243716623
31255,Pirot,17.12083333333334,38.64248134566199
31256,Pirot,21.5625,50.63652180154602
31257,Pirot,41.86875,101.45435762482587
31258,Pirot,60.62083333333334,75.5859791419031
31259,Pirot,86.88333333333334,128.6699918486216
31260,Pirot,67.23333333333333,127.90197588367242
31261,Pirot,74.05833333333332,101.45435762482587
31262,Pirot,61.6,75.05245050302695
31263,Pirot,41.50833333333333,36.05646414658214
31264,Pirot,18.25041666666666,26.287655167188436
31265,Pirot,20.90375,34.336495438331404
31266,Pirot,25.8,46.72013597646114
31267,Pirot,34.8125,53.16540273494781
31268,Pirot,38.42916666666667,89.82847691474637
31269,Pirot,53.87083333333333,117.68692673970098
31270,Pirot,98.37083333333332,128.57064500435527
31271,Pirot,76.27916666666668,75.39024459191323
31272,Pirot,43.14041666666666,24.00968128377512
31273,Pirot,35.53208333333333,31.83701176000382
31274,Pirot,17.65833333333333,24.714352033905257
31275,Pirot,32.09916666666666,43.70399043484319
31276,Pirot,65.22500000000001,93.14868690836364
31277,Pirot,98.425,101.1238552044471
31278,Pirot,78.30416666666666,65.15607489386224
31279,Pirot,65.3,93.00159383595624
31280,Pirot,59.19166666666666,52.142997077408886
31281,Pirot,33.4975,29.60836537930306
31282,Pirot,49.6,100.4057828954547
31283,Pirot,22.38000000000001,33.56638600757791
31284,Pirot,25.06625,37.755087454508384
31285,Pirot,23.65541666666666,35.663011466305186
31286,Pirot,23.35833333333334,30.300184916163
31287,Pirot,24.91916666666666,36.12137864328006
31288,Pirot,18.5625,32.62830455615685
31289,Pirot,33.91708333333333,47.21958392708816
31290,Pirot,25.35416666666666,46.14681330896897
31291,Pirot,35.21666666666666,77.11410452149516
31292,Pirot,28.32916666666667,65.40866789797259
31293,Pirot,40.07916666666667,93.0065586163135
31294,Pirot,41.37083333333334,102.36838517333624
31295,Pirot,37.90416666666666,62.55156984682388
31296,Pirot,38.10416666666666,67.56733881427174
31297,Pirot,92.77916666666664,128.47749107632058
31298,Pirot,165.5304347826087,119.83498771914336
31299,Pirot,185.2333333333333,130.44169839497033
31300,Pirot,122.5826086956522,30.029250552593755
31301,Pirot,22.58541666666667,34.08335854146961
31302,Pirot,43.60416666666668,62.43330364731008
31303,Pirot,41.48333333333333,28.010878219672573
31304,Pirot,32.67374999999999,38.55499520231879
31305,Pirot,30.74166666666667,32.62995158004555
31306,Pirot,33.79166666666667,44.81600504441764
31307,Pirot,42.06666666666666,44.81600504441764
31308,Pirot,62.24583333333333,93.24233245510952
31309,Pirot,104.7708333333333,90.62098822603112
31310,Pirot,136.9833333333333,112.54633684414767
31311,Pirot,126.8375,130.22373651478824
86,Smederevo,78.2,50.927266701850165
87,Smederevo,72.43,40.88701334809088
88,Smederevo,53.45,37.55030054096608
89,Smederevo,71.75,62.47343202947784
90,Smederevo,129.63,90.71160078214228
91,Smederevo,89.25,89.78452153002387
92,Smederevo,123.215,109.55810721505128
93,Smederevo,55.39,60.886302355198055
94,Smederevo,20.365,30.801709825943828
95,Smederevo,16.59,33.1333958479559
96,Smederevo,18.65,31.95438379335114
97,Smederevo,29.445,33.618812660281115
98,Smederevo,24.745,25.759333789889723
99,Smederevo,27.69,45.37335694847061
100,Smederevo,19.58,25.109127756008355
101,Smederevo,18.035,22.45833818326557
102,Smederevo,29.605,43.8485168941137
103,Smederevo,14.7,26.1400148928566
104,Smederevo,16.38,28.54290230441543
105,Smederevo,14.155,21.354326726577128
106,Smederevo,32.92,55.436941696989926
107,Smederevo,34.825,29.35245391524748
108,Smederevo,37.48999999999999,32.731867362102555
109,Smederevo,37.925,32.4519393428907
110,Smederevo,43.055,36.615662904090655
111,Smederevo,36.0,32.731867362102555
112,Smederevo,19.815,25.21507030902502
113,Smederevo,33.31,32.22948149003968
114,Smederevo,38.875,31.69564045450304
115,Smederevo,32.985,27.28416624925697
116,Smederevo,29.785,30.91680588102269
117,Smederevo,10.395,25.67068725481789
118,Smederevo,18.57,27.212602904130787
119,Smederevo,18.54,27.121508652110798
120,Smederevo,22.475,27.1689859502763
121,Smederevo,36.875,39.19172700345693
122,Smederevo,47.35,36.615662904090655
123,Smederevo,53.7,47.12434994108104
124,Smederevo,78.69,60.85680292545294
125,Smederevo,27.795,21.808880057862314
126,Smederevo,75.755,50.72611986962562
127,Smederevo,44.66,30.330276156117467
128,Smederevo,61.47,38.29057099914339
129,Smederevo,163.58,94.55356598734652
130,Smederevo,101.895,60.94288431734765
131,Smederevo,139.405,80.95483394684899
132,Smederevo,179.21,98.49194562195946
133,Smederevo,102.26,60.92648577807987
134,Smederevo,67.73,47.30839875997573
135,Smederevo,50.415,39.97864110335978
136,Smederevo,44.04,35.42698939080822
137,Smederevo,50.11499999999999,37.23095649455669
138,Smederevo,41.2,28.374445581881638
139,Smederevo,61.175,52.455467339600034
140,Smederevo,73.61,59.597705020171965
141,Smederevo,109.99,68.23241917577697
142,Smederevo,129.04,70.96420186354196
143,Smederevo,155.16,109.55810721505128
144,Smederevo,99.745,61.76549100801138
145,Smederevo,47.62,37.84398298110278
146,Smederevo,38.1,30.295172745961047
147,Smederevo,31.8,24.76180254937753
148,Smederevo,12.955,18.12367963363788
149,Smederevo,16.98,20.596779675920736
150,Smederevo,37.045,32.07131296926563
151,Smederevo,27.305,23.66024621141825
152,Smederevo,38.71,31.062198901018785
153,Smederevo,19.75,21.332408905759237
154,Smederevo,21.955,27.38279787258374
155,Smederevo,51.845,39.2466268670353
156,Smederevo,96.27,51.04560104817191
943,Smederevo,164.5133333333333,125.03938777098097
944,Smederevo,186.36,97.6208100344401
945,Smederevo,181.6366666666667,69.50060387906758
946,Smederevo,141.9733333333333,81.32656984691785
947,Smederevo,29.29666666666667,22.092511798614563
948,Smederevo,57.76666666666667,42.54418187587773
949,Smederevo,151.74,106.30859362854532
950,Smederevo,183.9766666666667,114.22098661469748
951,Smederevo,160.72,89.88966784679698
952,Smederevo,194.9133333333333,99.45545189843928
953,Smederevo,168.99,88.67495870931833
954,Smederevo,120.8233333333333,58.66238052068693
955,Smederevo,97.42,57.005282205583065
956,Smederevo,143.4933333333333,59.03411642075579
957,Smederevo,88.08,114.22098661469748
958,Smederevo,98.76666666666664,68.81558691576888
959,Smederevo,85.78000000000002,54.78556466491624
960,Smederevo,63.47666666666667,39.70505663350137
961,Smederevo,73.05333333333333,54.75177952069428
962,Smederevo,84.57666666666667,55.26942512181866
963,Smederevo,70.72666666666667,56.50734238066173
964,Smederevo,128.4633333333333,61.27629791494456
965,Smederevo,129.9333333333333,57.39948205917386
966,Smederevo,164.9966666666667,87.25137771313027
967,Smederevo,155.3533333333334,108.13823045051195
968,Smederevo,162.0766666666667,109.85055592979728
969,Smederevo,67.34666666666668,45.54052025015111
970,Smederevo,68.97666666666667,47.92689045956582
971,Smederevo,77.30666666666667,28.06670403319111
972,Smederevo,77.92,51.7735065223584
973,Smederevo,72.68333333333334,44.36002581896561
974,Smederevo,82.99,62.89195000294779
975,Smederevo,43.77666666666666,27.19260823934966
976,Smederevo,42.70666666666667,37.3925419264144
977,Smederevo,34.26666666666667,24.723106882290207
978,Smederevo,25.50666666666666,16.23005194872397
979,Smederevo,48.82333333333333,29.016274451493228
980,Smederevo,90.41,29.3601822824415
981,Smederevo,93.34,52.00764809223654
982,Smederevo,87.73666666666666,83.78074873013608
983,Smederevo,55.24,31.343715570475744
984,Smederevo,44.81333333333333,21.41269220464613
985,Smederevo,65.02000000000001,39.595873729550085
986,Smederevo,71.66000000000001,44.65645009258644
987,Smederevo,62.90333333333333,29.485034434231437
988,Smederevo,86.52666666666666,67.16316625789028
989,Smederevo,87.16000000000001,52.39235491770514
990,Smederevo,77.78,71.11626102863269
991,Smederevo,62.44333333333334,47.3023383864655
992,Smederevo,55.45666666666667,33.464582189985855
993,Smederevo,48.45000000000001,27.16680376558721
994,Smederevo,71.05333333333333,38.58788142268207
995,Smederevo,68.68333333333334,37.54478915316125
996,Smederevo,72.62,48.04129038887335
997,Smederevo,63.79666666666666,34.82829873460947
998,Smederevo,49.58333333333334,29.27586462658633
999,Smederevo,35.70333333333333,19.479316747374178
1000,Smederevo,34.7,16.911674828574846
1001,Smederevo,31.96333333333333,16.23005194872397
1002,Smederevo,46.91999999999999,24.96021313162691
1003,Smederevo,60.74,29.02556365379664
1004,Smederevo,33.31,21.51424893459429
1005,Smederevo,50.60999999999999,19.02648330207028
1006,Smederevo,36.61666666666667,18.30534769115084
1007,Smederevo,53.59333333333333,22.49549996559677
1008,Smederevo,43.74666666666667,19.43203102261336
1009,Smederevo,50.23333333333333,19.04107249077321
1010,Smederevo,38.31,19.65033797644451
1011,Smederevo,52.805,27.133895153509417
1012,Smederevo,48.05666666666667,20.96656234859705
1013,Smederevo,76.27,27.39263849235752
1014,Smederevo,49.42666666666667,26.928565509791092
1015,Smederevo,44.36333333333334,25.329880672765917
1016,Smederevo,34.32,28.41844766460796
1017,Smederevo,27.64333333333333,24.56456926082828
1018,Smederevo,36.81666666666666,26.018418998219165
1019,Smederevo,62.41666666666666,28.4858353542261
1020,Smederevo,90.39,29.618363393856207
1021,Smederevo,98.75333333333332,29.618363393856207
1022,Smederevo,96.22,29.69866122703787
1023,Smederevo,76.06666666666666,27.303705324579298
1024,Smederevo,21.01333333333333,24.446197954219617
1025,Smederevo,23.54333333333333,20.39148799010666
1026,Smederevo,43.46666666666667,17.762251353279773
1027,Smederevo,77.68,24.089440267414727
1028,Smederevo,266.87,26.50860328828885
1029,Smederevo,148.3166666666667,28.41844766460796
1030,Smederevo,98.795,24.792902715321656
1031,Smederevo,38.05,24.13148318030901
1032,Smederevo,17.25,28.270708969232484
1033,Smederevo,23.4,24.19490171968928
1034,Smederevo,28.14,27.303705324579298
1035,Smederevo,49.89,28.41844766460796
1036,Smederevo,47.33,27.303705324579298
1037,Smederevo,49.86,29.34772853066522
1038,Smederevo,48.91,53.21454146200932
1039,Smederevo,33.99,48.71133006278078
1040,Smederevo,60.19,34.027018505775125
1041,Smederevo,75.38,33.54687265536211
1042,Smederevo,67.93,30.44903887450514
1043,Smederevo,30.25,29.618363393856207
1044,Smederevo,36.03,30.83761068548208
1045,Smederevo,54.91,30.82417868929334
1046,Smederevo,36.81,18.5682365658581
1047,Smederevo,34.93,26.19177384920503
1048,Smederevo,58.88333333333333,23.626156015486558
1049,Smederevo,48.03333333333333,26.04531903636068
1050,Smederevo,60.49666666666667,25.555134746290992
1051,Smederevo,55.32333333333333,25.87577219490012
1052,Smederevo,23.36,21.444613609143904
1053,Smederevo,38.27333333333333,23.575085241052424
1054,Smederevo,45.83000000000001,23.42615637117398
1055,Smederevo,56.77666666666666,25.87577219490012
1056,Smederevo,54.18666666666667,26.04531903636068
1057,Smederevo,40.45666666666667,25.34623830517391
1058,Smederevo,31.98333333333333,23.77832956906357
1059,Smederevo,42.36333333333334,26.04531903636068
1060,Smederevo,47.03666666666667,23.836833037270253
1061,Smederevo,26.78,20.186227390077644
1062,Smederevo,19.48333333333333,20.09716927049212
1063,Smederevo,30.32,19.367360643381343
1064,Smederevo,19.47,14.716489986058257
1065,Smederevo,20.54666666666667,16.95470521923235
1066,Smederevo,24.16333333333333,20.12380585491208
1067,Smederevo,34.35333333333333,17.867043168263425
1068,Smederevo,16.34666666666667,17.109246375377733
1069,Smederevo,18.95666666666667,20.893792220201025
1070,Smederevo,46.45000000000001,21.618394308383834
1071,Smederevo,43.62666666666667,21.99098855181164
1072,Smederevo,45.28333333333334,25.753359207724237
1073,Smederevo,23.91333333333334,22.242919177886893
1074,Smederevo,26.55,20.860597515498142
1075,Smederevo,31.56,20.542167234762545
1076,Smederevo,46.35666666666666,21.35426686735647
1077,Smederevo,26.72333333333333,19.7418610419801
1078,Smederevo,39.34666666666666,19.367360643381343
1079,Smederevo,29.6,18.19442148526954
1080,Smederevo,42.48666666666666,18.568273182457677
1081,Smederevo,30.65666666666667,14.610115380088184
1082,Smederevo,22.21333333333333,19.14664614899341
1083,Smederevo,22.89666666666666,24.064536747985656
1084,Smederevo,31.52666666666667,21.618394308383834
1085,Smederevo,30.68666666666667,16.194420734295363
1086,Smederevo,21.69,17.237460950601047
1087,Smederevo,19.80666666666667,15.745704601287596
1088,Smederevo,20.05,17.725012382229554
1089,Smederevo,20.12666666666667,18.992104992848027
1090,Smederevo,22.74,16.505428688394677
1091,Smederevo,23.64,16.76049541603138
1092,Smederevo,17.31333333333333,18.945285455574
1093,Smederevo,20.88,17.115437600391026
1094,Smederevo,23.68,16.623117906000388
1095,Smederevo,24.35,18.842122552303824
1096,Smederevo,26.135,16.441632150098062
1097,Smederevo,25.025,16.441632150098062
1098,Smederevo,28.015,18.444139213899824
1099,Smederevo,24.38,18.444139213899824
1100,Smederevo,19.54,17.7378793320582
1101,Smederevo,24.19666666666667,20.00927078207646
1102,Smederevo,29.11666666666667,19.115555597069704
1103,Smederevo,21.49333333333334,18.566866374097785
1104,Smederevo,27.51333333333333,16.65480422711753
1105,Smederevo,30.38,15.56124745169896
1106,Smederevo,22.64666666666666,15.643198474110134
1107,Smederevo,25.57333333333333,18.680666778057137
1108,Smederevo,20.18666666666667,17.566792913524125
1109,Smederevo,15.84333333333333,17.43253346089243
1110,Smederevo,17.44666666666667,13.12660206812939
1111,Smederevo,20.76666666666667,13.21329837817356
1112,Smederevo,26.23666666666667,18.81166974945181
1113,Smederevo,41.72000000000001,19.847815007829773
1114,Smederevo,37.99,20.271051511531542
1115,Smederevo,38.78666666666667,22.919336085875035
1116,Smederevo,49.04333333333333,23.704112297488425
1117,Smederevo,53.81666666666666,21.922537679874537
1118,Smederevo,19.90333333333333,19.14600839992172
1119,Smederevo,34.09,22.451018105211688
1120,Smederevo,43.56666666666666,21.718464817690094
1121,Smederevo,39.75333333333334,16.82967806561951
1122,Smederevo,22.65333333333334,16.44544516201927
1123,Smederevo,27.49333333333333,20.699620755690734
1124,Smederevo,34.98333333333333,20.672641336963043
1125,Smederevo,31.65,16.290437834877412
1126,Smederevo,35.55,18.56422066131795
1127,Smederevo,46.54,19.79514342578688
1128,Smederevo,42.05,21.438639429536494
1129,Smederevo,39.05,23.438676251728992
1130,Smederevo,23.82,13.795847562678974
1131,Smederevo,19.41666666666667,18.437120675924803
1132,Smederevo,29.78333333333333,18.56422066131795
1133,Smederevo,44.38999999999999,17.54641712301783
1134,Smederevo,44.43333333333334,19.313791309766845
1135,Smederevo,30.23333333333333,14.550170971440348
1136,Smederevo,15.7,15.427517271816043
1137,Smederevo,20.75,15.427517271816043
1138,Smederevo,23.27333333333333,17.153197428650735
1139,Smederevo,36.14333333333334,19.17931495424786
1140,Smederevo,39.84,19.654837798662918
1141,Smederevo,41.55333333333333,20.30746569133933
1142,Smederevo,43.16333333333333,20.53816498144405
1143,Smederevo,28.68666666666667,16.02774322879243
1144,Smederevo,23.79666666666667,17.202925959182487
1145,Smederevo,31.39,18.555358222454203
1146,Smederevo,33.6,20.672641336963043
1147,Smederevo,51.72333333333334,21.793341878991445
1148,Smederevo,58.18,22.11730000844736
1149,Smederevo,50.89333333333334,21.09949647014724
1150,Smederevo,35.03333333333333,22.8002518226928
1151,Smederevo,32.16666666666666,20.87362418008021
1152,Smederevo,51.09666666666666,21.635436581076103
1153,Smederevo,33.49666666666667,23.77172098272032
1154,Smederevo,21.76666666666667,17.302800739565285
1155,Smederevo,30.64333333333333,20.80804674715599
1156,Smederevo,33.86,22.346714607041413
1157,Smederevo,28.46666666666667,19.93011815787774
1158,Smederevo,37.56333333333333,20.18886149672584
1159,Smederevo,40.60666666666666,21.651290036084408
1160,Smederevo,38.20333333333333,22.78580006202928
1161,Smederevo,37.40666666666667,20.77789254895483
1162,Smederevo,33.81,21.49568254669034
1163,Smederevo,46.08,21.21881370574892
1164,Smederevo,27.92,16.708143459478773
1165,Smederevo,21.36,18.338105289034583
1166,Smederevo,31.185,20.737885753804647
1167,Smederevo,29.5,17.265787086941643
1168,Smederevo,14.765,15.292581882722583
1169,Smederevo,15.06,18.42812122450177
1170,Smederevo,27.995,19.98229136334876
1171,Smederevo,46.32,21.341141390544955
1172,Smederevo,36.025,22.04665184271736
1173,Smederevo,21.505,19.45245320119682
1174,Smederevo,18.21,15.948544345275904
1175,Smederevo,22.935,19.232720714899862
1176,Smederevo,22.045,19.83294667187625
1177,Smederevo,37.98333333333333,20.90060359880791
1178,Smederevo,41.37333333333333,24.2793577445048
1179,Smederevo,40.43333333333333,22.807061130723508
1180,Smederevo,53.51333333333333,23.704112297488425
1181,Smederevo,25.42666666666667,17.750467683250537
1182,Smederevo,15.11333333333334,20.754040910380084
1183,Smederevo,23.4,20.5925851361334
1184,Smederevo,23.27666666666667,20.589328654896374
1185,Smederevo,35.84333333333333,20.727061491652385
1186,Smederevo,43.24666666666667,21.32728744862877
1187,Smederevo,44.11333333333334,24.48818235383299
1188,Smederevo,60.87,24.625915190589
1189,Smederevo,60.28666666666667,23.73458237385756
1190,Smederevo,51.93333333333334,24.48818235383299
1191,Smederevo,40.5,25.99053686797393
1192,Smederevo,49.89000000000001,27.64598327723615
1193,Smederevo,44.97333333333334,20.860597515498142
1194,Smederevo,40.38999999999999,21.618394308383834
1195,Smederevo,58.21,23.40964020243226
1196,Smederevo,63.31,25.01416838760365
1197,Smederevo,58.83333333333334,23.15893650026001
1198,Smederevo,44.66666666666666,20.29410244792916
1199,Smederevo,34.0,20.727061491652385
1200,Smederevo,29.79,20.063236744910203
1201,Smederevo,15.745,15.748889663023984
1202,Smederevo,15.46,17.60500507532675
1203,Smederevo,15.495,16.16505261449382
1204,Smederevo,11.66,16.623050901663298
1205,Smederevo,28.51,22.794301337685766
1206,Smederevo,35.79,22.95480894560549
1207,Smederevo,47.12,21.37354973903629
1208,Smederevo,30.64,19.49872781691294
1209,Smederevo,27.955,17.75859447568152
1210,Smederevo,14.92,14.190106222166447
1211,Smederevo,26.30333333333333,21.1453229513562
1212,Smederevo,53.53,22.34160350438801
1213,Smederevo,63.99666666666667,22.34160350438801
1214,Smederevo,30.84666666666666,16.242293529391493
1215,Smederevo,17.61,15.68350662767192
1216,Smederevo,41.03,22.53482355444253
1217,Smederevo,30.65333333333333,17.454722412269078
1218,Smederevo,29.8,21.13902591775016
1219,Smederevo,34.06333333333333,23.52179783696092
1220,Smederevo,54.94333333333333,27.133895153509417
1221,Smederevo,77.83,27.133895153509417
1222,Smederevo,60.72333333333334,26.27789615232886
1223,Smederevo,52.89666666666667,23.97694202416363
1224,Smederevo,89.05666666666666,28.691685646173177
1225,Smederevo,103.85,27.39263849235752
1226,Smederevo,109.485,20.64173688281448
1227,Smederevo,59.28,21.759207889621244
1228,Smederevo,61.055,28.342405432227714
1229,Smederevo,37.995,22.96859275239326
1230,Smederevo,27.52,25.285913512911435
1231,Smederevo,44.9,23.41779951470836
1232,Smederevo,37.34,20.10353127400644
1233,Smederevo,13.39,19.601408157289217
1234,Smederevo,52.64,26.996450639141337
1235,Smederevo,74.28,24.623092544251776
1236,Smederevo,78.03,26.996450639141337
1237,Smederevo,34.28,25.928602123966
1238,Smederevo,34.25666666666667,24.283262795381187
1239,Smederevo,46.54,25.148468998543358
1240,Smederevo,99.46,26.1275733891617
1241,Smederevo,93.40666666666664,26.35697927726165
1242,Smederevo,51.55,25.56539428757552
1243,Smederevo,39.50333333333334,26.996450639141337
1244,Smederevo,24.64,30.04519211481663
1543,Smederevo,57.105,25.248893720590523
1544,Smederevo,32.745,21.47835522064984
1545,Smederevo,49.39,20.88160264779777
1546,Smederevo,65.365,22.21862026536022
1547,Smederevo,58.995,21.07267631635249
1548,Smederevo,19.58,15.347336225003804
1549,Smederevo,21.59,16.862357485521173
1550,Smederevo,25.61,21.53360826699689
3926,Smederevo,51.65333333333333,41.76285451818488
3927,Smederevo,36.08333333333334,40.44407754994
3928,Smederevo,46.49333333333334,37.94952607887217
3929,Smederevo,62.19,42.11265378280141
3930,Smederevo,29.93666666666667,32.80697011310219
3931,Smederevo,31.18333333333333,36.98474085162789
3932,Smederevo,30.42666666666667,31.105650008915624
3933,Smederevo,25.30333333333333,28.88745018735725
3934,Smederevo,32.71333333333333,28.92846600596612
3935,Smederevo,54.13,24.24873478224416
3936,Smederevo,37.30666666666666,24.48818235383299
3937,Smederevo,16.28666666666667,24.356040735240292
3938,Smederevo,34.28333333333333,28.09676811072388
3939,Smederevo,49.48,25.802662540013092
3940,Smederevo,17.89,21.645373727111533
3941,Smederevo,28.87666666666667,19.57714878649639
3942,Smederevo,8.66,22.751140528093604
3943,Smederevo,29.74333333333334,28.736544732078816
3944,Smederevo,39.59,27.5675649854794
3945,Smederevo,34.31666666666667,29.20549959159165
3946,Smederevo,40.09333333333333,20.79718879644075
3947,Smederevo,20.99333333333333,18.936847547734175
3948,Smederevo,19.30333333333333,17.993855878475433
3949,Smederevo,23.76333333333333,23.1609157861231
3950,Smederevo,24.79,22.04883846021031
3951,Smederevo,19.59666666666667,16.63702104330936
3952,Smederevo,15.48333333333333,18.80254367422133
3953,Smederevo,23.60333333333334,21.250897152606345
3954,Smederevo,12.07666666666667,17.49546979767999
3955,Smederevo,24.26666666666667,24.36065113009525
3956,Smederevo,32.38,24.86229935716829
3957,Smederevo,25.47,21.99098855181164
3958,Smederevo,16.34666666666667,19.556867082982706
3959,Smederevo,23.57666666666666,19.40113280397516
3960,Smederevo,15.37666666666667,18.828566371228312
3961,Smederevo,23.19,20.60293498605926
3962,Smederevo,22.02,18.5211525415125
3963,Smederevo,15.39,21.480661471627823
3964,Smederevo,13.98333333333333,20.87812926367345
3965,Smederevo,12.36333333333334,16.926800442113883
3966,Smederevo,16.05,19.75554646564673
3967,Smederevo,20.31,20.675750889798152
3968,Smederevo,23.75,22.695316038205245
3969,Smederevo,33.21333333333333,24.649458966802857
3970,Smederevo,41.84,25.38625062738892
3971,Smederevo,35.72,26.36801562853373
3972,Smederevo,15.36,23.431910970858404
3973,Smederevo,9.21,19.23452431539324
3974,Smederevo,9.73,19.26589171990019
3975,Smederevo,12.74,20.031052632609963
3976,Smederevo,11.71,23.144702516794126
3977,Smederevo,10.0,23.544328818630703
3978,Smederevo,16.48,24.518740607831592
3979,Smederevo,20.53,29.333470530547263
3980,Smederevo,20.66,27.628236218177737
3981,Smederevo,19.85,28.11561191446868
3982,Smederevo,23.91,32.655073754893984
3983,Smederevo,25.68,32.696366640034576
3984,Smederevo,19.81,27.71480397525892
3985,Smederevo,19.55,28.36972676829758
3986,Smederevo,24.69,29.741055482651177
3987,Smederevo,24.16,29.161129994362383
3988,Smederevo,13.84,22.878361526840884
3989,Smederevo,13.79,24.833761405050943
3990,Smederevo,17.03,25.689634876308386
3991,Smederevo,26.25,20.98208170906231
3992,Smederevo,15.58,18.842122552303824
3993,Smederevo,33.325,22.888379565617456
3994,Smederevo,39.65,31.12719166729993
3995,Smederevo,50.56,35.550315247901
3996,Smederevo,36.26666666666667,28.386581315707456
3997,Smederevo,33.00333333333333,28.5510897217622
3998,Smederevo,27.91333333333334,26.734122868747452
3999,Smederevo,43.29666666666666,27.31445800669552
4000,Smederevo,54.12333333333333,34.56357701559684
4001,Smederevo,60.83333333333334,33.84617630794987
4002,Smederevo,51.06333333333333,34.45051758549419
4003,Smederevo,50.38333333333333,23.475491302440517
4004,Smederevo,20.3,19.986320694875303
4005,Smederevo,33.63666666666666,21.48407519026108
4006,Smederevo,22.18,22.97090579568323
4007,Smederevo,40.3,23.12025048715574
4008,Smederevo,28.365,26.54780050715183
4009,Smederevo,45.055,28.998229361550333
4010,Smederevo,11.35,17.385198463213907
4011,Smederevo,10.33,18.94806131461276
4012,Smederevo,29.49,27.66596383185389
4013,Smederevo,29.91,26.70896176307339
4014,Smederevo,14.685,21.1994385570433
4015,Smederevo,11.705,16.24132974799208
4016,Smederevo,21.92,20.67129761586458
4017,Smederevo,41.93333333333333,24.33315628959868
4018,Smederevo,23.17666666666667,19.876577597420635
4019,Smederevo,20.97666666666667,23.381161870660083
4020,Smederevo,35.29666666666667,23.199641295787
4021,Smederevo,35.73333333333333,24.715409722207564
4022,Smederevo,36.67,26.07209645984376
4023,Smederevo,25.84,24.356040735240292
4024,Smederevo,35.63333333333333,26.192757105542213
4025,Smederevo,30.00333333333333,25.99708861182461
4026,Smederevo,28.1,26.697120344658437
4027,Smederevo,46.72666666666667,29.8737283293524
4028,Smederevo,36.7,29.799271612459197
4029,Smederevo,23.46,27.230390668757973
4030,Smederevo,13.07,27.84507211175311
4031,Smederevo,15.52,30.607616329185
4032,Smederevo,23.42,30.67588863305329
4033,Smederevo,29.36,29.20522867088965
4034,Smederevo,70.08333333333333,26.848272578896577
4035,Smederevo,21.26,21.729054771832278
4036,Smederevo,32.81666666666667,23.199641295787
4037,Smederevo,22.13,21.409957582590994
4038,Smederevo,19.91666666666667,24.31259218946721
4039,Smederevo,22.18,24.296985024945094
4040,Smederevo,25.99,27.167874181113397
4041,Smederevo,37.88666666666666,26.146553176736965
4042,Smederevo,58.88666666666668,29.712852532610228
4043,Smederevo,65.41,29.86739368875561
4044,Smederevo,60.23333333333333,31.42776805753693
4045,Smederevo,26.53,24.478099909233148
4046,Smederevo,19.26333333333334,20.58864082954411
4047,Smederevo,28.36333333333333,27.8294876957952
4048,Smederevo,33.13333333333333,31.55106739825239
4049,Smederevo,36.18666666666667,29.127623878991518
4050,Smederevo,38.63666666666666,31.321404081553325
4051,Smederevo,45.00333333333333,32.50036630423949
4052,Smederevo,56.91666666666666,32.788315594995765
4053,Smederevo,40.32,26.53699263061761
4054,Smederevo,47.45,22.4862969871374
4055,Smederevo,20.76333333333334,20.37365353825676
4056,Smederevo,16.61666666666666,22.38509123025724
4057,Smederevo,31.4,26.20195229676572
4058,Smederevo,29.20333333333334,30.099907349833853
4059,Smederevo,40.29333333333333,41.949253907564206
4060,Smederevo,30.79333333333333,30.20008628821221
4061,Smederevo,16.85666666666667,40.800807474120255
4062,Smederevo,30.47666666666667,41.15999320076593
4063,Smederevo,33.4,40.15959149328467
4064,Smederevo,53.01333333333334,71.74293058625324
4065,Smederevo,72.61,72.7996834496208
4066,Smederevo,68.64,61.961460091240205
4067,Smederevo,52.20333333333334,53.61583057446912
4068,Smederevo,53.73333333333333,55.52593459058196
4069,Smederevo,43.28666666666667,41.83932822850616
4070,Smederevo,23.77333333333333,34.36754091168039
4071,Smederevo,46.44333333333333,60.35036326810819
4072,Smederevo,45.62666666666667,47.99558557772739
4073,Smederevo,35.31333333333333,46.299133104405136
4074,Smederevo,84.10000000000001,84.46591090643172
4075,Smederevo,116.0333333333333,92.79064259498207
4076,Smederevo,65.66333333333334,52.986260431709766
4077,Smederevo,45.23666666666666,47.16708665435448
4078,Smederevo,46.44333333333334,46.59825930465694
4079,Smederevo,55.47666666666667,53.39416136849933
4080,Smederevo,48.76333333333333,46.24608937829007
4081,Smederevo,43.1,39.21332969142215
4082,Smederevo,39.45,30.062263830779905
4083,Smederevo,17.79,25.760197275470496
4084,Smederevo,39.15,50.58103497368859
4085,Smederevo,69.93,60.030548906447706
4086,Smederevo,34.44666666666667,41.23018359594938
4087,Smederevo,50.96333333333334,69.37476002998164
4088,Smederevo,37.60333333333333,45.949658393628575
4089,Smederevo,37.63333333333333,47.21675100424704
4090,Smederevo,91.37333333333332,83.91477090412074
4091,Smederevo,79.48,84.12989728911435
4092,Smederevo,69.88666666666667,59.4481702474932
4093,Smederevo,60.42666666666667,58.31724470624081
4094,Smederevo,35.86,46.59825930465694
4095,Smederevo,46.60999999999999,59.4481702474932
4096,Smederevo,60.14666666666667,71.60548607188517
4097,Smederevo,38.65666666666667,53.726404570760046
4098,Smederevo,43.27,53.98514790960815
4099,Smederevo,87.94666666666667,76.0494315985598
4100,Smederevo,92.84333333333332,79.6279749845279
4101,Smederevo,36.63,48.36900245238774
4102,Smederevo,77.57,83.30729059845065
4103,Smederevo,46.03,56.12774893917325
4104,Smederevo,26.99,32.583813905669416
4105,Smederevo,40.945,37.64936861621528
4106,Smederevo,27.29,28.469167994976637
4107,Smederevo,22.105,37.82556631062853
4108,Smederevo,32.3,36.89836521762275
4109,Smederevo,35.415,46.98968112815085
4110,Smederevo,30.66,37.6727482909263
4111,Smederevo,33.32333333333333,35.69611337386009
4112,Smederevo,57.91666666666666,70.12909511835913
4113,Smederevo,51.21666666666667,54.70781600560095
4114,Smederevo,36.63999999999999,46.639491753297385
4115,Smederevo,31.99333333333334,43.397833113066696
4116,Smederevo,56.54,70.12909511835913
4117,Smederevo,38.07666666666667,47.04624535751525
4118,Smederevo,60.03666666666667,72.28472198911328
4119,Smederevo,39.58666666666667,45.26182514638799
4120,Smederevo,16.29,29.651559445982524
4121,Smederevo,37.36666666666667,51.28451981903088
4122,Smederevo,91.74666666666668,104.68614981262934
4123,Smederevo,85.79,86.98463348935113
4124,Smederevo,61.16999999999999,64.43897730749455
4125,Smederevo,49.04333333333333,43.85344769474361
4126,Smederevo,36.64333333333334,40.78000851173615
4127,Smederevo,81.31,61.55036462301776
4128,Smederevo,20.49333333333334,31.865701220360307
4129,Smederevo,64.89999999999999,84.41858038018648
4130,Smederevo,138.4366666666667,115.64787168105109
4131,Smederevo,94.48,87.52591277572874
4132,Smederevo,47.015,41.38603718031504
4133,Smederevo,43.84,37.51300256590709
4134,Smederevo,31.87333333333333,37.06040706434416
4135,Smederevo,40.95333333333334,48.6832975457484
4136,Smederevo,58.21666666666667,74.2743599770146
4137,Smederevo,51.97666666666667,58.79369489986135
4138,Smederevo,65.44333333333333,72.01803733650371
4139,Smederevo,112.76,117.73866958647768
5319,Smederevo,39.52,27.66596383185389
5320,Smederevo,32.765,22.615754444523876
5321,Smederevo,41.77,25.43372792555443
5322,Smederevo,30.775,24.18323921249617
5323,Smederevo,22.965,20.015269687356813
5324,Smederevo,24.535,21.344727047639047
5325,Smederevo,25.555,18.46212797536489
5326,Smederevo,37.82,18.482168058359992
5327,Smederevo,19.31,19.259700133627565
5328,Smederevo,28.41,22.827558304008694
5329,Smederevo,41.24,22.896923515775526
5330,Smederevo,38.235,26.44151335620932
5331,Smederevo,33.42,23.61318236544623
5332,Smederevo,37.14,26.708583821751745
5333,Smederevo,64.60499999999999,30.37845087209845
5334,Smederevo,66.38499999999999,29.7530288808063
5335,Smederevo,72.48,31.98463103558628
5336,Smederevo,66.28,25.237351104842727
5337,Smederevo,33.905,20.331246531668214
5338,Smederevo,28.945,23.824589307894577
5339,Smederevo,45.82,27.32454322445125
5340,Smederevo,44.785,35.550315247901
5341,Smederevo,51.235,31.470410667006075
5342,Smederevo,32.43,20.26632131179645
5343,Smederevo,17.48,16.470017818826783
5344,Smederevo,23.31,18.900624399903325
5345,Smederevo,32.51,21.90189562531219
5346,Smederevo,35.895,26.6339092350923
5347,Smederevo,34.6,28.17548812032613
5348,Smederevo,34.12,30.72892764976176
5349,Smederevo,36.19,31.707369226645017
5350,Smederevo,39.255,28.071523267562675
5351,Smederevo,32.435,27.348932723993315
5352,Smederevo,45.7,29.707871314409424
5491,Smederevo,20.5,21.368120809272654
5492,Smederevo,53.14,33.646103246685264
5493,Smederevo,48.79,34.94819760053434
5494,Smederevo,36.63,36.09774044252129
5495,Smederevo,27.38,26.080664853681757
5496,Smederevo,27.75,21.75447027784492
8368,Smederevo,64.21527777666667,59.49462993709274
8369,Smederevo,60.125,71.74293058625324
8370,Smederevo,87.63972222333332,83.99245277474628
8371,Smederevo,73.95805555333334,67.16316625789028
8372,Smederevo,48.23027777666666,48.4410150150752
8373,Smederevo,24.29527777666667,32.31044645188406
8374,Smederevo,74.59361111,83.44473511281872
8375,Smederevo,40.92222222333334,46.86069538230301
8376,Smederevo,49.97166666666666,60.657449401395056
8377,Smederevo,42.23333333333333,45.163525255154816
8378,Smederevo,36.69555555333334,46.66513663274064
8379,Smederevo,41.80305555666666,60.31439307805608
8380,Smederevo,124.8411111333333,114.22098661469748
8381,Smederevo,144.3736111,113.79989004045312
8382,Smederevo,70.16055555333334,85.89989781660196
8383,Smederevo,109.9913889,112.3730049740995
8384,Smederevo,50.0,48.86485114605817
8385,Smederevo,27.13736111333334,42.29191184670308
8386,Smederevo,72.24138889,87.33484481544498
8387,Smederevo,83.78333333333333,77.78564382417044
8388,Smederevo,16.87208333,31.03141305597885
8389,Smederevo,27.051666665,38.97561666872978
8390,Smederevo,30.589583335,40.01178786144639
8391,Smederevo,68.25,89.75222333242891
8392,Smederevo,148.30625,126.50869834164392
8393,Smederevo,74.433333335,75.78186851615035
8394,Smederevo,61.42499999999999,75.02454302993596
8395,Smederevo,48.69611111,50.72206323276578
8396,Smederevo,41.41694444333334,47.88210104918797
8397,Smederevo,84.88222222,48.00627449407053
8398,Smederevo,41.02694444333333,48.06123878534876
8399,Smederevo,40.28569444333333,50.5851617966741
8400,Smederevo,52.56013889,50.447717282306016
8401,Smederevo,54.99861110999999,58.98896568477777
8402,Smederevo,74.45722222333333,67.17211718469312
8403,Smederevo,86.38944444333333,76.35969786248795
8404,Smederevo,55.1925,59.150518001557685
8405,Smederevo,31.6575,26.73388908158099
8406,Smederevo,26.21013888666667,32.56464589782868
8407,Smederevo,50.42625,61.10546109005965
8408,Smederevo,84.22416666666668,69.89494894565527
8409,Smederevo,100.285,89.78452153002387
8410,Smederevo,41.19222222,45.99332358501372
8411,Smederevo,51.31361111333333,46.53767407580871
8412,Smederevo,50.17722222333333,49.01692213722104
8413,Smederevo,56.21611111000001,52.986260431709766
8414,Smederevo,62.56138889,61.28246229550251
8415,Smederevo,60.88333333333333,53.3295308162799
8416,Smederevo,38.49638888666667,30.21103866890005
8417,Smederevo,40.41388889,38.71244962304153
8418,Smederevo,35.05583333333333,39.83430886817356
8419,Smederevo,43.54486111,36.78309634173834
8420,Smederevo,21.37555555666667,28.41399603835778
8421,Smederevo,31.28166666666667,35.135572730994
8422,Smederevo,66.18166666666667,62.13955340061368
8423,Smederevo,44.15611111,46.34312284963025
8424,Smederevo,32.16166666666667,39.234329689542434
8425,Smederevo,37.03916666666667,40.41183717845436
8426,Smederevo,43.96527777666666,48.14989012118139
8427,Smederevo,44.20083333333333,61.27629791494456
8428,Smederevo,36.59027777666667,49.12736218552587
8429,Smederevo,72.20777777666667,76.53678391802522
8430,Smederevo,81.50444444666665,66.85712856190908
8431,Smederevo,54.98527777666667,61.66951760931165
8432,Smederevo,39.94861111333334,36.188229798874126
8433,Smederevo,38.72222222333333,51.322594417158605
8434,Smederevo,55.51944444333333,55.36108857346935
8435,Smederevo,42.05833333333334,52.78421230284223
8436,Smederevo,44.89305555666667,52.0061551930475
8437,Smederevo,38.67388889,50.66448049943003
8438,Smederevo,85.47805555333333,91.78711133224672
8439,Smederevo,100.2922222233333,91.21815426007204
8440,Smederevo,81.35888888666666,69.15006604765283
8441,Smederevo,94.8613889,65.98452499135176
8442,Smederevo,83.42611111000001,52.78754379234491
8443,Smederevo,36.72194444666667,40.961633759882886
8444,Smederevo,57.49305555333333,60.58183534753228
8445,Smederevo,55.15972222333334,57.67373219627811
8446,Smederevo,51.49472222333333,54.64248308166747
8447,Smederevo,68.45305555666667,64.50714826794987
8448,Smederevo,71.19972222333332,63.16809500719023
8449,Smederevo,92.42694444333334,54.10294501155721
8450,Smederevo,71.81833333333333,54.9933321140485
8451,Smederevo,48.4425,44.006564528624665
8452,Smederevo,68.29944444333334,58.259991044084686
8453,Smederevo,42.24727272666667,41.66289054587372
8454,Smederevo,63.07833333333334,53.3610761194864
8455,Smederevo,87.115,65.97454374410174
8456,Smederevo,65.81777778,44.29550100018477
8457,Smederevo,48.93361110999999,28.898570591013232
8458,Smederevo,34.79694444333333,25.83880883646625
8459,Smederevo,21.80708333333333,28.393470676886523
8460,Smederevo,22.56861111333333,32.427453124683325
8461,Smederevo,38.43055555666667,50.71214031685655
8462,Smederevo,52.98680555666667,52.1145857511378
8463,Smederevo,35.44152777999999,48.4210737491434
8464,Smederevo,38.68708333333333,31.171629795509556
8465,Smederevo,32.83722222333333,35.82203608361441
8466,Smederevo,23.53777777666667,24.38757211872861
8467,Smederevo,15.011875,24.7932933509435
8468,Smederevo,21.52916667,30.21103866890005
8469,Smederevo,32.34583333499999,42.00175568811952
8470,Smederevo,38.49020833500001,40.171522595746495
8471,Smederevo,50.891666665,48.47996190231042
8472,Smederevo,41.904166665,38.86180828908172
8473,Smederevo,24.807083335,27.670553475811463
8474,Smederevo,24.096041665,31.350974058350417
8475,Smederevo,24.627916665,28.80869139126561
8476,Smederevo,28.49979167,30.613153492642777
8477,Smederevo,27.608333335,33.10420854258707
8478,Smederevo,34.07291667,41.74996265963967
8479,Smederevo,27.529166665,24.712227057209365
8480,Smederevo,20.96513889,24.989017188824317
8481,Smederevo,30.23833333333333,25.10515578799165
8482,Smederevo,21.03652777666667,20.680878355810066
8483,Smederevo,19.54208333,25.014136337080437
8484,Smederevo,15.39694444333333,22.84874689459545
8485,Smederevo,23.68104167,27.09140714271138
8486,Smederevo,21.24375,28.77141045655606
8487,Smederevo,24.08895833,28.671768763257106
8488,Smederevo,17.26680555666666,23.13111125360117
8489,Smederevo,19.44708333333334,25.017886328399705
8490,Smederevo,20.60958333333333,25.58016806227324
8491,Smederevo,30.829166665,26.191277041720884
8492,Smederevo,30.15694444666667,25.93180343869065
8493,Smederevo,23.76083333333333,25.14519111527638
8494,Smederevo,23.30638889,26.94518513149182
8495,Smederevo,20.21194444333333,25.26595111523309
8496,Smederevo,26.98430555333333,26.506820617876915
8497,Smederevo,25.50555555666667,25.153328426827823
8498,Smederevo,28.02125,26.86400670046696
8499,Smederevo,33.40611111333333,30.257817064568467
8500,Smederevo,36.585,32.301196560595486
8501,Smederevo,17.02416666666667,21.800771052504608
8502,Smederevo,17.814375,24.32569941107801
8503,Smederevo,30.09833333333333,26.88059140414144
8504,Smederevo,28.21694444333333,22.975771761568662
8505,Smederevo,18.7375,18.031002554821224
8506,Smederevo,13.23833333,22.818310037632084
8507,Smederevo,21.34875,22.89860787081375
8508,Smederevo,28.4875,24.65136638768601
8509,Smederevo,11.9975,24.167407806298225
8510,Smederevo,12.47708333,24.61103659177536
8511,Smederevo,23.89583333,22.33365898304929
8512,Smederevo,27.45,27.32711804146517
8513,Smederevo,12.97125,20.0985895717524
8514,Smederevo,28.13333333,26.44521539067696
8515,Smederevo,13.366041665,18.82611036938848
8516,Smederevo,15.170208335,21.305129745957142
8517,Smederevo,25.987083335,29.969060501168304
8518,Smederevo,27.94527778,25.1743313253208
8519,Smederevo,30.98805555333334,23.957249827793056
8520,Smederevo,43.745,31.57941684425186
8521,Smederevo,29.325,25.93140924561456
8522,Smederevo,33.913125,26.74688499359972
8523,Smederevo,23.93291667,23.622848634675503
8524,Smederevo,29.613541665,21.389800838760817
8525,Smederevo,26.21138889,25.56150780007049
8526,Smederevo,20.91611111333333,19.472918348684985
8527,Smederevo,18.41638889,18.73447335770408
8528,Smederevo,17.07180555333333,21.21587679802511
8529,Smederevo,22.75222222333333,20.92992292115281
8530,Smederevo,20.46375,19.743323265908767
8531,Smederevo,21.46722222333333,22.85292176630775
8532,Smederevo,19.91972222333333,21.10115213100116
8533,Smederevo,23.95402777666667,21.40426709406123
8534,Smederevo,35.55,24.05884786679302
8535,Smederevo,29.75555555333333,21.597950906223748
8536,Smederevo,23.71055555666666,22.38771410147524
8537,Smederevo,30.41794686,23.17466137302733
8538,Smederevo,26.16847222333334,24.506079933079636
8539,Smederevo,34.46027777666666,24.466288591939527
8540,Smederevo,25.33569444333333,21.70602659047953
8541,Smederevo,23.65888888666667,20.093114051406964
8542,Smederevo,25.507291665,24.57255921841837
8543,Smederevo,32.32038043333333,22.804766325100463
8544,Smederevo,20.61777778,18.60450696254856
8545,Smederevo,30.779166665,27.37546044466426
8546,Smederevo,34.13166667,29.077644764419244
8547,Smederevo,32.14375,25.22037327882216
8548,Smederevo,35.39083333333333,30.54972872986459
8549,Smederevo,35.739583335,31.70136486544823
8550,Smederevo,40.99722222,24.92565040852969
8551,Smederevo,33.40916666666666,27.418399473421445
8552,Smederevo,40.78125,30.683247298244297
8553,Smederevo,38.00833333,27.4392540386473
8554,Smederevo,16.587291665,18.26317808756212
8555,Smederevo,17.754583335,20.884092087012068
8556,Smederevo,22.379166665,20.747377577868583
8557,Smederevo,15.45625,18.419097161766096
8558,Smederevo,13.3404166685,17.764931962324784
8559,Smederevo,11.8485416665,18.779338796254443
8560,Smederevo,14.46375,19.85285554461177
8561,Smederevo,15.27,21.01743224766063
8562,Smederevo,17.539375,22.936393924922267
8563,Smederevo,34.727708335,25.929216966798368
8564,Smederevo,21.953125,23.095734715490195
8565,Smederevo,23.423333335,22.645553269808133
8566,Smederevo,23.415833335,22.59203418091429
8567,Smederevo,32.29062500000001,26.230075939754173
8568,Smederevo,30.550625,27.22412158732605
8569,Smederevo,33.772916665,30.46710912363112
8570,Smederevo,36.20208333,29.89327495249892
8571,Smederevo,52.133333335,35.1782826557447
8572,Smederevo,41.51854167,28.819784785829302
8573,Smederevo,29.879583335,27.328124587572702
8574,Smederevo,36.475,29.81616440986126
8575,Smederevo,22.46,25.441540339169336
8576,Smederevo,28.7625,24.257724715295243
8577,Smederevo,30.1675,26.94549728670568
8578,Smederevo,41.83224638,25.716376079511637
8579,Smederevo,13.586458335,19.296595072942253
8580,Smederevo,19.616875,22.41816690432725
8581,Smederevo,16.975,23.97373993968744
8582,Smederevo,20.705625,29.00170274567465
8583,Smederevo,25.072916665,31.63692367335224
8584,Smederevo,27.780208335,32.283133746866326
8585,Smederevo,21.84,33.96249069416545
8586,Smederevo,27.067045455,28.491951265478715
8587,Smederevo,26.18666667,27.449620154416184
8588,Smederevo,21.011875,23.31275420134038
8589,Smederevo,18.068125,24.32518300041011
8590,Smederevo,15.0947916665,23.619475284633864
8591,Smederevo,29.18479167,28.4897615001326
8592,Smederevo,22.79,21.730102765778472
8593,Smederevo,19.117083335,22.179822396319324
8594,Smederevo,25.83791667,28.11393086466313
8595,Smederevo,18.85208333,26.00514949043555
8596,Smederevo,18.242916665,27.4367059550134
8597,Smederevo,30.133125,32.16093608259753
8598,Smederevo,36.34375,31.268568654578743
8599,Smederevo,39.064583335,23.743928584594137
8600,Smederevo,16.53369318,17.079108669330054
8601,Smederevo,15.99166667,23.31503343906612
8602,Smederevo,13.883958335,18.019801664992517
8603,Smederevo,19.35763889,26.78499687370744
8604,Smederevo,26.668055555,26.41161433309071
8605,Smederevo,45.625,26.83543736156925
8606,Smederevo,49.8875,29.3537980899033
8607,Smederevo,51.76666667,31.621820043753385
8608,Smederevo,23.847708335,21.25532448324183
8609,Smederevo,21.110416665,19.63773111719753
8610,Smederevo,29.20208333,21.576898986567578
8611,Smederevo,27.645833335,21.528366732280112
8612,Smederevo,12.821875,17.463986269070258
8613,Smederevo,30.239583335,27.61539072410692
8614,Smederevo,26.105416665,24.57910000389724
8615,Smederevo,25.793333335,26.39776039117453
8616,Smederevo,27.345,27.38282169424217
8617,Smederevo,27.402083335,27.40513039448456
8618,Smederevo,30.652083335,31.693846785985823
8619,Smederevo,32.807880435,29.479980384746337
8620,Smederevo,20.34041667,18.991540325667525
8621,Smederevo,10.002291665,18.691636059359528
8622,Smederevo,14.2579166665,19.22962780662533
8623,Smederevo,22.66270833,23.7793530404922
8624,Smederevo,31.690833335,24.110095221276392
8625,Smederevo,35.559375,24.48054499238107
8626,Smederevo,15.396666665,20.32735879504965
8627,Smederevo,11.693125,16.043278356545393
8628,Smederevo,7.5081249985,16.457224512109388
8629,Smederevo,14.0222916665,18.827730825828727
8630,Smederevo,12.306666665,19.503455409850545
8631,Smederevo,30.97652777666667,19.40241450287266
8632,Smederevo,19.139583335,24.145427289465594
8633,Smederevo,30.926875,27.61539072410692
8634,Smederevo,41.70958333,34.63287498219787
8635,Smederevo,38.61219806666667,31.044119196004765
8636,Smederevo,21.21291666666667,19.810904551188152
8637,Smederevo,18.05972222,18.684279755625933
8638,Smederevo,23.64958333333333,24.05546007326302
8639,Smederevo,18.69444444666667,17.502124717727412
8640,Smederevo,21.40931488666666,17.06105989474558
8641,Smederevo,21.48222222333333,18.612915944935644
8642,Smederevo,16.12059178866667,18.10089998704818
8643,Smederevo,12.21847222333333,16.251184489030734
8644,Smederevo,17.33222222,22.925967077878227
8645,Smederevo,35.77430555666667,39.71338221688739
8646,Smederevo,35.21347222333333,31.58613788419396
8647,Smederevo,46.87,36.24741699493352
8648,Smederevo,44.07222221999999,36.799547753546086
8649,Smederevo,56.63277778,51.055131589187326
8650,Smederevo,48.18083333333333,40.8950608831136
8651,Smederevo,56.19083333333333,45.830951855749255
8652,Smederevo,78.84472222000001,57.66870439376907
8653,Smederevo,47.31638888666667,40.800807474120255
8654,Smederevo,34.93194444333334,31.55106739825239
8655,Smederevo,29.99833333333333,32.96273306512151
8656,Smederevo,32.25972222,33.92576916556458
8657,Smederevo,43.30875,39.64998035686354
8658,Smederevo,48.81513158000001,35.21156292023692
8659,Smederevo,53.11138889,46.28637742293432
8660,Smederevo,36.22083333333334,35.398163548805734
8661,Smederevo,46.01916666666667,38.0372966708545
8662,Smederevo,56.4575,35.057633289246034
8663,Smederevo,29.59291666666667,33.789655356099225
8664,Smederevo,58.61416666666667,35.398163548805734
8665,Smederevo,42.46277778,35.701614625982465
8666,Smederevo,45.59166666666666,36.71555998564843
8667,Smederevo,43.08069444333334,33.577325895326254
8668,Smederevo,50.35833333,45.45565460887354
8669,Smederevo,72.03222222333333,59.34754269698258
8670,Smederevo,70.74361111,59.696524140558594
8671,Smederevo,93.19944443333333,70.18576605536322
8672,Smederevo,96.22638887666666,63.61347264860935
8673,Smederevo,65.77111111333333,59.68542598396157
8674,Smederevo,80.59444444333333,61.82401557687212
8675,Smederevo,67.39,41.01458956001912
8676,Smederevo,38.88861111333333,34.55444954367128
8677,Smederevo,38.17194444666666,39.3578025343465
8678,Smederevo,42.4775,39.21915573150651
8679,Smederevo,58.20694444666668,55.05391496404685
8680,Smederevo,53.51861110999999,54.104300823818114
8681,Smederevo,49.77972222,43.055425565625775
8682,Smederevo,45.59611111,46.80674713004022
8683,Smederevo,48.51861111333333,51.15253870707317
8684,Smederevo,41.35,48.18563379841392
8685,Smederevo,51.69222222333334,48.42903527526294
8686,Smederevo,36.42208333333333,39.40041658596539
8687,Smederevo,53.435416665,40.03588712497404
8688,Smederevo,47.87229166500001,45.77767357326444
8689,Smederevo,37.854583335,35.966409116479504
8690,Smederevo,33.382280705,42.94784456004624
8691,Smederevo,23.53708333333333,33.07624523205487
8692,Smederevo,22.39166666666667,44.377980028235335
8693,Smederevo,28.02875,31.032384787236644
8694,Smederevo,25.26972222333333,31.468882861920072
8695,Smederevo,16.295416665,31.513418350098668
8696,Smederevo,51.93208333333334,61.41292010864968
8697,Smederevo,75.61416666666666,84.2515496592191
8698,Smederevo,89.33749999999999,74.95431029975649
8699,Smederevo,50.09388889,58.383240944371146
8700,Smederevo,28.93277777666666,42.50320429915701
8701,Smederevo,15.88416666666667,24.36153986550074
8702,Smederevo,15.58291667,26.6661864540144
8703,Smederevo,19.653333335,35.066864909158774
8704,Smederevo,23.351666665,40.1750924248034
8705,Smederevo,9.3229166665,24.47450685979981
8706,Smederevo,18.840625,36.57689037048432
8707,Smederevo,31.972916665,43.33905398826624
8708,Smederevo,36.470208335,48.95777458748806
8709,Smederevo,54.68305555666666,54.635236716494354
8710,Smederevo,40.13805555666666,41.11107213968982
8711,Smederevo,27.89666666666666,23.94427230880985
8712,Smederevo,58.05222222333333,59.60069653802749
8713,Smederevo,55.67499999999999,73.64877192761168
8714,Smederevo,36.92250000000001,35.92351978090314
8715,Smederevo,43.5125,47.36858446849639
8716,Smederevo,31.302708335,35.53577049996984
8717,Smederevo,32.74895833,42.81129186557444
8718,Smederevo,46.4375,61.08032883171573
8719,Smederevo,50.133333335,65.96223065112437
8720,Smederevo,34.8625,56.45093603464797
8721,Smederevo,88.38027777666667,82.29086657531923
8722,Smederevo,115.1538889,101.5503596694361
8723,Smederevo,114.34166665,80.66715177893373
8724,Smederevo,69.0525,57.55407602655816
8725,Smederevo,92.797916685,88.61905482745908
8726,Smederevo,50.19611111,59.597705020171965
8727,Smederevo,32.86388889000001,33.52435661310232
8728,Smederevo,74.47097222000001,75.8343052135662
8729,Smederevo,61.61972222333333,65.98703691277927
8730,Smederevo,66.71694444333333,60.37222178949033
8731,Smederevo,73.5125,63.61347264860935
10785,Smederevo,40.478333335,28.99236896811029
19042,Smederevo,80.25625,70.95170180902284
19043,Smederevo,105.75625,70.95170180902284
19044,Smederevo,74.04374999999999,70.3675688130421
19045,Smederevo,47.35,68.87370338412018
19046,Smederevo,52.03125000000001,44.37718562629075
19047,Smederevo,44.69354166666666,66.64739282742
19048,Smederevo,62.04375,60.11347845064223
19049,Smederevo,61.37083333333334,60.387824401102
19050,Smederevo,29.75208333333334,36.55105286418864
19051,Smederevo,15.45291666666667,30.46437640188355
19052,Smederevo,22.431875,35.27205532287878
19053,Smederevo,63.23125,72.5817152604786
19054,Smederevo,68.79791666666668,72.61096179975709
19055,Smederevo,63.46458333333333,75.87843097284868
19056,Smederevo,53.93333333333333,59.1894269086451
19057,Smederevo,30.97708333333333,36.87053404273493
19058,Smederevo,24.22125,30.56564579347184
19059,Smederevo,31.25833333333333,29.492738337196027
19060,Smederevo,25.44331521739131,27.72785004005496
19061,Smederevo,19.19125,34.22379501418236
19062,Smederevo,33.02916666666667,47.47031529150523
19063,Smederevo,54.075,59.91392991534496
19064,Smederevo,18.11958333333333,26.555315185047345
19065,Smederevo,17.79452898550725,31.42654768132088
19066,Smederevo,21.48770833333333,47.755852838779546
19067,Smederevo,22.37854166666667,39.49558571062648
19068,Smederevo,31.09583333333333,45.45812378196271
19069,Smederevo,31.51875,47.36365734428198
19070,Smederevo,35.53958333333333,48.04502474608213
19071,Smederevo,37.57708333333333,62.9283104723137
19072,Smederevo,20.2975,33.28027199682408
19073,Smederevo,42.72916666666667,52.9031792285741
19074,Smederevo,19.95958333333333,32.37211441028694
19075,Smederevo,20.81041666666667,33.30946948700224
19076,Smederevo,9.279021739130435,23.72914592381624
19077,Smederevo,16.06270833333333,36.64500320479012
19078,Smederevo,28.11041666666667,52.16535698623584
19079,Smederevo,35.97708333333333,59.68705961319469
19080,Smederevo,44.77291666666667,66.67954134339304
19081,Smederevo,34.40208333333334,51.73227090571658
19082,Smederevo,79.5125,71.39378202727497
19083,Smederevo,104.8979166666667,90.02643860584664
19084,Smederevo,71.29791666666667,67.24726560507007
19085,Smederevo,106.6041666666667,88.96258859467858
19086,Smederevo,41.00624999999999,59.898352065648616
19087,Smederevo,74.73333333333333,76.03584247536459
19088,Smederevo,94.68541666666668,63.398346263615736
19089,Smederevo,106.96875,87.05083398075836
19090,Smederevo,95.47083333333336,62.50922094175268
19091,Smederevo,39.61041666666667,40.10927119067976
19092,Smederevo,33.61458333333334,35.35069911598762
19093,Smederevo,50.00958333333333,50.585557217557
19094,Smederevo,61.12500000000001,62.220203430088304
19095,Smederevo,36.42916666666667,49.4373845470333
19096,Smederevo,41.82916666666667,39.04508478604567
19097,Smederevo,25.98812499999999,24.723106882290207
19098,Smederevo,18.42836309523809,25.74184616191227
19099,Smederevo,25.611875,30.72882509697678
19100,Smederevo,38.18541666666667,54.83878857905323
19101,Smederevo,25.11833333333334,33.18487496167381
19102,Smederevo,22.19791666666666,25.572730798723647
19103,Smederevo,41.78958333333334,48.85711400514071
19104,Smederevo,52.12291666666666,55.49090065284562
19105,Smederevo,39.89583333333333,49.22225816203969
19106,Smederevo,50.94791666666666,44.273974629783446
19107,Smederevo,49.358125,40.06073150560403
19108,Smederevo,31.95708333333333,33.11049071589776
19109,Smederevo,20.76208333333333,24.3333149937194
19110,Smederevo,26.37583333333333,28.24416630437904
19111,Smederevo,15.5975,25.46846781827378
19112,Smederevo,37.08479166666667,45.12323555837775
19113,Smederevo,39.93125,45.57561996010865
19114,Smederevo,27.3625,41.22557324328787
19115,Smederevo,21.99479166666667,27.054949794335737
19116,Smederevo,16.40833333333333,24.744428288035035
19117,Smederevo,47.28145833333333,48.37207899421085
19118,Smederevo,36.975,42.43614599389584
19119,Smederevo,58.33416666666666,46.62149547548047
19120,Smederevo,46.44312499999999,39.805015852616926
19121,Smederevo,38.32791666666667,39.2361885029194
19122,Smederevo,42.65979166666667,39.67473622983516
19123,Smederevo,60.360625,46.8160703826889
19124,Smederevo,39.53479166666667,39.99977962148007
19125,Smederevo,25.99979166666667,26.658656964090856
19126,Smederevo,11.84330808080808,26.571586685474163
19127,Smederevo,10.84541666666667,19.53266804356128
19128,Smederevo,11.00375,22.694522770340715
19129,Smederevo,18.575,32.060194440884544
19130,Smederevo,31.90375,37.66647032735798
19131,Smederevo,23.20479166666667,30.81382691993152
19132,Smederevo,16.81038949275362,27.161726467288407
19133,Smederevo,16.904375,27.185092261612372
19134,Smederevo,19.11479166666666,24.478867766881518
19135,Smederevo,11.445,21.100705141957175
19136,Smederevo,19.2675,26.558358759277624
19137,Smederevo,31.17708333333333,48.36036498560057
19138,Smederevo,36.46458333333333,47.476116683984586
19139,Smederevo,64.42291666666665,69.01114789848825
19140,Smederevo,55.9401268115942,48.80566979469074
19141,Smederevo,29.50208333333334,40.40613473093378
19142,Smederevo,40.28958333333333,41.93593505219579
19143,Smederevo,21.5775,27.2853718144838
19144,Smederevo,27.770625,31.80518542080214
19145,Smederevo,15.319375,23.466687455035945
19146,Smederevo,21.91125,29.2705800638745
19147,Smederevo,19.07,26.55787288630124
19148,Smederevo,12.28604166666667,21.6818808441831
19149,Smederevo,13.829375,22.28652644693193
19150,Smederevo,20.95270833333333,25.40708875730914
19151,Smederevo,22.32270833333333,29.41315487794742
19152,Smederevo,30.67291666666667,31.55106739825239
19153,Smederevo,42.60020833333334,36.795177845446
19154,Smederevo,26.625,29.25365353238421
19155,Smederevo,19.94166666666667,23.171848823579843
19156,Smederevo,15.38791666666667,20.752640430782236
19157,Smederevo,18.22791666666667,23.938569159882647
19158,Smederevo,19.04479166666667,26.29875795636428
19159,Smederevo,28.13770833333334,32.683650340156035
19160,Smederevo,29.33395833333334,27.661431066216704
19161,Smederevo,26.59625,28.42569030872236
19162,Smederevo,20.296875,24.61310370072589
19163,Smederevo,15.37979166666667,25.01419643639676
19164,Smederevo,15.85125,25.043324629327135
19165,Smederevo,15.5780615942029,25.35062202508228
19166,Smederevo,29.16583333333333,27.59053884998918
19167,Smederevo,19.99229166666666,25.619357141865923
19168,Smederevo,20.52916666666667,24.189656814957765
19169,Smederevo,17.54666666666667,21.94722418111751
19170,Smederevo,10.14041666666667,21.681560017964323
19171,Smederevo,12.22625,22.10431502210893
19172,Smederevo,13.389375,19.602022814440456
19173,Smederevo,11.89354166666666,21.01249064619123
19174,Smederevo,14.34020833333333,23.5300031744603
19175,Smederevo,10.751875,21.09691953537513
19176,Smederevo,15.798125,20.422978173077144
19177,Smederevo,18.32979166666667,23.48808661292625
19178,Smederevo,10.38291666666666,20.989755409037407
19179,Smederevo,10.9275,19.550041645546703
19180,Smederevo,19.72625,29.182188323875057
19181,Smederevo,21.15645833333333,29.575119695854216
19182,Smederevo,14.36458333333333,24.577676885451552
19183,Smederevo,14.084375,20.32721249948808
19184,Smederevo,19.12729166666667,23.752373621764495
19185,Smederevo,23.67479166666666,23.562530284525824
19186,Smederevo,24.233125,21.798529292802804
19187,Smederevo,20.37895833333334,23.745939361066892
19188,Smederevo,18.56104166666666,24.70307526196598
19189,Smederevo,20.68666666666667,25.03688681095272
19190,Smederevo,14.124375,20.798060233086662
19191,Smederevo,14.95041666666667,20.246118899082365
19192,Smederevo,15.59541666666667,21.911393945842228
19193,Smederevo,19.69,23.31503343906612
19194,Smederevo,19.86782608695653,21.336883071411386
19195,Smederevo,16.95916666666666,20.253268850714644
19196,Smederevo,10.635,18.6750849289621
19197,Smederevo,12.43333333333333,20.997461953933964
19198,Smederevo,9.765416666666669,18.84549748288648
19199,Smederevo,12.88416666666667,20.841905919584004
19200,Smederevo,15.615625,24.00194225333798
19201,Smederevo,16.9525,22.047790937408287
19202,Smederevo,16.08695833333334,21.534635195062503
19203,Smederevo,6.005416666666666,20.778096169691807
19204,Smederevo,9.40875,19.65818925360509
19205,Smederevo,11.62770833333333,25.43777775887885
19206,Smederevo,13.51132246376812,21.755258746819656
19207,Smederevo,12.09770833333333,18.90058401644725
19208,Smederevo,8.16141304347826,15.787902425429444
19209,Smederevo,13.68854166666666,20.58384989888536
19210,Smederevo,13.43152173913043,21.80442062523543
19211,Smederevo,18.33020833333333,24.57255921841837
19212,Smederevo,22.52937499999999,29.726706474526413
19213,Smederevo,25.355,31.299206518782345
19214,Smederevo,21.99416666666667,28.390761989460238
19215,Smederevo,20.938125,28.93663464079661
19216,Smederevo,22.66150362318841,21.290109780726983
19217,Smederevo,28.35416666666666,26.968696149764785
19218,Smederevo,30.74166666666667,28.390761989460238
19219,Smederevo,29.67708333333333,28.772854229373497
19220,Smederevo,28.45625,30.30272125934346
19221,Smederevo,30.30344202898551,30.747772246555986
19222,Smederevo,34.23125,31.22675622753577
19223,Smederevo,36.49791666666666,36.75511524713775
19224,Smederevo,30.46250000000001,29.165468199937308
19225,Smederevo,30.50833333333334,30.457262415488845
19226,Smederevo,30.22083333333334,32.83710917678483
19227,Smederevo,31.37291666666668,30.069821129894763
19228,Smederevo,33.50416666666666,32.979637927335666
19229,Smederevo,26.9125,23.22141940469557
19230,Smederevo,22.03166666666667,18.579294674641403
19231,Smederevo,14.06625,18.825101783078257
19232,Smederevo,22.14645833333334,25.678579580105957
19233,Smederevo,31.48375,29.729133645258035
19234,Smederevo,20.82708333333333,22.095624166211834
19235,Smederevo,12.98020833333333,17.281353609580155
19236,Smederevo,20.0125,22.032920271241636
19237,Smederevo,23.35,23.433237757506937
19238,Smederevo,24.85996376811594,24.038294936657007
19239,Smederevo,25.60208333333333,23.044304868980948
19240,Smederevo,29.85625,24.396273857950003
19241,Smederevo,28.34791666666667,24.80364712035494
19242,Smederevo,33.54375,24.83062653908264
19243,Smederevo,35.98958333333333,26.953931802263828
19244,Smederevo,41.70208333333333,34.217127871571584
19245,Smederevo,37.94166666666667,28.374206433743502
19246,Smederevo,14.201875,20.375631051458225
19247,Smederevo,22.40416666666666,23.104941618568688
19248,Smederevo,20.87770833333333,21.23308039450465
19249,Smederevo,25.525,27.130527070845545
19250,Smederevo,24.19166666666667,24.05060562189834
19251,Smederevo,28.76791666666667,24.538646983832685
19252,Smederevo,27.71041666666667,25.065719889110014
19253,Smederevo,27.29583333333333,26.84892940979353
19254,Smederevo,37.94625000000001,28.01400981455302
19255,Smederevo,10.5651902173913,17.724148888822224
19256,Smederevo,17.86645833333333,20.424347394502405
19257,Smederevo,32.53958333333333,26.006066906799365
19258,Smederevo,32.92708333333334,26.74285856738543
19259,Smederevo,35.7625,26.90757082286914
19260,Smederevo,42.58749999999999,27.38282169424217
19261,Smederevo,34.68333333333334,29.2947809641254
19262,Smederevo,24.68541666666667,26.33581676340219
19263,Smederevo,26.67083333333333,25.59058848740666
19264,Smederevo,29.94375,27.957788623651428
19265,Smederevo,36.89583333333333,27.33860760155508
19266,Smederevo,27.77708333333333,25.20740300288972
19267,Smederevo,29.3,27.369060404407094
19268,Smederevo,38.13125,28.539998453796237
19269,Smederevo,44.50229166666666,24.48049729782189
19270,Smederevo,29.53,25.273143017681207
19271,Smederevo,32.56041666666667,24.482995774434645
19272,Smederevo,25.9375,25.03785616142916
19273,Smederevo,43.45,26.979799375019724
19274,Smederevo,64.93541666666667,42.60882811384161
19275,Smederevo,63.09166666666667,37.21115188771408
19276,Smederevo,31.31333333333334,21.89144109827241
19277,Smederevo,30.36083333333333,34.11237632423259
19278,Smederevo,51.3125,50.53404700748308
19279,Smederevo,60.33125,46.42085377845331
19280,Smederevo,27.40833333333334,23.749796131082125
19281,Smederevo,37.84166666666666,28.810122822995968
19282,Smederevo,50.31041666666667,34.32182969363967
19283,Smederevo,18.5875,26.66689829032836
19284,Smederevo,37.49187499999999,32.37186626372091
19285,Smederevo,39.97708333333333,26.835149580190283
19286,Smederevo,25.48229166666667,22.698104198882096
19287,Smederevo,26.49309210526316,26.590020438680824
19288,Smederevo,16.18166666666666,18.559461031539417
19289,Smederevo,22.68229166666667,30.78401295015927
19290,Smederevo,24.59958333333334,31.46838996437485
19291,Smederevo,29.48125,33.50769759707975
19292,Smederevo,22.51,23.055248718903265
19293,Smederevo,20.9675,33.05658494563953
19294,Smederevo,18.93395833333333,22.617574183396982
19295,Smederevo,24.235625,25.10693955059693
19296,Smederevo,33.66479166666667,24.160246312155035
19297,Smederevo,14.024375,17.16344464578944
19298,Smederevo,35.43458333333334,35.701614625982465
19299,Smederevo,30.07291666666666,28.243823327019943
19300,Smederevo,19.21270833333333,29.907726286205055
19301,Smederevo,37.12083333333334,27.75849331704605
19302,Smederevo,21.89166666666667,27.82288838282599
19303,Smederevo,15.08375,16.71040415757536
19304,Smederevo,41.75145833333333,44.764417204856855
19305,Smederevo,62.91875,44.50567386600876
19306,Smederevo,42.85208333333333,32.22425008598962
19307,Smederevo,13.85375,23.79067104517196
19308,Smederevo,19.21600543478261,29.960633894487163
19309,Smederevo,16.34895833333333,20.818779443699366
19310,Smederevo,11.90354166666667,19.63583799948798
19311,Smederevo,27.08166666666667,53.77002152461453
19312,Smederevo,62.06875000000001,52.891882976137246
19313,Smederevo,53.48124999999999,28.144385903816648
19314,Smederevo,27.49437500000001,26.689148044402955
19315,Smederevo,39.76666666666667,63.398346263615736
19316,Smederevo,55.9875,31.923747425589923
19317,Smederevo,16.39604166666667,21.954104845023203
19318,Smederevo,11.931875,18.99862985747664
19319,Smederevo,22.0425,30.715771397664675
19320,Smederevo,15.93708333333333,21.42076027093712
19321,Smederevo,54.09395833333333,59.302199062095234
19322,Smederevo,39.40833333333333,27.450970562678027
19323,Smederevo,25.06583333333333,28.98404743135617
19324,Smederevo,27.38541666666667,31.23236691522172
19325,Smederevo,22.0125,45.424839091223184
19326,Smederevo,52.65625000000001,45.16668028579407
19327,Smederevo,35.29166666666666,40.97214924411984
19328,Smederevo,32.33958333333333,47.16575259925439
19329,Smederevo,27.86458333333333,33.81651496935707
19330,Smederevo,53.57291666666667,78.16365892137263
19331,Smederevo,61.50208333333333,46.6255414173783
19332,Smederevo,42.11875000000001,42.90818416489001
19333,Smederevo,53.01875000000001,50.91775307360805
19334,Smederevo,56.84166666666667,37.20002506722143
19335,Smederevo,29.90625,29.10722142329242
19336,Smederevo,22.30208333333333,35.73516068528515
19337,Smederevo,31.46458333333333,25.65459024964024
19338,Smederevo,41.89895833333333,70.2665396327272
19339,Smederevo,83.79999999999998,72.11452127332517
19340,Smederevo,111.4520833333333,87.33484481544498
19341,Smederevo,116.9583333333333,72.58455706462719
19342,Smederevo,73.77916666666667,53.51127818576643
19343,Smederevo,40.15833333333333,34.5625415685832
19344,Smederevo,20.16729166666667,25.28189378400978
19345,Smederevo,20.46791666666666,23.40988289982688
19346,Smederevo,57.42958333333333,55.49090065284562
19347,Smederevo,85.16041666666666,87.46749762755036
19348,Smederevo,90.5017543859649,61.961460091240205
19349,Smederevo,105.2,59.93262587606748
19350,Smederevo,67.71041666666667,87.26596036575197
19351,Smederevo,97.3375,72.44711255025912
19352,Smederevo,102.6625,72.7996834496208
19353,Smederevo,71.16458333333333,85.417978725154
22280,Smederevo,21.38333333333334,19.94397913899039
22281,Smederevo,12.50136363636364,17.680168982481675
22282,Smederevo,17.25,23.0107444132493
22283,Smederevo,25.12083333333333,30.220566817055644
22284,Smederevo,14.64916666666667,20.82837531322088
22285,Smederevo,25.6625,21.229505839569857
22286,Smederevo,29.06083333333332,24.1910459181578
22287,Smederevo,30.89624999999999,23.18909777132381
22288,Smederevo,18.59166666666667,17.55483958858191
22289,Smederevo,25.53333333333333,21.733808688813383
22290,Smederevo,27.69999999999999,24.6464594507438
22291,Smederevo,27.35,22.46073015968654
22292,Smederevo,27.89166666666666,23.98641807486368
22293,Smederevo,17.70833333333333,17.791841200368452
22294,Smederevo,23.01666666666667,21.764162788556177
22295,Smederevo,26.2625,22.12214170984917
22296,Smederevo,34.50833333333333,24.8761994270992
22297,Smederevo,37.50416666666667,27.21302135906013
22298,Smederevo,41.76666666666667,26.999842581746275
22299,Smederevo,37.39166666666667,27.41925080448054
22300,Smederevo,20.76625,21.78755624226181
22301,Smederevo,26.47499999999999,26.70756786351697
22302,Smederevo,32.40833333333332,31.634854537370455
22303,Smederevo,42.79166666666666,36.91398899841803
22304,Smederevo,31.97142857142857,27.633660432629373
22305,Smederevo,25.77739130434784,24.11494837621262
22306,Smederevo,17.3875,21.92109510759291
22307,Smederevo,26.6275,23.53086565855053
22308,Smederevo,16.2225,18.37727070829661
22309,Smederevo,17.85916666666667,20.840957363339975
22310,Smederevo,32.40416666666667,29.661200624489247
22311,Smederevo,35.4,25.99459999408426
22312,Smederevo,11.48833333333333,14.396073519655362
22313,Smederevo,13.86875,16.788620330132133
22314,Smederevo,21.47041666666667,21.243417508444807
22315,Smederevo,28.30416666666666,25.262909192032645
22316,Smederevo,26.64333333333333,25.183980692421688
22317,Smederevo,14.33,18.812461155530844
22318,Smederevo,27.25,21.78720824725368
22319,Smederevo,11.685,17.929603744818397
22320,Smederevo,23.29375,26.230185731376064
22321,Smederevo,29.25,30.22628048720622
22322,Smederevo,26.30875000000001,22.27836367900387
22323,Smederevo,8.712916666666668,15.25231292918825
22324,Smederevo,10.74833333333333,18.702882552747926
22325,Smederevo,9.873750000000005,18.24189659532744
22326,Smederevo,16.82125,20.441230993618163
22327,Smederevo,16.35416666666667,19.657905667335683
22328,Smederevo,20.66875,20.441230993618163
22329,Smederevo,25.35291666666667,21.886821093907564
22330,Smederevo,26.49875,24.99954086245548
22331,Smederevo,28.48333333333333,24.78552705989174
22332,Smederevo,22.125,22.528683596801056
28453,Smederevo,44.86666666666667,59.674127861073416
28454,Smederevo,45.31083333333333,50.31892062248946
28455,Smederevo,43.5225,35.026751294829594
28456,Smederevo,40.04194444444445,37.26677940890895
28457,Smederevo,46.035,30.13310152239612
28458,Smederevo,28.08083333333333,32.916106331205654
28459,Smederevo,28.51861111111111,26.457290509006476
28460,Smederevo,23.95527777777778,23.190210420116237
28461,Smederevo,38.02944444444444,35.363052179454705
28462,Smederevo,47.575,53.5138622618512
28463,Smederevo,69.50472222222223,68.81558691576888
28464,Smederevo,71.41027777777778,63.86408668733706
28465,Smederevo,58.55166666666667,57.25383618581357
28466,Smederevo,70.31722222222223,66.47800408159465
28467,Smederevo,47.93486111111111,24.78754950673626
28468,Smederevo,35.27083333333334,44.11881875740299
28469,Smederevo,33.06222222222222,34.69205472073255
28470,Smederevo,33.57194444444445,25.107704813278254
28471,Smederevo,24.02013888888889,27.11097463883594
28472,Smederevo,35.6375,31.46344590862396
28473,Smederevo,79.90777777777777,87.00681339904504
28474,Smederevo,62.14583333333334,40.48389120698173
28475,Smederevo,101.5497222222222,72.61615448018027
28476,Smederevo,91.53027777777775,46.203060417082256
28477,Smederevo,25.245,23.94840719312136
28478,Smederevo,34.05194444444444,47.377093878137295
28479,Smederevo,21.06847222222222,22.914869829501715
28480,Smederevo,30.13625,41.9267924099469
28481,Smederevo,65.62805555555556,88.96258859467858
28482,Smederevo,100.3016666666667,66.47800408159465
28483,Smederevo,89.08083333333333,90.78839032558264
28484,Smederevo,110.5275,72.11452127332517
28485,Smederevo,42.76583333333333,35.40219417605133
28486,Smederevo,35.49527777777778,44.737100122061065
28487,Smederevo,31.42305555555556,60.00290445435131
28488,Smederevo,63.9486111111111,59.21110323040592
28489,Smederevo,83.34166666666667,64.00669234297644
28490,Smederevo,82.77166666666666,55.83312955020611
28491,Smederevo,71.95194444444444,45.98631881760871
28492,Smederevo,49.40555555555557,34.82163511343128
28493,Smederevo,39.86055555555556,37.50779384547404
28494,Smederevo,36.73444444444444,30.8786568664529
28495,Smederevo,22.11972222222222,23.625009284820493
28496,Smederevo,16.795,25.765461089639103
28497,Smederevo,29.48722222222223,48.57381009512178
28498,Smederevo,72.51222222222223,76.03584247536459
28499,Smederevo,73.74388888888889,72.0789442035706
28500,Smederevo,69.705,61.394478601724025
28501,Smederevo,48.82138888888888,67.16316625789028
28502,Smederevo,66.70277777777778,61.961460091240205
28503,Smederevo,63.96166666666667,36.30991706206931
28504,Smederevo,36.80388888888888,48.647226110913486
28505,Smederevo,37.63666666666666,41.78180681718223
28506,Smederevo,29.2225,28.977866576907807
28507,Smederevo,33.87444444444444,33.942229424131845
28508,Smederevo,32.35972222222222,28.572277984435164
28509,Smederevo,34.17166666666667,37.806430967835546
28510,Smederevo,31.93055555555555,33.14693459208423
28511,Smederevo,31.2425,34.28946119295084
28512,Smederevo,40.25277777777777,35.57197327249894
28513,Smederevo,24.80944444444445,29.120797242813374
28514,Smederevo,20.33277777777778,27.705554491945303
28515,Smederevo,27.91652777777778,32.01857210784543
28516,Smederevo,33.64166666666667,45.884846910852986
28517,Smederevo,35.49375000000001,31.331081210953545
28518,Smederevo,36.42083333333333,39.81099246559457
28519,Smederevo,18.42395833333333,25.787857183717264
28520,Smederevo,30.46083333333333,33.685215324930454
28521,Smederevo,33.75083333333333,31.343715570475744
28522,Smederevo,26.79361111111111,30.719422153140776
28523,Smederevo,33.36916666666667,22.498632910992832
28524,Smederevo,19.0175,28.07380078202769
28525,Smederevo,22.24069444444444,33.695967307066184
28526,Smederevo,30.92736111111111,45.97542569691556
28527,Smederevo,55.54,55.9676059057251
28528,Smederevo,50.66861111111111,50.43101606141161
28529,Smederevo,34.13902777777778,25.30087685250972
28530,Smederevo,40.7451388888889,33.201051777646406
28531,Smederevo,22.6925,42.350634166879765
28532,Smederevo,46.87305555555556,50.38135171151905
28533,Smederevo,61.28666666666667,61.9093636216949
28534,Smederevo,69.07166666666666,53.04260953314872
28535,Smederevo,44.43541666666667,34.80299692526399
28536,Smederevo,20.62416666666667,26.48029127646668
28537,Smederevo,29.87319444444445,32.30726294645803
28538,Smederevo,27.24083333333333,30.527748499434725
28539,Smederevo,25.84402777777778,26.21145691383588
28540,Smederevo,29.57972222222223,19.608634009681957
28541,Smederevo,27.685,31.99886496826309
28542,Smederevo,36.51430555555555,29.167449110828493
28543,Smederevo,60.68575757575758,30.98732175813456
28544,Smederevo,93.10388888888887,50.481464189104514
28545,Smederevo,30.32138888888889,20.00110042566623
28546,Smederevo,23.83791666666667,31.515463078431686
28547,Smederevo,28.77569444444444,27.303705324579298
28548,Smederevo,29.98708333333333,30.769464086644906
28549,Smederevo,38.25180555555556,30.154235808156507
28550,Smederevo,29.26305555555555,28.41844766460796
28551,Smederevo,29.82347222222222,27.2874378617692
28552,Smederevo,31.86930555555556,30.218736858519705
28553,Smederevo,35.52611111111111,33.0045055063522
28554,Smederevo,28.52458333333334,31.650343618059345
28555,Smederevo,37.70333333333333,31.60286631989384
28556,Smederevo,34.49166666666667,30.03267242605884
28557,Smederevo,36.93888888888889,30.96273075245419
28558,Smederevo,34.41527777777778,32.10981220550451
28559,Smederevo,50.22597222222223,22.70450360452445
28560,Smederevo,9.605694444444444,20.610617797328665
28561,Smederevo,23.74958333333333,25.22153459071509
28562,Smederevo,31.21458333333334,33.92930396385431
28563,Smederevo,28.77069444444444,26.723171429310284
28564,Smederevo,17.67138888888889,19.987629796417654
28565,Smederevo,23.20888888888889,28.870100794999644
28566,Smederevo,18.57111111111111,16.702001457438147
28567,Smederevo,20.90208333333333,24.292785772736657
28568,Smederevo,30.06611111111111,40.800807474120255
28569,Smederevo,37.86972222222222,29.58270171940798
28570,Smederevo,27.80930555555556,28.7188062697836
28571,Smederevo,27.63583333333333,26.709534683506572
28572,Smederevo,48.4725,25.63413337696269
28573,Smederevo,26.51375,22.194075380709386
28574,Smederevo,35.01194444444445,19.46301078793382
28575,Smederevo,17.8325,20.66292651718207
28576,Smederevo,14.38805555555555,19.483654398839946
28577,Smederevo,30.25097222222222,21.295101280203177
28578,Smederevo,20.07055555555555,23.906914777909883
28579,Smederevo,22.97152777777778,20.845663537756288
28580,Smederevo,21.45291666666667,20.048366775431244
28581,Smederevo,12.46819444444444,16.410190566667332
28582,Smederevo,14.89375,22.895134486689432
28583,Smederevo,23.64291666666667,21.73188684626838
28584,Smederevo,22.84916666666667,20.086606267471964
28585,Smederevo,24.27611111111111,30.257817064568467
28586,Smederevo,21.59861111111111,26.09907587857146
28587,Smederevo,17.36069444444444,18.726219127347758
28588,Smederevo,17.64111111111111,17.294210894235157
28589,Smederevo,17.21583333333333,20.41596007433676
28590,Smederevo,19.78375,25.58016806227324
28591,Smederevo,19.515,21.288473855538893
28592,Smederevo,16.47666666666666,19.54931332139365
28593,Smederevo,14.54125,19.171903928178757
28594,Smederevo,19.99375,15.748889663023984
28595,Smederevo,10.98666666666667,17.059335394489626
28596,Smederevo,19.42458333333333,19.986827627190028
28597,Smederevo,22.27277777777778,19.14815849892143
28598,Smederevo,21.22694444444445,23.340726807176303
28599,Smederevo,25.83347222222222,19.65637815504572
28600,Smederevo,19.84736111111111,21.75886626499608
28601,Smederevo,19.36388888888889,16.700679356223354
28602,Smederevo,18.97125,19.79273404651845
28603,Smederevo,17.18263888888889,19.40276963119771
28604,Smederevo,18.545,21.076937832220267
28605,Smederevo,16.50888888888889,20.87362418008021
28606,Smederevo,13.40083333333333,16.09601732539796
28607,Smederevo,14.76194444444445,18.080440821080757
28608,Smederevo,22.10944444444445,20.845162400821028
28609,Smederevo,23.04138888888889,21.043458715199105
28610,Smederevo,23.69847222222222,25.08865883331089
28611,Smederevo,27.69833333333333,26.68774312749013
28612,Smederevo,35.18541666666667,26.39930094206313
28613,Smederevo,36.85652777777778,24.825989091374304
28614,Smederevo,19.86152777777778,19.034366689763576
28615,Smederevo,16.26611111111111,21.98634119681464
28616,Smederevo,15.22694444444444,17.98139738686855
28617,Smederevo,13.33902777777778,18.07718433984373
28618,Smederevo,20.98277777777778,22.874953662469785
28619,Smederevo,21.42526315789473,26.85753484574072
28620,Smederevo,19.47527777777778,22.26748056334656
28621,Smederevo,27.04027777777778,28.386581315707456
28622,Smederevo,31.69111111111111,33.067460276656504
28623,Smederevo,41.94638888888889,28.82164441937249
28624,Smederevo,31.41833333333334,26.823977947143035
28625,Smederevo,40.96875,25.623738515195008
28626,Smederevo,26.35194444444445,22.39043825539633
28627,Smederevo,21.54583333333333,22.78580006202928
28628,Smederevo,20.70152777777778,23.40098456035908
28629,Smederevo,20.81013888888889,20.271051511531542
28630,Smederevo,15.06,16.54147129401424
28631,Smederevo,17.63981481481482,22.614378499975366
28632,Smederevo,23.37513888888889,24.361996853987424
28633,Smederevo,22.49541666666667,26.603897961888656
28634,Smederevo,23.68958333333333,24.58237473898282
28635,Smederevo,13.63069444444444,13.937485305099916
28636,Smederevo,13.64,20.39629353050423
28637,Smederevo,21.08236111111111,20.01899692715244
28638,Smederevo,15.12569444444444,21.19949553410803
28639,Smederevo,24.16902777777778,22.78896517726558
28640,Smederevo,22.17861111111111,28.27256024174876
28641,Smederevo,29.33222222222222,30.35202239988056
28642,Smederevo,34.72666666666667,38.57803900170617
28643,Smederevo,37.07277777777778,39.3450804603079
28644,Smederevo,34.10638888888889,35.08245705316604
28645,Smederevo,31.99083333333333,31.624006686601756
28646,Smederevo,30.93888888888889,34.351423645645234
28647,Smederevo,30.08125,32.477836052330886
28648,Smederevo,33.20361111111111,37.22218033887666
28649,Smederevo,36.03638888888889,43.69291013921599
28650,Smederevo,33.74777777777778,37.63291809835401
28651,Smederevo,27.87888888888889,28.55540110751625
28652,Smederevo,21.39125,26.148605327827596
28653,Smederevo,20.00736111111111,25.632557814591387
28654,Smederevo,21.67444444444445,21.789280842921237
28655,Smederevo,17.66708333333333,24.144109824317965
28656,Smederevo,19.34277777777778,26.243097195501512
28657,Smederevo,16.35875,16.82967806561951
28658,Smederevo,13.45597222222222,20.14780176939945
28659,Smederevo,16.82513888888889,20.858072184432856
28660,Smederevo,21.63791666666667,29.093456068979837
28661,Smederevo,21.18902777777778,25.42082080861552
28662,Smederevo,13.91041666666667,23.572748066125676
28663,Smederevo,19.51319444444444,22.912865606254737
28664,Smederevo,20.55541666666667,23.86952960947828
28665,Smederevo,26.04125,28.23766391274024
28666,Smederevo,22.69708333333334,37.461315035162656
28667,Smederevo,18.57375,22.65225162421274
28668,Smederevo,15.00333333333333,20.7358913433242
28669,Smederevo,17.395,29.990180611402515
28670,Smederevo,12.78541666666667,21.076937832220267
28671,Smederevo,15.34833333333333,22.63273357424526
28672,Smederevo,19.25555555555556,36.08634475913774
28673,Smederevo,12.92708333333333,29.41028320336013
28674,Smederevo,14.60708333333333,32.79958082651972
28675,Smederevo,18.20541666666667,45.36908975493763
28676,Smederevo,24.11753623188406,37.61282256306685
28677,Smederevo,29.61083333333334,30.27478288618269
28678,Smederevo,31.36083333333334,37.49302385935997
28679,Smederevo,43.12111111111111,49.537762285382975
28680,Smederevo,43.52166666666667,42.106894954747375
28681,Smederevo,41.99972222222222,37.83133585200318
28682,Smederevo,35.27,36.01640656156314
28683,Smederevo,37.28166666666667,48.25683279122529
28684,Smederevo,28.05694444444444,38.03143059912132
28685,Smederevo,37.79666666666667,34.64549140211318
28686,Smederevo,26.72972222222222,34.84391574732566
28687,Smederevo,34.0725,32.974197195578114
28688,Smederevo,33.97763888888889,37.30721560489489
28689,Smederevo,44.90138888888888,46.660285433934106
28690,Smederevo,51.92611111111112,58.71497038426951
28691,Smederevo,43.82194444444445,34.205283380769075
28692,Smederevo,42.35722222222222,37.60736366256069
28693,Smederevo,39.11277777777778,30.314505079720497
28694,Smederevo,29.44027777777778,44.17364598985052
28695,Smederevo,47.83388888888889,34.48440401795082
28696,Smederevo,46.31833333333334,40.86485296362342
28697,Smederevo,52.17777777777778,40.126312216746136
28698,Smederevo,50.24805555555556,40.86485296362342
28699,Smederevo,56.76361111111112,43.97700052718303
28700,Smederevo,60.34999999999999,86.43776991793926
28701,Smederevo,49.32888888888888,38.16265256125397
28702,Smederevo,33.62444444444444,35.71751053827297
28703,Smederevo,39.48527777777778,62.30182592055942
28704,Smederevo,44.8175,53.86353775839832
28705,Smederevo,21.52111111111111,23.07657071741524
28706,Smederevo,17.46638888888889,19.14108606211275
28707,Smederevo,28.36055555555556,22.16916823209062
28708,Smederevo,16.32305555555556,16.26144196199379
28709,Smederevo,12.72638888888889,15.883149115655678
28710,Smederevo,14.92361111111111,13.791080158762805
28711,Smederevo,18.60319444444444,19.480432923599576
28712,Smederevo,20.17569444444445,22.87189827445873
28713,Smederevo,31.65583333333333,29.30904823159496
28714,Smederevo,41.52583333333333,19.58731988583472
28715,Smederevo,39.21694444444444,24.10797594840691
28716,Smederevo,50.76111111111112,29.82625103118689
28717,Smederevo,50.27583333333333,30.98271707032441
28718,Smederevo,56.09249999999999,32.44396088720572
28719,Smederevo,39.38249999999999,23.65997313308038
28720,Smederevo,38.49611111111111,23.697910746472072
28721,Smederevo,38.59986111111111,23.58777891365232
28722,Smederevo,33.46,27.99587650090192
28723,Smederevo,42.75722222222223,21.47362287429865
28724,Smederevo,15.57166666666667,14.760515489507274
28725,Smederevo,17.39202898550725,22.24857783709202
28726,Smederevo,22.12202898550725,20.134719768946816
28727,Smederevo,23.42055555555556,27.07406925908509
28728,Smederevo,28.90444444444445,24.253563949847027
28729,Smederevo,46.56666666666666,28.405522098277245
28730,Smederevo,34.77,22.96836298557219
28731,Smederevo,31.25444444444444,25.9476965724324
28732,Smederevo,35.58944444444445,28.073159418790237
28733,Smederevo,23.93972222222222,19.16515369478568
28734,Smederevo,22.99972222222222,30.424608403315972
28735,Smederevo,41.32166666666667,27.57957461459951
28736,Smederevo,30.37638888888889,25.03785616142916
28737,Smederevo,30.90305555555555,32.44379220274598
28738,Smederevo,31.76833333333333,48.19398568483738
28739,Smederevo,35.87805555555556,27.002254154275743
28740,Smederevo,29.2,26.56956955909289
28741,Smederevo,21.2575,26.018418998219165
28742,Smederevo,26.10805555555555,40.376398599410834
28743,Smederevo,69.48166666666667,50.62470359632093
28744,Smederevo,92.80055555555556,36.86716304895629
28745,Smederevo,75.93805555555555,50.927266701850165
28746,Smederevo,64.22027777777778,43.78415122034719
28747,Smederevo,51.86055555555555,48.73003252673957
28748,Smederevo,53.74861111111111,39.99977962148007
28749,Smederevo,64.54722222222222,42.808167036167774
28750,Smederevo,62.21722222222221,48.45272902368548
28751,Smederevo,71.97111111111111,84.12989728911435
28752,Smederevo,79.75277777777778,61.07188591376976
28753,Smederevo,65.77916666666667,41.77977068392892
28754,Smederevo,61.69027777777777,41.298451982903
28755,Smederevo,45.75444444444444,36.91776146439983
28756,Smederevo,63.89555555555555,62.354679785607296
28757,Smederevo,82.91194444444444,51.700299557585645
28758,Smederevo,66.9855072463768,46.5753949345987
28759,Smederevo,131.8755555555556,62.84853277061724
28760,Smederevo,89.76333333333332,50.60620326003795
28761,Smederevo,94.72972222222222,91.90331643636767
28762,Smederevo,126.6580555555555,83.91477090412074
28763,Smederevo,92.76,68.01729279078336
28764,Smederevo,63.82194444444443,39.549131425728525
28765,Smederevo,44.42722222222222,41.49514143502402
28766,Smederevo,45.36027777777777,47.84141478547568
28767,Smederevo,36.53027777777778,38.97660061846332
28768,Smederevo,41.16138888888889,49.08943068148159
28769,Smederevo,75.88305555555554,60.85675952877614
28770,Smederevo,84.68777777777778,71.0577684099576
28771,Smederevo,123.5105555555555,68.78173430267901
28772,Smederevo,76.90833333333335,30.311923705394896
28773,Smederevo,24.40972222222222,18.8183077589203
28774,Smederevo,22.63777777777777,19.38361923821227
28775,Smederevo,20.52625,20.38165329092712
28776,Smederevo,28.27513888888889,32.79148519960051
28777,Smederevo,47.66333333333333,57.65822539802196
28778,Smederevo,60.9686111111111,45.83058757867149
28779,Smederevo,57.2752777777778,49.19398307018428
28780,Smederevo,69.60277777777777,61.82401557687212
28781,Smederevo,68.32861111111112,24.68498772010006
28782,Smederevo,22.21680555555556,31.26778602199993
28783,Smederevo,42.73722222222222,33.16506137379197
28784,Smederevo,32.56694444444445,31.95438379335114
28785,Smederevo,30.17222222222222,40.78168978720855
28786,Smederevo,55.88861111111112,59.82201594090296
28787,Smederevo,56.07166666666667,61.6088891918785
28788,Smederevo,46.94805555555556,28.935297056127517
28789,Smederevo,28.15722222222222,29.14749217256623
28790,Smederevo,55.1025,49.17871281420301
28791,Smederevo,36.77569444444445,19.86257055251468
28792,Smederevo,48.28583333333334,50.6171060281314
28793,Smederevo,47.56388888888889,42.378062893709725
28794,Smederevo,35.00722222222223,36.26427110824157
28795,Smederevo,44.01416666666666,49.67983581476497
28796,Smederevo,63.01944444444445,72.58455706462719
28797,Smederevo,52.42722222222223,45.35333387750168
28798,Smederevo,49.075,35.51741276999177
28799,Smederevo,61.20555555555556,39.06639015047445
28800,Smederevo,66.7161111111111,49.09327649755395
28801,Smederevo,95.61805555555556,90.22225912373094
28802,Smederevo,111.8605555555556,90.22225912373094
28803,Smederevo,68.65916666666668,26.46522184882241
28804,Smederevo,20.68805555555555,30.29251699429799
28805,Smederevo,45.67638888888889,48.00090319058946
28806,Smederevo,34.88541666666666,25.47285887463451
28807,Smederevo,24.33777777777778,30.863480099982148
28808,Smederevo,24.20888888888889,27.49053750822142
28809,Smederevo,30.12916666666666,42.22182186070649
28810,Smederevo,49.97499999999999,48.12734375059656
28811,Smederevo,86.96638888888889,97.6208100344401
28812,Smederevo,138.4852777777778,114.55886990167646
28813,Smederevo,118.7,69.50060387906758
28814,Smederevo,102.8125,84.42946424426043
32384,Smederevo,34.005,25.59058848740666
32385,Smederevo,32.64,24.402031394218906
32386,Smederevo,34.19,23.472859187228536
13074,Sombor,39.3,36.639809704736045
13075,Sombor,39.1,44.404890766194
13076,Sombor,45.15,41.60432142083189
13077,Sombor,39.65,31.33390602672392
13078,Sombor,36.05,38.26253771294813
13079,Sombor,28.75,31.836692055301853
13080,Sombor,24.5,23.87421411059445
13081,Sombor,33.6,30.309100805267576
13082,Sombor,26.95,29.64640464508311
13083,Sombor,29.1,33.333034045576454
13084,Sombor,29.75,26.38416758775827
13085,Sombor,25.7,28.13386723803428
13086,Sombor,23.75,36.00481394299907
13087,Sombor,33.25,31.696684088948917
13088,Sombor,27.4,28.011996796444585
13089,Sombor,24.85,27.98074491454297
13090,Sombor,25.3,29.24606687297728
13091,Sombor,23.15,35.035201758403524
13092,Sombor,35.45,51.85709501456896
13093,Sombor,50.3,74.03006918593158
13094,Sombor,52.1,60.36478097280465
13095,Sombor,36.0,47.45424919818481
13096,Sombor,36.3,36.585456625506616
13097,Sombor,41.15,50.41504872151752
13098,Sombor,36.0,52.11182288876483
13099,Sombor,35.9,50.31238595450646
13100,Sombor,41.35,33.9363021174229
13101,Sombor,30.65,45.51350350398237
13102,Sombor,40.7,50.09462066903136
13103,Sombor,35.45,66.17669139027801
13104,Sombor,49.35,60.3408033521548
13105,Sombor,51.4,48.55655560575013
13106,Sombor,44.75,36.93236314744664
13107,Sombor,40.75,51.859063470673775
13108,Sombor,44.35,50.033063129609225
13109,Sombor,48.5,61.34598776283646
13110,Sombor,25.75,46.88401825867739
13111,Sombor,30.8,55.61017676110512
13112,Sombor,36.45,60.45982403079539
13113,Sombor,55.55,56.54494310392755
13114,Sombor,54.7,49.872624915497205
13115,Sombor,33.45,48.840776227976384
13116,Sombor,54.6,52.24650426805869
13117,Sombor,41.85,40.00907093000659
13118,Sombor,37.35,45.2945217553244
13119,Sombor,56.45,51.02065817143159
13120,Sombor,36.9,46.03631228614903
13121,Sombor,43.4,26.14927482702589
13122,Sombor,17.0,23.57480878610831
13123,Sombor,19.0,34.65919402124836
13124,Sombor,22.0,33.34850547645198
13125,Sombor,27.0,46.71407345335097
13126,Sombor,37.0,42.27991168997749
13127,Sombor,33.0,37.83716417800796
13128,Sombor,18.0,19.820015211309205
13129,Sombor,20.0,24.686086491841166
13130,Sombor,34.0,21.173931237103243
13131,Sombor,13.0,24.03606407243008
13132,Sombor,20.0,26.19558223327265
13133,Sombor,24.0,38.32603697190532
13134,Sombor,30.0,38.68406844737149
13135,Sombor,35.0,42.223890462141895
13136,Sombor,48.0,38.571720397848566
13137,Sombor,15.0,23.143309014055628
13138,Sombor,26.0,27.593959707242863
13139,Sombor,19.0,30.127716542017648
13140,Sombor,22.0,31.264362461195017
13141,Sombor,23.0,35.0931123147904
13142,Sombor,23.0,37.25289754716122
13143,Sombor,26.0,21.65941261611008
13144,Sombor,15.0,32.148283710299275
13145,Sombor,22.0,24.586728489354847
13146,Sombor,14.0,19.4816994364805
13147,Sombor,11.0,21.3134751810772
13148,Sombor,12.0,22.09945442592632
13149,Sombor,16.0,30.284989470495525
13150,Sombor,17.0,25.28533896296861
13151,Sombor,18.0,24.856231994271766
13152,Sombor,15.0,21.226610924325747
13153,Sombor,15.0,25.934491686703957
13154,Sombor,17.0,23.396164347942364
13155,Sombor,20.0,26.84830923940732
13156,Sombor,26.0,28.461432426321267
13157,Sombor,24.0,25.615801065420783
13158,Sombor,20.0,25.79816726310501
13159,Sombor,21.0,26.833934903747394
13160,Sombor,20.0,25.672949519232613
13161,Sombor,20.0,24.40377911104247
13162,Sombor,10.0,18.009662496294066
13163,Sombor,10.0,19.330343606089357
13164,Sombor,9.0,18.920936504823427
13165,Sombor,11.0,21.974393550101244
13166,Sombor,10.0,23.204255203344555
13167,Sombor,10.0,22.496410549199204
13168,Sombor,10.0,22.409601299488283
13169,Sombor,11.0,21.658698363196955
13170,Sombor,17.0,20.958977535880813
13171,Sombor,15.0,19.1218580648097
13172,Sombor,9.0,22.301815514363664
13173,Sombor,14.0,22.54848618940768
13174,Sombor,19.0,31.02223568891963
13175,Sombor,15.0,23.69665783277539
13176,Sombor,12.0,22.835364376416862
13177,Sombor,12.0,18.56773292442768
13178,Sombor,14.0,24.79123711394592
13179,Sombor,14.0,23.872566144614083
13180,Sombor,11.0,20.97842884511991
13181,Sombor,9.0,24.943010994795145
13182,Sombor,24.0,29.046778046386432
13183,Sombor,31.0,29.441761834716488
13184,Sombor,202.0,31.31239171133528
13185,Sombor,210.0,30.21611264402433
13186,Sombor,17.0,22.52980624495772
13187,Sombor,15.0,25.838954020976853
13188,Sombor,17.0,26.95444789744093
13189,Sombor,15.0,22.07058810310974
13190,Sombor,13.0,20.77952470369624
13191,Sombor,194.0,20.96312277441656
13192,Sombor,11.0,16.747554350580703
13193,Sombor,11.0,19.303745146780976
13194,Sombor,11.0,19.48782968579124
13195,Sombor,9.0,21.671164669554443
13196,Sombor,11.0,22.48966163740952
13197,Sombor,12.0,21.671164669554443
13198,Sombor,12.0,25.84156713901969
13199,Sombor,15.0,23.513315842436352
13200,Sombor,13.0,20.095231445354408
13201,Sombor,11.0,23.061664646351623
13202,Sombor,12.0,22.65893533890963
13203,Sombor,17.0,24.501086511791534
13204,Sombor,19.0,25.943247970507816
13205,Sombor,17.0,26.90732467531956
13206,Sombor,20.0,28.653395374597626
13207,Sombor,23.0,30.780532372896857
13208,Sombor,15.0,26.68878795176526
13209,Sombor,15.0,27.96695949903328
13210,Sombor,18.0,23.524262074712297
13211,Sombor,15.0,26.132392491930645
13212,Sombor,16.0,25.39715032827968
13213,Sombor,20.0,28.90322363584404
13214,Sombor,14.0,22.492247926005632
13215,Sombor,9.0,20.506213438128103
13216,Sombor,14.0,25.27810980782848
13217,Sombor,14.0,24.023602677220524
13218,Sombor,13.0,26.73012978060164
13219,Sombor,14.0,27.681001424855108
13220,Sombor,20.0,30.3067856268219
13221,Sombor,20.0,30.111845687705305
13222,Sombor,12.0,25.967225196654603
13223,Sombor,12.0,26.282632211557903
13224,Sombor,15.5,19.927363682403108
13225,Sombor,13.2,19.651267203041325
13226,Sombor,8.6,23.627158981743545
13227,Sombor,13.85,21.81295961717344
13228,Sombor,12.35,17.584654746216597
13229,Sombor,14.55,23.67256856265798
13230,Sombor,17.6,25.33439966759886
13231,Sombor,19.2,24.4656130885552
13232,Sombor,8.7,25.15855562641724
13233,Sombor,16.1,27.623157262803893
13234,Sombor,15.5,28.874149500442652
13235,Sombor,11.95,20.36099973223582
13236,Sombor,7.4,15.38879331666668
13237,Sombor,7.2,16.531728274369545
13238,Sombor,7.75,17.472577453504005
13239,Sombor,14.15,22.62222699214894
13240,Sombor,12.85,27.933436722173692
13241,Sombor,20.45,27.407275700341785
13242,Sombor,25.05,26.304975805402908
13243,Sombor,22.25,25.199760690679295
13244,Sombor,12.55,21.47562330497448
13245,Sombor,19.65,21.36561016269675
13246,Sombor,12.1,23.906026615053317
13247,Sombor,16.65,16.19557735043786
13248,Sombor,15.5,17.631107779251217
13249,Sombor,20.75,21.551480119750664
13250,Sombor,24.0,21.330223088648257
13251,Sombor,22.1,23.343083403710004
13252,Sombor,24.85,31.38069022807294
13253,Sombor,28.65,33.1398344927291
13254,Sombor,21.65,26.677993461474077
13255,Sombor,17.75,17.537394215374945
13256,Sombor,21.25,17.145051557043256
13257,Sombor,22.35,18.999523548806312
13258,Sombor,17.75,20.11375104703365
13259,Sombor,20.8,22.354276942336902
13260,Sombor,20.25,22.866128428851727
13261,Sombor,17.8,22.03457939079848
13262,Sombor,16.75,15.829175406232032
13263,Sombor,16.6,15.436929695876875
13264,Sombor,17.9,19.847636199115485
13265,Sombor,15.95,17.357796513683084
13266,Sombor,24.05,19.192819027159626
13267,Sombor,24.6,19.07266400156112
13268,Sombor,26.65,21.639012484196385
13269,Sombor,21.8,26.144244069233174
13270,Sombor,23.4,27.116940702029712
13271,Sombor,21.85,25.72641427901044
13272,Sombor,19.5,25.70749246091636
13273,Sombor,15.5,17.58491586968795
13274,Sombor,16.5,20.874611445430595
13275,Sombor,26.1,24.477817306754552
13276,Sombor,15.8,17.357796513683084
13277,Sombor,41.3,20.2060104380372
13278,Sombor,25.95,20.54805120085768
13279,Sombor,17.95,17.00379742401442
13280,Sombor,30.7,20.34827772943739
13281,Sombor,38.0,28.528393520275323
13282,Sombor,32.8,40.20170421146952
13283,Sombor,44.4,38.51762506705828
13284,Sombor,36.05,36.8501321822986
13285,Sombor,26.55,37.47127221100555
13286,Sombor,35.25,31.532451860969022
13287,Sombor,39.7,42.92737925067992
13288,Sombor,30.05,35.18226630160706
13289,Sombor,31.65,34.57787034585013
13290,Sombor,27.1,38.51762506705828
13291,Sombor,31.65,31.39939946942481
13292,Sombor,28.0,34.586879779525354
13293,Sombor,41.75,35.69895479791549
13294,Sombor,29.4,44.95414614819085
13295,Sombor,46.7,34.40215838536083
13296,Sombor,35.1,30.621897186005587
13297,Sombor,39.55,35.61024469590005
13298,Sombor,30.75,31.626748031889296
13299,Sombor,31.9,28.59921239157026
13300,Sombor,37.8,39.41354432669963
13301,Sombor,31.15,28.835310918964264
13302,Sombor,38.15,28.84933994910534
13303,Sombor,48.5,44.76349994037582
13304,Sombor,29.25,43.77644359515989
13305,Sombor,29.7,45.41036690806638
13306,Sombor,26.75,49.78171581714812
13307,Sombor,30.3,48.15922810081493
13308,Sombor,44.65,53.81848442206782
13309,Sombor,32.8,39.56943949751045
13310,Sombor,25.85,41.77806001065461
13311,Sombor,34.7,38.62340492679829
13312,Sombor,16.6,19.94192014617057
13313,Sombor,17.0,28.458100493136367
13314,Sombor,23.75,42.20018037628193
13315,Sombor,24.05,45.41036690806638
13316,Sombor,38.2,53.81848442206782
13317,Sombor,47.2,46.70639601589063
13318,Sombor,44.55,49.78171581714812
13319,Sombor,45.25,59.54287450133536
13320,Sombor,45.65,48.12438549322072
13321,Sombor,43.45,53.81848442206782
13322,Sombor,33.25,50.48990647278172
13323,Sombor,40.5,32.94035498563497
13324,Sombor,30.25,28.64513964771015
13325,Sombor,37.05,27.44841444848317
13326,Sombor,28.1,25.17259628282304
13327,Sombor,20.0,30.56448953889534
13328,Sombor,35.05,38.76754815549938
13329,Sombor,25.9,21.129198072329874
13330,Sombor,29.6,20.135065034537245
13331,Sombor,26.65,25.019990754168276
13332,Sombor,27.35,39.21745953388556
13333,Sombor,48.95,66.78524616483676
13334,Sombor,36.6,52.8957355686756
13335,Sombor,36.9,45.32533226444863
13336,Sombor,25.7,46.58707758208056
13337,Sombor,33.4,47.4320005698676
13338,Sombor,40.9,35.37669006045636
13339,Sombor,40.15,24.717775419816363
13340,Sombor,33.8,32.375962566434204
13341,Sombor,22.35,21.82955007827681
13342,Sombor,45.5,32.49498324507479
13343,Sombor,47.75,38.11638187304113
13344,Sombor,63.3,59.91132178315737
13345,Sombor,53.45,38.16077487895812
13346,Sombor,40.65,32.910836814107775
13347,Sombor,30.0,22.176887565608617
13348,Sombor,36.9,27.096099047179923
13349,Sombor,59.25,53.251876493409775
13350,Sombor,56.0,61.990129854677214
13351,Sombor,45.3,47.07371144289137
13352,Sombor,60.0,53.79219458752964
13353,Sombor,53.5,36.90708787976246
13354,Sombor,43.8,44.13312015517072
13355,Sombor,37.25,68.86405423635665
13356,Sombor,46.45,64.6678419016909
13357,Sombor,55.2,74.30374769615244
13358,Sombor,64.2,86.9541526604576
13359,Sombor,54.4,69.95054105789612
13360,Sombor,50.95,82.92491957335137
13361,Sombor,62.4,53.494024497746274
13362,Sombor,51.45,55.91089224402312
13363,Sombor,36.2,49.343231574897175
13364,Sombor,41.25,28.652724867956195
13365,Sombor,47.9,44.76203952238164
13366,Sombor,48.55,62.14060931384493
13367,Sombor,52.4,39.28888484931558
13368,Sombor,39.3,60.51975800720396
13369,Sombor,52.7,61.990129854677214
13370,Sombor,80.7,62.33992152315625
13371,Sombor,76.8,29.75484252633396
13372,Sombor,64.5,25.860957236915223
13373,Sombor,59.9,49.56803994974918
13374,Sombor,52.0,79.21034465241118
13375,Sombor,77.9,61.990129854677214
13376,Sombor,47.1,60.31758792473372
13377,Sombor,63.2,58.97626657267731
13378,Sombor,71.1,34.48547405022968
13379,Sombor,81.2,30.488552531645635
13380,Sombor,47.3,32.290453667339655
13381,Sombor,37.6,29.262112801197325
13382,Sombor,30.7,41.79636594535629
13383,Sombor,22.2,24.70059556577624
13384,Sombor,20.1,34.53896372839209
13385,Sombor,44.5,44.71946516375076
13386,Sombor,35.2,51.278100583153126
13387,Sombor,60.1,34.987721524378294
13388,Sombor,46.2,21.72064691914464
13389,Sombor,42.0,28.448929308077364
13390,Sombor,43.7,36.53010550625757
13391,Sombor,25.4,64.2580135769908
13392,Sombor,47.6,38.8951869190757
13393,Subotica,39.1,31.2507363995486
13394,Subotica,31.3,42.44575623077713
13395,Subotica,62.8,53.225522343212816
13396,Subotica,43.8,40.59949481958672
13397,Subotica,24.25,23.890500094512333
13398,Subotica,29.8,24.05838713874731
13399,Subotica,29.65,31.67222964688455
13400,Subotica,46.9,32.90234023317791
13401,Subotica,39.75,30.57614834903862
13402,Subotica,37.8,29.57731473199175
13403,Subotica,18.9,18.969920930125824
13404,Subotica,82.05000000000001,58.82999376963927
13405,Subotica,81.0,59.03025087134593
13406,Subotica,46.4,39.80872672591752
13407,Subotica,85.1,83.2547727074955
13408,Subotica,102.1,68.88738384657506
13409,Subotica,52.90000000000001,32.56064061477115
13410,Subotica,27.25,28.727361756293018
13411,Subotica,56.15000000000001,44.7994638109503
13412,Subotica,73.85,45.46018083582626
13413,Subotica,27.6,25.058249382875328
13414,Subotica,25.15,20.2855020685202
13415,Subotica,33.35,33.60070804015021
13416,Subotica,73.6,65.50697116390877
13417,Subotica,85.1,59.03025087134593
13418,Subotica,48.7,44.58932568456245
13419,Subotica,57.65000000000001,46.86279812545192
13420,Subotica,34.05,25.566334157128757
13421,Subotica,35.5,26.79945895202858
13422,Subotica,80.2,24.544702642867836
13423,Subotica,49.8,29.736929597654743
13424,Subotica,57.90000000000001,35.50206789878917
13425,Subotica,23.3,21.493748498064885
13426,Subotica,63.75,44.1747466670695
13427,Subotica,89.2,66.50631610281637
13428,Subotica,75.95,53.58497918498442
13429,Subotica,30.75,31.110580865834493
13430,Subotica,22.0,18.656761215676266
13431,Subotica,32.75,28.305152111294205
13432,Subotica,44.05,48.55080723543901
13433,Subotica,78.65,59.78911844227887
13434,Subotica,49.65000000000001,33.65461773176667
13435,Subotica,29.05,28.59901333010443
13436,Subotica,27.85,26.42516027335104
13437,Subotica,37.45,29.55487342434344
13438,Subotica,35.65,29.53976938671328
13439,Subotica,37.84999999999999,30.78104820167093
13440,Subotica,31.5,26.726891442517307
13441,Subotica,28.3,27.640109782096665
13442,Subotica,33.95,29.76534553089348
13443,Subotica,30.85,27.41237008548434
13444,Subotica,31.4,25.78316333329788
13445,Subotica,28.5,24.9260286573974
13446,Subotica,50.6,26.595622312481048
13447,Subotica,37.25,31.7798313448442
13448,Subotica,28.75,26.983017590522035
13449,Subotica,15.8,25.629869542807636
13450,Subotica,11.65,19.726364778847834
13451,Subotica,19.8,18.41025229832305
13452,Subotica,33.0,26.416176723905973
13453,Subotica,56.5,35.72608954360202
13454,Subotica,83.3,47.20689493872054
13455,Subotica,56.84999999999999,35.737220967398486
13456,Subotica,24.8,27.892971978436577
13457,Subotica,31.65,27.20021386257301
13458,Subotica,41.65,26.661288389375663
13459,Subotica,40.90000000000001,25.68677087809323
13460,Subotica,44.7,29.145235526998743
13461,Subotica,27.05,21.905838106537445
13462,Subotica,30.65,28.995699074859694
13463,Subotica,132.55,49.99418267314116
13464,Subotica,117.3,75.82775922208714
13465,Subotica,63.40000000000001,44.482581632812106
13466,Subotica,51.65,37.471502769810826
13467,Subotica,49.25,25.95134406799126
13468,Subotica,47.4,34.08702378060586
13469,Subotica,79.80000000000001,43.32840781160647
13470,Subotica,59.0,47.65404860947651
13471,Subotica,35.1,32.22318963558697
13472,Subotica,60.35,44.482581632812106
13473,Subotica,54.34999999999999,45.15022415813057
13474,Subotica,103.3,62.74151683942718
13475,Subotica,58.2,41.87840279698384
13476,Subotica,98.85,65.42918663325128
13477,Subotica,60.95,49.31630519596019
13478,Subotica,41.34999999999999,36.03111463692368
13479,Subotica,55.40000000000001,38.69354193318316
13480,Subotica,65.0,57.90039855293308
13481,Subotica,57.0,40.17855638866725
13482,Subotica,40.5,21.486637679292524
13483,Subotica,25.15,19.275088843580647
13484,Subotica,25.65,22.559707163988826
13485,Subotica,29.35,22.915578736278835
13486,Subotica,36.25,31.856742626654157
13487,Subotica,61.05,42.49812810830182
13488,Subotica,32.3,33.202527048317364
13489,Subotica,31.7,23.82876934580949
13490,Subotica,29.7,27.20694481757517
13491,Subotica,23.35,18.97334653974628
13492,Subotica,18.05,21.40873728068524
13493,Subotica,56.45,34.543215503326074
13494,Subotica,37.84999999999999,37.534758618106565
13495,Subotica,34.15,36.48058971707982
13496,Subotica,82.35,44.82619605572533
13497,Subotica,63.5,43.8539924140055
13498,Subotica,19.75,21.18533113361753
13499,Subotica,26.05,29.35984806122093
13500,Subotica,28.85,27.402231915553404
13501,Subotica,32.2,23.327355879539372
13502,Subotica,38.65,29.533218168987727
13503,Subotica,34.55,32.90897981399225
13504,Subotica,33.45,21.048901268479927
13505,Subotica,32.15,27.516488912774346
13506,Subotica,26.55,23.61856346983664
13507,Subotica,26.35,22.79108093754446
13508,Subotica,21.95,21.45356684495191
13509,Subotica,23.1,22.55117224394736
13510,Subotica,27.55,27.587768562192533
13511,Subotica,23.3,24.69421912102068
13512,Subotica,22.1,23.19232261085049
13513,Subotica,23.3,21.67939249937609
13514,Subotica,22.1,24.79462662604275
13515,Subotica,20.3,24.2777140175562
13516,Subotica,23.0,24.329656258523183
13517,Subotica,30.6,25.49753284541633
13518,Subotica,24.6,22.9063705244356
13519,Subotica,23.3,25.588497511249464
13520,Subotica,23.85,30.863702743020184
13521,Subotica,30.1,25.07259248380045
13522,Subotica,24.3,21.96291512690693
13523,Subotica,26.15,24.76149247015954
13524,Subotica,36.3,31.56922034185744
13525,Subotica,44.15,26.52101135950504
13526,Subotica,27.9,25.504173219645505
13527,Subotica,26.7,28.1755219399477
13528,Subotica,36.0,30.220805673775565
13529,Subotica,29.0,22.76278700687167
13530,Subotica,31.0,23.404179010734087
13531,Subotica,28.6,26.3125290072539
13532,Subotica,31.1,26.59468738282745
13533,Subotica,32.3,26.344770805368388
13534,Subotica,29.6,25.47737833987261
13535,Subotica,21.5,26.3125290072539
13536,Subotica,21.45,22.53913897459643
13537,Subotica,35.48,19.725420707769867
13538,Subotica,26.495,23.364617655302357
13539,Subotica,33.13,24.915216100246077
13540,Subotica,44.505,22.976036862992785
13541,Subotica,53.155,23.347904261866294
13542,Subotica,57.445,26.415063180166666
13543,Subotica,75.16,19.78961542391904
13544,Subotica,25.005,23.630062637439845
13545,Subotica,27.07,23.696612560921725
13546,Subotica,45.765,27.96454438428876
13547,Subotica,79.495,23.170614061601164
13548,Subotica,34.41,22.58595955099349
13549,Subotica,36.24,18.74624823822889
13550,Subotica,32.06,23.615404294532976
13551,Subotica,36.04,22.18111026872492
13552,Subotica,15.56,23.64043634488985
13553,Subotica,31.59,27.914230189895104
13554,Subotica,27.67,27.63414989311603
13555,Subotica,35.02,27.028292705719604
13556,Subotica,36.48,29.114964940864176
13557,Subotica,34.8,31.837275507824085
13558,Subotica,12.56,22.627896892807165
13559,Subotica,35.07,25.33450866069142
13560,Subotica,23.97,27.837769791218225
13561,Subotica,30.14,23.63132257240283
13562,Subotica,22.465,18.184289524365848
13563,Subotica,17.61,22.24793383229421
13564,Subotica,12.55,18.303923385074874
13565,Subotica,16.36,18.96451954366201
13566,Subotica,16.325,19.745010861487252
13567,Subotica,20.2,21.423435147127844
13568,Subotica,21.89,22.10793801807896
13569,Subotica,18.685,21.423435147127844
13570,Subotica,28.375,25.340459031343887
13571,Subotica,24.635,23.27920726233187
13572,Subotica,19.385,21.92676435521861
13573,Subotica,16.92,22.471163952034388
13574,Subotica,26.745,22.37275838862657
13575,Subotica,34.515,26.72179614125173
13576,Subotica,32.39,27.948040765939872
13577,Subotica,32.875,26.96037527092657
13578,Subotica,40.12,29.961215333863045
13579,Subotica,40.99,32.30364606130862
13580,Subotica,26.685,26.74473692916716
13581,Subotica,18.3,25.84533255065909
13582,Subotica,31.515,26.35521116469288
13583,Subotica,28.2,25.738961709585222
13584,Subotica,38.965,24.17561742050072
13585,Subotica,29.485,24.7710387074133
13586,Subotica,25.36,19.527910915521907
13587,Subotica,27.97,18.30473968645224
13588,Subotica,31.81,22.88767815014921
13589,Subotica,35.83,24.30709631227229
13590,Subotica,33.9,26.796725731805047
13591,Subotica,41.43,27.195221771593577
13592,Subotica,38.005,29.16617208676771
13593,Subotica,30.05,28.46603066939427
13594,Subotica,28.14,24.83951493944207
13595,Subotica,28.785,23.94148262908768
13596,Subotica,27.15,18.111606225760266
13597,Subotica,15.855,19.526403384668573
13598,Subotica,11.34,22.945559766488728
13599,Subotica,21.675,23.48790007608154
13600,Subotica,23.75,20.916371949781333
13601,Subotica,19.165,21.114950457143998
13602,Subotica,24.15,25.26548470871476
13603,Subotica,28.865,25.312503499153152
13604,Subotica,25.4,26.94685552349781
13605,Subotica,33.46,27.86100233330443
13606,Subotica,52.36,27.30301763895524
13607,Subotica,27.44,17.68199315221449
13608,Subotica,18.265,15.812823542328244
13609,Subotica,18.0,15.970468371276567
13610,Subotica,17.755,17.979054676513982
13611,Subotica,23.155,20.86841667906614
13612,Subotica,32.185,23.0994060464813
13613,Subotica,56.045,25.426872815375532
13614,Subotica,49.25,26.016628363255283
13615,Subotica,39.495,24.86025743815849
13616,Subotica,42.87,21.5123121599065
13617,Subotica,21.865,22.28259864275211
13618,Subotica,26.825,21.83137934990091
13619,Subotica,20.08,17.52518568630971
13620,Subotica,25.145,16.83185808693508
13621,Subotica,37.05,21.458756449641463
13622,Subotica,23.975,20.22378228252425
13623,Subotica,29.74,25.49493067458594
13624,Subotica,27.585,23.47846154774357
13625,Subotica,42.645,25.03811010384856
13626,Subotica,43.59,26.44868412427322
13627,Subotica,34.44,19.25539786333302
13628,Subotica,19.735,17.415160366792147
13629,Subotica,25.465,20.26036658429876
13630,Subotica,21.59,19.990316322634012
13631,Subotica,25.715,22.019593849828944
13632,Subotica,35.185,20.694157208044253
13633,Subotica,24.22,22.88335679238314
13634,Subotica,16.155,16.959949082705812
13635,Subotica,12.775,14.78477640383581
13636,Subotica,12.96,19.250866852256685
13637,Subotica,9.95,16.65264563508115
13638,Subotica,22.135,17.310003003775222
13639,Subotica,20.57,18.268503141239773
13640,Subotica,37.57,26.125652733200788
13641,Subotica,42.13500000000001,27.495857037963383
13642,Subotica,37.05,26.074015338483427
13643,Subotica,33.625,25.43634798143852
13644,Subotica,29.85,21.854371584259177
13645,Subotica,27.08,18.28008988879761
13646,Subotica,19.215,19.25775956273578
13647,Subotica,20.29,18.350838526480963
13648,Subotica,23.725,17.887555257973187
13649,Subotica,26.345,19.456675257446456
13650,Subotica,22.09,22.62187564191965
13651,Subotica,21.02,17.64427180756872
13652,Subotica,24.64,22.762951509442143
13653,Subotica,35.965,25.700068773501684
13654,Subotica,47.59,31.94424262919099
13655,Subotica,62.38500000000001,28.84294437236097
13656,Subotica,46.425,27.930047774290607
13657,Subotica,26.995,26.76209292207652
13658,Subotica,43.465,26.911921047093514
13659,Subotica,44.515,31.78652872574264
13660,Subotica,43.05,28.1001587947982
13661,Subotica,41.845,29.077493203273637
13662,Subotica,47.77500000000001,31.885659936043567
13663,Subotica,31.505,26.50901759207032
13664,Subotica,36.47,28.261785020070068
13665,Subotica,47.7,31.92689190247826
13666,Subotica,80.03999999999999,38.8514459578432
13667,Subotica,42.90000000000001,34.36578546940514
13668,Subotica,48.635,28.11192766616759
13669,Subotica,48.905,27.833074923783222
13670,Subotica,27.16,25.92998084838507
13671,Subotica,20.255,30.91693089503037
13672,Subotica,39.705,29.254935627920336
13673,Subotica,37.935,32.11778964986525
13674,Subotica,32.4,26.540305651084623
13675,Subotica,32.42,36.29284992795561
13676,Subotica,27.25,34.028644207453425
13677,Subotica,36.11,35.80528179483001
13678,Subotica,45.065,42.82648426424075
13679,Subotica,34.285,34.028644207453425
13680,Subotica,67.285,43.17939842376445
13681,Subotica,48.375,34.70318912535969
13682,Subotica,45.645,32.29613985498885
13683,Subotica,52.16,27.73298864575541
13684,Subotica,18.41,19.987481422124247
13685,Subotica,47.95999999999999,28.97996142588712
13686,Subotica,58.38,41.24099167899398
13687,Subotica,43.88500000000001,38.778086001780586
13688,Subotica,60.41,41.20476058869304
13689,Subotica,47.23,34.17174538832115
13690,Subotica,61.25,46.84858815285604
13691,Subotica,74.435,46.90717084600346
13692,Subotica,46.62,40.57941638803346
13693,Subotica,34.015,36.09659768956959
13694,Subotica,61.53,38.76375336101067
13695,Subotica,51.76,37.824454787923486
13696,Subotica,36.595,27.232680412307264
13697,Subotica,28.29,24.813333502587906
13698,Subotica,22.335,23.67973946435184
13699,Subotica,30.425,18.61344936816882
13700,Subotica,43.54,31.878880996433708
13701,Subotica,22.59,17.097259280797658
13702,Subotica,18.415,18.07942121707996
13703,Subotica,30.29,24.44595515589217
13704,Subotica,55.0,40.26154653799369
13705,Subotica,67.03999999999999,45.49675895514592
13706,Subotica,51.18,34.15800683694312
13707,Subotica,44.18,32.98304118225079
13708,Subotica,38.15000000000001,28.395999427853067
13709,Subotica,40.45,30.67786796853492
13710,Subotica,49.615,34.62332565121399
13711,Subotica,32.545,29.083820180767827
13712,Subotica,38.02,28.10826584839512
13713,Subotica,15.445,19.4170746008818
13714,Subotica,23.605,22.03409485665201
13715,Subotica,120.705,49.163713730787016
13716,Subotica,128.58,80.7601422893388
13717,Subotica,47.82,31.900112785305648
13718,Subotica,33.78,23.936675295703072
13719,Subotica,14.15,17.20162098193156
13720,Subotica,21.15,17.44631056232585
13721,Subotica,40.66,28.690886602056374
13722,Subotica,42.27,36.23445779429455
13723,Subotica,32.54,28.308271544755485
13724,Subotica,36.925,34.176171980458015
13725,Subotica,29.35,24.447778667785844
13726,Subotica,41.335,26.36626255187504
13727,Subotica,104.855,60.94630601326992
13728,Subotica,66.6,43.37724532506273
13729,Subotica,42.0,30.459968305879404
13730,Subotica,80.38,47.51553412463435
13731,Subotica,78.945,46.181729693536354
13732,Subotica,25.8,23.85864863031141
13733,Subotica,20.2,19.21728949256752
13734,Subotica,22.7,24.328484544112897
13735,Subotica,13.2,17.129893702327713
13736,Subotica,9.0,18.76111615742889
13737,Subotica,11.0,18.894546152747168
13738,Subotica,52.5,26.45295489765937
13739,Subotica,41.0,21.83333320563985
13740,Subotica,34.4,24.248513619124868
13741,Subotica,39.6,24.2838785449012
13742,Subotica,27.4,20.432295004979736
13743,Subotica,30.5,21.652892189981785
13744,Subotica,41.1,23.82234538595598
13745,Subotica,37.3,18.62673265401239
13746,Subotica,23.4,18.109405758813864
13747,Subotica,57.9,18.266804061730305
13748,Subotica,92.9,53.91725562190367
13749,Subotica,59.4,36.33598333338866
13750,Subotica,53.7,44.83760701855059
13751,Subotica,41.4,37.20315799747375
13752,Subotica,30.0,29.151587801780863
13753,Subotica,52.2,33.4048361964709
13754,Subotica,62.9,36.9713010828495
13755,Subotica,39.5,26.27096470853827
13756,Subotica,57.3,38.98060913430146
4976,Užice,33.19,111.07983097431428
4977,Užice,69.64,72.09262813612843
4978,Užice,23.58,60.86747460749199
4979,Užice,48.79,59.86141307420732
4980,Užice,91.42,111.05726100912366
4981,Užice,33.38,47.96641573123515
4982,Užice,20.86,33.84019911055337
4983,Užice,60.57,101.19313718875394
4984,Užice,133.5,119.71046677481812
4985,Užice,60.03,62.85602660164324
4986,Užice,38.27,80.4981579600449
4987,Užice,11.43,25.667021995208792
4988,Užice,24.12,39.198015242231776
4989,Užice,43.71,67.75812877954048
4990,Užice,54.59,91.03552702569124
4991,Užice,36.28,50.71230697448074
4992,Užice,27.39,42.763275304971216
4993,Užice,20.67,36.27019688071244
4994,Užice,32.29,46.1307865180438
4995,Užice,43.17,45.990713392095685
4996,Užice,43.16,48.71855598652356
4997,Užice,72.36,92.4034993504966
4998,Užice,126.34,83.56335392437119
4999,Užice,86.52,88.26577778717974
5000,Užice,118.08,120.86414268099188
5001,Užice,45.34,49.51708461882343
5002,Užice,79.81,83.97744371336637
5003,Užice,113.89,108.17489885541656
5004,Užice,98.68,38.88943835898252
9720,Užice,59.660416665,41.52256936359023
9721,Užice,80.295833335,78.70133179258339
9722,Užice,33.770833335,51.19621239341952
9723,Užice,43.416666665,52.67688428661925
9724,Užice,47.391666665,60.43110288473945
9725,Užice,57.6125,62.60419704430009
9726,Užice,28.716666665,47.91506213395808
9727,Užice,29.1375,47.91506213395808
9728,Užice,47.097916665,59.23822091786607
9729,Užice,51.79375,67.85677275943144
9730,Užice,53.69375,58.16200600977694
9731,Užice,60.18125,67.15374738237445
9732,Užice,109.933333335,130.1322529502595
9733,Užice,81.820833335,103.99424826824776
9734,Užice,45.440416665,49.319607326928136
9735,Užice,65.235416665,76.18046911605872
9736,Užice,71.522916665,84.03143577187097
9737,Užice,37.077916665,48.97370472692162
9738,Užice,27.358333335,37.88599729928996
9739,Užice,25.220833335,37.4021212354544
9740,Užice,41.9,50.80059212041741
9741,Užice,82.6375,73.1845297554601
9742,Užice,61.6125,64.66462189378571
9743,Užice,81.66666666500001,82.1259560954905
9744,Užice,87.51041665,101.40647879976798
9745,Užice,41.548541665,39.72033691570393
9746,Užice,57.929166665,41.471951816819455
9747,Užice,82.558333335,78.25731465337128
9748,Užice,32.722916665,41.45875317819426
9749,Užice,29.772916665,40.19295199799347
9750,Užice,34.590208335,36.18314656714799
9751,Užice,74.56458333500001,74.71858411565732
9752,Užice,125.29166665,120.85316668001258
9753,Užice,109.216666665,109.36833180001358
9754,Užice,51.285208335,67.8234197063786
9755,Užice,28.03,27.910776894855125
9756,Užice,55.433958335,52.67688428661925
9757,Užice,117.375,101.29178116864487
9758,Užice,113.6875,92.53038975432804
9759,Užice,63.733333335,41.65639226992529
9760,Užice,92.16875,86.14249698557094
9761,Užice,101.08958335,114.72706959017547
9762,Užice,79.26458335000001,99.25426570843148
9763,Užice,49.0875,56.59358350173451
9764,Užice,44.7375,42.57048313884281
9765,Užice,88.28166665,50.0868531579456
9766,Užice,80.933333335,68.16171899229839
9767,Užice,53.035416665,49.53039674926705
9768,Užice,46.851666665,60.40917211094177
9769,Užice,38.577708335,37.666327627067005
9770,Užice,49.42375,47.18423026582324
9771,Užice,37.92916667,56.145904217051545
9772,Užice,27.893958335,50.80353491540298
9773,Užice,14.06625,38.444531305397255
9774,Užice,94.12708335,61.8360091264728
9775,Užice,113.22291665,63.085904549334366
9776,Užice,73.222916665,51.814944987789175
9777,Užice,29.53125,36.0183673233693
9778,Užice,38.264583335,49.18166437094565
9779,Užice,37.175,50.98675053875712
9780,Užice,38.28333333499999,47.90143591748672
9781,Užice,34.575,38.41797871487275
9782,Užice,76.65416665000001,44.33076258710209
9783,Užice,91.14583335,61.94546929018649
9784,Užice,100.63333335,70.98161943037334
9785,Užice,152.05416665,68.49598973761059
9786,Užice,165.325,68.57958042814523
9787,Užice,113.08333335,46.08927260167502
9788,Užice,66.14375,49.95996275411415
9789,Užice,76.47083333500001,60.24038771096274
9790,Užice,57.416666665,56.06231352651691
9791,Užice,59.414583335,64.87835357879806
9792,Užice,128.9875,65.833588283049
9793,Užice,155.7208333,65.73888801027545
9794,Užice,105.85625,61.83919007922408
9795,Užice,98.69166665,51.4121421601532
9796,Užice,81.66041665,51.9393961295121
9797,Užice,71.95,48.67905842037633
9798,Užice,64.05,50.27262172381394
9799,Užice,94.08541665,46.94576805689713
9800,Užice,84.57708335000001,45.165622684226
9801,Užice,86.0,32.525705672537086
9802,Užice,64.18541666499999,25.23013042109317
9803,Užice,39.736041665,25.55016197193783
9804,Užice,21.95,26.432076370605103
9805,Užice,36.789583335,36.41832770949939
9806,Užice,57.74375,49.67473892142842
9807,Užice,68.63958335000001,44.42174167990654
9808,Užice,65.089583335,38.78751334192678
9809,Užice,60.7625,26.80860476794976
9810,Užice,23.310208335,25.86022704555867
9811,Užice,35.88791667,21.528873429394203
9812,Užice,19.28125,24.81728064411637
9813,Užice,42.22083333499999,35.19077353181547
9814,Užice,56.989583335,41.8598364500416
9815,Užice,49.691666665,39.01462100844641
9816,Užice,63.560416665,40.791859988976846
9817,Užice,43.777083335,39.87438682212599
9818,Užice,63.495833335,28.375110555481715
9819,Užice,21.883333335,18.95428054398751
9820,Užice,26.347916665,24.99045754162957
9821,Užice,33.1125,30.806803432161185
9822,Užice,43.366666665,30.14725725075348
9823,Užice,60.9125,49.56378054291368
9824,Užice,49.529166665,25.314399424039664
9825,Užice,24.133333335,25.704046353252327
9826,Užice,47.172916665,24.810443458136557
9827,Užice,28.2,26.130270187708646
9828,Užice,32.039583335,22.96482442267335
9829,Užice,26.465,22.34796594871324
9830,Užice,26.896666665,24.683741403959534
9831,Užice,34.68958333499999,28.211191084155285
9832,Užice,37.25625,28.6717772056215
9833,Užice,28.254166665,24.435594647771715
9834,Užice,31.220833335,24.19874153825194
9835,Užice,37.072916665,26.739982142431646
9836,Užice,41.760416665,26.161784269707585
9837,Užice,51.625,28.52841977303172
9838,Užice,43.489583335,27.16804222760024
9839,Užice,38.81875,26.885169803772733
9840,Užice,31.089583335,23.42789660144519
9841,Užice,37.170833335,23.847379958495573
9842,Užice,35.833333335,21.62198590903707
9843,Užice,34.304166665,24.320933098376603
9844,Užice,37.691666665,25.58684550530723
9845,Užice,43.170833335,26.54727038478331
9846,Užice,29.329166665,20.48382058037908
9847,Užice,27.6625,22.85971180625292
9848,Užice,34.270833335,22.96285508888493
9849,Užice,32.585416665,19.075405947091355
9850,Užice,29.30625,17.145345980427376
9851,Užice,27.31875,25.13315335643729
9852,Užice,27.71875,22.397073315377355
9853,Užice,30.079166665,21.43935370976099
9854,Užice,20.820833335,19.369349007403105
9855,Užice,31.65,20.389355441878227
9856,Užice,35.40833333499999,23.241173854176186
9857,Užice,45.95,24.219769615918267
9858,Užice,27.885416665,21.687306638132693
9859,Užice,31.695833335,21.26944520228585
9860,Užice,21.24375,20.188034840755996
9861,Užice,18.9875,22.92742990881986
9862,Užice,29.214583335,21.81480894352437
9863,Užice,26.75625,19.518556813842014
9864,Užice,32.360416665,18.93832647184403
9865,Užice,31.022916665,23.294876115248023
9866,Užice,40.28333333499999,28.08018334709116
9867,Užice,38.085416665,24.44498142820533
9868,Užice,29.702083335,20.94920237461101
9869,Užice,35.933333335,19.298090391311835
9870,Užice,28.35,20.72786435862445
9871,Užice,23.152083335,19.135346081829724
9872,Užice,18.564583335,18.571700353316857
9873,Užice,24.804166665,14.800403969883783
9874,Užice,26.664583335,14.634065084979106
9875,Užice,25.505416665,16.683678945066863
9876,Užice,25.802083335,20.94921990095676
9877,Užice,23.475,19.11481797604948
9878,Užice,25.5625,21.088327557111167
9879,Užice,28.204166665,20.47296837353761
9880,Užice,28.197916665,18.229369500656425
9881,Užice,23.152083335,21.134652132248025
9882,Užice,18.8875,21.429355091834243
9883,Užice,26.495833335,21.828780046151028
9884,Užice,38.65833333499999,27.465565754076263
9885,Užice,42.352083335,23.857246287329914
9886,Užice,41.660416665,22.82315779090194
9887,Užice,28.05,27.61917500491692
9888,Užice,28.55,20.472263865608564
9889,Užice,17.920833335,21.16648242993761
9890,Užice,25.085416665,26.049690320518152
9891,Užice,25.095833335,24.265432303715585
9892,Užice,26.791666665,25.190366956013285
9893,Užice,37.808333335,21.889250762350606
9894,Užice,30.14375,22.772531443536728
9895,Užice,29.864583335,23.82660915165456
9896,Užice,25.239583335,26.144405659322125
9897,Užice,38.4625,28.70661637706658
9898,Užice,35.00208333499999,26.383023584159133
9899,Užice,22.841666665,18.331249206566344
9900,Užice,19.916666665,21.79649548673409
9901,Užice,21.885416665,17.041410298280173
9902,Užice,21.110416665,17.428163330313694
9903,Užice,10.558541665,18.42433016082136
9904,Užice,11.390416665,20.526388428003404
9905,Užice,13.389583335,20.23785309640304
9906,Užice,14.7625,20.23785309640304
9907,Užice,19.108333335,19.09218154751762
9908,Užice,25.872916665,23.93228671392769
9909,Užice,21.579166665,21.793641868858867
9910,Užice,15.516666665,20.793911349255307
9911,Užice,22.76875,22.176166648749508
9912,Užice,28.64375,22.85658094189917
9913,Užice,32.202083335,27.637396111541523
9914,Užice,33.6625,27.45056129076356
9915,Užice,37.120833335,27.61892714058539
9916,Užice,38.708333335,36.80744395313831
9917,Užice,29.758333335,32.39247512496015
9918,Užice,24.660416665,28.39568247196779
9919,Užice,29.654166665,30.94680105075413
9920,Užice,25.5125,24.681492090501138
9921,Užice,29.35,21.241373053930957
9922,Užice,30.035416665,26.732090699315968
9923,Užice,27.189583335,22.29045686862313
9924,Užice,20.983333335,23.024453693893005
9925,Užice,19.625,26.94023534645454
9926,Užice,27.872916665,25.587074087270448
9927,Užice,25.760416665,28.308738411462304
9928,Užice,36.3,30.31780573824589
9929,Užice,28.816666665,31.728501515102923
9930,Užice,26.1625,33.14731987081667
9931,Užice,23.877083335,27.98056065533815
9932,Užice,23.304166665,28.182082862698884
9933,Užice,25.275,23.91662715664617
9934,Užice,25.927083335,24.043517560477625
9935,Užice,18.439583335,25.267900267751376
9936,Užice,25.26875,23.73504173040108
9937,Užice,19.99,21.162850548162297
9938,Užice,15.06875,18.96157342469749
9939,Užice,21.06875,25.385787607923543
9940,Užice,21.727083335,25.833510113562973
9941,Užice,18.54375,26.833240633166533
9942,Užice,27.083333335,28.370617742557485
9943,Užice,40.99375,28.199935710749745
9944,Užice,33.764583335,17.96843774068397
9945,Užice,12.95375,15.108440436304813
9946,Užice,20.391666665,19.142634244853877
9947,Užice,22.333333335,18.98468343647235
9948,Užice,18.98125,22.390561655321623
9949,Užice,45.739583335,27.612843990292088
9950,Užice,46.614583335,26.08971604111591
9951,Užice,30.1875,22.239986097271093
9952,Užice,29.620833335,21.39694240659619
9953,Užice,24.954166665,19.378959288561244
9954,Užice,23.229166665,16.085625568952125
9955,Užice,23.410416665,19.78202948981661
9956,Užice,24.281875,21.713342022270197
9957,Užice,15.209375,16.389064861832864
9958,Užice,25.208333335,24.04351779316428
9959,Užice,22.252083335,16.519609146933494
9960,Užice,33.839583335,19.57564013656364
9961,Užice,29.197916665,26.299384784491803
9962,Užice,29.054166665,27.846633284815187
9963,Užice,26.545833335,28.40269153766746
9964,Užice,26.560416665,24.419205533218733
9965,Užice,21.652083335,24.07270636175257
9966,Užice,20.3375,21.2209960066942
9967,Užice,22.6375,24.29556106637516
9968,Užice,18.166666665,26.59452863868326
9969,Užice,22.683333335,28.145518635956357
9970,Užice,31.622916665,27.89647047760864
9971,Užice,30.404166665,25.93887388354744
9972,Užice,13.588125,20.46730814632401
9973,Užice,8.275833335,19.25787305557879
9974,Užice,15.157708335,18.87378566497221
9975,Užice,21.827916665,21.181928799677912
9976,Užice,19.295833335,21.54416127375101
9977,Užice,25.747708335,21.748384992634183
9978,Užice,31.116666665,27.41021711453745
9979,Užice,36.714583335,26.61698257600117
9980,Užice,40.8625,31.34257124367525
9981,Užice,39.604166665,29.69392748114911
9982,Užice,23.60625,21.71174575231068
9983,Užice,35.897826085,28.79902251436246
9984,Užice,31.529166665,24.92046757376508
9985,Užice,33.316666665,20.27099700041497
9986,Užice,23.860416665,20.354429848570813
9987,Užice,16.936041665,23.16997986646601
9988,Užice,20.958333335,20.121422025136592
9989,Užice,31.75625,25.2374429929111
9990,Užice,38.60625,36.72865481924921
9991,Užice,48.22083333499999,31.39126271421092
9992,Užice,43.260416665,31.296797575710062
9993,Užice,49.895833335,28.00349215751822
9994,Užice,47.545833335,23.95909647179105
9995,Užice,65.25208333500001,52.7076540563671
9996,Užice,74.320833335,43.43425715352486
9997,Užice,67.90833333500001,28.162282579234876
9998,Užice,66.79375,46.18014839677044
9999,Užice,45.0875,40.73728698921563
10000,Užice,39.1875,36.44752672763908
10001,Užice,40.28333333499999,45.42578615706948
10002,Užice,44.922916665,45.29889575323804
10003,Užice,50.010416665,42.17889446771664
10004,Užice,53.145833335,36.501228022787565
10005,Užice,34.795833335,41.0647291995492
10006,Užice,75.2375,43.84798997174644
10007,Užice,109.1708333,41.93032961673879
10008,Užice,72.63333333,43.84798997174644
10009,Užice,87.1125,43.84798997174644
10010,Užice,101.1166667,50.543249886489576
10011,Užice,94.6625,45.29889575323804
10012,Užice,77.42083333,37.67449314352357
10013,Užice,80.55833333,42.08442932921579
10014,Užice,74.87916667,46.15066080640473
10015,Užice,83.90833333,58.888684761577785
10016,Užice,102.725,46.37201634873703
10017,Užice,107.2166667,43.76264235198359
10018,Užice,85.24375,46.192203590473326
10019,Užice,80.98541664999999,55.166805366905336
10020,Užice,73.45833333499999,37.421479872910005
10021,Užice,20.47625,29.24111549556233
10022,Užice,22.545416665,33.6886781901074
10023,Užice,41.15625,41.401957364570805
10024,Užice,64.175,55.91455238442187
10025,Užice,77.4125,61.2803828388283
10026,Užice,80.44375,53.6794543295628
10027,Užice,45.270833335,38.84999962216193
10028,Užice,58.070833335,42.257320944798
10029,Užice,64.577083335,56.49949588860424
10030,Užice,88.05833335,67.94036344996609
10031,Užice,94.87291665,61.81093709698951
10032,Užice,86.254166665,73.43082795005866
10033,Užice,62.928958335,39.28160593276641
10034,Užice,66.110416665,51.255240872618174
10035,Užice,34.406666665,37.814527735712765
10036,Užice,16.41625,32.42207595311983
10037,Užice,33.452291665,32.338485262585195
10038,Užice,99.947916665,76.23297830118922
10039,Užice,55.84375,60.25918502052628
10040,Užice,81.9125,61.620798768035286
10041,Užice,83.09583333,43.366534676709314
10042,Užice,96.375,71.2199524433216
10043,Užice,60.270833335,56.6111017574967
10044,Užice,40.639583335,50.27566759630113
10045,Užice,38.883333335,47.58327120545847
10046,Užice,29.2,36.071189861927024
10047,Užice,21.9375,33.95893364150803
10048,Užice,68.72916666500001,28.940435450885477
10049,Užice,42.347916665,43.45236481330037
10050,Užice,67.75,66.80681512096784
10051,Užice,144.125,114.80042358110096
10052,Užice,85.65625,72.1608010854322
10053,Užice,16.625625,31.099311891631164
10054,Užice,33.11875,29.12149613985257
10055,Užice,159.675,128.17508263308127
10056,Užice,134.75,119.49875782119678
10057,Užice,76.01875,66.18362296462658
10058,Užice,143.4375,116.71086597853376
10059,Užice,151.86666665,114.81066028071012
13757,Užice,27.0,37.04052070882154
13758,Užice,28.0,41.282909060344736
13759,Užice,31.0,38.94618568488863
13760,Užice,55.0,62.44668757115523
21486,Užice,144.3333333333333,130.03360897036853
21487,Užice,144.2,94.48078497905244
21488,Užice,135.2416666666667,108.15459951058548
21489,Užice,107.6416666666667,67.84171947007513
21490,Užice,103.5458333333333,61.909581076880464
21491,Užice,86.86666666666667,73.08588577556915
21492,Užice,111.6125,92.96403906919626
21493,Užice,141.975,93.96321677421548
21494,Užice,66.51625,46.92128960349949
21495,Užice,17.71583333333333,29.4100227568405
21496,Užice,52.91666666666668,51.71037283999916
21497,Užice,81.87499999999999,72.50217724617568
21498,Užice,63.56666666666666,60.43110288473945
21499,Užice,86.51666666666667,91.40615751767074
21500,Užice,136.9166666666667,107.76548001745488
21501,Užice,54.38750000000001,34.830068728629776
21502,Užice,29.70083333333332,28.62768473082026
21503,Užice,44.46250000000001,38.82181673139923
21504,Užice,21.24333333333334,32.287131665308124
21505,Užice,45.0375,27.55640150383036
21506,Užice,127.6,58.81421158978115
21507,Užice,79.38750000000002,29.76399877103832
21508,Užice,111.8333333333333,34.05889680862868
21509,Užice,90.85416666666664,33.64103537278185
21510,Užice,92.84583333333336,39.075534005884336
21511,Užice,80.91250000000001,48.76949990930154
21512,Užice,55.56666666666666,40.6071205058254
21513,Užice,18.27,29.680682769567387
21514,Užice,26.445,37.688864600381294
21515,Užice,41.9625,51.17898080948044
21516,Užice,56.1125,73.22441593140329
21517,Užice,91.1125,107.4739868304372
21518,Užice,57.59583333333333,75.99760807059283
21519,Užice,57.4,68.2095862732472
21520,Užice,69.93750000000001,55.166009775208046
21521,Užice,77.85833333333333,57.05853032674854
21522,Užice,51.60416666666666,38.980489361438224
21523,Užice,69.54166666666666,33.24460157699691
21524,Užice,46.52499999999998,29.6300534410919
21525,Užice,47.875,46.92128960349949
21526,Užice,18.57625,29.931928630892067
21527,Užice,37.5125,43.67905166144895
21528,Užice,72.27916666666667,50.51189407838686
21529,Užice,65.77083333333334,51.88380641217444
21530,Užice,19.98583333333333,30.166120074744025
21531,Užice,36.6,35.09788726648856
21532,Užice,61.09583333333333,46.20307803843954
21533,Užice,56.26250000000001,49.93442109579394
21534,Užice,83.02499999999999,52.207470956591024
21535,Užice,60.15416666666667,46.94576805689713
21536,Užice,74.77083333333334,38.09026624843556
21537,Užice,58.44166666666666,37.95410636044935
21538,Užice,54.875,41.8598364500416
21539,Užice,43.70416666666666,37.44851733738015
21540,Užice,35.55833333333333,29.89921233927229
21541,Užice,29.68227272727273,37.001396086055365
21542,Užice,22.38,20.44631060884428
21543,Užice,22.21875,24.41648783275374
21544,Užice,36.1375,37.41164615625422
21545,Užice,37.44583333333333,34.92710665719588
21546,Užice,17.9825,25.68317519187305
21547,Užice,20.32541666666667,24.119253463774303
21548,Užice,22.785,29.790122987225352
21549,Užice,12.14958333333333,23.66552652988085
21550,Užice,10.47791666666667,23.257876183874973
21551,Užice,22.81458333333333,36.03644462809598
21552,Užice,27.52083333333333,37.33072719081794
21553,Užice,25.27045454545455,41.74861826547436
21554,Užice,31.3375,51.190328840974
21555,Užice,28.8,45.689227266904
21556,Užice,14.92125,34.78364522463771
21557,Užice,16.10416666666667,37.23850119526887
21558,Užice,34.45,27.489263391724418
21559,Užice,38.28750000000001,27.02041674356721
21560,Užice,37.475,24.522310666831817
21561,Užice,27.125,21.06664431657216
21562,Užice,29.725,21.161109455073014
21563,Užice,17.25625,17.733292981986885
21564,Užice,38.2375,30.08721947823197
21565,Užice,39.60416666666667,24.271865144706872
21566,Užice,27.23333333333333,26.239791645701395
21567,Užice,28.71250000000001,28.23275384389696
21568,Užice,37.14166666666667,29.162843689296444
21569,Užice,39.7375,29.034295003176087
21570,Užice,42.45833333333334,28.17452196288604
21571,Užice,37.74583333333333,26.03544118143885
21572,Užice,35.49583333333332,26.73662780970972
21573,Užice,42.6375,25.90866510427549
21574,Užice,38.9625,20.548804618540498
21575,Užice,20.58583333333333,21.67197700801396
21576,Užice,15.68791666666667,18.832951378360367
21577,Užice,23.29166666666667,23.16652854973477
21578,Užice,22.53749999999999,24.964224208555063
21579,Užice,21.61304347826087,24.005445896649487
21580,Užice,16.3,15.259119612598631
21581,Užice,23.425,21.362602798581957
21582,Užice,26.38333333333334,22.711361531382025
21583,Užice,36.425,22.05143045286912
21584,Užice,32.74999999999999,21.99770619712654
21585,Užice,24.90416666666667,23.241503874348982
21586,Užice,20.06666666666667,22.9750832724568
21587,Užice,36.02916666666666,22.023889018741
21588,Užice,43.675,24.75551672491095
21589,Užice,40.14166666666668,25.909429680669053
21590,Užice,36.55416666666667,22.24481984903831
21591,Užice,25.82083333333333,23.809256859511965
21592,Užice,27.53333333333334,23.34648746293116
21593,Užice,22.88333333333334,24.28835850983455
21594,Užice,29.29583333333333,23.74183890677824
21595,Užice,35.10833333333333,21.018567687910423
21596,Užice,32.05416666666667,19.535744653852436
21597,Užice,37.24999999999999,18.25949470891585
21598,Užice,45.67916666666667,23.89302467095597
21599,Užice,44.93583333333333,27.407280903238124
21600,Užice,9.90583333333333,16.138029812404252
21601,Užice,11.15875,15.980079004022723
21602,Užice,40.18333333333334,19.21259487208521
21603,Užice,34.675,21.58821181427489
21604,Užice,38.14166666666666,21.606027582894164
21605,Užice,43.87083333333333,21.606027582894164
21606,Užice,34.69583333333334,22.023889018741
21607,Užice,28.3125,20.187643962028154
21608,Užice,24.90833333333333,24.0859868756225
21609,Užice,34.84166666666667,24.0859868756225
21610,Užice,31.85833333333333,24.0859868756225
21611,Užice,32.25416666666667,24.0859868756225
21612,Užice,32.17916666666667,23.95909647179105
21613,Užice,29.5625,27.53864863978425
21614,Užice,32.32916666666667,23.65222233812859
21615,Užice,36.48333333333333,23.264445004966863
21616,Užice,33.3125,21.702443992536967
21617,Užice,29.62083333333333,27.317293097451945
21618,Užice,38.82916666666667,29.19140700723036
21619,Užice,48.40833333333334,31.663340779383457
21620,Užice,42.72083333333333,28.5179970003426
21621,Užice,19.16791666666667,25.08502117013267
21622,Užice,22.72875,31.04333402322524
21623,Užice,52.55833333333333,45.20025177334708
21624,Užice,50.47083333333333,46.15066080640473
21625,Užice,73.8875,55.708961030896255
21626,Užice,48.42916666666667,27.66563799108625
21627,Užice,43.31249999999999,22.017967812152943
21628,Užice,27.36583333333333,28.92203356963485
21629,Užice,60.58260869565219,33.46538254789325
21630,Užice,37.89166666666667,30.541314304846207
21631,Užice,30.35416666666667,22.16369650670845
21632,Užice,27.83791666666667,28.55699507457549
21633,Užice,38.19130434782608,28.54895165975392
21634,Užice,42.64583333333334,35.44382696107301
21635,Užice,44.28333333333333,23.74641582010937
21636,Užice,43.04583333333334,36.546646728058825
21637,Užice,79.82083333333334,34.678375242018745
21638,Užice,29.01333333333334,25.91471174415013
21639,Užice,32.90833333333334,29.690631960323334
21640,Užice,21.11208333333333,18.861950619629614
21641,Užice,55.1,39.65957416292445
21642,Užice,66.62608695652175,31.593948014375325
21643,Užice,28.26416666666667,27.273807042742256
21644,Užice,60.65416666666667,50.58479267055817
21645,Užice,81.78750000000001,81.65640762712279
21646,Užice,42.85750000000002,33.430126821984054
21647,Užice,53.68333333333333,61.181738858937344
21648,Užice,77.99166666666666,67.94036344996609
21649,Užice,72.32916666666667,46.04753929424313
21650,Užice,28.75791666666667,21.11536192831479
21651,Užice,46.935,50.35925828683577
21652,Užice,32.20666666666666,18.370623318200185
21653,Užice,13.97291666666666,20.165919342815773
21654,Užice,32.52833333333333,49.72813128463629
21655,Užice,97.72083333333336,67.94036344996609
21656,Užice,81.29333333333334,22.61862724446503
21657,Užice,26.95958333333333,23.42793574886339
21658,Užice,43.89375,65.57909867271435
21659,Užice,63.67541666666666,36.7576826112715
21660,Užice,21.41375,20.61464864458994
21661,Užice,15.885,25.681448211180687
21662,Užice,45.93083333333333,80.46473997095876
21663,Užice,76.875,42.248644392298885
21664,Užice,39.54583333333333,57.37228758561852
21665,Užice,73.94166666666668,33.367256841744165
21666,Užice,27.60666666666667,23.04345624669968
21667,Užice,31.29583333333334,33.28489501635955
21668,Užice,24.35625,35.5430828345649
21669,Užice,80.45,84.16120662262543
21670,Užice,135.5416666666667,92.41946375912252
21671,Užice,93.16250000000002,32.40286511805153
21672,Užice,31.95833333333334,35.23972164695815
21673,Užice,60.84999999999999,53.20143246306954
21674,Užice,74.97500000000001,82.19662931048693
21675,Užice,111.9625,49.4334939282888
21676,Užice,83.6875,63.82326208095586
21677,Užice,109.4958333333333,99.88652120625416
21678,Užice,106.8304347826087,55.310693821983385
21679,Užice,36.91125,24.259296564132683
21680,Užice,23.49583333333334,19.73695697897843
21681,Užice,55.50833333333333,48.022627067471
21682,Užice,87.74166666666667,62.44668757115523
21683,Užice,133.3166666666667,61.19679214829367
21684,Užice,129.3791666666667,76.08182513616777
21685,Užice,121.1166666666667,43.457696119116655
21686,Užice,123.5739130434783,118.2254518745722
21687,Užice,29.20166666666667,26.144348169450662
21688,Užice,51.8825,82.30596605482506
21689,Užice,104.2208333333333,26.778640794259854
21690,Užice,75.67083333333333,49.5014978293958
21691,Užice,79.63333333333333,47.392750101006925
21692,Užice,92.90416666666668,55.91455238442187
21693,Užice,120.6875,82.58358118862834
21694,Užice,149.7,62.530278261689865
21695,Užice,157.2541666666667,61.181738858937344
21696,Užice,87.12916666666666,101.2767278792886
29874,Užice,71.3125,44.926708995307166
29875,Užice,53.9375,64.09865415661808
29876,Užice,44.80666666666666,29.869340681616677
29877,Užice,43.33166666666667,55.89102449062568
29878,Užice,112.4291666666667,115.1992787205572
29879,Užice,179.85,93.95487431993874
29880,Užice,56.1875,20.241367908012396
29881,Užice,19.96958333333333,30.625915540776365
29882,Užice,34.38333333333333,35.173023774876874
29883,Užice,45.74166666666667,73.96406224657707
29884,Užice,59.1875,44.13261561011466
29885,Užice,54.3,50.61645943713365
29886,Užice,67.85833333333333,85.37537514458512
29887,Užice,88.22500000000001,100.33333165365887
29888,Užice,138.9041666666667,25.224271248696624
29889,Užice,62.79749999999999,61.172936162817535
29890,Užice,149.0541666666666,69.39137611742225
29891,Užice,67.28333333333335,59.58381669529975
29892,Užice,41.69,33.24843655241058
29893,Užice,28.70583333333334,60.13744047207002
29894,Užice,54.425,61.19679214829367
29895,Užice,112.6625,120.03673389801472
29896,Užice,112.9,53.92677970948081
29897,Užice,104.7458333333333,102.23438816382507
29898,Užice,76.14958333333335,52.44675495559285
29899,Užice,94.99583333333334,73.05736799112559
29900,Užice,66.80708333333332,28.01121016165509
29901,Užice,59.66666666666666,82.44882541861766
29902,Užice,87.55416666666667,77.77857114389258
29903,Užice,108.5,62.57357797498668
29904,Užice,168.3458333333333,60.57189927620152
29905,Užice,177.9347826086957,98.90793332098212
29906,Užice,82.43750000000001,49.09802345528408
29907,Užice,95.49583333333332,72.12192227646473
29908,Užice,104.9125,58.89780228031579
29909,Užice,101.4708333333333,61.97469006307943
29910,Užice,69.29166666666664,54.24997112196952
29911,Užice,91.87916666666668,55.59006489220135
29912,Užice,90.94583333333334,41.99924341152981
29913,Užice,56.32916666666666,24.61353077171076
29914,Užice,27.94166666666666,26.222354357547268
29915,Užice,39.66458333333334,32.82636992181566
29916,Užice,37.49166666666667,35.67280306591627
29917,Užice,32.40541666666667,22.981968264042123
29918,Užice,53.16666666666666,38.94230057275149
29919,Užice,48.28333333333332,49.05396622553869
29920,Užice,77.03750000000001,50.679257809059024
29921,Užice,99.0125,51.338357136981976
29922,Užice,52.85416666666666,49.758329611963056
29923,Užice,67.1375,47.93011096110719
29924,Užice,72.53333333333332,34.09254515942495
29925,Užice,56.58333333333334,48.09676625348746
29926,Užice,61.71666666666666,33.374220138340306
29927,Užice,38.61916666666667,21.19064469456421
29928,Užice,43.82625000000001,28.73412475921657
29929,Užice,80.91666666666667,45.43490367580748
29930,Užice,76.30416666666666,49.275321767870985
29931,Užice,88.67500000000001,65.86978436104678
29932,Užice,73.97916666666667,36.56151329975697
29933,Užice,49.94166666666666,36.11707354983388
29934,Užice,40.74999999999999,40.43962563339872
29935,Užice,74.00833333333333,62.13093661921276
29936,Užice,57.73333333333336,37.0460204874412
29937,Užice,54.67083333333334,32.49184260835875
29938,Užice,32.05,29.240892722355103
29939,Užice,46.95,29.989613354318383
29940,Užice,56.89583333333334,50.684535721967215
29941,Užice,30.57916666666666,25.031392207557595
29942,Užice,44.99958333333333,32.69881740471544
29943,Užice,32.26750000000001,22.816400653909497
29944,Užice,34.66958333333333,28.79514801074105
29945,Užice,59.1375,44.65180506393763
29946,Užice,58.83333333333334,39.16999914438519
29947,Užice,46.475,40.85401567112103
29948,Užice,35.68749999999999,31.686586823147085
29949,Užice,45.85,33.08140745953185
29950,Užice,39.90416666666665,32.917631467877484
29951,Užice,51.02916666666667,49.69318320371782
29952,Užice,57.07916666666666,44.42174167990654
29953,Užice,61.82083333333333,46.09400300373044
29954,Užice,30.52916666666665,30.26465270008779
29955,Užice,28.62208333333333,23.939224050035044
29956,Užice,30.18736842105263,34.52434851803922
29957,Užice,130.0666666666667,25.477150107230795
29958,Užice,35.50708333333333,27.10671089436802
29959,Užice,46.88333333333333,32.4052344701407
29960,Užice,25.17416666666667,31.71079396156602
29961,Užice,93.88636363636364,50.31341095636935
29962,Užice,98.74166666666667,48.41439676830291
29963,Užice,23.02583333333333,23.46948556353922
29964,Užice,34.89791666666667,29.82123650127764
29965,Užice,31.39166666666667,27.70600480561478
29966,Užice,33.67083333333333,29.591289797912307
29967,Užice,34.2625,31.041596441030528
29968,Užice,30.96666666666667,29.82398158542254
29969,Užice,35.32916666666667,29.591289797912307
29970,Užice,46.33750000000001,31.27154314439586
29971,Užice,45.9375,29.15018112711181
29972,Užice,40.64166666666667,41.1062719836178
29973,Užice,47.33333333333334,36.04095794375204
29974,Užice,42.69583333333333,28.55806917849192
29975,Užice,30.89833333333334,29.591289797912307
29976,Užice,44.49166666666667,31.044720578814573
29977,Užice,60.31,22.107574834014635
29978,Užice,12.88375,17.927606990810492
29979,Užice,23.97375000000001,22.695372677102757
29980,Užice,27.2125,28.863884500530304
29981,Užice,25.87916666666667,27.00241864944008
29982,Užice,17.00208333333333,22.92871929529952
29983,Užice,32.3625,31.841507056990174
29984,Užice,34.88750000000001,30.65685552134372
29985,Užice,29.30416666666667,25.27210849779585
29986,Užice,33.05833333333333,26.80965391573876
29987,Užice,26.21166666666666,25.736506242509453
29988,Užice,22.0,22.79885283721608
29989,Užice,24.13333333333333,24.37393422590214
29990,Užice,29.02083333333333,25.22682747271954
29991,Užice,32.19166666666667,24.35883015276475
29992,Užice,24.15416666666667,21.13686914406168
29993,Užice,26.14583333333333,18.88235580798557
29994,Užice,17.47916666666667,16.601713184107084
29995,Užice,23.03833333333334,18.9512389142548
29996,Užice,15.15166666666667,21.837557675893933
29997,Užice,25.51416666666666,18.504721126754465
29998,Užice,32.39583333333334,22.128820988689885
29999,Užice,34.81666666666666,18.388597015806063
30000,Užice,36.94416666666667,22.34046006538288
30001,Užice,30.77500000000001,25.28135797785268
30002,Užice,28.07916666666667,18.216393928507397
30003,Užice,32.87083333333333,21.82707133455119
30004,Užice,37.49583333333333,20.5920604811755
30005,Užice,23.77083333333333,15.644025368123902
30006,Užice,29.61666666666666,25.29209091895819
30007,Užice,50.80833333333333,23.84318411274148
30008,Užice,32.475,21.131160908446727
30009,Užice,27.15666666666667,19.56869140067073
30010,Užice,26.64666666666666,18.05572782714423
30011,Užice,38.26666666666667,18.87801618629858
30012,Užice,26.13541666666667,16.516178536061766
30013,Užice,20.47625,17.50093227113658
30014,Užice,24.3125,19.170199400120207
30015,Užice,23.6125,17.915110847956182
30016,Užice,17.19541666666666,17.54681850099534
30017,Užice,22.4375,21.26938755745611
30018,Užice,32.58708333333333,24.44566129695024
30019,Užice,36.425,20.92857465552143
30020,Užice,28.35,17.040164948522868
30021,Užice,20.175,20.27976375928003
30022,Užice,19.4375,18.611595836028066
30023,Užice,24.02500000000001,17.320131838189262
30024,Užice,16.735,19.82241515018054
30025,Užice,16.29083333333333,18.46589896963808
30026,Užice,19.91083333333333,19.96064179918992
30027,Užice,24.08750000000001,23.459909845749845
30028,Užice,27.77916666666667,27.67515112544141
30029,Užice,34.075,22.367556776281265
30030,Užice,43.97083333333332,22.985036920549188
30031,Užice,28.91249999999999,22.21674027061867
30032,Užice,24.91833333333334,16.88739860475105
30033,Užice,15.66416666666667,16.044217871790803
30034,Užice,14.81999999999999,17.23071513091385
30035,Užice,18.38541666666667,19.82241515018054
30036,Užice,16.46666666666666,20.781170413397454
30037,Užice,21.80416666666667,24.325869586725076
30038,Užice,27.42916666666667,26.171568040163734
30039,Užice,29.07916666666667,25.019608626355744
30040,Užice,57.38333333333333,25.019608626355744
30041,Užice,70.7625,21.76390154466919
30042,Užice,67.03333333333335,24.02374414824298
30043,Užice,42.10833333333333,20.87129438772444
30044,Užice,31.67083333333334,24.41883130204215
30045,Užice,26.75416666666666,18.33485162999404
30046,Užice,28.87916666666666,17.335121110390478
30047,Užice,23.02083333333333,15.648551431027744
30048,Užice,23.4625,21.28006117126006
30049,Užice,31.22500000000001,27.547751516561053
30050,Užice,26.17916666666667,26.430067911134447
30051,Užice,31.42916666666666,27.87611390230529
30052,Užice,23.50833333333334,22.32216488791878
30053,Užice,24.51666666666666,22.32550005122197
30054,Užice,22.43333333333334,21.142092757262585
30055,Užice,16.70208333333333,23.482033655505475
30056,Užice,24.67083333333333,24.54173090418628
30057,Užice,32.14583333333334,26.81959453083066
30058,Užice,35.4125,26.939970995857795
30059,Užice,34.12083333333334,24.89512614773478
30060,Užice,34.85833333333333,26.67594470307069
30061,Užice,38.83750000000001,27.81364394806785
30062,Užice,30.85416666666667,21.70959496968392
30063,Užice,30.7,36.04456714687058
30064,Užice,35.16666666666666,32.616117987870744
30065,Užice,42.46666666666666,29.96331108006736
30066,Užice,35.96086956521739,24.75949338663217
30067,Užice,33.62916666666666,28.933372402689905
30068,Užice,29.9,19.858058214022726
30069,Užice,22.1625,27.2281166363949
30070,Užice,28.36666666666666,31.44373284310886
30071,Užice,32.175,24.78359544538654
30072,Užice,65.85416666666669,19.095546820570704
30073,Užice,26.77916666666667,18.195254368408616
30074,Užice,19.02083333333334,19.83397294267433
30075,Užice,29.925,20.17855216568175
30076,Užice,19.03333333333333,23.690110117409738
30077,Užice,19.68333333333334,22.61068718280608
30078,Užice,19.525,20.806158751976767
30079,Užice,23.19583333333334,22.17135442446705
30080,Užice,30.17083333333333,24.23114477614389
30081,Užice,34.8875,27.01307644482017
30082,Užice,24.47916666666666,18.10621817849813
30083,Užice,15.30291666666666,21.19666330432401
30084,Užice,16.55875,20.013028180125666
30085,Užice,15.98708333333333,20.90579500259333
30086,Užice,20.17583333333333,21.64438580996344
30087,Užice,19.90416666666667,22.10182486921685
30088,Užice,18.80833333333333,20.5842084036692
30089,Užice,17.225,22.85370170093214
30090,Užice,17.70833333333333,31.44601263965648
30091,Užice,26.35833333333333,26.315825565991187
30092,Užice,24.12916666666666,28.533023205858854
30093,Užice,30.22916666666667,25.815429891528478
30094,Užice,28.61249999999999,28.457367825975847
30095,Užice,31.17083333333334,31.28831026090788
30096,Užice,34.89166666666667,30.932786598244945
30097,Užice,34.49583333333333,26.11263845041838
30098,Užice,27.5125,19.91204867694371
30099,Užice,26.11666666666666,15.37076269152687
30100,Užice,24.17083333333334,23.3364058149049
30101,Užice,24.4375,22.60625829756489
30102,Užice,25.55217391304349,23.45595737296657
30103,Užice,25.30416666666666,25.41098553756545
30104,Užice,23.36666666666666,26.613477060018383
30105,Užice,37.34999999999999,30.67718407771748
30106,Užice,42.85416666666666,28.0416943291148
30107,Užice,32.54166666666666,27.674641920392503
30108,Užice,34.95,22.467305695515183
30109,Užice,32.43333333333334,23.076535019202908
30110,Užice,37.13333333333333,25.641555727027
30111,Užice,36.43750000000001,29.961276789058857
30112,Užice,39.4125,28.33636042724574
30113,Užice,47.82083333333333,36.16826502239139
30114,Užice,54.93333333333334,34.48956578877458
30115,Užice,58.09166666666667,38.68540249686736
30116,Užice,55.00416666666667,28.70261725976556
30117,Užice,47.27083333333334,23.775780666021323
30118,Užice,40.72083333333332,27.92734824224929
30119,Užice,43.8,17.291832290025734
30120,Užice,18.87916666666666,19.808331924073872
30121,Užice,19.67083333333333,21.35552002676466
30122,Užice,10.85791666666667,16.3842197171112
30123,Užice,7.484583333333334,16.75835342299897
30124,Užice,8.0375,20.834235368112704
30125,Užice,23.63166666666667,21.151980253051622
30126,Užice,25.31666666666666,23.55882967474037
30127,Užice,25.39916666666666,18.56252505524368
30128,Užice,30.02916666666667,19.78381208192602
30129,Užice,31.025,23.489604317980323
30130,Užice,28.02083333333333,23.489604317980323
30131,Užice,32.40833333333334,25.429067726289038
30132,Užice,41.1625,20.067457226701936
30133,Užice,29.0625,24.04351779316428
30134,Užice,29.3,24.54529221669453
30135,Užice,27.125,21.91878354274732
30136,Užice,24.51666666666667,20.138023213619014
30137,Užice,6.627499999999999,14.872441317079188
30138,Užice,16.69541666666667,20.58619174768925
30139,Užice,26.9575,28.00349215751822
30140,Užice,35.89583333333334,29.312767142502096
30141,Užice,39.325,37.279162708069016
30142,Užice,32.68750000000001,18.419231343908336
30143,Užice,22.275,18.83281818279096
30144,Užice,21.4825,22.528000362802107
30145,Užice,26.29958333333333,25.17671132739903
30146,Užice,39.39166666666667,28.320655043506097
30147,Užice,32.80416666666667,19.53954270022494
30148,Užice,28.3625,24.054395709927835
30149,Užice,21.87375,18.82885388241865
30150,Užice,33.4875,23.19267791345948
30151,Užice,39.55833333333333,29.09694186872951
30152,Užice,46.15833333333334,29.289777142023816
30153,Užice,43.6375,35.63287195601005
30154,Užice,38.9625,35.900771179792486
30155,Užice,46.93913043478261,53.38621965442064
30156,Užice,59.57916666666666,55.23630410561457
30157,Užice,48.06666666666666,36.44752672763908
30158,Užice,43.57083333333333,43.62663442941414
30159,Užice,59.40416666666666,49.13931384530154
30160,Užice,63.00416666666667,45.42578615706948
30161,Užice,67.68333333333334,45.42578615706948
30162,Užice,76.00000000000001,50.543249886489576
30163,Užice,79.62916666666666,55.252152986668186
30164,Užice,74.65833333333333,49.71678682789446
30165,Užice,72.825,50.543249886489576
30166,Užice,68.81666666666668,49.13931384530154
30167,Užice,67.30416666666667,48.57867257435107
30168,Užice,63.79166666666666,45.20025177334708
30169,Užice,53.37916666666667,46.15066080640473
30170,Užice,52.02916666666667,45.11490415358423
30171,Užice,53.45833333333334,33.20465963699057
30172,Užice,36.43333333333334,38.94864360205289
30173,Užice,61.20000000000001,49.63143920813161
30174,Užice,65.00416666666666,61.181738858937344
30175,Užice,80.02083333333333,62.43163428179891
30176,Užice,89.0625,61.181738858937344
30177,Užice,94.64583333333331,67.75812877954048
30178,Užice,92.90416666666664,71.81697604359778
30179,Užice,91.325,74.21589180392021
30180,Užice,74.09166666666667,50.51183101441467
30181,Užice,49.45416666666666,37.75224065254644
30182,Užice,43.49999999999999,47.58327120545847
30183,Užice,34.33750000000001,28.306841368223548
30184,Užice,38.25833333333333,39.05984290082383
30185,Užice,64.48333333333332,55.06736579531709
30186,Užice,90.94166666666668,77.74560140332333
30187,Užice,123.0333333333333,73.08588577556915
30188,Užice,149.5416666666667,116.71086597853376
30189,Užice,54.75875000000001,24.064310391718088
30190,Užice,33.56583333333334,59.02171631755083
30191,Užice,29.74666666666667,35.50199368693444
30192,Užice,31.24583333333333,50.70428142763655
30193,Užice,77.70416666666667,73.31142015929156
30194,Užice,113.0416666666667,76.18046911605872
30195,Užice,139.4125,73.05736799112559
30196,Užice,97.49583333333334,74.70353082630102
30197,Užice,107.6916666666667,29.908731891242443
30198,Užice,17.15666666666667,26.625219514720563
30199,Užice,25.63208333333333,27.49630868049592
30200,Užice,31.60833333333333,24.51386949598077
30201,Užice,30.01666666666667,47.3827952453924
30202,Užice,49.29166666666666,42.72570570342252
30203,Užice,42.24999999999999,40.10732096194975
30204,Užice,56.1625,120.46635650817024
30205,Užice,77.84166666666668,36.21848632843379
30206,Užice,47.50833333333335,43.155071506012206
30207,Užice,64.5,72.29231803536281
30208,Užice,64.2125,60.48211025901672
30209,Užice,37.9375,39.19520692461338
30210,Užice,26.725,27.808231061173505
30211,Užice,37.6375,34.94525124520296
30212,Užice,56.31666666666668,57.65816886210412
30213,Užice,97.28333333333336,110.12717950782638
30214,Užice,50.67083333333333,50.246731958972894
30215,Užice,48.5875,42.28560215334879
30216,Užice,124.3916666666667,49.44920453770602
30217,Užice,115.5708333333333,82.19662931048693
30218,Užice,111.425,86.91121395488481
30219,Užice,80.25374999999998,23.677877118937012
30220,Užice,22.88875,40.22725314449287
30221,Užice,63.4625,89.744941393139
30222,Užice,58.20624999999999,21.74169714341846
30223,Užice,8.994583333333333,24.40078456042881
30224,Užice,15.12666666666667,30.87774509811951
30225,Užice,26.7,34.21974203645844
30226,Užice,26.71249999999999,31.871355238960412
30227,Užice,53.36249999999999,61.19679214829367
30228,Užice,65.3375,44.13261561011466
30229,Užice,114.2958333333333,65.89219544729293
30230,Užice,111.2083333333333,116.8116919866224
157,Valjevo,32.5,20.00528451964937
158,Valjevo,45.5,53.92675099655948
159,Valjevo,26.5,35.18053573646314
160,Valjevo,51.7,59.736792701530696
161,Valjevo,57.0,42.17845961322215
162,Valjevo,19.8,22.869478956780856
163,Valjevo,31.4,32.91206895021357
164,Valjevo,60.6,34.132847558396314
165,Valjevo,97.2,30.898764224252453
166,Valjevo,98.8,54.56621784044675
167,Valjevo,79.4,41.425143447264894
168,Valjevo,77.6,36.32297911253642
169,Valjevo,71.6,60.77087171689039
170,Valjevo,206.9,60.77087171689039
4394,Valjevo,59.81,18.599804626609256
4395,Valjevo,74.63,51.46491747035095
4396,Valjevo,138.73,37.24541026865199
4397,Valjevo,50.73,26.10975101422933
4398,Valjevo,18.52,17.84464199832434
4399,Valjevo,20.16,23.468092846984632
4400,Valjevo,21.58,21.34751936309388
4401,Valjevo,22.54,22.730984546709426
4402,Valjevo,28.03,24.26087842809094
4403,Valjevo,23.23,20.615868374585386
4404,Valjevo,31.89,23.102812075015866
4405,Valjevo,26.07,23.10174234533177
4406,Valjevo,25.9,23.10174234533177
4407,Valjevo,26.81,19.299363372832037
4408,Valjevo,24.62,20.498344735867928
4409,Valjevo,22.8,20.177369940514676
4410,Valjevo,16.13,17.412718026758633
4411,Valjevo,16.89,18.14888865873799
4412,Valjevo,21.72,20.233050696261493
4413,Valjevo,21.41,21.34751936309388
4414,Valjevo,21.91,20.61577373481786
4415,Valjevo,22.75,22.135690767311623
4416,Valjevo,19.97,22.591850205179977
4417,Valjevo,16.31,24.323626708346197
4418,Valjevo,39.13,23.402378941175748
4419,Valjevo,67.4,26.55406860142209
4420,Valjevo,54.58,26.55406860142209
4421,Valjevo,66.43,26.529723234503965
4422,Valjevo,52.87,22.56369596760672
4423,Valjevo,24.48,19.899470131519465
4424,Valjevo,12.87,23.816793001204665
4425,Valjevo,23.91,25.944151847864028
4426,Valjevo,39.14,27.80705498596637
4427,Valjevo,49.67,25.887800852033195
4428,Valjevo,21.7,18.785094498869118
4429,Valjevo,14.4,17.144501027826706
4430,Valjevo,13.74,18.77409042858814
4431,Valjevo,12.61,18.28879412653638
4432,Valjevo,17.57,20.062237076036403
4433,Valjevo,26.85,26.65608368713581
4434,Valjevo,29.03,28.4767909195618
4435,Valjevo,30.63,29.156210076470444
4436,Valjevo,32.0,26.044071611848043
4437,Valjevo,19.4,19.66583077410144
4438,Valjevo,23.12,24.609919373459103
4439,Valjevo,25.22,27.34462441923155
4440,Valjevo,33.43,30.96621278101397
4441,Valjevo,39.9,30.85830288296
4442,Valjevo,26.02,18.785300381446195
4443,Valjevo,26.8,22.237076887355524
4444,Valjevo,22.93,17.342462210261242
4445,Valjevo,23.61,16.912669228961082
4446,Valjevo,27.1,17.62481460505789
4447,Valjevo,23.67,20.607010059465672
4448,Valjevo,22.57,20.47764518628236
4449,Valjevo,28.61,24.390507898769684
4450,Valjevo,35.37,28.67226372286504
4451,Valjevo,34.01,30.375938998047168
4452,Valjevo,47.37,26.48869683229333
4453,Valjevo,40.79,27.30021043435292
4454,Valjevo,43.41,26.881869448276152
4455,Valjevo,39.98,26.09511035571325
4456,Valjevo,30.72,25.57612629430354
4457,Valjevo,31.05,23.584608615370623
4458,Valjevo,33.4,25.79149483622519
4459,Valjevo,17.96,21.95409746077356
4460,Valjevo,18.54,20.70439017358461
4461,Valjevo,22.22,23.423131517828622
4462,Valjevo,33.1,19.78897128161813
4463,Valjevo,9.9,20.95928801675645
4464,Valjevo,13.92,22.752660166740377
4465,Valjevo,19.59,27.79042036714917
4466,Valjevo,25.32,25.427892623671017
4467,Valjevo,22.3,24.67600000480157
4468,Valjevo,21.03,23.752471733137977
4469,Valjevo,19.02,24.02199467474192
4470,Valjevo,23.91,24.66943336111073
4471,Valjevo,29.31,26.40983673293219
4472,Valjevo,24.73,27.474045729245542
4473,Valjevo,31.1,30.34794380460477
4474,Valjevo,24.98,20.31764324461436
4475,Valjevo,16.45,21.16276582957968
4476,Valjevo,14.91,20.957564156042427
4477,Valjevo,20.34,22.54623101319523
4478,Valjevo,18.5,22.256941287811653
4479,Valjevo,18.11,22.441694821325846
4480,Valjevo,28.32,22.048297678405792
4481,Valjevo,14.61,18.251850322762344
4482,Valjevo,17.34,16.056405418686644
4483,Valjevo,26.57,24.079760061226413
4484,Valjevo,19.38,17.961069156901537
4485,Valjevo,16.29,18.33006677382969
4486,Valjevo,11.06,16.30501602804037
4487,Valjevo,13.42,19.7997946143495
4488,Valjevo,15.0,19.7997946143495
4489,Valjevo,17.67,21.049635103585896
4490,Valjevo,19.2,22.35159472655043
4491,Valjevo,19.21,22.21961909366552
4492,Valjevo,16.46,22.81752725596381
4493,Valjevo,14.6,22.81752725596381
4494,Valjevo,25.27,21.61593918093057
4495,Valjevo,27.34,24.14975115548639
4496,Valjevo,25.83,23.254197093660483
4497,Valjevo,26.33,23.254197093660483
4498,Valjevo,29.16,22.81752725596381
4499,Valjevo,25.73,23.94454948194913
4500,Valjevo,26.11,25.07148887997915
4501,Valjevo,29.19,24.403602053587274
4502,Valjevo,29.08,24.403602053587274
4503,Valjevo,29.85,25.51933649023378
4504,Valjevo,38.15,23.808412892924768
4505,Valjevo,14.68,21.75065581457816
4506,Valjevo,18.26,17.772235334101193
4507,Valjevo,18.47,21.887812122645627
4508,Valjevo,20.83,20.649221308391624
4509,Valjevo,25.39,21.21007506176761
4510,Valjevo,25.1,21.544729179970624
4511,Valjevo,28.88,27.17398511532825
4512,Valjevo,29.01,25.781620679096594
4513,Valjevo,31.41,24.848202287283137
4514,Valjevo,22.18,22.146393053013178
4515,Valjevo,33.07,21.480566171986236
4516,Valjevo,28.52,22.931646844347085
4517,Valjevo,26.13,23.22913493195275
4518,Valjevo,30.42,26.23161866105856
4519,Valjevo,44.65,36.36107477343384
4520,Valjevo,40.64,31.904584283989475
4521,Valjevo,34.03,32.19660819008136
4522,Valjevo,39.83,31.63217102572449
4523,Valjevo,45.57,28.96126760680249
4524,Valjevo,39.83,24.711571041672094
4525,Valjevo,30.62,20.535056975426105
4526,Valjevo,16.9,16.14569566047047
4527,Valjevo,19.46,16.36242007401336
4528,Valjevo,25.01,19.658687568134816
4529,Valjevo,30.85,23.26906950778012
4530,Valjevo,54.29,33.65405216552664
4531,Valjevo,40.97,28.197531251712576
4532,Valjevo,52.54,38.01272935009605
4533,Valjevo,45.65,38.248915694455256
4534,Valjevo,48.98,35.465920679044345
4535,Valjevo,64.38,60.87326114595648
4536,Valjevo,60.47,58.60736892130114
4537,Valjevo,61.82,60.87326114595648
4538,Valjevo,83.48,58.78517863208937
4539,Valjevo,76.6,46.02849360910161
4540,Valjevo,71.25,51.34520867133512
4541,Valjevo,43.82,32.06017035026606
4542,Valjevo,40.25,50.06076478239306
4543,Valjevo,65.53,59.04885510324976
4544,Valjevo,82.95,67.16261121259016
4545,Valjevo,95.04,82.77636295236056
4546,Valjevo,88.52,82.67397352329446
4547,Valjevo,84.73,73.81085806675992
4548,Valjevo,81.26,66.78666217164516
4549,Valjevo,79.85,85.36048793340017
4550,Valjevo,100.62,67.39066562096491
4551,Valjevo,70.82,45.19565054499221
4552,Valjevo,58.05,32.803822251184066
4553,Valjevo,36.84,25.44480927097477
4554,Valjevo,22.51,27.20634570264281
4555,Valjevo,25.71,31.54623110389664
4556,Valjevo,37.37,39.77406153007723
4557,Valjevo,39.09,33.42658708331959
4558,Valjevo,60.33,60.94158692570108
4559,Valjevo,89.33,56.02538902921728
4560,Valjevo,73.33,49.99282496866857
4561,Valjevo,49.81,48.00588737169647
4562,Valjevo,104.61,88.97272043471814
4563,Valjevo,112.43,70.92014172326442
4564,Valjevo,115.84,69.85532309384874
4565,Valjevo,70.2,49.95973710548677
4566,Valjevo,113.1,85.35437874983161
4567,Valjevo,97.37,56.89161071644902
4568,Valjevo,71.68,48.96263402239146
4569,Valjevo,66.37,49.29460160999187
4570,Valjevo,63.47,60.77087171689039
4571,Valjevo,78.3,58.66974246843722
4572,Valjevo,61.85,46.83380188314906
4573,Valjevo,112.47,88.41581719971177
4574,Valjevo,166.43,66.73198337676196
4575,Valjevo,105.44,28.095204379340217
4576,Valjevo,164.06,51.13294934520528
4577,Valjevo,57.36,29.19025548098662
4578,Valjevo,43.18,29.91193403433692
4579,Valjevo,74.73,30.175207265653007
4580,Valjevo,163.2,57.84011952202037
4581,Valjevo,50.36,31.507804850430475
4582,Valjevo,45.01,34.99745426921839
4583,Valjevo,64.92,61.27936760478703
4584,Valjevo,123.46,78.61889331595125
4585,Valjevo,36.3,31.113963528439843
4586,Valjevo,36.42,28.935197858878865
4587,Valjevo,94.75,82.46171419716464
4588,Valjevo,67.62,32.2722584269113
4589,Valjevo,45.62,36.288148563471886
4590,Valjevo,59.5,34.46028045967986
4591,Valjevo,19.4,21.955610370389763
4592,Valjevo,64.6,44.77313756979793
4593,Valjevo,73.18,72.28952035349984
4594,Valjevo,79.15,69.03385174041537
4595,Valjevo,58.93,47.98171399438102
4596,Valjevo,42.08,32.923676522327874
4597,Valjevo,57.97,43.97770251778134
4598,Valjevo,71.3,76.64669963182084
4599,Valjevo,55.36,32.30456049741206
4600,Valjevo,72.93,84.14832601138733
4601,Valjevo,170.63,114.41304658354515
4602,Valjevo,185.69,115.78676911803451
4603,Valjevo,122.4,58.087211344409646
4604,Valjevo,90.26,39.711996984342285
4605,Valjevo,50.65,46.54745729807666
4606,Valjevo,40.78,37.31555355502307
4607,Valjevo,84.1,87.47379903150402
4608,Valjevo,89.53,88.2566272726076
4609,Valjevo,57.73,67.52248353837217
4610,Valjevo,174.68,125.02700388492434
8998,Valjevo,92.479166665,55.69564162067631
8999,Valjevo,91.85,70.20959458366268
9000,Valjevo,143.17291665,95.3778886775296
9001,Valjevo,193.38125,99.7936034136591
9002,Valjevo,222.72083335,105.54310265363068
9003,Valjevo,60.3,45.27606104262014
9004,Valjevo,97.614583335,90.29627720416298
9005,Valjevo,80.18125,76.21188644068947
9006,Valjevo,64.00625,62.10083895822037
9007,Valjevo,54.464583335,55.03405102684104
9008,Valjevo,51.723913045,58.52664909423106
9009,Valjevo,89.066666665,73.16299164969325
9010,Valjevo,142.733333335,116.38088256352336
9011,Valjevo,127.57708335,109.846935963996
9012,Valjevo,93.877083335,90.25888140121116
9013,Valjevo,102.745833335,124.27077991352886
9014,Valjevo,51.808333335,50.44739654932991
9015,Valjevo,99.6125,48.324492812056256
9016,Valjevo,107.597916665,95.06711838765229
9017,Valjevo,75.847916665,79.11272595250686
9018,Valjevo,75.4625,51.62855190902293
9019,Valjevo,55.847916665,42.27917416660555
9020,Valjevo,59.217391305,52.29644454190984
9021,Valjevo,100.835416665,62.24317813865813
9022,Valjevo,114.970833335,97.42903595894354
9023,Valjevo,86.3125,77.68706839691458
9024,Valjevo,128.8875,112.05717008980965
9025,Valjevo,80.79375,79.09042175163826
9026,Valjevo,112.733958335,59.085011160879255
9027,Valjevo,105.66875,89.16881669621287
9028,Valjevo,96.814583335,59.59543133837521
9029,Valjevo,77.375,60.04232366826908
9030,Valjevo,87.1625,58.59394943434376
9031,Valjevo,122.192916665,57.21303290107397
9032,Valjevo,187.25208335,112.11931474814966
9033,Valjevo,185.09791665,114.1984710187949
9034,Valjevo,87.164583335,84.12475758579963
9035,Valjevo,86.391666665,45.194672424758586
9036,Valjevo,86.13187500000001,37.576275812321626
9037,Valjevo,93.4875,82.62167242819987
9038,Valjevo,79.389583335,90.41225628479526
9039,Valjevo,70.433333335,76.2502520024254
9040,Valjevo,88.710416665,59.08720923403507
9041,Valjevo,139.470833335,90.42245440233673
9042,Valjevo,110.672916665,101.0386286790259
9043,Valjevo,101.1375,81.2465117700941
9044,Valjevo,95.8,74.3918339135761
9045,Valjevo,86.94166665,95.83131855331304
9046,Valjevo,118.605625,61.73989498202488
9047,Valjevo,101.083333335,66.39316757223958
9048,Valjevo,56.927083335,60.453643022220135
9049,Valjevo,77.49791666499999,55.64825009086019
9050,Valjevo,58.112083335,39.51848271417134
9051,Valjevo,75.7125,59.40611103036003
9052,Valjevo,103.914583335,71.9331280711615
9053,Valjevo,113.302083335,70.24178888633114
9054,Valjevo,64.447916665,45.92349315197728
9055,Valjevo,87.47500000000001,45.11417096220712
9056,Valjevo,57.114583335,48.65935925505669
9057,Valjevo,61.589583335,49.53837435711103
9058,Valjevo,107.0125,69.7591961832816
9059,Valjevo,107.35625,85.86844805456502
9060,Valjevo,99.741666665,83.29543956881608
9061,Valjevo,85.527083335,85.69841223883864
9062,Valjevo,42.870833335,45.35725583846212
9063,Valjevo,60.579166665,62.66720209561353
9064,Valjevo,69.279166665,62.86745152147521
9065,Valjevo,92.854166665,77.14463111744233
9066,Valjevo,69.014583335,53.45836346258658
9067,Valjevo,95.545833335,57.9957194854785
9068,Valjevo,91.914583335,81.24391710611876
9069,Valjevo,106.735416665,93.60274572358163
9070,Valjevo,112.42083335,89.28435395001283
9071,Valjevo,129.34166665,77.76207708798609
9072,Valjevo,143.8173913,72.90718004284781
9073,Valjevo,66.79166666500001,52.07823810304367
9074,Valjevo,81.639583335,75.0354908454788
9075,Valjevo,80.772916665,71.18798997576192
9076,Valjevo,64.26875000000001,73.17491472248932
9077,Valjevo,89.86458333499999,87.09645334247347
9078,Valjevo,90.02916666499999,70.64917403530711
9079,Valjevo,101.347916665,74.83839256134891
9080,Valjevo,86.022916665,60.95286767794115
9081,Valjevo,78.31875,61.0104605928098
9082,Valjevo,71.56041666499999,55.62908271239219
9083,Valjevo,69.91590909,54.31882796697636
9084,Valjevo,86.85,54.33389536148211
9085,Valjevo,102.95416665,65.4304610654489
9086,Valjevo,100.6090909,40.02221528348661
9087,Valjevo,62.223913045,28.179630043124646
9088,Valjevo,39.02173913,29.735621775868303
9089,Valjevo,28.37826087,30.79942376304883
9090,Valjevo,54.96875,43.16773244223554
9091,Valjevo,67.316666665,61.17673583605335
9092,Valjevo,63.433333335,56.38292925509784
9093,Valjevo,62.99375000000001,44.62708317229678
9094,Valjevo,76.039347825,37.73512639617954
9095,Valjevo,50.466666665,37.22607274118158
9096,Valjevo,28.25909091,23.42216394035681
9097,Valjevo,29.23125,28.953616112394027
9098,Valjevo,59.933333335,47.66891185279283
9099,Valjevo,55.522916665,51.62795175569078
9100,Valjevo,51.22083333499999,49.74148880152794
9101,Valjevo,53.78125,47.3965491477316
9102,Valjevo,53.554166665,40.8490223922656
9103,Valjevo,30.547916665,24.844253080603263
9104,Valjevo,22.676458335,21.85701708151108
9105,Valjevo,37.45125,27.93705925194558
9106,Valjevo,33.772916665,29.80144550972368
9107,Valjevo,61.9875,36.23777893120081
9108,Valjevo,51.85869565,34.405566719703806
9109,Valjevo,51.90416666500001,21.69274396271568
9110,Valjevo,33.097916665,26.035276497856916
9111,Valjevo,49.60869565,28.961282844809936
9112,Valjevo,30.965416665,29.26899953433409
9113,Valjevo,30.78130435,22.99868737599594
9114,Valjevo,29.539583335,19.90950272842001
9115,Valjevo,39.68541666500001,23.945940681939383
9116,Valjevo,48.945833335,30.664139780747544
9117,Valjevo,39.677083335,29.37092618647524
9118,Valjevo,44.889583335,25.155661278459544
9119,Valjevo,56.74791666500001,29.01997618933492
9120,Valjevo,42.554166665,25.57097466205764
9121,Valjevo,41.29375,26.482246079714677
9122,Valjevo,45.175,27.68715247147045
9123,Valjevo,38.839583335,25.80186382677992
9124,Valjevo,32.627083335,24.533875015387693
9125,Valjevo,31.44375,25.20457653525038
9126,Valjevo,43.295652175,24.37671426221088
9127,Valjevo,48.402083335,21.05750307825976
9128,Valjevo,19.360416665,22.618513324621453
9129,Valjevo,42.92826087,24.142654038522128
9130,Valjevo,47.810416665,25.40541261719813
9131,Valjevo,29.16521739,22.76178091443592
9132,Valjevo,25.407708335,25.24091454136594
9133,Valjevo,35.98695652,24.19196072869668
9134,Valjevo,30.989583335,19.048434660127484
9135,Valjevo,33.1625,17.32685988127191
9136,Valjevo,29.228125,25.24091454136594
9137,Valjevo,28.846875,25.24091454136594
9138,Valjevo,30.970833335,21.40960037738076
9139,Valjevo,21.339130435,19.202685105524417
9140,Valjevo,31.559791665,21.20439870384351
9141,Valjevo,38.117391305,25.84881600707213
9142,Valjevo,42.747826085,26.366462906768454
9143,Valjevo,29.6375,20.142509551352244
9144,Valjevo,42.50652174,24.4336498804805
9145,Valjevo,21.624583335,18.41636309510612
9146,Valjevo,19.4875,20.949127046702458
9147,Valjevo,34.416666665,22.28111268604373
9148,Valjevo,29.55625,19.97433072784506
9149,Valjevo,35.855,18.70460569275845
9150,Valjevo,32.617391305,22.418893805511168
9151,Valjevo,33.747826085,26.11751939034197
9152,Valjevo,30.64130435,23.611938286106547
9153,Valjevo,21.745652175,24.355484990711236
9154,Valjevo,28.210416665,16.994135023546356
9155,Valjevo,25.866666665,20.881522589185305
9156,Valjevo,22.162291665,16.394503000534037
9157,Valjevo,18.512826085,18.471571761358657
9158,Valjevo,25.179375,16.96067147314337
9159,Valjevo,22.75625,16.030538245470343
9160,Valjevo,29.11875,16.417790562687426
9161,Valjevo,24.0,23.17447365615687
9162,Valjevo,21.44347826,19.968149747702043
9163,Valjevo,22.602083335,20.957564156042427
9164,Valjevo,31.969565215,21.14231768955662
9165,Valjevo,25.66875,17.62998636092633
9166,Valjevo,23.1125,19.914538715674897
9167,Valjevo,16.245416665,22.256941287811653
9168,Valjevo,33.920833335,24.001546534718862
9169,Valjevo,22.31875,26.1137453924454
9170,Valjevo,41.233333335,23.47526785095272
9171,Valjevo,33.714583335,22.896313846943208
9172,Valjevo,28.795652175,22.371363820321307
9173,Valjevo,28.83478261,19.963786245174155
9174,Valjevo,21.49130435,22.039556849301416
9175,Valjevo,23.2125,24.170731457197032
9176,Valjevo,28.76875,23.10725787680645
9177,Valjevo,31.00869565,28.88291097374227
9178,Valjevo,38.966666665,26.79022200562333
9179,Valjevo,33.56304348,24.65111457059344
9180,Valjevo,28.739130435,22.415079354920262
9181,Valjevo,28.26521739,24.705729163618976
9182,Valjevo,38.647826085,27.43968341401668
9183,Valjevo,35.46666666500001,23.428088179152656
9184,Valjevo,21.566666665,19.00037437455687
9185,Valjevo,20.812291665,20.817711963135327
9186,Valjevo,17.470833335,16.92798500499054
9187,Valjevo,17.591666665,17.08079730811264
9188,Valjevo,12.313125,19.47351787474741
9189,Valjevo,17.98304348,21.227293067609907
9190,Valjevo,18.9125,21.80674679727581
9191,Valjevo,37.420454545,27.6625221307626
9192,Valjevo,41.108333335,31.82699839396212
9193,Valjevo,26.7875,30.192026104873825
9194,Valjevo,23.658333335,25.3006238481311
9195,Valjevo,33.377083335,26.968179399811454
9196,Valjevo,27.064583335,24.176212087561797
9197,Valjevo,26.102083335,19.138784095612788
9198,Valjevo,32.766666665,28.28387930673251
9199,Valjevo,19.995833335,22.361249385708398
9200,Valjevo,19.435416665,19.553005593012983
9201,Valjevo,21.585416665,24.12145023147098
9202,Valjevo,22.847916665,23.576026768977787
9203,Valjevo,27.49375,24.323626708346197
9204,Valjevo,30.277083335,27.11363064448144
9205,Valjevo,30.345833335,27.11363064448144
9206,Valjevo,26.929166665,27.826912411361803
9207,Valjevo,24.160416665,24.31761857258516
9208,Valjevo,25.833333335,22.808828450270983
9209,Valjevo,23.997916665,23.127249009473225
9210,Valjevo,21.8625,22.127077209412057
9211,Valjevo,20.171458335,22.462142961348903
9212,Valjevo,28.834791665,24.19481684887681
9213,Valjevo,20.427083335,20.434785441562283
9214,Valjevo,37.464583335,25.84597442552708
9215,Valjevo,41.197916665,23.813371774364512
9216,Valjevo,37.097916665,26.15504157233345
9217,Valjevo,30.747916665,22.62063237843659
9218,Valjevo,21.552083335,17.386152217575017
9219,Valjevo,25.954166665,17.52152522651935
9220,Valjevo,26.104347825,18.12115724953167
9221,Valjevo,19.594583335,15.778328091609048
9222,Valjevo,20.315833335,15.43830183178349
9223,Valjevo,27.8875,23.789988685328737
9224,Valjevo,30.052083335,23.27216527463495
9225,Valjevo,34.44347826,28.0757148054064
9226,Valjevo,26.38695652,24.70601141779489
9227,Valjevo,29.51521739,25.813478961461627
9228,Valjevo,24.15,27.29006801758908
9229,Valjevo,21.00952381,18.78467271061324
9230,Valjevo,19.066666665,17.521914131937233
9231,Valjevo,14.08375,19.600811214662425
9232,Valjevo,16.228958335,18.78912791811392
9233,Valjevo,19.515416665,20.4034575664174
9234,Valjevo,24.489583335,21.671200306766394
9235,Valjevo,27.61304348,23.78533090225052
9236,Valjevo,19.41804348,17.521914131937233
9237,Valjevo,10.75625,15.43830183178349
9238,Valjevo,10.678125,19.677330224850973
9239,Valjevo,23.38125,18.66685264310736
9240,Valjevo,16.602826085,20.148620504432056
9241,Valjevo,21.622083335,18.68414132257524
9242,Valjevo,22.765208335,18.272836138060768
9243,Valjevo,31.45652174,26.716592222156457
9244,Valjevo,29.169347825,29.230936086243798
9245,Valjevo,37.076086955,34.28977032147307
9246,Valjevo,28.345833335,17.991122753055297
9247,Valjevo,29.757916665,19.66027738299089
9248,Valjevo,33.460416665,23.23617098572055
9249,Valjevo,33.786363635,23.15886790685018
9250,Valjevo,27.104347825,21.987106267631965
9251,Valjevo,21.419565215,17.21863847479892
9252,Valjevo,16.50652174,20.75394865983147
9253,Valjevo,26.18347826,18.02358381707871
9254,Valjevo,26.456458335,21.275851463015822
9255,Valjevo,33.676086955,29.432447016382252
9256,Valjevo,37.539130435,28.918238014594287
9257,Valjevo,50.11304348,40.080607714270016
9258,Valjevo,44.495652175,36.473316815572296
9259,Valjevo,50.758333335,42.17550588540646
9260,Valjevo,63.116666665,44.33289705559414
9261,Valjevo,73.9375,43.455018766873074
9262,Valjevo,69.31458333500001,41.625132445578
9263,Valjevo,72.34375,49.30595268775306
9264,Valjevo,51.64347825999999,40.80210794598036
9265,Valjevo,47.797826085,39.04214295105275
9266,Valjevo,39.65217391500001,37.30774740592116
9267,Valjevo,43.480434785,41.36555780608594
9268,Valjevo,51.06304348,42.31321414277779
9269,Valjevo,57.997826085,39.81198957695637
9270,Valjevo,44.84130435,40.74743436079314
9271,Valjevo,67.647826085,50.81019791806142
9272,Valjevo,58.632608695,41.89461237906682
9273,Valjevo,36.68347826,36.22820800505477
9274,Valjevo,38.739130435,36.406017715843
9275,Valjevo,48.602173915,36.22820800505477
9276,Valjevo,46.097826085,36.22820800505477
9277,Valjevo,47.023913045,36.63407212421773
9278,Valjevo,53.997727275,40.959693686922975
9279,Valjevo,57.289130435,50.09521439773466
9280,Valjevo,63.25652174,56.72925410869945
9281,Valjevo,75.952173915,54.85019189714171
9282,Valjevo,84.03695652,44.92260400719717
9283,Valjevo,73.045833335,48.99708363773306
9284,Valjevo,88.68541666499999,60.53222775354729
9285,Valjevo,104.31304348,43.174410315796656
9286,Valjevo,36.104166665,25.314022299173548
9287,Valjevo,41.212708335,28.592253395879027
9288,Valjevo,49.81666667,45.16803395590093
9289,Valjevo,58.7125,59.08936059217356
9290,Valjevo,52.25652174,60.87326114595648
9291,Valjevo,46.63043478,38.76677910761788
9292,Valjevo,41.6625,37.2354974854986
9293,Valjevo,58.06666667,54.21528686846237
9294,Valjevo,56.23043478,60.22076786067175
9295,Valjevo,81.425,82.77636295236056
9296,Valjevo,120.20208335,82.80111294691812
9297,Valjevo,97.9847826,71.75557840506633
9298,Valjevo,77.382916665,35.39831386641919
9299,Valjevo,102.079166665,69.47818900082062
9300,Valjevo,39.164583335,40.284384528068266
9301,Valjevo,28.455,31.62629834655912
9302,Valjevo,67.677708335,52.42817336587508
9303,Valjevo,63.927391305,34.70757707611079
9304,Valjevo,47.969583335,41.52864887068068
9305,Valjevo,95.38125,79.43878174449688
9306,Valjevo,75.61458333499999,58.19090797873914
9307,Valjevo,91.54375,74.01992853056932
9308,Valjevo,77.733333335,70.11534695093819
9309,Valjevo,67.79374999999999,55.64026859286805
9310,Valjevo,49.54375,52.15333832590266
9311,Valjevo,41.597916665,39.38969298174106
9312,Valjevo,27.880833335,28.346439121570803
9313,Valjevo,85.23125,62.89844091330343
9314,Valjevo,151.5875,116.32014240414594
9315,Valjevo,74.491666665,44.31851256435981
9316,Valjevo,122.79090909,83.36140773223926
9317,Valjevo,91.10625,78.26151229887171
9318,Valjevo,42.56875,37.004651351842845
9319,Valjevo,113.820833335,78.6281155988919
9320,Valjevo,151.81458335,86.46669329820443
9321,Valjevo,71.629791665,47.27722470462434
9322,Valjevo,39.857083335,27.96258257284005
9323,Valjevo,66.641666665,51.24281924226903
9324,Valjevo,84.9875,71.17978645928349
9325,Valjevo,122.32083335,96.74386036789994
9326,Valjevo,187.00416665,113.2731137675766
9327,Valjevo,110.3378261,80.68100250570211
9328,Valjevo,44.685208335,34.728097932014265
9329,Valjevo,81.714583335,60.77087171689039
9330,Valjevo,118.56875,88.08604307834933
9331,Valjevo,139.702083335,98.45948626630091
9332,Valjevo,211.20416665,124.27077991352886
9333,Valjevo,204.40416665,128.33680706489184
9334,Valjevo,139.1630435,90.76453378526875
9335,Valjevo,127.21875,91.67565639356891
9336,Valjevo,110.835416665,87.77922550375929
9337,Valjevo,163.25208335,97.2619787774659
9338,Valjevo,75.972916665,55.93498212855713
9339,Valjevo,109.5125,81.91837220751464
9340,Valjevo,244.7375,117.03471710585276
9341,Valjevo,167.0826087,97.04971945133607
9342,Valjevo,139.325,95.69253743272552
13761,Valjevo,20.1,21.971855132985507
13762,Valjevo,25.2,23.86642843868393
13763,Valjevo,27.8,25.132206927056096
13764,Valjevo,29.9,20.739853126450857
13765,Valjevo,30.4,23.79880942604849
13766,Valjevo,27.4,23.244815317567888
13767,Valjevo,32.6,24.6244332898431
13768,Valjevo,34.6,25.85835059571017
13769,Valjevo,36.1,26.73954019896963
19703,Valjevo,81.06086956521739,88.51820662877786
19704,Valjevo,112.8583333333333,90.29627720416298
19705,Valjevo,87.3625,83.14873873388385
19706,Valjevo,115.25,100.71575927364498
19707,Valjevo,158.375,93.29492075958368
19708,Valjevo,79.6608695652174,81.8085023104509
19709,Valjevo,79.55652173913043,90.29627720416298
19710,Valjevo,89.53478260869566,90.29627720416298
19711,Valjevo,77.53333333333335,51.72983593661193
19712,Valjevo,20.885,25.270205097195028
19713,Valjevo,49.86416666666667,47.91490924740201
19714,Valjevo,78.47916666666667,88.48490735066332
19715,Valjevo,89.36666666666666,96.55179368760082
19716,Valjevo,69.89583333333333,76.95069263762987
19717,Valjevo,103.3956521739131,96.339534361471
19718,Valjevo,111.2041666666667,98.77170017217044
19719,Valjevo,38.98,30.927960917295984
19720,Valjevo,26.67478260869566,27.86928130893843
19721,Valjevo,20.55761904761905,24.22664989370072
19722,Valjevo,41.97916666666667,46.23280854288074
19723,Valjevo,47.8,47.67223051737574
19724,Valjevo,49.2875,65.16034214910883
19725,Valjevo,51.35416666666666,49.113220857519934
19726,Valjevo,29.17375,33.15911265648907
19727,Valjevo,45.6875,46.286770930196674
19728,Valjevo,30.78333333333333,34.658798160965695
19729,Valjevo,39.1625,41.3113857624594
19730,Valjevo,39.94166666666667,43.01491119373662
19731,Valjevo,57.5,56.81004888056084
19732,Valjevo,62.80833333333334,64.68234146708636
19733,Valjevo,47.13749999999999,35.78796456626357
19734,Valjevo,97.20434782608696,61.52434003433434
19735,Valjevo,67.65416666666665,47.8961166720296
19736,Valjevo,74.36478260869565,47.13121173451415
19737,Valjevo,20.30166666666667,23.387231825508284
19738,Valjevo,23.83458333333333,27.816076110094205
19739,Valjevo,62.37916666666667,37.82813236390445
19740,Valjevo,73.92916666666667,54.59444026460795
19741,Valjevo,66.19583333333333,59.720166654706944
19742,Valjevo,92.68695652173912,81.46792078485018
19743,Valjevo,100.5083333333333,90.27918312407476
19744,Valjevo,111.6347826086957,95.20919207155012
19745,Valjevo,77.875,78.94355076920718
19746,Valjevo,94.28260869565216,90.41225628479526
19747,Valjevo,81.6304347826087,58.076034299583945
19748,Valjevo,82.30000000000001,88.53179628034405
19749,Valjevo,89.06521739130434,71.52381994829052
19750,Valjevo,84.15652173913043,76.1478625733593
19751,Valjevo,92.59565217391304,67.6680981774795
19752,Valjevo,75.68260869565216,96.7491472790002
19753,Valjevo,65.23478260869565,44.79564205424227
19754,Valjevo,73.87826086956522,61.67630427174392
19755,Valjevo,66.25652173913043,61.27912526511944
19756,Valjevo,73.11304347826086,60.292377608966135
19757,Valjevo,115.0739130434783,62.62968145465559
19758,Valjevo,64.83636363636363,32.506284306767654
19759,Valjevo,35.18458333333333,34.46028045967986
19760,Valjevo,52.4125,53.68165999142813
19761,Valjevo,53.74166666666667,52.94573122030257
19762,Valjevo,63.04166666666666,72.41003367357486
19763,Valjevo,73.88749999999997,70.10612466799755
19764,Valjevo,54.99583333333334,54.32391910364782
19765,Valjevo,69.17083333333333,61.31218211168373
19766,Valjevo,59.72608695652173,60.8759522809828
19767,Valjevo,102.45,63.9199697301206
19768,Valjevo,89.52083333333333,54.48927542126892
19769,Valjevo,108.8708333333333,53.82090054086101
19770,Valjevo,86.32083333333333,39.60639332754948
19771,Valjevo,66.35833333333333,49.64076378617712
19772,Valjevo,49.44166666666667,36.669956895798194
19773,Valjevo,46.12499999999999,48.18818659994944
19774,Valjevo,103.1583333333333,63.14865757040796
19775,Valjevo,120.3833333333333,62.80596869479357
19776,Valjevo,37.05833333333333,24.61373071114019
19777,Valjevo,52.77083333333332,42.65398266112748
19778,Valjevo,64.68749999999999,67.54685712226637
19779,Valjevo,70.65,61.54887890804944
19780,Valjevo,66.61666666666666,67.79997374383589
19781,Valjevo,71.37083333333334,59.54228761344498
19782,Valjevo,63.97916666666666,43.89966083330848
19783,Valjevo,55.83333333333334,49.8001267635205
19784,Valjevo,64.02083333333333,48.61431564231488
19785,Valjevo,61.44166666666666,43.5375986895062
19786,Valjevo,44.63333333333333,31.97351159320588
19787,Valjevo,42.11636363636364,45.277363779583055
19788,Valjevo,28.68458333333334,23.814390450128126
19789,Valjevo,26.61708333333333,29.515536931933507
19790,Valjevo,50.14166666666667,43.2250753658528
19791,Valjevo,69.90416666666668,57.428096899724935
19792,Valjevo,53.80833333333334,43.89738500897088
19793,Valjevo,47.1875,40.83633768119037
19794,Valjevo,34.67999999999999,37.132079257433965
19795,Valjevo,32.38333333333333,28.0024300839202
19796,Valjevo,31.39166666666667,29.106351234742945
19797,Valjevo,51.92916666666667,45.29102012321367
19798,Valjevo,68.59166666666665,53.40115880127014
19799,Valjevo,55.32916666666666,50.21347081313587
19800,Valjevo,78.40416666666668,76.39489704079573
19801,Valjevo,61.6125,55.77098701746632
19802,Valjevo,55.40416666666666,45.58447040803178
19803,Valjevo,58.17499999999999,46.932690819660976
19804,Valjevo,35.61666666666666,39.40290655323539
19805,Valjevo,43.81249999999999,35.329993373803475
19806,Valjevo,30.89541666666666,30.240784831774093
19807,Valjevo,37.32375000000001,39.33001859392165
19808,Valjevo,30.72083333333333,27.17416062711896
19809,Valjevo,34.74166666666667,32.97786669752223
19810,Valjevo,31.89583333333334,30.703266742882583
19811,Valjevo,41.22083333333334,31.20617219439849
19812,Valjevo,46.47916666666666,35.06636340079761
19813,Valjevo,52.9,32.120061487957514
19814,Valjevo,43.01666666666667,36.96947778186275
19815,Valjevo,39.19583333333333,34.06435030603414
19816,Valjevo,48.32916666666667,29.70842938773493
19817,Valjevo,31.34416666666666,26.575529795886325
19818,Valjevo,31.2,27.909324028511943
19819,Valjevo,36.3375,36.50858460250271
19820,Valjevo,45.60833333333334,37.56729644767503
19821,Valjevo,54.8,33.914055488990925
19822,Valjevo,28.275,28.57976794458253
19823,Valjevo,27.90416666666667,25.41404946089496
19824,Valjevo,36.43333333333333,30.687709860557785
19825,Valjevo,39.6875,28.390033076030715
19826,Valjevo,42.2125,31.586171303680928
19827,Valjevo,37.9625,28.220630909504216
19828,Valjevo,25.2125,25.80186382677992
19829,Valjevo,19.95,22.55657924089866
19830,Valjevo,28.0625,24.483974606123816
19831,Valjevo,29.3875,25.21223449588328
19832,Valjevo,18.04583333333333,18.50892755045636
19833,Valjevo,18.9,18.555880671637293
19834,Valjevo,26.07583333333334,21.90363401664461
19835,Valjevo,30.95833333333333,22.470956414568654
19836,Valjevo,24.66666666666666,16.76273498359407
19837,Valjevo,28.01458333333333,20.832405811491103
19838,Valjevo,34.45,21.507515250445092
19839,Valjevo,18.54208333333333,16.530641020629094
19840,Valjevo,15.17541666666666,15.725648217869177
19841,Valjevo,38.74166666666667,30.059280630854637
19842,Valjevo,36.675,26.98955611045165
19843,Valjevo,28.84583333333333,23.46724539000032
19844,Valjevo,29.02083333333334,21.783997979498665
19845,Valjevo,26.46250000000001,21.354991165865428
19846,Valjevo,27.30833333333333,20.931478331615644
19847,Valjevo,24.29166666666666,17.333477608247815
19848,Valjevo,21.21666666666667,17.730174737990144
19849,Valjevo,30.70833333333333,19.245228615419364
19850,Valjevo,25.80833333333333,21.64655319396544
19851,Valjevo,29.51666666666667,18.25372196464308
19852,Valjevo,27.15000000000001,16.48953901443436
19853,Valjevo,22.65416666666667,18.5727418763716
19854,Valjevo,28.95,19.455750297042226
19855,Valjevo,30.3375,18.92311407799281
19856,Valjevo,39.85416666666667,23.06578518981022
19857,Valjevo,19.4125,19.084539314637787
19858,Valjevo,21.36958333333333,17.54621429943401
19859,Valjevo,22.77083333333333,18.19970294748515
19860,Valjevo,23.41666666666667,16.970401210684248
19861,Valjevo,27.48333333333334,20.216881495480067
19862,Valjevo,33.175,21.43790368249465
19863,Valjevo,26.94583333333334,18.116477313818
19864,Valjevo,15.87916666666666,17.124828096777023
19865,Valjevo,20.82083333333333,16.346301273769832
19866,Valjevo,23.80416666666666,19.238940860973518
19867,Valjevo,24.725,18.19970294748515
19868,Valjevo,19.14583333333334,15.75734227631063
19869,Valjevo,19.1725,15.839553849090844
19870,Valjevo,28.80416666666666,18.70844149007201
19871,Valjevo,20.09583333333333,20.41780422977569
19872,Valjevo,27.80833333333334,22.271063776255964
19873,Valjevo,32.25416666666667,26.39145976503637
19874,Valjevo,34.10416666666666,28.471712339456293
19875,Valjevo,40.29166666666666,28.784487684007612
19876,Valjevo,53.15416666666668,26.666231276640723
19877,Valjevo,28.14583333333333,18.04312503913356
19878,Valjevo,19.19916666666667,18.924337061810117
19879,Valjevo,21.9375,19.78535274648601
19880,Valjevo,23.83333333333333,19.532149182980937
19881,Valjevo,17.26041666666666,16.394503000534037
19882,Valjevo,20.23333333333333,20.212602556238437
19883,Valjevo,25.72499999999999,21.598205712591305
19884,Valjevo,25.75000000000001,18.68678658565842
19885,Valjevo,20.025,17.557102018130326
19886,Valjevo,21.18333333333333,21.3448085446694
19887,Valjevo,26.50416666666667,18.60115582841433
19888,Valjevo,29.2875,21.84459710285559
19889,Valjevo,33.04166666666666,25.61639158457078
19890,Valjevo,23.20583333333333,15.138900942526018
19891,Valjevo,19.91666666666667,20.40455733435123
19892,Valjevo,15.73583333333333,20.612510289598077
19893,Valjevo,22.11666666666666,22.024586093162945
19894,Valjevo,30.54583333333333,26.54462508045875
19895,Valjevo,30.10833333333333,23.426005652042573
19896,Valjevo,37.525,24.164234050321348
19897,Valjevo,19.905,20.944102449349675
19898,Valjevo,30.425,26.77828952991502
19899,Valjevo,32.68333333333333,31.12852769887971
19900,Valjevo,38.04999999999999,32.920665342720845
19901,Valjevo,28.75416666666667,25.74543226597948
19902,Valjevo,33.85833333333333,23.838314032592432
19903,Valjevo,17.7625,18.630440373081317
19904,Valjevo,23.18375,22.29591613156685
19905,Valjevo,19.6625,18.409329787432544
19906,Valjevo,19.0625,25.042420975110662
19907,Valjevo,27.24583333333334,26.702302272054617
19908,Valjevo,43.80416666666667,25.355133597390385
19909,Valjevo,18.17916666666667,14.954147409011822
19910,Valjevo,11.83833333333333,18.169058322215072
19911,Valjevo,16.82875,19.41497010428746
19912,Valjevo,20.74166666666666,24.198913481163903
19913,Valjevo,23.1875,23.03884478546257
19914,Valjevo,17.03625,19.429013628517623
19915,Valjevo,18.7625,22.784518449105416
19916,Valjevo,10.23166666666667,18.21141399109609
19917,Valjevo,19.74583333333334,23.68435078776059
19918,Valjevo,26.05833333333333,25.32895968287123
19919,Valjevo,19.27500000000001,20.065680674290192
19920,Valjevo,11.07208333333333,15.76994430471174
19921,Valjevo,10.38291666666666,16.94007456326283
19922,Valjevo,10.975,18.90167304497316
19923,Valjevo,13.79791666666667,20.02784902272424
19924,Valjevo,17.88958333333333,19.68755257221104
19925,Valjevo,17.16916666666667,19.9959907403592
19926,Valjevo,14.26375,20.35965599374413
19927,Valjevo,15.79125,20.471183486605984
19928,Valjevo,23.62083333333333,23.425160005654288
19929,Valjevo,27.92083333333333,21.17791737672561
19930,Valjevo,32.07500000000001,25.056576770761247
19931,Valjevo,37.1875,29.792672755081075
19932,Valjevo,43.98333333333333,33.4051872869477
19933,Valjevo,31.27083333333333,29.24492476219745
19934,Valjevo,28.89166666666667,28.131415888943096
19935,Valjevo,30.07916666666667,27.92564505530329
19936,Valjevo,27.74583333333333,27.95750333766833
19937,Valjevo,35.80833333333333,30.39090975418565
19938,Valjevo,29.60416666666667,26.335759752052724
19939,Valjevo,26.95,26.127579091663
19940,Valjevo,31.86666666666667,27.034719696659216
19941,Valjevo,27.3875,26.522210319057063
19942,Valjevo,34.30833333333333,29.809422681566627
19943,Valjevo,23.88458333333333,21.422615442179367
19944,Valjevo,15.82916666666667,16.615613586182807
19945,Valjevo,19.07,16.394503000534037
19946,Valjevo,21.90833333333333,19.67450628587501
19947,Valjevo,19.90833333333333,23.01483434863095
19948,Valjevo,20.42916666666667,20.04487570016078
19949,Valjevo,18.3875,16.717174658114693
19950,Valjevo,24.12083333333334,23.08466301322386
19951,Valjevo,25.7375,22.35159472655043
19952,Valjevo,24.42083333333333,22.18776081130048
19953,Valjevo,19.66666666666667,22.81752725596381
19954,Valjevo,26.275,22.146393053013178
19955,Valjevo,33.675,22.146393053013178
19956,Valjevo,29.00833333333333,28.43334803369589
19957,Valjevo,28.67916666666666,19.650859195114187
19958,Valjevo,18.3125,17.706667665451427
19959,Valjevo,22.425,21.197707943259783
19960,Valjevo,23.57916666666667,23.492500597723065
19961,Valjevo,26.34166666666667,22.401818027464493
19962,Valjevo,30.09583333333333,23.28440258223364
19963,Valjevo,19.19875,21.481948003482657
19964,Valjevo,26.22916666666667,22.10554021254337
19965,Valjevo,29.61666666666666,25.566094095627385
19966,Valjevo,28.50666666666667,27.104203517417456
19967,Valjevo,6.407916666666669,16.351783873386154
19968,Valjevo,13.06625,15.845628297291556
19969,Valjevo,29.25,25.024570799710908
19970,Valjevo,25.2125,23.34324394359141
19971,Valjevo,25.79166666666667,23.478616952535752
19972,Valjevo,25.39583333333333,22.21961909366552
19973,Valjevo,26.15833333333333,24.589621356915583
19974,Valjevo,18.97916666666666,20.363597274676508
19975,Valjevo,17.28166666666667,24.887340629486737
19976,Valjevo,21.72791666666667,25.297674987716505
19977,Valjevo,23.73416666666667,23.89569141244576
19978,Valjevo,20.90083333333333,24.39870717010593
19979,Valjevo,23.26666666666667,25.050059936633705
19980,Valjevo,20.13333333333333,25.297674987716505
19981,Valjevo,28.14666666666666,21.400046572061733
19982,Valjevo,21.97458333333334,23.667964147979752
19983,Valjevo,22.80833333333334,23.856088831606044
19984,Valjevo,26.1625,27.918509889758965
19985,Valjevo,26.1875,26.87246199600115
19986,Valjevo,31.45833333333333,31.741831133704096
19987,Valjevo,26.77916666666667,28.32437400892193
19988,Valjevo,14.60375,22.148326511940333
19989,Valjevo,19.18875,35.67823416257059
19990,Valjevo,33.45,46.24139501691
19991,Valjevo,42.2,48.99708363773306
19992,Valjevo,51.24166666666667,29.79410087853693
19993,Valjevo,39.14583333333333,33.79409478796216
19994,Valjevo,24.18958333333333,26.96340668340351
19995,Valjevo,13.19208333333334,24.72225658228056
19996,Valjevo,19.28125,30.589062326108003
19997,Valjevo,35.28791666666667,27.73358873249964
19998,Valjevo,35.35652173913043,29.86073331920664
19999,Valjevo,42.07916666666667,32.34003662049113
20000,Valjevo,16.14333333333333,21.47195455468773
20001,Valjevo,39.42541666666666,26.928150076530347
20002,Valjevo,35.50333333333334,32.760506182686115
20003,Valjevo,55.65000000000001,27.54883519898544
20004,Valjevo,34.7525,28.6333442731324
20005,Valjevo,39.03045454545455,36.03317721117288
20006,Valjevo,33.50458333333334,28.746264652374244
20007,Valjevo,34.77541666666666,30.082809258671567
20008,Valjevo,46.81666666666666,41.56514350487932
20009,Valjevo,26.80833333333333,41.09716451173088
20010,Valjevo,55.48333333333334,41.13750339771121
20011,Valjevo,69.94166666666668,27.61278076280539
20012,Valjevo,41.17375000000001,37.09781849796829
20013,Valjevo,69.14166666666667,62.3161283073302
20014,Valjevo,107.2125,48.720091865998064
20015,Valjevo,41.51666666666667,44.45209685141821
20016,Valjevo,50.20000000000001,66.94424270289178
20017,Valjevo,65.68749999999999,56.72925410869945
20018,Valjevo,91.45833333333331,58.395109595171306
20019,Valjevo,51.97749999999999,31.74871045739053
20020,Valjevo,51.47083333333333,52.86655909790675
20021,Valjevo,30.52916666666667,17.731930765283806
20022,Valjevo,19.2725,24.5469533592499
20023,Valjevo,52.7625,76.0159870070029
20024,Valjevo,88.81666666666666,64.79832054771865
20025,Valjevo,93.1625,33.62962412650878
20026,Valjevo,32.83333333333334,36.35760764524057
20027,Valjevo,49.47499999999999,96.55179368760082
20028,Valjevo,87.02916666666665,31.443841674830548
20029,Valjevo,21.23625,24.61598099811748
20030,Valjevo,30.90833333333333,66.80425842362308
20031,Valjevo,71.97083333333335,76.10788916749325
20032,Valjevo,35.69166666666667,75.52898268624527
20033,Valjevo,84.46571428571428,89.31699395715877
20034,Valjevo,74.2375,32.26247720592253
20035,Valjevo,37.04291666666666,23.207548589943872
20036,Valjevo,36.19583333333333,41.87454255722093
20037,Valjevo,39.15,47.65051659759212
20038,Valjevo,73.41666666666667,90.41225628479526
20039,Valjevo,141.8875,115.61500506676512
20040,Valjevo,75.30833333333334,78.83115264208108
20041,Valjevo,59.97916666666668,32.87489760718278
20042,Valjevo,68.75416666666668,100.4379485123621
20043,Valjevo,88.18333333333334,81.04452743119067
20044,Valjevo,84.22500000000001,87.8058297734674
20045,Valjevo,131.7708333333333,120.99223666638493
20046,Valjevo,113.7916666666667,110.63966154272173
20047,Valjevo,87.28208333333332,46.02194457440397
20048,Valjevo,37.48333333333333,29.176133207168977
20049,Valjevo,41.72083333333333,33.467553760873145
20050,Valjevo,57.91249999999999,90.43208975331892
20051,Valjevo,78.10416666666666,82.67397352329446
20052,Valjevo,99.66249999999998,82.67397352329446
20053,Valjevo,112.9416666666667,69.39588590550053
20054,Valjevo,126.8458333333333,86.20558307389813
20055,Valjevo,103.3375,50.5299987782071
20056,Valjevo,67.40833333333333,102.34776667121888
20057,Valjevo,76.95416666666667,71.73557076010134
20058,Valjevo,105.8958333333333,60.87326114595648
20059,Valjevo,111.4916666666667,67.16261121259016
20060,Valjevo,87.60416666666669,77.41633133500363
20061,Valjevo,96.02916666666664,75.90621851341837
20062,Valjevo,87.22916666666667,75.80382908435227
20063,Valjevo,115.6666666666667,117.03471710585276
20064,Valjevo,104.0291666666667,67.04663213195788
20065,Valjevo,96.575,115.8395247509428
31312,Valjevo,82.17,72.63526429517594
31313,Valjevo,96.66,92.67593634958352
31314,Valjevo,112.62,102.08353985693084
31315,Valjevo,107.36,104.31560265119708
31316,Valjevo,105.21,126.24144661823338
31317,Valjevo,182.3,76.34933553063945
31318,Valjevo,45.35,26.4047557848565
31319,Valjevo,54.96,41.33909178407733
31320,Valjevo,56.95,80.20254444387243
31321,Valjevo,83.8,88.7598506887188
31322,Valjevo,98.48,82.67397352329446
31323,Valjevo,77.45,90.43208975331892
31324,Valjevo,110.81,117.77209725945345
31325,Valjevo,173.56,114.41304658354515
31326,Valjevo,295.61,58.54862939949774
31327,Valjevo,88.32,79.27332489056961
31328,Valjevo,95.59,78.93704449506643
31329,Valjevo,81.97,65.23440728163658
31330,Valjevo,47.7,29.907917680428035
31331,Valjevo,51.32,72.88944532845858
31332,Valjevo,86.51,81.04452743119067
31333,Valjevo,135.11,116.16862323739352
31334,Valjevo,169.21,55.64506122853981
31335,Valjevo,148.89,85.14211942370179
31336,Valjevo,127.13,48.558337362473786
31337,Valjevo,91.42,85.37884750622675
31338,Valjevo,54.04,33.825570374893246
31339,Valjevo,61.3,56.13024366538801
31340,Valjevo,102.85,85.35437874983161
31341,Valjevo,102.49,62.21373887826412
31342,Valjevo,101.4,71.17978645928349
31343,Valjevo,132.23,70.45123864360362
31344,Valjevo,88.16,50.07174635854189
31345,Valjevo,97.77,69.72657323490924
31346,Valjevo,78.72,48.44704946585223
31347,Valjevo,117.52,60.2084011757418
31348,Valjevo,99.8,62.721992426493166
31349,Valjevo,90.5,62.721992426493166
31350,Valjevo,116.54,60.01078125433725
31351,Valjevo,62.75,31.91783650168319
31352,Valjevo,41.72,31.070223383452277
31353,Valjevo,30.83,64.7864462601146
31354,Valjevo,53.86,39.385772541635895
31355,Valjevo,41.35,26.181132581567457
31356,Valjevo,65.1,48.11250730391142
31357,Valjevo,61.31,60.94868142767862
31358,Valjevo,72.18,71.29576553991578
31359,Valjevo,75.44,61.17673583605335
31360,Valjevo,62.22,52.12452778048437
31361,Valjevo,71.83,60.94868142767862
31362,Valjevo,78.89,37.02968982836788
31363,Valjevo,74.93,61.20231221461999
31364,Valjevo,83.62,44.54285362753705
31365,Valjevo,28.12,25.711887265012443
31366,Valjevo,44.26,67.91247992822667
31367,Valjevo,53.5,50.81545231265652
31368,Valjevo,78.71,76.2502520024254
31369,Valjevo,100.13,59.94982024537424
31370,Valjevo,94.85,60.14265682069366
31371,Valjevo,105.57,69.61979518547277
31372,Valjevo,54.24,44.68107200871258
31373,Valjevo,59.12,60.7326913434707
31374,Valjevo,55.86,44.06014402676377
31375,Valjevo,91.06,59.94982024537424
31376,Valjevo,119.97,79.67252319616574
31377,Valjevo,49.87,33.62962412650878
31378,Valjevo,66.92,30.1903275619136
31379,Valjevo,64.57,38.583269623656925
31380,Valjevo,31.92,23.891752243700232
31381,Valjevo,35.55,50.38162441356513
31382,Valjevo,47.16,27.904676002083622
31383,Valjevo,43.9,25.64155447013317
31384,Valjevo,61.13,60.51465061268348
31385,Valjevo,72.56,56.90706381948768
31386,Valjevo,56.58,43.89966083330848
31387,Valjevo,44.61,44.64502506726996
31388,Valjevo,49.87,54.426308532713904
31389,Valjevo,44.26,49.109909361411454
31390,Valjevo,43.89,63.14865757040796
31391,Valjevo,50.97,51.0301330898785
31392,Valjevo,57.13,61.80817983810032
31393,Valjevo,41.17,35.38394694867022
31394,Valjevo,27.03,46.27397840131837
31395,Valjevo,48.78,60.18998817990005
31396,Valjevo,57.49,30.21886874241936
31397,Valjevo,66.38,24.62894043941974
31398,Valjevo,31.92,25.89560815083729
31399,Valjevo,46.97,38.636818082935314
31400,Valjevo,33.19,31.59387270452593
31401,Valjevo,72.0,52.5470774555153
31402,Valjevo,83.79,52.73183098902949
31403,Valjevo,34.29,20.22113708692341
31404,Valjevo,37.37,31.74683186780093
31405,Valjevo,33.01,31.090714450401133
31406,Valjevo,34.28,29.992608885563044
31407,Valjevo,36.45,30.38634994030572
31408,Valjevo,26.84,28.478550332303627
31409,Valjevo,36.09,29.97824028750731
31410,Valjevo,45.89,34.38421882383489
31411,Valjevo,44.43,27.88064217000533
31412,Valjevo,37.0,32.179082862650944
31413,Valjevo,43.71,33.9729427528302
31414,Valjevo,34.28,27.73358873249964
31415,Valjevo,24.3,29.80785535204885
31416,Valjevo,52.06,33.62489475732526
31417,Valjevo,60.03,23.156075067447603
31418,Valjevo,24.12,19.07950396389888
31419,Valjevo,27.57,26.79176890858958
31420,Valjevo,35.73,40.44400829241799
31421,Valjevo,37.0,32.63865266033188
31422,Valjevo,29.19,30.40492753013713
31423,Valjevo,40.09,57.08393627223192
31424,Valjevo,44.97,43.25891074207397
31425,Valjevo,43.89,24.807418495679634
31426,Valjevo,42.81,46.554200477122144
31427,Valjevo,38.82,29.37092618647524
31428,Valjevo,33.73,27.76928352262893
31429,Valjevo,23.58,27.37217529351968
31430,Valjevo,39.54,25.650415348786783
31431,Valjevo,35.92,23.74105046035992
31432,Valjevo,21.4,24.76776369311526
31433,Valjevo,31.56,22.869672703009044
31434,Valjevo,25.58,15.92868526105837
31435,Valjevo,23.58,17.491005633181473
31436,Valjevo,24.3,22.371825707384467
31437,Valjevo,33.74,18.741705086743178
31438,Valjevo,34.46,18.98404706088607
31439,Valjevo,33.19,18.85451633927973
31440,Valjevo,26.48,20.196110657515067
31441,Valjevo,30.11,21.354991165865428
31442,Valjevo,24.12,17.90530382408264
31443,Valjevo,27.75,21.626864107580477
31444,Valjevo,35.36,32.49943939512544
31445,Valjevo,25.39,18.832611813380403
31446,Valjevo,29.56,16.31546554406557
31447,Valjevo,38.27,20.197671086296687
31448,Valjevo,28.65,23.053835022220653
31449,Valjevo,32.47,23.91622642649968
31450,Valjevo,27.57,17.707043771184267
31451,Valjevo,40.44,20.769302228767167
31452,Valjevo,29.75,16.530641020629094
31453,Valjevo,23.76,16.41839897849063
31454,Valjevo,23.22,17.44571965038628
31455,Valjevo,27.2,19.83407138320408
31456,Valjevo,18.86,21.70069150443383
31457,Valjevo,23.76,21.626864107580477
31458,Valjevo,25.93,21.626864107580477
31459,Valjevo,30.29,19.37527582787859
31460,Valjevo,23.03,17.623529361174505
31461,Valjevo,34.64,18.95681915700952
31462,Valjevo,25.58,21.519329760928677
31463,Valjevo,17.23,19.086426578487355
31464,Valjevo,26.12,16.94007456326283
31465,Valjevo,20.68,18.673618636598423
31466,Valjevo,21.22,16.94007456326283
31467,Valjevo,23.39,21.339624782223755
31468,Valjevo,26.84,23.793779831539307
31469,Valjevo,31.01,27.06214647327071
31470,Valjevo,33.01,24.05381686187985
31471,Valjevo,42.07,22.931178522756653
31472,Valjevo,28.12,16.987191200820387
31473,Valjevo,23.04,16.168647460825106
31474,Valjevo,18.5,15.120320440832408
31475,Valjevo,27.02,18.82068113691446
31476,Valjevo,21.76,20.212602556238437
31477,Valjevo,23.76,20.69102969133129
31478,Valjevo,30.11,25.35852974277472
31479,Valjevo,31.56,27.15750399889553
31480,Valjevo,31.2,25.88293439847146
31481,Valjevo,48.6,24.861779702907
31482,Valjevo,62.39,23.870130485866017
31483,Valjevo,66.0,21.951814954233814
31484,Valjevo,34.46,18.54322433868857
31485,Valjevo,35.01,21.182975174789743
31486,Valjevo,30.29,18.76702885632582
31487,Valjevo,33.74,18.20617510294983
31488,Valjevo,27.38,16.209749467019837
31489,Valjevo,30.83,19.92635719648279
31490,Valjevo,28.48,26.12302685911556
31491,Valjevo,28.66,24.52093380101332
31492,Valjevo,36.82,21.910309370194103
31493,Valjevo,18.31,14.161713958477051
31494,Valjevo,25.21,17.94117929876824
31495,Valjevo,23.58,18.051381823342133
31496,Valjevo,23.58,19.33310071809221
31497,Valjevo,25.93,22.386468865540586
31498,Valjevo,24.66,27.512532255610644
31499,Valjevo,35.37,26.228419677751887
31500,Valjevo,32.64,26.702302272054617
31501,Valjevo,33.01,25.77729054834452
31502,Valjevo,31.01,26.12696863807829
31503,Valjevo,30.47,26.48366066425825
31504,Valjevo,38.45,33.60703876663223
31505,Valjevo,41.53,24.05812749967457
31506,Valjevo,42.08,32.000922993437605
31507,Valjevo,45.89,36.21343911114035
31508,Valjevo,54.22,29.29066155350482
31509,Valjevo,37.36,25.494176952056264
31510,Valjevo,35.36,28.34861591130284
31511,Valjevo,34.83,21.62023083757244
31512,Valjevo,29.74,19.947657197932333
31513,Valjevo,30.29,24.485244534998916
31514,Valjevo,31.02,24.601763121082985
31515,Valjevo,35.73,16.139411420236137
31516,Valjevo,27.57,20.574643871472
31517,Valjevo,25.75,20.817711963135327
31518,Valjevo,29.75,21.839832559648745
31519,Valjevo,24.66,23.22604556774036
31520,Valjevo,28.29,22.22820221844162
31521,Valjevo,25.39,21.517457071892235
31522,Valjevo,27.93,23.59360775251123
31523,Valjevo,35.0,23.636559260086862
31524,Valjevo,34.28,24.64746465791956
31525,Valjevo,27.38,20.062546566549827
31526,Valjevo,18.5,21.557196179054745
31527,Valjevo,21.04,19.96488592004376
31528,Valjevo,21.22,20.550719660102263
31529,Valjevo,24.3,21.557196179054745
31530,Valjevo,30.29,23.80761383740535
31531,Valjevo,26.3,23.12770601682951
31532,Valjevo,22.67,24.02199467474192
31533,Valjevo,24.49,24.355484990711236
31534,Valjevo,33.01,25.79149483622519
31535,Valjevo,32.29,26.529723234503965
31536,Valjevo,30.11,25.8158113633505
31537,Valjevo,34.64,29.63615866061833
31538,Valjevo,35.73,30.98480464224636
31539,Valjevo,41.53,31.870230071673923
31540,Valjevo,41.71,26.415776059296626
31541,Valjevo,37.72,22.94575659378804
31542,Valjevo,25.75,22.35243410261895
31543,Valjevo,29.38,25.089725053501223
31544,Valjevo,29.02,25.93860300627677
31545,Valjevo,34.64,26.901498618753287
31546,Valjevo,38.64,30.46846878855293
31547,Valjevo,28.84,37.03216756168497
31548,Valjevo,41.89,39.23552411960963
31549,Valjevo,44.07,34.53685362557646
31550,Valjevo,39.54,30.470773903172816
31551,Valjevo,42.62,26.136319920767367
31552,Valjevo,37.36,32.20290834087743
31553,Valjevo,37.18,32.2294609923267
31554,Valjevo,38.81,43.69098289980554
31555,Valjevo,44.43,37.58092561263356
31556,Valjevo,51.33,37.240196360884646
31557,Valjevo,53.69,44.43343756296012
31558,Valjevo,52.24,44.18594371281699
31559,Valjevo,48.98,31.391209861126917
31560,Valjevo,44.44,32.95744644986596
31561,Valjevo,37.73,35.74407088225228
31562,Valjevo,65.29,22.835658039045526
31563,Valjevo,24.31,15.100021010401372
31564,Valjevo,30.47,18.97617251103565
31565,Valjevo,32.46,21.703058589131427
31566,Valjevo,17.96,19.504114279439698
31567,Valjevo,10.88,18.02277750286675
31568,Valjevo,21.77,23.500141239898035
31569,Valjevo,32.29,21.481948003482657
31570,Valjevo,38.45,29.05312637545557
31571,Valjevo,42.44,16.97634256920844
31572,Valjevo,40.08,21.92762461233002
31573,Valjevo,38.98,23.809176473004797
31574,Valjevo,34.28,23.64203510488352
31575,Valjevo,49.52,25.164954990891918
31576,Valjevo,52.97,22.49672818732952
31577,Valjevo,42.08,21.21007506176761
31578,Valjevo,70.08,21.987106267631965
31579,Valjevo,50.95,23.118712418956594
31580,Valjevo,43.17,17.981498305633593
31581,Valjevo,23.94,13.924480921285465
31582,Valjevo,44.8,19.195859000670545
31583,Valjevo,44.44,31.969885542078835
31584,Valjevo,62.94,27.675850038352216
31585,Valjevo,58.75,37.12877906507554
31586,Valjevo,44.63,18.22845808248822
31587,Valjevo,36.63,23.885604720203823
31588,Valjevo,47.52,31.428400979908098
31589,Valjevo,50.24,27.918509889758965
31590,Valjevo,61.31,23.87365718607853
31591,Valjevo,45.52,20.064903102423127
31592,Valjevo,64.56,23.81684540748248
31593,Valjevo,36.82,17.80615398438649
31594,Valjevo,44.07,43.180913499856246
31595,Valjevo,46.62,25.11986527692828
31596,Valjevo,46.8,30.459753181430383
31597,Valjevo,50.78,32.58269647189788
31598,Valjevo,44.98,54.85019189714171
31599,Valjevo,62.93,36.015948678924936
31600,Valjevo,54.59,43.695704309834944
31601,Valjevo,57.49,43.31168872861942
31602,Valjevo,51.32,43.71544586727578
31603,Valjevo,73.81,48.99708363773306
31604,Valjevo,64.02,40.959693686922975
31605,Valjevo,79.45,61.05107085674471
31606,Valjevo,88.34,59.736792701530696
31607,Valjevo,85.24,58.60736892130114
31608,Valjevo,83.44,60.87326114595648
31609,Valjevo,60.77,44.74479429640894
31610,Valjevo,72.36,46.951934509683845
31611,Valjevo,77.08,62.3161283073302
31612,Valjevo,71.29,50.63238820727319
31613,Valjevo,66.21,46.951934509683845
31614,Valjevo,58.4,48.99708363773306
31615,Valjevo,55.31,34.43852210136798
31616,Valjevo,47.71,42.08654655298012
31617,Valjevo,70.9,58.50497949223505
31618,Valjevo,78.15,75.80382908435227
31619,Valjevo,100.29,95.59014800365944
31620,Valjevo,106.82,99.7936034136591
31621,Valjevo,115.36,117.03471710585276
31622,Valjevo,118.61,87.6768360746932
31623,Valjevo,102.83,84.61539762481304
31624,Valjevo,91.77,56.36531910619597
31625,Valjevo,75.08,60.4298383244812
31626,Valjevo,64.2,57.850502718681696
31627,Valjevo,51.14,35.245789274584965
31628,Valjevo,49.71,49.75663107600942
31629,Valjevo,65.66,87.6768360746932
31630,Valjevo,68.57,85.35437874983161
31631,Valjevo,144.39,123.63591383334892
31632,Valjevo,201.31,53.3799317588372
31633,Valjevo,63.11,23.814390450128126
31634,Valjevo,50.06,27.19796706486847
31635,Valjevo,26.66,33.73184511842492
31636,Valjevo,70.2,86.25623152478569
31637,Valjevo,111.53,97.170455028576
31638,Valjevo,177.0,70.72147204870079
31639,Valjevo,118.79,56.59241506429176
31640,Valjevo,83.26,75.5275104240654
31641,Valjevo,129.67,28.085795987832107
31642,Valjevo,36.28,33.15657831272493
31643,Valjevo,39.9,31.62629834655912
31644,Valjevo,34.28,72.78842343587567
31645,Valjevo,53.14,70.96752713315367
31646,Valjevo,72.72,68.32330460081363
31647,Valjevo,65.83,56.16228206300678
31648,Valjevo,58.41,56.67078295572507
31649,Valjevo,81.81,36.49118560666108
31650,Valjevo,77.62,78.83115264208108
31651,Valjevo,76.53,53.45836346258658
31652,Valjevo,68.75,67.73350520262372
31653,Valjevo,58.58,40.20884591054968
31654,Valjevo,41.71,35.09288739416391
31655,Valjevo,55.87,82.37933241306355
31656,Valjevo,72.56,95.59014800365944
31657,Valjevo,86.33,57.65988118722433
31658,Valjevo,79.99,61.0835509676923
31659,Valjevo,128.97,114.34524321370549
31660,Valjevo,123.53,67.62588198940564
31661,Valjevo,101.74,89.93514963506773
31662,Valjevo,97.59,89.93514963506773
31663,Valjevo,93.42,22.16894194746523
31664,Valjevo,59.5,66.9227778409633
31665,Valjevo,123.69,117.77333492133172
31666,Valjevo,73.64,29.436644592206083
31667,Valjevo,24.67,24.18002701929945
13770,Vršac,44.0,53.71321305766343
13771,Vršac,20.0,41.33899189531851
13772,Vršac,40.0,58.20597728324368
13773,Vršac,32.0,45.37816231867161
13774,Vršac,20.0,30.215963282315894
13775,Vršac,15.0,29.89366812774628
13776,Vršac,25.0,50.17383327017463
13777,Vršac,20.0,38.65634976747465
13778,Vršac,35.0,49.45106057415841
13779,Vršac,35.0,47.631177700434485
13780,Vršac,29.0,51.1218666526546
13781,Vršac,22.0,55.6350446392804
13782,Vršac,57.0,68.74901745807455
13783,Vršac,63.0,71.43856903214555
13784,Vršac,56.0,71.43856903214555
13785,Vršac,62.0,85.51865145066887
13786,Vršac,46.0,48.86981943027864
13787,Vršac,38.0,45.20665928120073
13788,Vršac,36.0,50.81252969641418
13789,Vršac,37.0,41.48116579755658
13790,Vršac,17.0,28.16140766166816
13791,Vršac,27.0,42.936252878136926
13792,Vršac,27.0,44.503309969468376
13793,Vršac,22.0,51.39035292295323
13794,Vršac,67.0,73.85646767408774
13795,Vršac,91.0,76.56156939054443
13796,Vršac,60.0,59.79193539795013
13797,Vršac,30.0,39.2313363254877
13798,Vršac,21.0,32.37936346069612
13799,Vršac,49.0,32.12863414779311
13800,Vršac,30.0,33.575906421835946
13801,Vršac,35.0,42.347128656370266
13802,Vršac,40.0,48.32582536148483
13803,Vršac,22.0,36.46510040072764
13804,Vršac,23.0,35.496424712132864
13805,Vršac,27.0,37.02816485988985
13806,Vršac,28.0,37.88196989119412
13807,Vršac,21.0,25.01076668304424
13808,Vršac,34.0,34.609765064685035
13809,Vršac,23.0,36.82699490882317
13810,Vršac,26.0,35.76192717400604
13811,Vršac,54.0,56.17583935918904
13812,Vršac,24.0,32.81721216856755
13813,Vršac,23.0,30.16433688303802
13814,Vršac,17.0,27.134653162768984
13815,Vršac,19.0,33.31255695781021
13816,Vršac,18.0,30.972967803490736
13817,Vršac,10.0,31.69685368150837
13818,Vršac,22.0,22.82139593659272
13819,Vršac,21.0,31.47831080804424
13820,Vršac,17.0,30.1759996889376
13821,Vršac,19.0,24.717650203565107
13822,Vršac,26.0,26.0598355926062
13823,Vršac,31.0,33.785531516880205
13824,Vršac,46.0,41.59171025630742
13825,Vršac,38.0,33.12612992802892
13826,Vršac,33.0,37.092583679364886
13827,Vršac,24.0,31.002480670300457
13828,Vršac,22.0,30.68552697518213
13829,Vršac,23.0,43.03006735471474
13830,Vršac,48.0,45.79939345695178
13831,Vršac,66.0,56.268876732845264
13832,Vršac,55.0,53.07738900907656
13833,Vršac,42.0,52.087255014671705
13834,Vršac,33.0,39.866549183166654
13835,Vršac,24.0,40.95563208617919
13836,Vršac,35.0,49.9750769010604
13837,Vršac,45.0,46.91258725926692
13838,Vršac,27.0,37.10708894654699
13839,Vršac,36.0,45.34887109944123
13840,Vršac,52.0,55.29439136892889
13841,Vršac,42.0,53.96495617973598
13842,Vršac,35.0,39.79458217554474
13843,Vršac,45.0,47.01574099439239
13844,Vršac,47.0,37.176044849124985
13845,Vršac,27.0,29.70378819178811
13846,Vršac,28.0,39.20736111678375
13847,Vršac,28.0,39.20736111678375
13848,Vršac,25.0,41.55637246402869
13849,Vršac,47.0,49.76588427563837
13850,Vršac,55.0,49.63029958424218
13851,Vršac,55.0,41.97984509448579
13852,Vršac,62.0,50.59184017354402
13853,Vršac,40.0,43.95622978196256
13854,Vršac,62.0,47.07156728489493
13855,Vršac,47.0,45.63667778296643
13856,Vršac,55.0,41.55637246402869
13857,Vršac,74.0,56.53846066824309
13858,Vršac,64.0,45.14978541640788
13859,Vršac,44.0,21.643048280112737
13860,Vršac,26.0,19.378481593142936
13861,Vršac,18.0,27.217563728504107
13862,Vršac,18.0,29.0607477236676
13863,Vršac,28.0,36.97504896357351
13864,Vršac,41.0,38.749281945396426
13865,Vršac,29.0,29.679075638792217
13866,Vršac,25.0,24.34259080761005
13867,Vršac,31.0,26.94175125620174
13868,Vršac,23.0,22.24559224996043
13869,Vršac,18.0,21.369120991084472
13870,Vršac,30.0,26.43587672481441
13871,Vršac,25.0,33.58420423335878
13872,Vršac,30.0,34.54900114002458
13873,Vršac,36.0,36.17306663439779
13874,Vršac,39.0,36.07478047270023
13875,Vršac,34.0,27.21407753574409
13876,Vršac,19.0,22.0256377331441
13877,Vršac,16.0,24.106782025411505
13878,Vršac,34.0,24.18355625120317
13879,Vršac,21.0,23.481965395926785
13880,Vršac,46.0,28.54550002789086
13881,Vršac,43.0,19.5688496152376
13882,Vršac,22.0,21.113987117274764
13883,Vršac,22.0,19.251292152847448
13884,Vršac,23.0,21.156730504529506
13885,Vršac,21.0,24.29485966775303
13886,Vršac,14.0,21.04357907611891
13887,Vršac,15.0,22.43154111834445
13888,Vršac,16.0,24.042141306764112
13889,Vršac,49.0,21.582584765610896
13890,Vršac,80.0,22.76748321528599
13891,Vršac,30.0,24.713530632067528
13892,Vršac,30.0,21.72842202078718
13893,Vršac,27.0,21.87950801873185
13894,Vršac,26.0,20.20735633501109
13895,Vršac,49.0,22.463906417744557
13896,Vršac,80.0,25.46551988105232
13897,Vršac,30.0,25.28631505737589
13898,Vršac,30.0,23.084211124748208
13899,Vršac,27.0,20.468282352432546
13900,Vršac,26.0,22.37097970693458
13901,Vršac,47.0,24.216313016350345
13902,Vršac,35.0,26.14270880612099
13903,Vršac,29.0,21.657182008930203
13904,Vršac,25.0,23.98718431616084
13905,Vršac,32.0,23.244347434335214
13906,Vršac,34.0,20.458924774403524
13907,Vršac,29.0,20.16249271206709
13908,Vršac,20.0,24.49828926259116
13909,Vršac,22.0,23.547924231876653
13910,Vršac,35.0,24.10108461070629
13911,Vršac,32.0,25.28631505737589
13912,Vršac,17.0,24.49828926259116
13913,Vršac,32.0,20.82848541258187
13914,Vršac,44.0,25.476484588282503
13915,Vršac,21.0,19.975063062418187
13916,Vršac,25.0,22.805087350051032
13917,Vršac,18.0,18.785505559385104
13918,Vršac,12.0,17.677064438356815
13919,Vršac,17.0,21.626789657742936
13920,Vršac,17.0,22.20214037505601
13921,Vršac,26.0,23.030884645769486
13922,Vršac,32.0,25.5689483453474
13923,Vršac,23.0,26.27292031785413
13924,Vršac,28.0,25.210660018012184
13925,Vršac,15.0,23.371779719265643
13926,Vršac,25.0,19.20706147640761
13927,Vršac,22.0,23.36316212314989
13928,Vršac,25.0,19.82237208479868
13929,Vršac,20.0,18.2368281444686
13930,Vršac,22.0,18.48233743123379
13931,Vršac,22.0,20.15977659964697
13932,Vršac,19.0,18.14065007657054
13933,Vršac,23.0,24.09350660454733
13934,Vršac,23.0,21.15731666478269
13935,Vršac,24.0,21.77577987368038
13936,Vršac,22.0,21.296842240564164
13937,Vršac,18.0,20.899833672146688
13938,Vršac,20.0,22.96123505139849
13939,Vršac,17.0,21.784024387619183
13940,Vršac,18.0,25.976269463786597
13941,Vršac,30.0,23.552607006717142
13942,Vršac,23.0,23.14248575952693
13943,Vršac,20.0,17.611463144922087
13944,Vršac,20.0,24.45885586035218
13945,Vršac,21.0,19.00094333963341
13946,Vršac,15.0,18.22379112947941
13947,Vršac,22.0,24.12296233965401
13948,Vršac,22.0,23.612319457422675
13949,Vršac,22.0,25.632518037009287
13950,Vršac,30.0,30.193364179783515
13951,Vršac,29.0,29.32531703305841
13952,Vršac,27.0,25.172453660891644
13953,Vršac,26.0,27.618764842162072
13954,Vršac,37.0,29.45378919631754
13955,Vršac,35.0,27.779928636368847
13956,Vršac,13.0,17.255156031889822
13957,Vršac,18.0,21.46642515786529
13958,Vršac,23.0,22.204375737360408
13959,Vršac,21.0,20.020164627307423
13960,Vršac,12.0,19.3783759729943
13961,Vršac,11.0,22.821694163495167
13962,Vršac,12.0,22.42635335901621
13963,Vršac,14.0,24.616401396789097
13964,Vršac,16.0,27.203905756314448
13965,Vršac,24.0,29.783157763018604
13966,Vršac,22.0,28.692178378791663
13967,Vršac,10.0,33.12865131852139
13968,Vršac,35.0,31.23893123919725
13969,Vršac,27.0,30.459354946331985
13970,Vršac,36.0,27.94652868839805
13971,Vršac,27.0,27.140316850898976
13972,Vršac,31.0,26.29529252493093
13973,Vršac,32.0,26.14553998859733
13974,Vršac,32.0,21.640582892795056
13975,Vršac,22.0,16.871092147410693
13976,Vršac,16.0,21.70704575178278
13977,Vršac,15.0,23.125130226577557
13978,Vršac,19.0,26.11298092095865
13979,Vršac,21.0,26.59017475627803
13980,Vršac,19.0,27.0245789795064
13981,Vršac,28.0,29.71581481190429
13982,Vršac,26.0,25.247522381619003
13983,Vršac,27.0,22.60266274381789
13984,Vršac,24.0,21.94936203189032
13985,Vršac,14.0,23.71681845223158
13986,Vršac,21.0,23.68104649553017
13987,Vršac,18.0,24.67932546810412
13988,Vršac,21.0,19.01145994118361
13989,Vršac,19.0,21.261982039571823
13990,Vršac,23.0,26.781010959842742
13991,Vršac,30.0,25.090248925540447
13992,Vršac,29.0,26.83045147670536
13993,Vršac,30.0,30.179860093303542
13994,Vršac,68.0,29.44074288631795
13995,Vršac,45.0,22.382554920209927
13996,Vršac,43.0,15.652915365658668
13997,Vršac,13.0,19.20158465226
13998,Vršac,13.0,16.09910969521235
13999,Vršac,13.0,23.216310679044117
14000,Vršac,19.0,24.40666507397057
14001,Vršac,33.0,27.70657577070866
14002,Vršac,37.0,28.05614690804323
14003,Vršac,43.0,29.87074291590281
14004,Vršac,31.0,22.608169144482204
14005,Vršac,23.0,19.277019784266383
14006,Vršac,18.0,18.529447266698803
14007,Vršac,14.0,18.357046663727523
14008,Vršac,18.0,16.237373570355633
14009,Vršac,12.0,20.730608411590875
14010,Vršac,13.0,20.678120268260688
14011,Vršac,18.0,22.446764042797646
14012,Vršac,16.0,25.582365219649294
14013,Vršac,20.0,25.22139725939625
14014,Vršac,23.0,30.044127404467663
14015,Vršac,20.0,28.56627494236562
14016,Vršac,18.0,20.226752834392222
14017,Vršac,10.0,19.84388058658997
14018,Vršac,14.0,19.620890216698346
14019,Vršac,15.0,22.00750395851346
14020,Vršac,23.0,23.166999264163582
14021,Vršac,23.0,22.406712707415707
14022,Vršac,10.0,17.585744240408403
14023,Vršac,9.0,14.740582176975856
14024,Vršac,11.0,16.971688066193853
14025,Vršac,11.0,19.075443217030134
14026,Vršac,16.0,19.332953290940942
14027,Vršac,11.0,19.103058355571267
14028,Vršac,13.0,21.96282439439389
14029,Vršac,11.0,20.730608411590875
14030,Vršac,15.0,22.446764042797646
14031,Vršac,15.0,23.067997264291755
14032,Vršac,12.0,16.110216766175398
14033,Vršac,10.0,15.34365642023165
14034,Vršac,13.0,20.558624676646044
14035,Vršac,13.0,17.928744437321754
14036,Vršac,13.0,17.131321836250837
14037,Vršac,12.0,17.205101528812612
14038,Vršac,11.0,18.008753821768735
14039,Vršac,8.0,16.924009746118838
14040,Vršac,9.0,20.225732082463047
14041,Vršac,16.0,26.14865569134652
14042,Vršac,21.0,26.26460888215908
14043,Vršac,20.0,27.264108080912912
14044,Vršac,21.0,25.59962459748956
14045,Vršac,33.0,36.68514656493657
14046,Vršac,24.0,26.869981330216618
14047,Vršac,29.0,28.288251082365488
14048,Vršac,24.0,26.78683764859125
14049,Vršac,25.0,29.01018651177933
14050,Vršac,23.0,26.108837369058687
14051,Vršac,28.0,28.375209823917867
14052,Vršac,20.0,28.5883063738363
14053,Vršac,26.0,32.37325215029942
14054,Vršac,23.0,30.835711102328148
14055,Vršac,32.0,38.05469177369998
14056,Vršac,19.0,33.369415199381315
14057,Vršac,22.0,22.90647276628024
14058,Vršac,21.0,25.149033067655136
14059,Vršac,7.0,27.808108400543208
14060,Vršac,22.0,29.52200043515924
14061,Vršac,21.0,33.1166968383924
14062,Vršac,16.0,29.97174399537973
14063,Vršac,11.0,30.419756249582733
14064,Vršac,25.0,36.98538518513495
14065,Vršac,18.0,36.010675376820004
14066,Vršac,28.0,42.37961845504458
14067,Vršac,28.0,43.94854955784911
14068,Vršac,38.0,38.33977889874937
14069,Vršac,35.0,46.49200145836015
14070,Vršac,26.0,37.8803193310797
14071,Vršac,33.0,29.974906819263428
14072,Vršac,30.0,30.042335480952435
14073,Vršac,35.0,38.05509533784252
14074,Vršac,25.0,31.87316429336764
14075,Vršac,19.0,31.58610406204666
14076,Vršac,19.0,32.93466920310518
14077,Vršac,31.0,37.93015358115372
14078,Vršac,37.0,42.80411764689729
14079,Vršac,28.0,37.75146833620012
14080,Vršac,17.0,28.928913050346964
14081,Vršac,16.0,28.928913050346964
14082,Vršac,20.0,29.858620734055343
14083,Vršac,18.0,26.530661988010003
14084,Vršac,21.0,27.78644132256828
14085,Vršac,12.0,20.22934101891072
14086,Vršac,15.0,25.43034690225447
14087,Vršac,7.0,23.993506579262903
14088,Vršac,22.0,26.78206310841835
14089,Vršac,9.0,18.06873361376192
14090,Vršac,10.0,19.47293333150977
14091,Vršac,15.0,25.95993792089475
14092,Vršac,35.0,46.87140408103352
14093,Vršac,30.0,48.11691906922764
14094,Vršac,33.0,39.362925144436765
14095,Vršac,22.0,31.87088003564453
14096,Vršac,39.0,41.95474777676633
14097,Vršac,28.0,28.160055856877012
14098,Vršac,28.0,30.858723304892035
14099,Vršac,22.0,24.659331409646693
14100,Vršac,10.0,24.520826433101533
14101,Vršac,9.0,18.446712823971644
14102,Vršac,6.0,23.528487839990124
14103,Vršac,10.0,18.77560212176665
14104,Vršac,18.0,29.63310405269564
14105,Vršac,16.0,23.17444564723453
14106,Vršac,19.0,20.88662044558694
14107,Vršac,19.0,18.35300009363349
14108,Vršac,16.0,19.852706047749106
14109,Vršac,37.0,35.44598214816498
14110,Vršac,40.0,50.51465090044768
14111,Vršac,21.0,21.72444786591288
14112,Vršac,12.0,18.938564564767248
14113,Vršac,9.0,18.184686804574486
14114,Vršac,21.0,29.05378418618869
14115,Vršac,35.0,55.759447130522574
14116,Vršac,28.0,43.56249882112376
14117,Vršac,13.0,27.492358214900477
14118,Vršac,20.0,32.55873097152384
14119,Vršac,40.0,43.57713915631277
14120,Vršac,36.0,43.57713915631277
14121,Vršac,36.0,39.07504807978615
14122,Vršac,23.0,39.28207769437152
14123,Vršac,6.0,28.09456038768457
14124,Vršac,18.0,29.14173599170908
14125,Vršac,24.0,33.860421197838626
14126,Vršac,20.0,26.48499345836552
14127,Vršac,28.0,34.53680182655515
14128,Vršac,26.0,35.89077816888562
1552,Zaječar,49.15,37.75099291248705
1553,Zaječar,35.54,48.738691886929885
1554,Zaječar,33.35,35.30321814554775
1555,Zaječar,82.63,54.199603169411866
1556,Zaječar,98.54,69.89008596396906
1557,Zaječar,51.31,75.15446656295978
1558,Zaječar,93.46,55.10287584921097
1559,Zaječar,78.04,64.68760602247268
1560,Zaječar,94.51,57.68706035817185
1561,Zaječar,84.08,66.7593772989752
1562,Zaječar,101.1,58.0715893063946
1563,Zaječar,63.37,52.55973002802209
1564,Zaječar,60.64,43.57595187013533
1565,Zaječar,72.54,51.71996320105024
1566,Zaječar,70.51,54.93674644644442
1567,Zaječar,34.46,36.29481170053496
1568,Zaječar,61.91,34.54689073201281
1569,Zaječar,47.62,41.414817917530826
1570,Zaječar,38.1,36.89842163623577
1571,Zaječar,37.73,41.219765702816304
1572,Zaječar,32.06,34.10726883825544
1573,Zaječar,29.86,35.286838029632655
1574,Zaječar,47.08,41.93126952994964
1575,Zaječar,56.96,48.82581406133829
1576,Zaječar,44.7,41.219765702816304
1577,Zaječar,40.66,46.547574442412085
1578,Zaječar,34.62,33.03093413458957
1579,Zaječar,33.15,30.19017732291626
1580,Zaječar,36.27,34.34670632266005
1581,Zaječar,32.42,24.184179175836384
1582,Zaječar,16.85,20.346271392760187
1583,Zaječar,11.73,18.00759565242427
1584,Zaječar,20.7,19.319132802728927
1585,Zaječar,28.76,23.48571623140428
1586,Zaječar,23.63,25.01210946885981
1587,Zaječar,20.88,20.684276426609976
1588,Zaječar,22.9,23.48571623140428
1589,Zaječar,35.73,26.019135781335656
1590,Zaječar,23.26,26.627006569345344
1591,Zaječar,31.69,29.372211854016268
1592,Zaječar,40.47,30.320766741908077
1593,Zaječar,36.09,19.799370012510547
1594,Zaječar,24.91,23.0220505747996
1595,Zaječar,27.56,21.72422333113421
1596,Zaječar,42.94,26.24803902905875
1597,Zaječar,47.63,29.33559766052668
1598,Zaječar,35.9,27.317102338801394
1599,Zaječar,34.99,27.941954960200597
1600,Zaječar,30.96,25.538296722316364
1601,Zaječar,27.11,24.209455756240267
1602,Zaječar,8.79,16.168959081910362
1603,Zaječar,26.01,22.00927146701328
1604,Zaječar,19.05,25.732370730302776
1605,Zaječar,28.22,26.30210513486754
1606,Zaječar,19.79,20.04683583270621
1607,Zaječar,12.64,17.457307919605313
1608,Zaječar,21.62,23.51425377531729
1609,Zaječar,20.88,23.65348511977528
1610,Zaječar,22.71,22.574512605731623
1611,Zaječar,18.14,20.79786925681417
1612,Zaječar,18.69,21.79200250301464
1613,Zaječar,18.5,20.59936596622683
1614,Zaječar,27.66,21.726702797269372
1615,Zaječar,18.5,18.419457218837863
1616,Zaječar,19.78,20.32884400316356
1617,Zaječar,23.63,22.981762097737573
1618,Zaječar,21.06,19.99481622211664
1619,Zaječar,19.05,20.77650171773693
1620,Zaječar,18.5,18.42310487670009
1621,Zaječar,19.24,18.001578323613273
1622,Zaječar,16.49,17.48246796042854
1623,Zaječar,15.94,17.834777716492777
1624,Zaječar,17.38,17.13341193483474
1625,Zaječar,22.66,19.88538520012354
1626,Zaječar,23.94,23.41650292649914
1627,Zaječar,22.48,23.79324381333831
1628,Zaječar,15.72,19.078645084325665
1629,Zaječar,19.19,21.76988657138734
1630,Zaječar,17.73,18.175709750739397
1631,Zaječar,21.2,20.97184712370997
1632,Zaječar,18.28,18.90046229410156
1633,Zaječar,13.71,18.76502021077046
1634,Zaječar,7.68,16.18477387337219
1635,Zaječar,8.04,15.455577997535306
1636,Zaječar,24.3,22.637946171118102
1637,Zaječar,23.75,21.68794052289165
1638,Zaječar,31.98,25.117912973636297
1639,Zaječar,32.63,25.558900504571728
1640,Zaječar,24.3,26.842384119043352
1641,Zaječar,21.92,25.60350695552979
1642,Zaječar,22.11,22.771169825311937
1643,Zaječar,21.2,23.04250843374796
1644,Zaječar,24.85,26.71499257794405
1645,Zaječar,27.96,22.9474160630184
1646,Zaječar,19.92,27.049626779034423
1647,Zaječar,15.35,23.93878080002767
1648,Zaječar,18.09,20.666697131585806
1649,Zaječar,25.58,24.80443876705474
1650,Zaječar,26.31,27.19984922790834
1651,Zaječar,18.64,19.44192798332137
1652,Zaječar,9.69,19.987266704608466
1653,Zaječar,19.37,20.731128299328027
1654,Zaječar,26.54,24.616472568020125
1655,Zaječar,25.22,23.860531529276297
1656,Zaječar,26.13,24.84351065151926
1657,Zaječar,8.77,16.171431113874956
1658,Zaječar,11.33,16.523740869939193
1659,Zaječar,19.55,20.08304768192273
1660,Zaječar,16.63,21.553355981586726
1661,Zaječar,21.2,24.20859364636325
1662,Zaječar,23.21,25.12904323218377
1663,Zaječar,18.09,23.00264849697321
1664,Zaječar,15.39,20.612159446759705
1665,Zaječar,23.57,27.564610546263477
1666,Zaječar,23.93,30.807407680323468
1667,Zaječar,24.49,31.700958357174912
1668,Zaječar,27.77,29.44421716849468
1669,Zaječar,23.94,21.86712100114307
1670,Zaječar,27.59,26.58789468132792
1671,Zaječar,24.48,27.3305019549274
1672,Zaječar,13.16,18.52786953917814
1673,Zaječar,25.95,22.120114320505493
1674,Zaječar,25.04,20.69896762413679
1675,Zaječar,22.48,21.251666016587546
1676,Zaječar,29.24,30.06307526139236
1677,Zaječar,18.27,25.816745359436226
1678,Zaječar,21.01,25.926884997887573
1679,Zaječar,25.21,25.518757035835417
1680,Zaječar,19.92,21.117104069284945
1681,Zaječar,16.81,18.24840534066304
1682,Zaječar,23.57,23.488602910747925
1683,Zaječar,24.67,19.777289102173818
1684,Zaječar,16.63,17.80972658482072
1685,Zaječar,22.3,24.007306377527215
1686,Zaječar,20.65,26.048212083542893
1687,Zaječar,22.11,26.66860893680141
1688,Zaječar,22.66,27.470966154311
1689,Zaječar,26.5,26.166685560936106
1690,Zaječar,17.18,22.637946171118102
1691,Zaječar,21.01,21.64362036240335
1692,Zaječar,20.83,20.28517415131132
1693,Zaječar,25.95,22.58537886784885
1694,Zaječar,30.52,25.98529538010325
1695,Zaječar,30.88,28.4127246597565
1696,Zaječar,37.82,29.556381583888605
1697,Zaječar,34.36,26.79537258907104
1698,Zaječar,14.44,25.376703029216237
1699,Zaječar,15.53,20.89543836472796
1700,Zaječar,26.86,22.037664990787345
1701,Zaječar,24.85,22.43260182541833
1702,Zaječar,24.85,23.35926986393272
1703,Zaječar,32.16,30.347067879681106
1704,Zaječar,29.42,29.451794002248008
1705,Zaječar,33.81,27.39702838497356
1706,Zaječar,35.82,30.959282320040465
1707,Zaječar,45.68,32.27025434802189
1708,Zaječar,53.91,31.189104037048637
1709,Zaječar,39.29,29.69572878848372
1710,Zaječar,44.23,34.096520196421395
1711,Zaječar,48.43,29.966997668356196
1712,Zaječar,46.42,26.713298540362644
1713,Zaječar,42.39,26.61834238943442
1714,Zaječar,119.16,26.36883876479803
1715,Zaječar,42.03,23.355020744307943
1716,Zaječar,26.13,23.217274726608714
1717,Zaječar,19.74,23.35926986393272
1718,Zaječar,15.53,19.581389636539548
1719,Zaječar,13.16,21.665321278861377
1720,Zaječar,46.24,21.813322503631458
1721,Zaječar,24.86,18.67218060385967
1722,Zaječar,15.72,19.29243093864124
1723,Zaječar,20.65,22.517336533269685
1724,Zaječar,29.06,27.248961557483472
1725,Zaječar,29.97,32.13511241643755
1726,Zaječar,36.37,37.29314589860697
1727,Zaječar,51.71,44.298907176848296
1728,Zaječar,34.35,23.521688279429448
1729,Zaječar,29.68,21.74763419053715
1730,Zaječar,9.14,16.441942638295743
1731,Zaječar,29.42,26.439162500822047
1732,Zaječar,35.64,29.29464296793646
1733,Zaječar,40.21,38.16260840313064
1734,Zaječar,42.77,35.358962302473664
1735,Zaječar,15.17,18.953174254210744
1736,Zaječar,33.26,29.29464296793646
1737,Zaječar,53.18,35.64184546147364
1738,Zaječar,61.22,48.3574059387272
1739,Zaječar,22.66,27.911489381218686
1740,Zaječar,38.01,39.7938177315044
1741,Zaječar,67.62,45.26068685283305
1742,Zaječar,104.89,72.55201598802189
1743,Zaječar,122.42,82.83430533998727
1744,Zaječar,119.16,68.76225814816253
1745,Zaječar,130.31,72.55201598802189
1746,Zaječar,184.21,106.85619522536572
1747,Zaječar,74.75,60.528071047252965
1748,Zaječar,63.59,45.19351144165524
1749,Zaječar,50.62,48.79190814015942
1750,Zaječar,84.98,61.25411530339112
1751,Zaječar,68.71,55.082587653352256
1752,Zaječar,67.07,32.44849729450803
1753,Zaječar,32.71,28.044832533993
1754,Zaječar,73.82,47.960876818192055
1755,Zaječar,139.98,76.08197834194338
1756,Zaječar,106.53,73.01431531548113
1757,Zaječar,38.01,50.20880365845068
1758,Zaječar,54.46,62.00993115011867
1759,Zaječar,66.7,45.036098612149765
1760,Zaječar,68.71,54.98517870987564
1761,Zaječar,36.19,48.679558675159605
1762,Zaječar,38.19,48.88737805505439
1763,Zaječar,29.42,39.48713208711335
1764,Zaječar,30.34,38.1854995387272
1765,Zaječar,56.28,59.77757388301608
1766,Zaječar,74.19,71.5739501910033
1767,Zaječar,122.98,75.61562523468507
1768,Zaječar,83.51,60.7458728552653
1769,Zaječar,51.71,60.96158996145252
1770,Zaječar,58.48,50.41662303834546
1771,Zaječar,77.3,59.91638667027404
1772,Zaječar,41.78,37.990373431143055
1773,Zaječar,65.06,50.98092253489902
1774,Zaječar,40.75,30.47074978019513
1775,Zaječar,48.8,47.44236246654135
1776,Zaječar,211.4,87.2337391212962
1777,Zaječar,179.24,74.09117146082383
1778,Zaječar,158.41,114.39977533386384
1779,Zaječar,273.9,115.35166266624348
1780,Zaječar,372.92,118.7784751901034
1781,Zaječar,181.05,90.91535302020068
1782,Zaječar,61.58,47.32341974943154
1783,Zaječar,146.54,50.66676010274702
1784,Zaječar,104.14,81.9744044802658
1785,Zaječar,67.41,61.83141646741602
1786,Zaječar,60.67,57.28377583035955
1787,Zaječar,75.28,68.5783668103329
1788,Zaječar,73.82,85.96066889606907
1789,Zaječar,41.3,51.3523942901974
1790,Zaječar,32.53,41.0653785550353
1791,Zaječar,41.11,48.67036111962331
1792,Zaječar,38.74,43.12508575146776
1793,Zaječar,99.41,72.56448935653471
1794,Zaječar,214.5,114.45334217303528
1795,Zaječar,68.89,48.62933432831711
1796,Zaječar,114.78,66.51461640163595
1797,Zaječar,63.77,42.55777106721879
1798,Zaječar,65.79,54.33162881231024
1799,Zaječar,57.38,63.02778406765967
1800,Zaječar,53.91,72.88342560052273
1801,Zaječar,73.27,54.33162881231024
1802,Zaječar,59.93,73.99527872181149
1803,Zaječar,192.58,87.60527624062381
1804,Zaječar,243.94,115.84580222154476
1805,Zaječar,25.76,50.18668691271719
1806,Zaječar,44.77,55.3392846532769
1807,Zaječar,167.57,105.89264294883137
1808,Zaječar,184.56,108.66447197970818
1809,Zaječar,233.52,112.9434324738786
5011,Zaječar,206.11,75.18478946026211
5012,Zaječar,105.42,115.5049688674841
5013,Zaječar,84.6,76.29445709741749
5014,Zaječar,68.34,75.58623053602327
5015,Zaječar,145.8,64.72649949471402
5016,Zaječar,167.17,91.35026286612498
5017,Zaječar,166.27,96.69161488863548
5018,Zaječar,39.1,52.90408462003983
5019,Zaječar,43.12,60.98472698226467
5020,Zaječar,76.2,47.14636629409461
5021,Zaječar,78.02,65.51599616464304
5022,Zaječar,71.99,42.94625004939567
5023,Zaječar,54.08,40.35621424075337
5024,Zaječar,55.72,39.03892635925435
5025,Zaječar,108.89,74.9532756086304
5026,Zaječar,87.69,55.89412607572759
5027,Zaječar,111.41,56.947597537686406
5028,Zaječar,243.89,81.20199467076237
5029,Zaječar,241.17,91.1728271291473
5030,Zaječar,158.41,117.9816372639367
5031,Zaječar,165.35,109.62994628543852
5032,Zaječar,112.36,95.5697260914004
5033,Zaječar,59.75,54.14055148372629
5034,Zaječar,64.13,30.953035111625656
5035,Zaječar,44.4,30.44410051656612
5036,Zaječar,82.4,56.78253886640985
5037,Zaječar,59.37,49.0901394398069
5038,Zaječar,89.35,39.21660572650288
5039,Zaječar,87.33,60.539502597918485
5040,Zaječar,56.82,60.45450192934033
5041,Zaječar,43.67,48.302700262457215
5042,Zaječar,47.14,60.79943969443674
5043,Zaječar,124.56,85.35918603585506
5044,Zaječar,157.49,76.61080501370286
5045,Zaječar,99.48,93.63889384285488
5046,Zaječar,28.03,55.79285936775186
5047,Zaječar,46.36,47.87683193268389
5048,Zaječar,154.61,106.64370647770843
5049,Zaječar,97.62,77.03278907742094
5050,Zaječar,43.96,24.987788036996804
5051,Zaječar,41.95,29.25485892542309
5052,Zaječar,62.27,39.3931937817518
5053,Zaječar,100.01,62.15697673342965
5054,Zaječar,158.45,71.04272907691704
5055,Zaječar,138.09,83.13921192365082
5056,Zaječar,156.51,81.90773048027037
5057,Zaječar,116.31,39.96146068097278
5058,Zaječar,80.58,72.19401145156472
5059,Zaječar,82.59,73.58537079670474
5060,Zaječar,65.38,72.76004647951687
5061,Zaječar,159.36,68.60816088148054
5062,Zaječar,148.53,89.8703245021852
5063,Zaječar,215.38,93.63889384285488
5064,Zaječar,211.73,91.3444177875283
5065,Zaječar,242.99,88.33917406269079
5066,Zaječar,85.88,46.280713024561486
5067,Zaječar,52.19,37.85432056384727
5068,Zaječar,99.27,55.19750936812657
5069,Zaječar,95.22,56.42525987287363
5070,Zaječar,98.72,47.842255109412605
5071,Zaječar,107.47,91.73283191523392
5072,Zaječar,55.12,38.91465128801393
5073,Zaječar,96.5,63.805167258452926
5074,Zaječar,44.69,45.18389179840676
5075,Zaječar,44.13,61.27404559220974
5076,Zaječar,103.83,63.935932802911815
5077,Zaječar,116.64,50.550044898299305
5078,Zaječar,109.48,97.6912288546569
5079,Zaječar,78.21,39.63201976051207
5080,Zaječar,27.87,20.548738072344804
5081,Zaječar,38.64,29.443659637356184
5082,Zaječar,34.06,24.693023852701764
5083,Zaječar,104.38,52.034484200757966
5084,Zaječar,65.39,62.26438698982175
5085,Zaječar,30.77,40.82815709436311
5086,Zaječar,48.53,47.82143395081932
5087,Zaječar,45.6,31.869845738543376
5088,Zaječar,47.02,66.43178087820925
5089,Zaječar,134.61,61.07956665928634
5090,Zaječar,124.5,64.67842329573664
5091,Zaječar,83.12,40.53271899040543
5092,Zaječar,64.83,39.427521803998886
5093,Zaječar,73.78,51.0604372431629
5094,Zaječar,99.79,57.335331835562336
5095,Zaječar,84.22,54.96534290054574
5096,Zaječar,79.62,48.64855319819526
5097,Zaječar,54.56,39.092018284990615
5098,Zaječar,41.39,36.51667030043164
5099,Zaječar,54.2,56.46202580603032
5100,Zaječar,49.97,49.24564650521624
5101,Zaječar,39.69,30.52753438097147
5102,Zaječar,49.24,31.66293499658144
5103,Zaječar,59.5,50.39936412644351
5104,Zaječar,64.26,60.40167531113652
5105,Zaječar,47.23,50.12408458638442
5106,Zaječar,50.7,42.59485612391627
5107,Zaječar,55.28,30.888405582954583
5108,Zaječar,19.22,17.931647364701615
5109,Zaječar,35.52,32.59295943031762
5110,Zaječar,67.92,46.06039053710123
5111,Zaječar,65.75,57.99201651188597
5112,Zaječar,52.0,53.83998714322529
5113,Zaječar,69.02,49.10437401606923
5114,Zaječar,69.92,44.46041890648439
5115,Zaječar,51.98,28.363939516743976
5116,Zaječar,30.1,33.09015227178094
5117,Zaječar,43.2,30.42706627186173
5118,Zaječar,45.03,33.09015227178094
5119,Zaječar,49.79,42.47893433255789
5120,Zaječar,37.17,35.0137822875797
5121,Zaječar,26.36,29.506459217994884
5122,Zaječar,16.29,28.660685774681667
5123,Zaječar,29.66,44.97432014887324
5124,Zaječar,32.4,32.345971529807066
5125,Zaječar,36.97,29.027983960893405
5126,Zaječar,31.29,25.769040064736668
5127,Zaječar,15.74,22.256229472528087
5128,Zaječar,17.57,25.65873146727693
5129,Zaječar,22.52,25.65873146727693
5130,Zaječar,28.92,25.066514782841946
5131,Zaječar,26.18,24.22928541039508
5132,Zaječar,45.76,21.869934957688653
5133,Zaječar,31.67,27.77083428496873
5134,Zaječar,30.2,26.24086294034933
5135,Zaječar,27.09,20.50349499353365
5136,Zaječar,18.49,20.583523284260664
5137,Zaječar,15.74,18.780528547148684
5138,Zaječar,17.21,22.074816172044635
5139,Zaječar,20.87,23.871366671942194
5140,Zaječar,20.5,20.427820559458205
5141,Zaječar,26.91,21.377195639065263
5142,Zaječar,18.49,18.132269674655294
5143,Zaječar,12.26,16.849231515280874
5144,Zaječar,22.51,24.048686988095167
5145,Zaječar,21.42,25.732370730302776
5146,Zaječar,19.22,23.9425203593622
5147,Zaječar,14.51,21.837196870173457
5148,Zaječar,23.61,19.95768310917132
5149,Zaječar,23.43,18.852334134016203
5150,Zaječar,20.32,19.93919673007642
5151,Zaječar,15.74,22.256229472528087
5152,Zaječar,15.19,23.51807097860007
5153,Zaječar,14.28,18.807365066006057
5154,Zaječar,13.73,17.411341125551473
5155,Zaječar,19.77,19.371095167327947
5156,Zaječar,21.05,22.87214391888173
5157,Zaječar,23.24,21.068411476465045
5158,Zaječar,18.85,22.79267550236832
5159,Zaječar,21.6,21.068411476465045
5160,Zaječar,23.12,23.49419484233792
5161,Zaječar,21.96,23.10504577318011
5162,Zaječar,19.95,21.05521236145449
5163,Zaječar,19.95,21.05521236145449
5164,Zaječar,19.04,20.31598318485542
5165,Zaječar,15.74,20.52327981937489
5166,Zaječar,14.27,16.837695693589378
5167,Zaječar,15.19,18.347420653367315
5168,Zaječar,15.37,20.248703262877346
5169,Zaječar,21.6,21.117900993687147
5170,Zaječar,20.31,20.603861773177435
5171,Zaječar,21.41,20.896443269565477
5172,Zaječar,13.36,18.1153169286251
5173,Zaječar,11.71,19.726273194280655
5174,Zaječar,19.94,21.157328092440743
5175,Zaječar,30.56,24.167311184258
5176,Zaječar,64.59,29.62175655273221
5177,Zaječar,59.29,31.759652286532187
5178,Zaječar,50.86,23.796248040528155
5179,Zaječar,34.97,21.115850057569983
5180,Zaječar,17.02,24.670096026635875
5181,Zaječar,18.11,24.383330975602995
5182,Zaječar,26.17,31.960428615184327
5183,Zaječar,40.08,30.038868739858668
5184,Zaječar,36.97,21.23693397122861
5185,Zaječar,15.01,18.763517348757997
5186,Zaječar,13.91,19.44192798332137
5187,Zaječar,14.82,21.305771938682923
5188,Zaječar,23.97,24.424021340045822
5189,Zaječar,26.9,26.81906711967891
5190,Zaječar,24.89,25.961033901017704
5191,Zaječar,28.55,27.51037428790112
5192,Zaječar,23.32,25.01079233967892
5193,Zaječar,32.56,26.807672189283988
5194,Zaječar,31.1,28.058997671232564
5195,Zaječar,30.55,28.92983412480402
5196,Zaječar,30.37,30.96725970209034
5197,Zaječar,36.21,34.43606704288127
5198,Zaječar,35.49,29.28687075278844
5199,Zaječar,25.25,26.085250802542088
5200,Zaječar,19.57,21.216024688351396
5201,Zaječar,122.19,22.202783017872072
5202,Zaječar,14.45,21.31232091539678
5203,Zaječar,13.54,23.387913580049943
5204,Zaječar,19.21,23.615150840335488
5205,Zaječar,14.08,22.23243997719731
5206,Zaječar,18.84,22.634788161365677
5207,Zaječar,21.59,24.293936154463157
5208,Zaječar,23.56,22.23990915004545
5209,Zaječar,21.22,24.790102194543117
5210,Zaječar,20.49,27.5584062470471
5211,Zaječar,33.48,30.509637785330447
5212,Zaječar,37.32,29.43694692890181
5213,Zaječar,34.03,30.11293927987364
5214,Zaječar,27.8,29.067769934066263
5215,Zaječar,37.32,28.745639760679605
5216,Zaječar,32.02,29.777948238297046
5217,Zaječar,29.81,31.95188535533965
5218,Zaječar,36.96,33.41457748637855
5219,Zaječar,39.52,29.56512280659673
5220,Zaječar,15.37,20.835380818101488
5221,Zaječar,19.21,23.878737214041696
5222,Zaječar,25.98,22.712990427540948
5223,Zaječar,22.5,23.87985075133083
5224,Zaječar,26.63,29.04136370683964
5225,Zaječar,17.57,22.70848409708441
5226,Zaječar,17.56,24.09373173485875
5227,Zaječar,16.83,18.594128271536597
5228,Zaječar,16.65,25.439901003055105
5229,Zaječar,20.68,24.41967567892184
5230,Zaječar,22.69,25.552124991838923
5231,Zaječar,21.95,27.019424176535452
5232,Zaječar,23.79,26.317946094110432
5233,Zaječar,23.05,24.703376553546583
5234,Zaječar,42.08,29.49170392705292
5235,Zaječar,45.37,34.0024867485816
5236,Zaječar,28.36,26.70792784834457
5237,Zaječar,37.69,29.20889025802292
5238,Zaječar,48.82,38.10183952000575
5239,Zaječar,39.16,37.37304332203466
5240,Zaječar,45.38,41.29347408124759
5241,Zaječar,59.65,46.2793552227358
5242,Zaječar,54.15,40.170941114490006
5243,Zaječar,60.03,39.75978657054897
5244,Zaječar,52.89,22.82886189887018
5245,Zaječar,32.21,23.5274589293918
5246,Zaječar,20.32,26.230450893840008
5247,Zaječar,37.33,31.918031175699387
5248,Zaječar,52.71,43.4748005731145
5249,Zaječar,32.76,42.17996263486421
5250,Zaječar,61.48,67.05841192490871
5251,Zaječar,58.74,47.05609234747897
5252,Zaječar,18.12,31.31032400141684
5253,Zaječar,43.0,36.65470715460052
5254,Zaječar,52.15,68.76225814816253
5255,Zaječar,53.61,56.57927055883683
5256,Zaječar,110.34,87.649118344929
5257,Zaječar,84.54,82.83430533998727
5258,Zaječar,54.34,82.83430533998727
5259,Zaječar,153.69,68.76225814816253
5260,Zaječar,52.52,46.093813318132085
5261,Zaječar,40.99,68.27090799275628
5262,Zaječar,52.14,62.10919194673525
5263,Zaječar,81.32,74.4820461424594
5264,Zaječar,129.74,98.15927818737424
5265,Zaječar,179.71,98.15927818737424
5266,Zaječar,166.54,112.6360603932793
5267,Zaječar,114.92,86.21041519144732
5268,Zaječar,74.29,64.1697489265041
5269,Zaječar,143.26,92.67703371095756
5270,Zaječar,100.45,82.32722830256108
5271,Zaječar,49.03,52.84634581086324
5272,Zaječar,140.15,93.58532700368345
5273,Zaječar,220.24,112.23381229791296
5274,Zaječar,34.21,31.450643282293697
5275,Zaječar,89.47,83.69583870184026
5276,Zaječar,52.44,45.77979743343908
5277,Zaječar,45.75,46.09922601650731
5278,Zaječar,37.0,44.51780673717175
5279,Zaječar,65.49,69.04692739099133
5280,Zaječar,165.79,115.45140202831266
5281,Zaječar,192.99,117.89921398377712
5282,Zaječar,70.08,69.18090132615608
5283,Zaječar,57.81,44.4874741735342
5284,Zaječar,55.81,44.387412997189415
5285,Zaječar,61.84,58.36127031971068
5286,Zaječar,54.71,53.59409292126279
5287,Zaječar,45.93,45.61483842274834
5288,Zaječar,99.71,67.79530303315498
5289,Zaječar,109.03,88.28560722351935
5290,Zaječar,227.91,109.68663460864389
5291,Zaječar,48.66,43.32814830972542
5292,Zaječar,55.08,68.5545940423091
5293,Zaječar,14.82,72.34435188216847
5294,Zaječar,96.96,76.85389921624393
5295,Zaječar,114.52,106.56512036579808
5296,Zaječar,121.28,111.3834075325748
5297,Zaječar,49.94,63.25251130070899
5298,Zaječar,34.4,26.96621083807241
5299,Zaječar,45.92,46.037458875582
5300,Zaječar,33.67,49.73853403318285
5301,Zaječar,54.34,49.8772141631081
5302,Zaječar,36.41,50.92423421169367
5303,Zaječar,45.55,49.09864387328651
5304,Zaječar,52.33,47.99548929215045
5305,Zaječar,83.51,51.8258524324252
5306,Zaječar,85.7,56.21173250038671
5307,Zaječar,73.62,47.86969715384532
5308,Zaječar,86.42,63.91129134654701
5309,Zaječar,159.12,88.0250116305388
5310,Zaječar,142.94,88.0250116305388
5311,Zaječar,114.04,82.79795431215615
5312,Zaječar,96.68,68.51584420626635
5313,Zaječar,71.24,65.40144070171498
5314,Zaječar,32.78,38.04230176331914
5315,Zaječar,50.18,48.41896308217905
5316,Zaječar,48.72,43.50204998989317
5317,Zaječar,184.43,87.08362893288489
5318,Zaječar,191.9,88.76982973882791
11724,Zaječar,127.46,74.43695617603777
11725,Zaječar,235.5,95.8693458783003
11726,Zaječar,80.58,48.76110252251002
11727,Zaječar,57.86,59.11818540027341
11728,Zaječar,36.81,38.72444325442863
11729,Zaječar,102.36,63.03746539848732
11730,Zaječar,130.38,71.48971095784322
11731,Zaječar,41.94,38.49105900724885
11732,Zaječar,64.64,50.0416198525764
11733,Zaječar,64.63,56.94360473709736
11734,Zaječar,48.33,55.2090276152881
11735,Zaječar,81.13,58.662561153362994
11736,Zaječar,86.61,93.3247314107029
11737,Zaječar,78.55,47.28908807010057
11738,Zaječar,39.37,28.409572544243154
11739,Zaječar,152.19,77.67901932687505
11740,Zaječar,59.34,57.01477294886421
11741,Zaječar,93.22,67.6863919744408
11742,Zaječar,84.62,51.99938643817436
11743,Zaječar,63.34,35.76561125959467
11744,Zaječar,142.11,87.60527624062381
11745,Zaječar,168.25,106.81235312106054
11746,Zaječar,86.97,65.61119210218365
11747,Zaječar,52.2,44.23333732596168
11748,Zaječar,69.23,64.379890678242
11749,Zaječar,130.94,82.84408336737393
11750,Zaječar,138.07,83.91631276182535
11751,Zaječar,130.36,80.54437303091333
11752,Zaječar,92.27,44.97518760884392
11753,Zaječar,144.26,88.9445865717583
11754,Zaječar,142.67,79.3426372377994
11755,Zaječar,97.59,66.09294887880259
11756,Zaječar,48.72,29.77799695184445
11757,Zaječar,45.59,39.088281362494754
11758,Zaječar,95.21,62.47113916558165
11759,Zaječar,147.39,90.10913302684298
11760,Zaječar,96.88,60.7929238401326
11761,Zaječar,33.52,29.416618837330944
11762,Zaječar,31.68,38.79290556420741
11763,Zaječar,47.98,50.40286064203461
11764,Zaječar,61.52,59.40539093139123
11765,Zaječar,89.74,69.6553368430995
11766,Zaječar,134.58,88.78076457021005
11767,Zaječar,99.96,77.38530450315844
11768,Zaječar,33.7,36.71401806040665
11769,Zaječar,53.29,44.58631263639999
11770,Zaječar,75.64,61.37621398180585
11771,Zaječar,63.24,54.51558066533497
11772,Zaječar,40.29,40.62220263614801
11773,Zaječar,79.29,54.59127727625243
11774,Zaječar,123.58,84.06060233233981
11775,Zaječar,118.99,87.6752243138631
11776,Zaječar,148.47,89.32166836560457
11777,Zaječar,143.56,90.20065010107244
11778,Zaječar,133.32,79.21804979628715
11779,Zaječar,46.88,43.41399382159246
11780,Zaječar,71.96,61.21934893736069
11781,Zaječar,83.47,73.79049586143526
11782,Zaječar,104.19,74.1857772618026
11783,Zaječar,132.37,93.22050079002186
11784,Zaječar,141.18,91.04480308551624
11785,Zaječar,128.65,72.26378826536357
11786,Zaječar,102.16,69.09906571263664
11787,Zaječar,89.88,61.67147465314345
11788,Zaječar,85.5,62.4175723264102
11789,Zaječar,64.62,51.07723286290821
11790,Zaječar,91.16,64.62731725814928
11791,Zaječar,99.21,73.57603624515441
11792,Zaječar,79.65,50.19316453549069
11793,Zaječar,67.57,37.50338102535254
11794,Zaječar,52.72,29.30539367503768
11795,Zaječar,18.31,24.993122564476344
11796,Zaječar,32.04,29.22301325105114
11797,Zaječar,67.2,54.610898425330696
11798,Zaječar,71.04,55.76515970085765
11799,Zaječar,38.08,49.2448052680956
11800,Zaječar,66.82,39.3166008984075
11801,Zaječar,48.33,36.02498392642454
11802,Zaječar,24.9,32.8941909430842
11803,Zaječar,19.04,21.741164354179794
11804,Zaječar,38.27,33.26144105742879
11805,Zaječar,52.36,51.207623356991526
11806,Zaječar,84.23,57.68878971665642
11807,Zaječar,57.3,49.2448052680956
11808,Zaječar,55.46,51.58162744837608
11809,Zaječar,42.29,30.513599133419515
11810,Zaječar,18.13,27.594090597125803
11811,Zaječar,19.23,24.81392337520218
11812,Zaječar,34.06,31.68991819301289
11813,Zaječar,59.14,47.37474980334718
11814,Zaječar,62.43,45.941912643043175
11815,Zaječar,38.45,31.67958252640546
11816,Zaječar,35.15,30.740368118370853
11817,Zaječar,27.28,33.09015227178094
11818,Zaječar,30.94,26.068195854054476
11819,Zaječar,27.46,26.56624205154666
11820,Zaječar,24.53,22.37428560839001
11821,Zaječar,20.87,23.670911704263133
11822,Zaječar,27.09,27.23444999134284
11823,Zaječar,24.72,25.06768533140824
11824,Zaječar,21.78,26.045602825331176
11825,Zaječar,27.09,28.942898296707984
11826,Zaječar,31.49,29.420683324712098
11827,Zaječar,29.66,27.08809317026705
11828,Zaječar,30.75,28.38970230527248
11829,Zaječar,25.63,29.658976905049148
11830,Zaječar,29.29,27.69136586845532
11831,Zaječar,25.08,21.72422333113421
11832,Zaječar,21.05,24.703376553546583
11833,Zaječar,21.6,35.378533607193425
11834,Zaječar,30.57,28.429678008754927
11835,Zaječar,29.3,24.42212606237696
11836,Zaječar,25.82,24.30102836937822
11837,Zaječar,23.43,23.063052887986103
11838,Zaječar,18.86,18.245059895083084
11839,Zaječar,15.19,22.73528552376672
11840,Zaječar,14.28,26.011041223341167
11841,Zaječar,18.67,27.66365361627005
11842,Zaječar,19.22,26.34570015732212
11843,Zaječar,16.11,23.709785486903723
11844,Zaječar,21.05,22.86084097012928
11845,Zaječar,25.26,23.53473791789032
11846,Zaječar,23.25,25.713360339286627
11847,Zaječar,21.78,26.571921232814955
11848,Zaječar,19.41,20.473625320860812
11849,Zaječar,12.08,19.254682318184567
11850,Zaječar,17.03,20.145351989164823
11851,Zaječar,20.87,20.723802123745998
11852,Zaječar,21.6,23.534672312625023
11853,Zaječar,28.92,27.06359624499783
11854,Zaječar,25.81,25.513807998286865
11855,Zaječar,21.41,25.409663499937363
11856,Zaječar,20.14,20.53966191392132
11857,Zaječar,19.59,23.36731914172321
11858,Zaječar,19.04,20.96903234754981
11859,Zaječar,17.76,17.705653641313123
11860,Zaječar,14.28,17.58996168835899
11861,Zaječar,15.93,18.6762969001573
11862,Zaječar,17.03,18.541301233809516
11863,Zaječar,15.82,17.93440291243547
11864,Zaječar,23.25,20.245932068720226
11865,Zaječar,24.89,21.579242412821053
11866,Zaječar,25.26,26.362918704486813
11867,Zaječar,25.99,21.29755674419168
11868,Zaječar,26.73,21.60782179774218
11869,Zaječar,23.06,22.51594939948034
11870,Zaječar,25.26,25.66908393001098
11871,Zaječar,30.2,24.810704744600763
11872,Zaječar,26.91,24.036751939915284
11873,Zaječar,19.95,17.77119834634448
11874,Zaječar,21.97,23.341438913565607
11875,Zaječar,22.15,20.64647094052168
11876,Zaječar,16.48,17.397059061919318
11877,Zaječar,25.34,22.8306079772096
11878,Zaječar,26.36,23.90300336688893
11879,Zaječar,25.08,25.74177718669503
11880,Zaječar,34.59,29.298366016531016
11881,Zaječar,34.78,30.171315568254915
11882,Zaječar,28.36,24.18858997447201
11883,Zaječar,26.18,27.059346683756328
11884,Zaječar,34.6,29.791763151300465
11885,Zaječar,42.83,25.34073496409282
11886,Zaječar,19.59,19.838074777646483
11887,Zaječar,19.22,23.42891824944273
11888,Zaječar,21.05,17.128260131633148
11889,Zaječar,18.86,19.421683369554493
11890,Zaječar,19.4,20.342347654829812
11891,Zaječar,18.01,20.417530621204996
11892,Zaječar,20.87,21.25746865860923
11893,Zaječar,23.25,21.074131569613467
11894,Zaječar,26.9,23.75048792613963
11895,Zaječar,29.29,25.49699950030549
11896,Zaječar,26.91,26.5177472006699
11897,Zaječar,21.97,23.796972554152035
11898,Zaječar,24.71,22.27505647642796
11899,Zaječar,25.63,26.433301183664167
11900,Zaječar,32.58,25.77620842873481
11901,Zaječar,42.65,28.54087028994483
11902,Zaječar,34.77,28.905957047716708
11903,Zaječar,35.57,32.0472610925468
11904,Zaječar,17.75,22.09104050390811
11905,Zaječar,22.87,24.32827082235406
11906,Zaječar,23.06,25.949073821214498
11907,Zaječar,25.44,27.90202314756552
11908,Zaječar,26.17,30.659650226618773
11909,Zaječar,22.7,24.092973046408314
11910,Zaječar,27.75,26.482327528545795
11911,Zaječar,24.52,22.743844631649644
11912,Zaječar,19.95,24.867242273924663
11913,Zaječar,19.95,21.745439133944878
11914,Zaječar,21.96,23.930031458565946
11915,Zaječar,19.77,22.113770188208782
11916,Zaječar,12.63,18.541301233809516
11917,Zaječar,24.71,25.652392002066826
11918,Zaječar,20.87,25.29408036680188
11919,Zaječar,26.53,26.63818705641574
11920,Zaječar,27.27,29.82242085417191
11921,Zaječar,31.84,29.489505753248807
11922,Zaječar,34.78,30.426359689506377
11923,Zaječar,24.71,23.412102544968928
11924,Zaječar,18.18,20.53966191392132
11925,Zaječar,14.46,16.72745174286056
11926,Zaječar,18.48,20.82926785838767
11927,Zaječar,49.41,24.74043624574576
11928,Zaječar,45.75,30.71820406435381
11929,Zaječar,41.54,26.79791120912876
11930,Zaječar,36.23,30.05450897428808
11931,Zaječar,25.99,21.280430873558856
11932,Zaječar,21.96,23.422507476721464
11933,Zaječar,21.77,19.65261507994279
11934,Zaječar,24.34,23.876207269250862
11935,Zaječar,31.25,50.95021360119952
11936,Zaječar,48.62,44.45016512942459
11937,Zaječar,43.3,45.64077995811592
11938,Zaječar,46.24,50.88303819002172
11939,Zaječar,51.36,50.282280630508566
11940,Zaječar,48.44,37.24567140474873
11941,Zaječar,49.34,57.79034636566489
11942,Zaječar,50.63,52.37972109550629
11943,Zaječar,38.56,51.44127881891232
11944,Zaječar,55.92,43.02091046610662
11945,Zaječar,27.95,64.21461751110606
11946,Zaječar,59.94,75.3388867269441
11947,Zaječar,79.13,75.39638533799732
11948,Zaječar,105.93,82.89180395104049
11949,Zaječar,53.37,59.03779068488875
11950,Zaječar,67.95,61.852070149766085
11951,Zaječar,49.53,43.79414591414504
11952,Zaječar,55.19,47.29422744664882
11953,Zaječar,65.24,55.29048031389023
11954,Zaječar,73.26,82.89180395104049
11955,Zaječar,80.77,68.76225814816253
11956,Zaječar,64.67,66.58965717261388
11957,Zaječar,88.76,62.10919194673525
11958,Zaječar,103.59,70.03459579552997
11959,Zaječar,60.11,55.01048504638984
11960,Zaječar,90.09,72.45460704454527
11961,Zaječar,113.49,81.63068916895209
11962,Zaječar,136.44,92.67703371095756
11963,Zaječar,85.51,62.28720302899377
11964,Zaječar,77.48,56.452650871537664
11965,Zaječar,66.88,63.45807021965392
11966,Zaječar,145.58,114.6097698583098
11967,Zaječar,83.87,68.08503572666257
11968,Zaječar,66.32,66.03938203963115
11969,Zaječar,77.12,85.2301908840182
11970,Zaječar,51.51,59.59394131526703
11971,Zaječar,31.97,40.03026761913203
11972,Zaječar,64.88,63.25251130070899
11973,Zaječar,77.65,71.0534648538101
11974,Zaječar,81.13,76.2947761382449
11975,Zaječar,47.14,48.44362956299964
11976,Zaječar,33.99,48.0521776153558
11977,Zaječar,25.77,33.70831371400443
11978,Zaječar,42.22,49.37656733787006
11979,Zaječar,55.0,51.49458764382942
11980,Zaječar,49.16,49.94430884075266
11981,Zaječar,75.11,69.53628857758953
11982,Zaječar,129.37,93.47507184130664
11983,Zaječar,124.59,83.21280188281719
11984,Zaječar,47.14,42.9642712788946
11985,Zaječar,37.09,37.6422429344241
11986,Zaječar,25.4,27.15472609721018
11987,Zaječar,43.3,56.39596254833232
11988,Zaječar,40.92,50.26237049762212
11989,Zaječar,42.94,50.74328660693981
11990,Zaječar,50.99,45.7297690927043
11991,Zaječar,141.44,60.8591229339894
11992,Zaječar,61.77,114.55482474007678
11993,Zaječar,158.64,48.164136161156726
11994,Zaječar,97.36,87.8489373835264
11995,Zaječar,72.91,76.34834297741634
11996,Zaječar,69.63,69.78038170070802
11997,Zaječar,57.39,61.50080142331812
11998,Zaječar,148.19,55.21971962651657
11999,Zaječar,325.78,100.9920931627918
12000,Zaječar,222.13,118.40613237719612
12001,Zaječar,164.28,116.5859518245061
12002,Zaječar,228.77,106.82040895566524
12003,Zaječar,231.5,116.6962069868829
12004,Zaječar,153.29,118.83204202927485
12005,Zaječar,119.65,116.0545284975542
12006,Zaječar,216.17,91.3444177875283
12007,Zaječar,239.56,118.83204202927485
12008,Zaječar,307.3,118.94229719165163
12009,Zaječar,225.29,118.94229719165163
32387,Zaječar,190.46,63.51163705882536
32388,Zaječar,113.23,76.38274946385363
32389,Zaječar,120.24,107.6996701619915
32390,Zaječar,182.08,102.2677144517918
32391,Zaječar,168.3,118.94229719165163
32392,Zaječar,254.81,118.94229719165163
32393,Zaječar,148.32,108.10290851079358
32394,Zaječar,53.5,45.88117724321488
32395,Zaječar,44.06,39.50374626320469
32396,Zaječar,119.88,97.80127365091704
32397,Zaječar,92.67,89.32448341761284
32398,Zaječar,78.18,85.74914575031436
32399,Zaječar,90.32,99.14116951026077
32400,Zaječar,178.06,109.88789653399792
32401,Zaječar,250.09,108.4427166964106
32402,Zaječar,120.62,102.6177412085506
32403,Zaječar,97.01,87.32586669292984
32404,Zaječar,177.55,109.74020144781532
32405,Zaječar,166.49,91.10252068295476
32406,Zaječar,37.19,43.4487322544981
32407,Zaječar,116.43,115.40522950541492
32408,Zaječar,95.01,48.49949123094838
32409,Zaječar,76.71,90.36209719896652
32410,Zaječar,73.24,80.32439652197449
32411,Zaječar,33.0,37.10919778424036
32412,Zaječar,64.55,98.22679317610644
32413,Zaječar,61.64,37.561473177140776
32414,Zaječar,37.18,110.6246160852889
32415,Zaječar,101.2,109.40636478764186
32416,Zaječar,127.68,114.55482474007678
32417,Zaječar,232.68,115.68716120861012
32418,Zaječar,131.12,86.68753977922968
32419,Zaječar,88.85,109.08990099009168
32420,Zaječar,125.68,109.73416037133984
32421,Zaječar,92.31,98.74683296526938
32422,Zaječar,157.11,99.41503666033137
32423,Zaječar,179.72,101.0218212592724
32424,Zaječar,172.5,90.11666728278122
32425,Zaječar,184.47,103.780098009193
32426,Zaječar,86.51,40.11064621972531
32427,Zaječar,77.62,89.22894093061188
32428,Zaječar,73.27,91.99688140931022
32429,Zaječar,50.79,36.38552617911479
32430,Zaječar,20.13,25.504275532553727
32431,Zaječar,30.83,85.16877495876219
32432,Zaječar,88.3,75.08395517703617
32433,Zaječar,113.03,91.2341626251515
32434,Zaječar,129.54,98.00518092069224
32435,Zaječar,96.48,111.56580041956192
32436,Zaječar,96.66,80.5920663805088
32437,Zaječar,102.1,108.82895276693172
32438,Zaječar,124.43,104.37259700020076
32439,Zaječar,93.58,118.0918924263135
32440,Zaječar,80.7,106.3430645008682
32441,Zaječar,124.82,96.01131168904868
32442,Zaječar,132.6,56.60260386570947
32443,Zaječar,75.83,112.518729059754
32444,Zaječar,90.32,112.518729059754
32445,Zaječar,94.67,98.11543608306904
32446,Zaječar,88.5,59.41604170514972
32447,Zaječar,46.43,47.314950448896354
32448,Zaječar,32.28,56.46215841796617
32449,Zaječar,46.06,68.5938286023451
32450,Zaječar,66.0,93.51430640134264
32451,Zaječar,81.07,50.71702307418661
32452,Zaječar,49.34,47.12131077952208
32453,Zaječar,33.38,38.790355344450624
32454,Zaječar,52.58,46.97498967799711
32455,Zaječar,42.07,63.09873790702822
32456,Zaječar,61.48,79.21804979628715
32457,Zaječar,105.95,71.21768984556478
32458,Zaječar,53.68,41.187992665472926
32459,Zaječar,29.92,48.49745193707721
32460,Zaječar,40.98,81.55497194731288
32461,Zaječar,54.59,57.9912158177164
32462,Zaječar,53.68,85.15917028167739
32463,Zaječar,78.9,108.76520924096494
32464,Zaječar,86.67,81.49562390047598
32465,Zaječar,42.44,55.21125506246389
32466,Zaječar,58.58,86.36453756092371
32467,Zaječar,82.17,105.06174715694968
32468,Zaječar,76.73,72.44108505325768
32469,Zaječar,87.23,73.07165671035203
32470,Zaječar,44.81,27.040701035416387
32471,Zaječar,52.6,58.02380451180074
32472,Zaječar,47.89,41.197011120943145
32473,Zaječar,31.01,33.847963312129544
32474,Zaječar,25.21,32.17262956056237
32475,Zaječar,53.51,57.33794171493696
32476,Zaječar,51.15,55.010235675664525
32477,Zaječar,78.54,40.47493178020809
32478,Zaječar,105.73,49.875151026271965
32479,Zaječar,41.54,27.763410878619176
32480,Zaječar,21.59,40.20993236430754
32481,Zaječar,32.64,43.91729411132076
32482,Zaječar,32.1,37.8209236912802
32483,Zaječar,32.29,34.17622128471026
32484,Zaječar,29.39,33.28535544995236
32485,Zaječar,32.64,29.13661574049122
32486,Zaječar,32.1,34.542250579208655
32487,Zaječar,38.46,36.6618011328968
32488,Zaječar,41.53,44.50544535917938
32489,Zaječar,38.82,35.46970378537232
32490,Zaječar,35.55,32.43722485387932
32491,Zaječar,25.39,31.50431010556544
32492,Zaječar,30.29,34.39223813792032
32493,Zaječar,47.9,23.189479242183143
32494,Zaječar,10.89,19.910233208575995
32495,Zaječar,21.94,30.76349686309375
32496,Zaječar,37.9,35.075272192498815
32497,Zaječar,36.09,36.732980634290975
32498,Zaječar,33.56,25.327212269827523
32499,Zaječar,39.18,47.159318960104535
32500,Zaječar,29.91,43.1055905669515
32501,Zaječar,22.31,22.76675221305669
32502,Zaječar,26.66,37.0503662628636
32503,Zaječar,37.18,36.68911564016593
32504,Zaječar,30.84,33.02728495032257
32505,Zaječar,29.93,31.60124034960941
32506,Zaječar,33.56,33.170049695208625
32507,Zaječar,40.44,30.48627276991525
32508,Zaječar,27.2,24.74250011859443
32509,Zaječar,31.19,22.70053155048656
32510,Zaječar,20.5,23.26784281639389
32511,Zaječar,20.5,21.45207870657645
32512,Zaječar,19.23,24.09373173485875
32513,Zaječar,18.68,20.20285060021805
32514,Zaječar,13.78,18.6826076656586
32515,Zaječar,13.6,15.43759677513979
32516,Zaječar,29.02,24.220562579407247
32517,Zaječar,21.58,25.732370730302776
32518,Zaječar,19.04,17.69550617067752
32519,Zaječar,21.04,23.884440901352693
32520,Zaječar,21.95,19.92413995650049
32521,Zaječar,20.13,24.716757408862765
32522,Zaječar,24.85,21.17327900844102
32523,Zaječar,25.21,26.08962190306482
32524,Zaječar,23.76,22.333868149822045
32525,Zaječar,18.31,23.643374242549324
32526,Zaječar,21.76,17.15533797118413
32527,Zaječar,27.39,19.27212219690786
32528,Zaječar,18.86,18.00759565242427
32529,Zaječar,16.87,21.24523550078262
32530,Zaječar,18.14,21.36520877988096
32531,Zaječar,30.65,20.701565812518563
32532,Zaječar,28.3,22.69881463533274
32533,Zaječar,20.49,21.215629708004364
32534,Zaječar,18.86,20.718086876106412
32535,Zaječar,20.13,17.104998163541076
32536,Zaječar,14.87,21.83473237522713
32537,Zaječar,15.05,20.718086876106412
32538,Zaječar,18.14,22.09104050390811
32539,Zaječar,18.5,21.80427545287523
32540,Zaječar,17.77,17.649268567549036
32541,Zaječar,21.58,19.388199035007197
32542,Zaječar,17.59,20.28517415131132
32543,Zaječar,14.69,21.86712100114307
32544,Zaječar,21.04,25.949073821214498
32545,Zaječar,16.87,24.55692348206889
32546,Zaječar,21.59,25.87379793452098
32547,Zaječar,38.27,25.905297713364384
32548,Zaječar,29.92,29.484160258889244
32549,Zaječar,22.85,20.14123144914556
32550,Zaječar,29.2,18.426831637963165
32551,Zaječar,14.33,19.89362231265599
32552,Zaječar,13.06,21.579242412821053
32553,Zaječar,13.96,25.80900077937016
32554,Zaječar,19.23,25.949073821214498
32555,Zaječar,23.21,31.009353210081144
32556,Zaječar,48.06,27.42820309887517
32557,Zaječar,39.0,26.370861460294183
32558,Zaječar,45.16,27.01697581022492
32559,Zaječar,32.64,27.825151575347306
32560,Zaječar,25.57,25.746877120128183
32561,Zaječar,27.93,23.865729563247168
32562,Zaječar,30.46,21.229608139195356
32563,Zaječar,17.41,16.313174656866288
32564,Zaječar,20.67,19.27630900583877
32565,Zaječar,17.77,22.609028521595597
32566,Zaječar,21.04,25.409663499937363
32567,Zaječar,28.11,28.64139163975578
32568,Zaječar,29.7,17.554362721694954
32569,Zaječar,15.6,18.569578438094208
32570,Zaječar,16.86,21.90809050044132
32571,Zaječar,17.59,20.953462182618686
32572,Zaječar,19.23,23.095005117363076
32573,Zaječar,22.85,28.11594100525728
32574,Zaječar,26.47,29.9349512244729
32575,Zaječar,36.82,31.55905809063683
32576,Zaječar,34.09,30.73574368650004
32577,Zaječar,37.0,31.37221172099529
32578,Zaječar,38.09,31.02250873753292
32579,Zaječar,34.46,31.30171766596224
32580,Zaječar,29.38,31.488069377528767
32581,Zaječar,35.9,32.51706355428497
32582,Zaječar,45.34,38.46592195118024
32583,Zaječar,58.39,32.05481721515035
32584,Zaječar,40.44,31.76805216411748
32585,Zaječar,33.36,30.96203155861525
32586,Zaječar,27.75,23.919291842239232
32587,Zaječar,22.13,34.281012965306616
32588,Zaječar,30.83,25.26537106796432
32589,Zaječar,21.76,26.4242294575122
32590,Zaječar,20.86,20.637492658847524
32591,Zaječar,18.86,21.749463205353017
32592,Zaječar,17.77,23.67355744280488
32593,Zaječar,16.69,24.41771294846148
32594,Zaječar,18.32,27.089353866009134
32595,Zaječar,17.05,25.098848015871067
32596,Zaječar,22.67,26.597144413143056
32597,Zaječar,21.04,23.75048792613963
32598,Zaječar,23.58,27.37988916634855
32599,Zaječar,26.84,32.93447790460148
32600,Zaječar,17.96,23.81744805714284
32601,Zaječar,13.24,24.08363508963017
32602,Zaječar,17.23,29.33673421850355
32603,Zaječar,22.31,24.398550355887785
32604,Zaječar,21.4,24.475186928285503
32605,Zaječar,18.32,26.748370481854995
32606,Zaječar,26.48,21.8038104656048
32607,Zaječar,19.59,27.38744528895211
32608,Zaječar,19.04,27.5584062470471
32609,Zaječar,22.49,28.74188944965666
32610,Zaječar,26.84,30.494126388680662
32611,Zaječar,35.72,33.01873704325634
32612,Zaječar,40.44,34.77715287248078
32613,Zaječar,36.63,34.2790254820813
32614,Zaječar,35.36,30.499366049140384
32615,Zaječar,27.93,35.91727220815608
32616,Zaječar,33.56,29.804704871623453
32617,Zaječar,16.33,21.48128980756233
32618,Zaječar,23.39,30.683846604475505
32619,Zaječar,23.03,28.62004912684281
32620,Zaječar,28.47,29.432856691838136
32621,Zaječar,24.84,31.26927986118457
32622,Zaječar,31.56,32.29095765311538
32623,Zaječar,38.26,30.42375995598789
32624,Zaječar,40.45,35.830280153261526
32625,Zaječar,30.29,27.06361125060055
32626,Zaječar,24.31,24.924290968015672
32627,Zaječar,20.13,22.8306079772096
32628,Zaječar,30.1,29.58286913312646
32629,Zaječar,39.71,34.71083523981734
32630,Zaječar,43.16,37.49597511630515
32631,Zaječar,44.08,34.71083523981734
32632,Zaječar,44.61,38.45300745139153
32633,Zaječar,56.22,34.34666704180458
32634,Zaječar,46.06,32.603293773208804
32635,Zaječar,36.82,25.3555287185294
32636,Zaječar,41.52,29.808934881164625
32637,Zaječar,42.44,32.385645356952914
32638,Zaječar,15.05,17.54127240424894
32639,Zaječar,19.04,21.78927860578685
32640,Zaječar,20.86,23.6460349149656
32641,Zaječar,18.68,19.74193866047926
32642,Zaječar,5.62,17.06972345160499
32643,Zaječar,8.53,17.18504692130922
32644,Zaječar,9.07,20.73160886739401
32645,Zaječar,19.05,25.14031520831965
32646,Zaječar,35.55,28.07392152416537
32647,Zaječar,39.17,29.16027548227148
32648,Zaječar,31.37,26.93646866008908
32649,Zaječar,31.92,34.25748307880652
32650,Zaječar,32.47,37.3923259387567
32651,Zaječar,34.28,37.3923259387567
32652,Zaječar,25.03,27.530195217634997
32653,Zaječar,30.29,29.470329243471166
32654,Zaječar,27.02,24.79061222485728
32655,Zaječar,29.92,28.137664078426457
32656,Zaječar,26.66,29.23577827374859
32657,Zaječar,9.43,16.19667031591055
32658,Zaječar,11.97,20.57586669617892
32659,Zaječar,22.13,31.580432564426
32660,Zaječar,31.01,47.00815142070688
32661,Zaječar,37.54,35.24442916843241
32662,Zaječar,32.82,19.142375189051297
32663,Zaječar,17.41,23.521688279429448
32664,Zaječar,22.13,50.39876676142081
32665,Zaječar,36.46,37.224166126536666
32666,Zaječar,54.42,37.1072878969816
32667,Zaječar,43.16,32.30354065717888
32668,Zaječar,23.4,28.310806115270164
32669,Zaječar,20.67,30.58079104464786
32670,Zaječar,33.55,40.46274002215595
32671,Zaječar,33.37,32.215009839865246
32672,Zaječar,26.85,61.90956876081931
32673,Zaječar,50.43,46.02424550074688
32674,Zaječar,33.38,30.806874598463857
32675,Zaječar,23.76,30.096557540816423
32676,Zaječar,26.12,48.22823492711724
32677,Zaječar,54.59,55.54968330554091
32678,Zaječar,97.41,72.60951459907511
32679,Zaječar,95.03,70.13200473900659
32680,Zaječar,82.34,91.993672400901
32681,Zaječar,84.35,68.76225814816253
32682,Zaječar,93.8,72.55201598802189
32683,Zaječar,89.06,76.71214572906126
32684,Zaječar,99.06,83.49721646010799
32685,Zaječar,86.33,105.05169061824526
32686,Zaječar,113.17,98.15927818737424
32687,Zaječar,92.51,70.07450612795337
32688,Zaječar,89.97,104.68359424981708
32689,Zaječar,77.45,57.18356007238735
32690,Zaječar,37.18,57.15285580595245
32691,Zaječar,78.54,66.66277655555812
32692,Zaječar,83.45,100.08267764649408
32693,Zaječar,140.94,91.18059578598006
32694,Zaječar,126.43,91.18059578598006
32695,Zaječar,155.42,105.7296032859987
32696,Zaječar,179.76,106.53900128633316
32697,Zaječar,124.77,50.99534139475326
32698,Zaječar,44.98,54.874923547498845
32699,Zaječar,31.92,30.262930400300345
32700,Zaječar,30.84,36.37424990249065
32701,Zaječar,43.52,45.66954227106229
32702,Zaječar,43.52,59.5155390653385
32703,Zaječar,42.62,91.12859712174438
32704,Zaječar,97.75,88.17535206114255
32705,Zaječar,114.28,96.79581947936596
32706,Zaječar,163.22,84.50090753244078
32707,Zaječar,122.23,118.7784751901034
32708,Zaječar,108.09,30.320198408994383
32709,Zaječar,41.72,70.35714553056155
32710,Zaječar,47.33,24.98939946188154
32711,Zaječar,40.99,73.87695462404284
32712,Zaječar,108.45,106.44462384973713
32713,Zaječar,120.6,91.18059578598006
32714,Zaječar,243.02,117.92807042476528
32715,Zaječar,182.66,115.79223538237332
32716,Zaječar,102.85,96.81036212461804
32717,Zaječar,81.79,102.2633193845898
32718,Zaječar,89.77,31.640657145115448
32719,Zaječar,33.19,32.62464499886864
32720,Zaječar,41.88,36.56459396599372
32721,Zaječar,37.18,43.79226940621189
32722,Zaječar,55.13,76.03026843514475
32723,Zaječar,44.43,31.93099599512575
32724,Zaječar,28.48,47.865493243562256
32725,Zaječar,64.74,73.28566019745736
32726,Zaječar,67.46,38.79162910558277
32727,Zaječar,54.39,64.47660491055717
32728,Zaječar,71.99,57.21495644028165
32729,Zaječar,76.7,81.22583743616481
32730,Zaječar,46.6,58.64145527290449
32731,Zaječar,78.54,95.64936936936144
32732,Zaječar,89.06,58.21304198792049
32733,Zaječar,47.15,37.86543517740363
32734,Zaječar,28.47,60.163176270374855
32735,Zaječar,128.42,99.25305888528548
32736,Zaječar,210.23,91.39280363808614
32737,Zaječar,158.11,118.83204202927485
32738,Zaječar,206.78,29.72323112982939
32739,Zaječar,29.74,55.110429013497246
32740,Zaječar,88.5,85.66920007920801
32741,Zaječar,59.8,67.83903303923152
32742,Zaječar,92.13,67.83903303923152
32743,Zaječar,224.88,104.3551570486352
32744,Zaječar,101.0,82.53806400490063
32745,Zaječar,71.8,105.02880429431607
32746,Zaječar,163.16,115.40522950541492
12010,Zemun,70.175,58.172200664053385
12011,Zemun,62.0375,59.63155366511086
12012,Zemun,96.775,76.18073901748649
12013,Zemun,100.7833333,66.84410293088484
12014,Zemun,35.62083333,33.6122800868818
12015,Zemun,20.85041667,28.37887655194551
12016,Zemun,36.53333333,49.0160469234054
12017,Zemun,33.97083333,38.91625077018807
12018,Zemun,34.8125,44.50090904234268
12019,Zemun,45.20833333,39.39321855759944
12020,Zemun,33.99583333,35.65176908088967
12021,Zemun,82.525,59.10145789214791
12022,Zemun,102.2291667,87.12876132885204
12023,Zemun,81.79583333,69.27070826336823
12024,Zemun,67.2875,58.86683286765222
12025,Zemun,121.4708333,96.15773050775574
12026,Zemun,68.955,60.22992377561141
12027,Zemun,35.35708333,36.98921781186681
12028,Zemun,92.425,71.0515414751491
12029,Zemun,111.2541667,80.35214318935544
12030,Zemun,27.35,26.358228734210947
12031,Zemun,39.10875,31.60735664802092
12032,Zemun,35.75416667,37.25682962745336
12033,Zemun,77.49166667,60.95125077523797
12034,Zemun,85.55416667,75.725912065552
12035,Zemun,53.92083333,52.12959963985739
12036,Zemun,76.9375,64.98694756245418
12037,Zemun,72.65,58.45804780622869
12038,Zemun,36.86,30.6451668397255
12039,Zemun,63.025,31.591041437670206
12040,Zemun,43.33333333,34.45902043059348
12041,Zemun,44.10416667,40.57170048029238
12042,Zemun,42.19166667,38.42628404245852
12043,Zemun,76.91666667,33.21363572556638
12044,Zemun,142.0333333,60.323765507020624
12045,Zemun,88.82083333,58.908839559861626
12046,Zemun,78.04583333,47.68250078310036
12047,Zemun,24.93458333,22.053188104206058
12048,Zemun,29.2575,28.8325159302394
12049,Zemun,72.60434783,45.55896213507167
12050,Zemun,123.3708333,69.91200459762192
12051,Zemun,92.50833333,47.58549426698925
12052,Zemun,37.635,34.736741715383296
12053,Zemun,34.9375,38.71525745608891
12054,Zemun,44.05416667,35.17351776520967
12055,Zemun,52.8875,38.52368179629139
12056,Zemun,59.82916667,48.9229690514615
12057,Zemun,64.86666667,44.38684585295418
12058,Zemun,31.01458333,23.91057392328017
12059,Zemun,34.49583333,32.8861914548142
12060,Zemun,23.06125,31.006855893835915
12061,Zemun,33.69875,28.72795859619877
12062,Zemun,21.79208333,23.95698843874608
12063,Zemun,41.49583333,29.693925708529434
12064,Zemun,62.75416667,45.229437900696894
12065,Zemun,55.40833333,38.85654027787
12066,Zemun,23.11666667,27.94580457805468
12067,Zemun,19.04166667,28.471850912650726
12068,Zemun,33.60833333,37.03421898238594
12069,Zemun,44.92916667,44.88886990295612
12070,Zemun,50.64166667,45.661173985983055
12071,Zemun,95.29583333,60.47238972338314
12072,Zemun,81.875,59.20789344939394
12073,Zemun,55.85,55.05773680999933
12074,Zemun,31.60416667,34.0975432610825
12075,Zemun,34.42916667,39.56974149526648
12076,Zemun,48.3375,40.34030709076342
12077,Zemun,48.74583333,39.16024330905077
12078,Zemun,28.37916667,30.93999282881292
12079,Zemun,51.9375,44.27092189075525
12080,Zemun,116.5083333,74.56383249382453
12081,Zemun,137.5375,85.86040002663009
12082,Zemun,78.6125,52.58417439417671
12083,Zemun,101.7791667,58.407702599369
12084,Zemun,114.0125,42.64648738426819
12085,Zemun,36.625,39.51096065218464
12086,Zemun,77.55,47.54987218607945
12087,Zemun,76.21666667,60.70318563669524
12088,Zemun,44.95416667,42.765943605113264
12089,Zemun,115.3875,70.69556067427851
12090,Zemun,105.4583333,63.061632727912894
12091,Zemun,132.675,60.117716114528285
12092,Zemun,97.55,53.699029029340245
12093,Zemun,93.87083333,49.18381304200976
12094,Zemun,102.5875,54.213642792171655
12095,Zemun,51.78181818,44.71898930007707
12096,Zemun,100.9833333,48.47981317810132
12097,Zemun,132.6416667,66.17643680572529
12098,Zemun,76.42916667,41.21265433255552
12099,Zemun,42.62083333,22.75296769411573
12100,Zemun,20.18375,20.226010197723685
12101,Zemun,23.65416667,28.423109944834717
12102,Zemun,25.325,29.01257307809554
12103,Zemun,42.96666667,45.78548163353136
12104,Zemun,72.39583333,41.70305077589454
12105,Zemun,50.9625,40.6755594865342
12106,Zemun,29.48041667,25.092222695064976
12107,Zemun,38.87083333,31.678667808061988
12108,Zemun,30.47083333,23.76197772769297
12109,Zemun,15.09541667,21.831474569613608
12110,Zemun,38.4,30.517791742950862
12111,Zemun,36.77916667,37.780828074926106
12112,Zemun,51.39583333,39.44377983458861
12113,Zemun,71.21666667,45.89444176985309
12114,Zemun,72.12083333,40.71373682247381
12115,Zemun,30.53333333,26.275111250327583
12116,Zemun,23.61625,24.88953496996068
12117,Zemun,25.82541667,25.863982083954465
12118,Zemun,34.10833333,30.39577170769812
12119,Zemun,33.72916667,31.83533666861442
12120,Zemun,41.92916667,36.44719164422986
12121,Zemun,26.40833333,19.734622308681764
12122,Zemun,18.71666667,24.822964187100357
12123,Zemun,37.36666667,22.269561490360896
12124,Zemun,27.02541667,24.16601116725844
12125,Zemun,29.57916667,26.258642528517424
12126,Zemun,25.65833333,27.862975122195884
12127,Zemun,37.09583333,28.65833078671817
12128,Zemun,26.5125,25.79804814413836
12129,Zemun,14.94583333,22.65471005930936
12130,Zemun,17.9375,24.59080544085273
12131,Zemun,33.87083333,25.38335309692895
12132,Zemun,58.9375,27.191384672337428
12133,Zemun,33.14166667,26.77699020813786
12134,Zemun,30.775,23.21631834250584
12135,Zemun,31.55833333,28.538833230284112
12136,Zemun,27.98333333,25.237149693235462
12137,Zemun,41.4625,26.500705358012112
12138,Zemun,45.59166667,24.770057196444625
12139,Zemun,57.62916667,27.31855339473454
12140,Zemun,67.0875,27.191384672337428
12141,Zemun,56.34166667,29.85463316952557
12142,Zemun,53.475,22.716226862040784
12143,Zemun,44.21666667,25.835989651576117
12144,Zemun,53.35833333,26.67724848235573
12145,Zemun,46.09166667,22.49509003160761
12146,Zemun,23.50416667,19.622692187501205
12147,Zemun,41.54166667,24.92867049555856
12148,Zemun,44.475,27.31899675386233
12149,Zemun,51.6375,28.586335837735994
12150,Zemun,20.89583333,21.579449032860477
12151,Zemun,26.27916667,22.722761697979628
12152,Zemun,29.90833333,24.70596198364577
12153,Zemun,54.95416667,30.50326245357075
12154,Zemun,25.76666667,20.888407595346976
12155,Zemun,39.99166667,27.875651022062023
12156,Zemun,21.02958333,18.32444918284863
12157,Zemun,17.19291667,19.960222318385277
12158,Zemun,24.8625,24.915024990595423
12159,Zemun,31.60416667,27.547569989287798
12160,Zemun,38.475,23.31778872955102
12161,Zemun,44.1375,27.962230379455644
12162,Zemun,34.975,25.720764684120905
12163,Zemun,34.90416667,25.220432401179902
12164,Zemun,21.68333333,23.67408660967009
12165,Zemun,27.5125,20.396595201987417
12166,Zemun,23.72083333,23.89527389000732
12167,Zemun,24.97083333,19.012357613545504
12168,Zemun,18.86666667,16.299482807919713
12169,Zemun,23.34583333,19.9810174278046
12170,Zemun,24.67916667,16.230985222955
12171,Zemun,20.12083333,18.490179236046448
12172,Zemun,26.2875,24.21712004809142
12173,Zemun,24.76666667,20.79990236924493
12174,Zemun,39.57083333,21.62289038120476
12175,Zemun,39.50833333,23.010198041734544
12176,Zemun,35.075,21.865533582670658
12177,Zemun,29.43333333,21.40232983032013
12178,Zemun,26.48333333,22.643129189540183
12179,Zemun,31.86666667,26.74148068138555
12180,Zemun,45.22916667,24.880277631437217
12181,Zemun,32.89583333,24.62329107132068
12182,Zemun,31.46666667,18.694453275683557
12183,Zemun,29.25,24.67609198713941
12184,Zemun,31.22083333,21.94797545782109
12185,Zemun,23.525,21.82410598332723
12186,Zemun,27.49583333,26.02482492983805
12187,Zemun,37.44166667,28.668908986879583
12188,Zemun,29.67916667,27.08902406097352
12189,Zemun,46.4,29.894380825069256
12190,Zemun,10.58916667,32.00186604531231
12191,Zemun,8.546666667,24.126953743421776
12192,Zemun,7.68375,26.89169943607872
12193,Zemun,10.10125,29.27136924789881
12194,Zemun,8.849166667,25.29247644007677
12195,Zemun,5.313333333,18.710871878256587
12196,Zemun,4.464166667,20.64292202251377
12197,Zemun,6.873333333,21.680108253544866
12198,Zemun,6.427083333,21.99095263004069
12199,Zemun,6.102916667,22.227169663866917
12200,Zemun,8.67375,26.36295774934383
12201,Zemun,7.093913043,26.54391115409432
12202,Zemun,4.027083333,22.443912294396178
12203,Zemun,7.06625,22.829597124942115
12204,Zemun,9.210833333,22.54344630082819
12205,Zemun,15.80958333,26.14655146220522
12206,Zemun,14.4275,26.78161268762424
12207,Zemun,10.677,28.772696500147514
12208,Zemun,11.82625,29.13764163252773
12209,Zemun,13.895,32.845096158429065
12210,Zemun,5.23375,30.531015449169217
12211,Zemun,7.915,27.706776272101056
12212,Zemun,9.046521739,27.84217915452393
12213,Zemun,3.070434783,24.20787831845805
12214,Zemun,6.602083333,24.55291979049021
12215,Zemun,5.804583333,28.42525615158232
12216,Zemun,3.765416667,24.48642154521924
12217,Zemun,5.305833333,20.51394557256421
12218,Zemun,29.59583333,24.357797443453844
12219,Zemun,41.05416667,24.31023720567709
12220,Zemun,34.875,27.22258890883892
12221,Zemun,45.31666667,28.32174794998005
12222,Zemun,39.62083333,28.47057048368808
12223,Zemun,42.6125,28.47057048368808
12224,Zemun,33.34166667,24.880539605171677
12225,Zemun,26.20708333,22.488537105051517
12226,Zemun,26.61666667,22.08538830927018
12227,Zemun,26.11666667,21.5717127028716
12228,Zemun,26.25,24.687416615425608
12229,Zemun,35.94583333,24.695649021566563
12230,Zemun,21.37083333,17.37528529049783
12231,Zemun,21.425,18.540585065796154
12232,Zemun,36.4375,27.32578992274736
12233,Zemun,26.35416667,26.04668515589517
12234,Zemun,35.85,26.04668515589517
12235,Zemun,39.9,30.37504440516001
12236,Zemun,44.80416667,29.093330083443902
12237,Zemun,38.80416667,21.789343789655693
12238,Zemun,15.20625,14.831659232440568
12239,Zemun,19.9125,18.705133227361248
12240,Zemun,17.78333333,15.403343655713714
12241,Zemun,21.6375,21.148118833988097
12242,Zemun,36.25416667,25.10349010780012
12243,Zemun,57.8625,27.56601914372151
12244,Zemun,62.22083333,27.727112057623035
12245,Zemun,58.29166667,29.765538537696404
12246,Zemun,23.71666667,19.82242956606142
12247,Zemun,31.42125,19.033934364166665
12248,Zemun,32.00416667,20.576938127669305
12249,Zemun,20.51166667,16.771777462979585
12250,Zemun,16.67958333,16.200093039706438
12251,Zemun,27.20416667,23.66337378865887
12252,Zemun,29.10833333,24.76438990261404
12253,Zemun,32.525,24.187052869829014
12254,Zemun,36.32083333,27.414709670473737
12255,Zemun,30.39166667,26.865035311016385
12256,Zemun,33.1125,28.885506354509992
12257,Zemun,29.0875,27.34966068936247
12258,Zemun,17.72166667,19.36587700154602
12259,Zemun,17.73458333,20.336769539011765
12260,Zemun,16.6,19.47092545840217
12261,Zemun,43.275,22.225840454271285
12262,Zemun,35.83333333,23.905190407391835
12263,Zemun,43.09583333,26.09325909360616
12264,Zemun,12.43,17.24729791348035
12265,Zemun,9.8275,14.786639471452432
12266,Zemun,10.54875,18.36927425418527
12267,Zemun,13.61083333,18.081323306623972
12268,Zemun,18.16833333,20.056542158180168
12269,Zemun,15.21166667,18.797060307702555
12270,Zemun,22.01666667,20.95696241893056
12271,Zemun,37.28333333,24.468812607719773
12272,Zemun,51.2875,29.68236985388372
12273,Zemun,37.0875,25.86986738717239
12274,Zemun,18.71208333,18.10681628186825
12275,Zemun,20.085,21.607509520470057
12276,Zemun,20.2825,21.794196641545707
12277,Zemun,17.975,18.407944370686643
12278,Zemun,22.45416667,20.341650392659787
12279,Zemun,21.12625,17.441606089395407
12280,Zemun,14.90583333,19.692973936138543
12281,Zemun,13.39666667,17.670677832776963
12282,Zemun,23.51208333,18.70457055702216
12283,Zemun,38.19583333,28.85332139390419
12284,Zemun,43.45416667,32.40237862243342
12285,Zemun,60.06666667,39.98588033587015
12286,Zemun,46.70833333,28.92445647606388
12287,Zemun,69.32916667,45.54922509648573
12288,Zemun,46.84166667,31.28688638915549
12289,Zemun,70.00416667,42.42794871497344
12290,Zemun,78.53333333,46.64427789448951
12291,Zemun,55.96086957,39.98588033587015
12292,Zemun,39.23333333,28.287063605092204
12293,Zemun,27.28333333,28.05446787827948
12294,Zemun,23.09166667,28.704056900755297
12295,Zemun,33.20833333,30.344379260692072
12296,Zemun,42.77083333,29.956262596533985
12297,Zemun,56.3375,43.59415318377394
12298,Zemun,34.4,32.200482237380385
12299,Zemun,41.325,27.021605591116664
12300,Zemun,63.30875,33.06453371790285
12301,Zemun,21.2275,31.910313306426644
12302,Zemun,70.00833333,41.13397592451695
12303,Zemun,45.39166667,35.57431193846957
12304,Zemun,46.0125,35.80782208868601
12305,Zemun,53.7,36.86603665786544
12306,Zemun,53.6,45.85731081731221
12307,Zemun,47.36666667,45.41092730699743
12308,Zemun,58.4,50.2438639020972
12309,Zemun,66.2125,53.3271376968028
12310,Zemun,91.82083333,61.75233794863104
12311,Zemun,54.35416667,48.3430886301881
12312,Zemun,51.54166667,50.2438639020972
12313,Zemun,54.23333333,32.56800070620416
12314,Zemun,33.22916667,28.6998210921486
12315,Zemun,32.42083333,30.79308435759717
12316,Zemun,35.1,32.941995740874944
12317,Zemun,39.60416667,45.85731081731221
12318,Zemun,77.7625,53.44707975693103
12319,Zemun,53.44583333,42.0192412674836
12320,Zemun,39.94583333,37.32140282447918
12321,Zemun,37.61666667,42.48308489864857
12322,Zemun,32.49166667,32.33902326848437
12323,Zemun,50.90416667,45.40726019074432
12324,Zemun,67.72083333,51.228426914770765
12325,Zemun,51.50416667,38.54868591946216
12326,Zemun,44.35625,32.879333627238665
12327,Zemun,17.4125,25.356190171894355
12328,Zemun,33.18333333,29.010919265231134
12329,Zemun,15.37583333,20.018066239583163
12330,Zemun,14.16583333,21.65983868819575
12331,Zemun,28.35416667,28.00684007123814
12332,Zemun,55.54166667,43.96372753428922
12333,Zemun,67.175,58.4044237733042
12334,Zemun,47.125,46.26871422784304
12335,Zemun,28.7875,36.80602489653565
12336,Zemun,19.15416667,31.031678304178584
12337,Zemun,6.38875,20.68030049706217
12338,Zemun,7.41,20.75367757996698
12339,Zemun,13.04916667,24.334834379913534
12340,Zemun,16.59166667,27.58412929201233
12341,Zemun,8.3375,18.903855264763774
12342,Zemun,12.83958333,25.5506410739688
12343,Zemun,33.04583333,28.219449565999827
12344,Zemun,27.40458333,28.883320932331387
12345,Zemun,55.1875,40.26883158616888
12346,Zemun,46.075,28.12133014850555
12347,Zemun,21.17041667,19.014528387378995
12348,Zemun,18.12791667,23.286466396155877
12349,Zemun,39.4875,33.32337530546451
12350,Zemun,66.07083333,54.66033594553528
12351,Zemun,24.7,24.85217198817991
12352,Zemun,64.9375,40.01382280827843
12353,Zemun,24.58666667,22.466693337866506
12354,Zemun,36.41666667,38.37505951765015
12355,Zemun,41.5,59.55530846839366
12356,Zemun,39.8625,53.59869131717718
12357,Zemun,29.82916667,41.58015035223804
12358,Zemun,138.175,93.93275853313456
12359,Zemun,121.075,112.27420062046352
12360,Zemun,126.3583333,76.91184355777872
12361,Zemun,59.76666667,50.6046961421627
12362,Zemun,59.90833333,58.8592507252387
12363,Zemun,99.42083333,61.7105330473768
12364,Zemun,25.87916667,25.81922561782894
12365,Zemun,42.75,42.087574161480745
12366,Zemun,100.075,48.90870263794415
12367,Zemun,91.84583333,35.23658420080469
14129,Zrenjanin,89.0,40.80892389429068
14130,Zrenjanin,118.0,52.261404135752166
14131,Zrenjanin,31.0,24.389627999775808
14132,Zrenjanin,52.0,30.070730635424948
14133,Zrenjanin,19.0,34.771144170765105
14134,Zrenjanin,34.0,53.75200315785988
14135,Zrenjanin,70.0,72.41190730635955
14136,Zrenjanin,39.0,61.68256664460125
14137,Zrenjanin,75.0,59.47032491974883
14138,Zrenjanin,44.0,34.83101545546992
14139,Zrenjanin,75.0,31.299136633212125
14140,Zrenjanin,107.0,28.95718573193951
14141,Zrenjanin,125.0,24.054419905561105
14142,Zrenjanin,44.0,43.42795100976951
14143,Zrenjanin,39.0,30.070730635424948
14144,Zrenjanin,75.0,27.761818844587356
14145,Zrenjanin,92.0,37.96628471718109
14146,Zrenjanin,58.0,37.88871628343183
14147,Zrenjanin,66.0,34.207531509074414
14148,Zrenjanin,79.0,22.350562971912037
14149,Zrenjanin,43.0,27.7865071416716
14150,Zrenjanin,92.0,32.251909904267784
14151,Zrenjanin,207.0,48.50647072234788
14152,Zrenjanin,123.0,39.06016165612471
14153,Zrenjanin,25.0,26.897099131827744
14154,Zrenjanin,50.0,27.473789194701787
14155,Zrenjanin,73.0,30.546195587463853
14156,Zrenjanin,77.0,31.24243758637184
14157,Zrenjanin,43.0,41.568937227574665
14158,Zrenjanin,32.0,31.0944622916533
14159,Zrenjanin,33.0,27.51056450837892
14160,Zrenjanin,23.0,30.447929593846105
14161,Zrenjanin,24.0,34.29069041211259
14162,Zrenjanin,30.0,28.23129756365876
14163,Zrenjanin,18.0,25.531175661575546
14164,Zrenjanin,40.0,29.923003384047803
14165,Zrenjanin,51.0,36.37236668234528
14166,Zrenjanin,34.0,35.42207982784925
14167,Zrenjanin,15.0,25.275631521122666
14168,Zrenjanin,24.0,28.914656493746183
14169,Zrenjanin,18.0,29.170760391208063
14170,Zrenjanin,22.0,35.75691705103857
14171,Zrenjanin,22.0,39.95260404520592
14172,Zrenjanin,69.0,69.17288931401411
14173,Zrenjanin,74.0,52.82824322890709
14174,Zrenjanin,40.0,46.92629120329107
14175,Zrenjanin,29.0,39.24688025045483
14176,Zrenjanin,26.0,37.13998344491485
14177,Zrenjanin,23.0,30.50074161537158
14178,Zrenjanin,22.0,29.44768511698297
14179,Zrenjanin,18.0,25.707255652755403
14180,Zrenjanin,20.0,38.24117534161904
14181,Zrenjanin,70.0,60.36041251293767
14182,Zrenjanin,93.0,67.99393275927994
14183,Zrenjanin,55.0,44.49067868372207
14184,Zrenjanin,51.0,41.69700695926101
14185,Zrenjanin,61.0,37.929155305914485
14186,Zrenjanin,40.0,43.26916875721134
14187,Zrenjanin,42.0,40.34047420503802
14188,Zrenjanin,47.0,50.84042152804732
14189,Zrenjanin,29.0,41.05054089710091
14190,Zrenjanin,56.0,64.46364133502556
14191,Zrenjanin,34.0,50.50855834078594
14192,Zrenjanin,57.0,49.18729405681992
14193,Zrenjanin,48.0,48.15491517669065
14194,Zrenjanin,39.0,47.693252194961616
14195,Zrenjanin,49.0,52.03959514205495
14196,Zrenjanin,30.0,39.01681207664244
14197,Zrenjanin,61.0,43.19238081276196
14198,Zrenjanin,84.0,54.84144676832459
14199,Zrenjanin,59.0,36.711260409972
14200,Zrenjanin,42.0,21.973276127480368
14201,Zrenjanin,25.0,21.76822398615077
14202,Zrenjanin,18.0,27.80957635365887
14203,Zrenjanin,22.0,70.0501928075777
14204,Zrenjanin,36.0,40.108048964164
14205,Zrenjanin,52.0,43.16759687998191
14206,Zrenjanin,40.0,38.26327961678478
14207,Zrenjanin,38.0,21.207471968197133
14208,Zrenjanin,41.0,27.26151511863004
14209,Zrenjanin,21.0,20.419492403290374
14210,Zrenjanin,10.0,20.564639935214867
14211,Zrenjanin,26.0,30.96166764071828
14212,Zrenjanin,39.0,37.61483185381825
14213,Zrenjanin,29.0,34.135533079111326
14214,Zrenjanin,51.0,38.2831569333113
14215,Zrenjanin,43.0,37.0670607320009
14216,Zrenjanin,24.0,21.51472727229981
14217,Zrenjanin,22.0,27.06797502555621
14218,Zrenjanin,14.0,25.674101642634675
14219,Zrenjanin,49.0,29.382627336123544
14220,Zrenjanin,36.0,30.492339834149877
14221,Zrenjanin,40.0,32.91227125146672
14222,Zrenjanin,46.0,20.50935576636958
14223,Zrenjanin,25.0,24.135190040302803
14224,Zrenjanin,31.0,22.64871348208324
14225,Zrenjanin,32.0,20.000925329144568
14226,Zrenjanin,18.0,22.153866006818102
14227,Zrenjanin,19.0,20.839357703778308
14228,Zrenjanin,21.0,22.34549925500351
14229,Zrenjanin,22.0,25.24000627990505
14230,Zrenjanin,38.0,23.72865038765081
14231,Zrenjanin,24.0,22.29650017207742
14232,Zrenjanin,28.0,24.423225473269053
14233,Zrenjanin,41.0,24.124495657992213
14234,Zrenjanin,32.0,24.171997229011225
14235,Zrenjanin,43.0,24.65749505934871
14236,Zrenjanin,45.0,22.854286118918697
14237,Zrenjanin,38.0,24.81848856877953
14238,Zrenjanin,29.0,26.49458209937596
14239,Zrenjanin,26.0,24.665598863894072
14240,Zrenjanin,32.0,25.102910487669774
14241,Zrenjanin,21.0,20.617694881229717
14242,Zrenjanin,28.0,23.16203407299261
14243,Zrenjanin,40.0,24.605285567258893
14244,Zrenjanin,56.0,31.775441007482364
14245,Zrenjanin,48.0,22.91456129791729
14246,Zrenjanin,29.0,28.25311996477177
14247,Zrenjanin,33.0,29.171510795931496
14248,Zrenjanin,52.0,24.980870413525093
14249,Zrenjanin,19.0,18.651583828795296
14250,Zrenjanin,26.0,21.163292543332183
14251,Zrenjanin,22.0,19.185123401525544
14252,Zrenjanin,36.0,25.26339605760828
14253,Zrenjanin,24.0,25.18739531620681
14254,Zrenjanin,14.0,27.018336857723163
14255,Zrenjanin,23.0,22.14059679480944
14256,Zrenjanin,25.0,22.53068559916272
14257,Zrenjanin,26.0,24.249088657168144
14258,Zrenjanin,29.0,25.00395276107803
14259,Zrenjanin,31.0,26.57251826075471
14260,Zrenjanin,42.0,27.10085862677761
14261,Zrenjanin,33.0,30.187560580743806
14262,Zrenjanin,29.0,27.93257285268166
14263,Zrenjanin,44.0,29.119998192589247
14264,Zrenjanin,21.0,30.656686021649875
14265,Zrenjanin,27.0,26.2187591699454
14266,Zrenjanin,31.0,26.046797049070754
14267,Zrenjanin,30.0,26.41613605575052
14268,Zrenjanin,23.0,23.2730220995662
14269,Zrenjanin,48.0,18.481433050695284
14270,Zrenjanin,54.0,22.3069601401806
14271,Zrenjanin,34.0,23.34040252401776
14272,Zrenjanin,32.0,28.539539801515804
14273,Zrenjanin,24.0,28.558475158469665
14274,Zrenjanin,34.0,29.242267346578224
14275,Zrenjanin,30.0,29.048604192235143
14276,Zrenjanin,25.0,24.09742392141488
14277,Zrenjanin,32.0,24.08591229438512
14278,Zrenjanin,21.0,20.36992522007772
14279,Zrenjanin,19.0,21.205115006182822
14280,Zrenjanin,20.0,23.7208746947302
14281,Zrenjanin,24.0,25.372223079886545
14282,Zrenjanin,24.0,19.87891294680015
14283,Zrenjanin,21.0,21.27820624637948
14284,Zrenjanin,27.0,25.57893634532807
14285,Zrenjanin,28.0,24.87084511702944
14286,Zrenjanin,25.0,26.258137366987427
14287,Zrenjanin,36.0,32.33269129062733
14288,Zrenjanin,64.0,31.85276610592836
14289,Zrenjanin,32.0,20.02670862311662
14290,Zrenjanin,16.0,18.21526256026049
14291,Zrenjanin,20.0,15.547083595077456
14292,Zrenjanin,15.0,16.532385207406243
14293,Zrenjanin,19.0,21.21289137143648
14294,Zrenjanin,33.0,25.337432010287397
14295,Zrenjanin,49.0,26.72192285440252
14296,Zrenjanin,56.0,25.34384509240786
14297,Zrenjanin,54.0,29.101058142446725
14298,Zrenjanin,31.0,21.974728976671905
14299,Zrenjanin,30.0,19.438884052665923
14300,Zrenjanin,24.0,19.63578538208061
14301,Zrenjanin,15.0,16.562813631603078
14302,Zrenjanin,11.0,15.528297090884584
14303,Zrenjanin,15.0,20.434899359417315
14304,Zrenjanin,27.0,24.210540822876244
14305,Zrenjanin,31.0,22.334217540901648
14306,Zrenjanin,38.0,24.15959340227745
14307,Zrenjanin,38.0,27.386722014533444
14308,Zrenjanin,40.0,34.37409620183696
14309,Zrenjanin,30.0,22.27264300776905
14310,Zrenjanin,22.0,18.34326314908541
14311,Zrenjanin,12.0,19.6378126422984
14312,Zrenjanin,14.0,20.210482607880657
14313,Zrenjanin,20.0,26.27439658835986
14314,Zrenjanin,36.0,26.68185558369369
14315,Zrenjanin,37.0,22.610124203079437
14316,Zrenjanin,12.0,16.287370470425174
14317,Zrenjanin,8.0,14.592626444888522
14318,Zrenjanin,13.0,18.63759961918993
14319,Zrenjanin,15.0,18.45121280553028
14320,Zrenjanin,10.0,18.184318024121627
14321,Zrenjanin,12.0,18.68603967442728
14322,Zrenjanin,21.0,22.22707613969151
14323,Zrenjanin,33.0,24.210540822876244
14324,Zrenjanin,43.0,38.13985100155911
14325,Zrenjanin,35.0,27.99790252679569
14326,Zrenjanin,27.0,21.25408870429852
14327,Zrenjanin,24.0,19.94097716760622
14328,Zrenjanin,30.0,18.62773895734214
14329,Zrenjanin,30.0,18.615385550055237
14330,Zrenjanin,32.0,18.209345814624008
14331,Zrenjanin,33.0,21.50460089216124
14332,Zrenjanin,20.0,19.34589386269516
14333,Zrenjanin,11.0,17.102094477721497
14334,Zrenjanin,16.0,19.847542251934943
14335,Zrenjanin,34.0,26.02534913378138
14336,Zrenjanin,33.0,27.178719750255333
14337,Zrenjanin,38.0,32.201415299635705
14338,Zrenjanin,41.0,27.75122494383476
14339,Zrenjanin,32.0,32.91128438356234
14340,Zrenjanin,36.0,25.831413260398676
14341,Zrenjanin,55.0,38.1040827915818
14342,Zrenjanin,52.0,46.96546620216532
14343,Zrenjanin,45.0,32.08501566499522
14344,Zrenjanin,37.0,31.72139900522515
14345,Zrenjanin,37.0,28.637841806184746
14346,Zrenjanin,30.0,30.911105574493657
14347,Zrenjanin,40.0,32.03045504866159
14348,Zrenjanin,48.0,30.911105574493657
14349,Zrenjanin,40.0,34.80613915316095
14350,Zrenjanin,21.0,29.023774969650614
14351,Zrenjanin,50.0,30.02981801758561
14352,Zrenjanin,38.0,26.47230516351217
14353,Zrenjanin,19.0,30.104441803833545
14354,Zrenjanin,62.0,39.33648598898524
14355,Zrenjanin,27.0,31.75526744828131
14356,Zrenjanin,31.0,34.35685719145098
14357,Zrenjanin,34.0,36.84702105559164
14358,Zrenjanin,23.0,40.596087744216725
14359,Zrenjanin,22.0,39.24666853062053
14360,Zrenjanin,37.0,55.87160387572816
14361,Zrenjanin,37.0,44.25699002363418
14362,Zrenjanin,72.0,60.04750641038354
14363,Zrenjanin,40.0,45.787593732952814
14364,Zrenjanin,48.0,44.16855971664947
14365,Zrenjanin,62.0,33.19440902756747
14366,Zrenjanin,28.0,30.759367420635314
14367,Zrenjanin,23.0,34.87182205581326
14368,Zrenjanin,30.0,38.40869879053984
14369,Zrenjanin,51.0,48.50144814418812
14370,Zrenjanin,51.0,48.10209125545073
14371,Zrenjanin,42.0,42.97712578808824
14372,Zrenjanin,29.0,44.258377175014175
14373,Zrenjanin,45.0,46.26831235860519
14374,Zrenjanin,28.0,35.1130023213828
14375,Zrenjanin,40.0,37.297337457404375
14376,Zrenjanin,51.0,45.0257027597701
14377,Zrenjanin,51.0,47.42517745216449
14378,Zrenjanin,29.0,28.775485012146497
14379,Zrenjanin,29.0,31.21743707163114
14380,Zrenjanin,17.0,23.6135619461624
14381,Zrenjanin,12.0,22.534038587117617
14382,Zrenjanin,34.0,37.39600747715157
14383,Zrenjanin,18.0,19.4838837657539
14384,Zrenjanin,16.0,24.556493052197983
14385,Zrenjanin,14.0,24.70025453425217
14386,Zrenjanin,26.0,44.09973728457087
14387,Zrenjanin,37.0,59.58281400264553
14388,Zrenjanin,31.0,44.71583646690099
14389,Zrenjanin,29.0,32.17192936292847
14390,Zrenjanin,35.0,47.353569058695975
14391,Zrenjanin,41.0,34.68314598022338
14392,Zrenjanin,39.0,30.974943259016065
14393,Zrenjanin,30.0,25.02586834090434
14394,Zrenjanin,20.0,25.6181317815509
14395,Zrenjanin,13.0,18.24941183421764
14396,Zrenjanin,22.0,20.94991413354605
14397,Zrenjanin,31.0,35.178810597678286
14398,Zrenjanin,29.0,34.68314598022338
14399,Zrenjanin,33.0,30.376191818774924
14400,Zrenjanin,36.0,24.70025453425217
14401,Zrenjanin,36.0,21.857423855290577
14402,Zrenjanin,14.0,24.603886245840336
14403,Zrenjanin,31.0,40.76703336115565
14404,Zrenjanin,54.0,47.46605814159267
14405,Zrenjanin,34.0,25.86478383139958
14406,Zrenjanin,43.0,29.465287654102585
14407,Zrenjanin,29.0,24.051841390374584
14408,Zrenjanin,25.0,36.49501507842876
14409,Zrenjanin,46.0,63.38181743766401
14410,Zrenjanin,51.0,47.07927377571293
14411,Zrenjanin,45.0,32.04422322428408
14412,Zrenjanin,80.0,60.140192562924966
14413,Zrenjanin,93.0,68.62424147278033
14414,Zrenjanin,83.0,66.75747724961779
14415,Zrenjanin,43.0,49.028979333090994
14416,Zrenjanin,48.0,53.63974317298333
14417,Zrenjanin,58.0,47.57207131411669
9463,Čačak,22.32,26.15967471892321
9464,Čačak,12.47,28.08945573419792
9465,Čačak,25.53333333,32.352927161945644
9466,Čačak,49.6375,52.613247049136255
9467,Čačak,49.354166665,49.58612853188812
9468,Čačak,38.61875,43.54687573979452
9469,Čačak,54.552083335,23.986207992074025
9470,Čačak,25.09375,30.227476021175256
9471,Čačak,18.63125,22.76095462151612
9472,Čačak,11.48458333,18.77926134642509
9473,Čačak,24.759375,31.73284011347329
9474,Čačak,27.416666665,40.6065477095488
9475,Čačak,34.597916665,39.760260915048576
9476,Čačak,37.722916665,43.14852800529518
9477,Čačak,44.704166665,42.0624957169332
9478,Čačak,20.34,24.116179687399462
9479,Čačak,23.6175,27.7052714537534
9480,Čačak,20.045833335,26.51964105493085
9481,Čačak,27.379166665,33.72410380576857
9482,Čačak,39.703333335,33.48907854336297
9483,Čačak,34.75625,41.77533661996813
9484,Čačak,38.3625,21.628708432254605
9485,Čačak,46.309583335,25.27707103731404
9486,Čačak,28.0375,28.50396135975157
9487,Čačak,21.722083335,28.80881585246302
9488,Čačak,19.079583335,23.501079458720085
9489,Čačak,19.583125,22.880704330871552
9490,Čačak,19.079375,22.44800558780613
9491,Čačak,26.045833335,26.764184649658016
9492,Čačak,30.360416665,29.688834273380643
9493,Čačak,29.777083335,28.44330639899722
9494,Čačak,21.939583335,28.593233247363823
9495,Čačak,24.616666665,28.69035871349896
9496,Čačak,29.545833335,29.261187138626404
9497,Čačak,32.81875,35.172149751560816
9498,Čačak,25.120833335,29.120668728618934
9499,Čačak,24.714583335,25.5538952642866
9500,Čačak,24.495833335,29.3033830059332
9501,Čačak,27.86875,29.05235422094646
9502,Čačak,26.195833335,26.22735088935059
9503,Čačak,24.808333335,27.970609339280397
9504,Čačak,35.55,31.20737590079225
9505,Čačak,31.520833335,34.0788976516856
9506,Čačak,21.402083335,24.90063346089393
9507,Čačak,18.535416665,28.256232745006557
9508,Čačak,24.127083335,28.70879241011669
9509,Čačak,23.53125,25.490681206422312
9510,Čačak,16.539583335,20.495296954514657
9511,Čačak,20.760416665,23.32251951543851
9512,Čačak,30.51875,29.665936364697178
9513,Čačak,37.59375,33.6137272815681
9514,Čačak,23.178958335,20.95142934943596
9515,Čačak,28.435833335,28.75994622175069
9516,Čačak,21.079166665,23.49936020794528
9517,Čačak,16.387708335,19.432678048471352
9518,Čačak,28.85,25.1751768919648
9519,Čačak,25.35,27.740910498708253
9520,Čačak,28.547916665,21.6324520856735
9521,Čačak,32.202083335,29.780961381262017
9522,Čačak,31.529166665,31.67624870743628
9523,Čačak,30.69375,27.311838673859057
9524,Čačak,24.25625,26.46259135104616
9525,Čačak,28.702083335,19.917042151707093
9526,Čačak,23.945833335,25.091002748197656
9527,Čačak,19.372916665,18.00799755310088
9528,Čačak,18.025,17.789238544716728
9529,Čačak,27.31875,19.503517248184025
9530,Čačak,22.373333335,17.513891782456533
9531,Čačak,21.05625,19.41760508509189
9532,Čačak,21.645833335,23.80922167417575
9533,Čačak,15.762916665,20.719898562683984
9534,Čačak,18.594583335,22.825674203978945
9535,Čačak,21.870833335,23.41783213195504
9536,Čačak,23.247916665,20.303835770010863
9537,Čačak,19.327083335,22.297325794696903
9538,Čačak,17.665833335,22.825674203978945
9539,Čačak,22.677083335,25.099236024729755
9540,Čačak,28.354166665,26.78323632484798
9541,Čačak,34.620833335,25.862026569788465
9542,Čačak,39.18958333499999,30.34376006092713
9543,Čačak,26.158333335,30.917923193992014
9544,Čačak,24.479166665,23.231513193458067
9545,Čačak,19.783333335,22.51582591104677
9546,Čačak,19.921875,26.777476056938447
9547,Čačak,22.385416665,26.897113251960267
9548,Čačak,26.616666665,29.084635797367948
9549,Čačak,32.997916665,30.14636592770004
9550,Čačak,27.445833335,29.04719352913412
9551,Čačak,24.227083335,24.04030804864882
9552,Čačak,25.210416665,27.572930465072147
9553,Čačak,37.641666665,31.25246504225078
9554,Čačak,31.325,27.64220868224672
9555,Čačak,15.310416665,18.330042198246037
9556,Čačak,15.588541665,22.417392044240792
9557,Čačak,17.929166665,21.22572301327776
9558,Čačak,13.225,17.503939708409835
9559,Čačak,8.448541666499999,21.46901951366269
9560,Čačak,11.8291666665,21.869119717232483
9561,Čačak,13.856875,22.673630554238013
9562,Čačak,18.392291665,22.673630554238013
9563,Čačak,21.978958335,24.749661868194824
9564,Čačak,29.344583335,26.39486037803773
9565,Čačak,15.10333333,23.760443851196214
9566,Čačak,14.37333333,24.01147263618296
9567,Čačak,22.493958335,29.779826885122876
9568,Čačak,23.120833335,24.68794324089156
9569,Čačak,26.49375,25.996338055544214
9570,Čačak,30.020833335,28.532091153149267
9571,Čačak,30.772916665,36.622070867346935
9572,Čačak,31.795833335,37.013469986561766
9573,Čačak,27.1,32.714313552359954
9574,Čačak,23.088125,28.80332218695262
9575,Čačak,28.14375,35.08964561621414
9576,Čačak,25.53125,27.657006221373084
9577,Čačak,20.498125,22.033943320856
9578,Čačak,25.5625,32.263395318708746
9579,Čačak,24.745833335,28.821693643928764
9580,Čačak,15.448333335,20.63744860867408
9581,Čačak,19.202083335,27.33742938824584
9582,Čačak,20.749791665,31.46588756769692
9583,Čačak,21.31875,28.504414504219977
9584,Čačak,23.85625,31.87073766814557
9585,Čačak,24.525,30.01873006053676
9586,Čačak,21.063333335,29.455513251368263
9587,Čačak,21.535416665,28.273958658500465
9588,Čačak,24.2375,29.948258270576503
9589,Čačak,23.222916665,27.559020339809564
9590,Čačak,22.06875,26.216015004131304
9591,Čačak,16.013333335,24.288031780020503
9592,Čačak,18.320833335,25.007486583744903
9593,Čačak,18.229166665,21.88933638599897
9594,Čačak,18.7875,21.173481928527032
9595,Čačak,18.939583335,25.049826378100423
9596,Čačak,27.080208335,27.479063426378083
9597,Čačak,23.922916665,26.77638659112694
9598,Čačak,29.525,30.4007270811922
9599,Čačak,41.064583335,29.8849145426988
9600,Čačak,23.84166667,21.51828202174305
9601,Čačak,17.27583333,17.470601473185127
9602,Čačak,27.414583335,25.477594563054307
9603,Čačak,25.97625,19.483271606894352
9604,Čačak,28.71875,27.00946648883053
9605,Čačak,43.164583335,27.33157994306532
9606,Čačak,50.870833335,27.188172624681147
9607,Čačak,37.95416667,31.27545418975244
9608,Čačak,27.175,26.41545493971265
9609,Čačak,19.972291665,21.17066560343788
9610,Čačak,18.01875,18.2245199598832
9611,Čačak,23.07083333,22.119979439245085
9612,Čačak,26.225,22.05302781640483
9613,Čačak,7.7675,15.641903563104004
9614,Čačak,24.38333333,27.870464702013432
9615,Čačak,23.13333333,21.96141528330817
9616,Čačak,25.63333333,27.96207723511009
9617,Čačak,22.39166667,25.590578467527525
9618,Čačak,25.14166667,30.326149605937125
9619,Čačak,27.75,29.76261466129302
9620,Čačak,21.40416667,24.719485347306676
9621,Čačak,19.075,21.61480384796517
9622,Čačak,13.18958333,23.7119928486903
9623,Čačak,11.64625,21.39605368060161
9624,Čačak,11.20541667,21.0767593079314
9625,Čačak,24.8625,39.55280466395795
9626,Čačak,28.63333333,31.486203107545823
9627,Čačak,21.306458335,22.501382249334533
9628,Čačak,10.585,16.934138004342522
9629,Čačak,7.4854166665,20.545080933505925
9630,Čačak,12.2710416665,19.361434591663844
9631,Čačak,11.3341666665,21.01186833299632
9632,Čačak,13.710625,18.80831376507846
9633,Čačak,16.191875,24.81109788040333
9634,Čačak,17.971666665,25.138985483654263
9635,Čačak,26.8,34.88953790169808
9636,Čačak,32.483333335,39.55280466395795
9637,Čačak,20.913958335,23.80685107097772
9638,Čačak,27.335,26.94047293100652
9639,Čačak,25.82826087,29.61372315194324
9640,Čačak,21.80625,25.437669069832587
9641,Čačak,17.600416665,23.732597618436447
9642,Čačak,17.728541665,24.02340147316184
9643,Čačak,12.181458335,21.544406343394865
9644,Čačak,12.6827083335,18.190506154992036
9645,Čačak,14.687708335,21.158599565969435
9646,Čačak,18.416458335,28.0597856510755
9647,Čačak,27.33125,32.53809437871889
9648,Čačak,30.010416665,36.820359227894656
9649,Čačak,27.464583335,37.10148267447989
9650,Čačak,40.670833335,45.68057967176919
9651,Čačak,47.9875,56.19790425256405
9652,Čačak,59.316666665,46.63690663880268
9653,Čačak,63.722916665,57.79317061533092
9654,Čačak,53.0875,53.16285714771325
9655,Čačak,35.208333335,41.24983337891128
9656,Čačak,30.73125,41.379117238720106
9657,Čačak,29.225,41.7451236885039
9658,Čačak,35.63333333,43.61508859887496
9659,Čačak,37.01666667,43.61508859887496
9660,Čačak,37.63333333,37.94069991715076
9661,Čačak,26.17083333,37.18173539274291
9662,Čačak,44.50416667,50.83913674362168
9663,Čačak,56.24583333,57.08039468331502
9664,Čačak,34.3,43.61508859887496
9665,Čačak,49.04583333,47.901508790522456
9666,Čačak,47.63333333,45.893474392935296
9667,Čačak,30.15416667,38.7039217687968
9668,Čačak,29.86833333,38.93771438004005
9669,Čačak,33.59166667,46.17459783952053
9670,Čačak,51.575,51.938346835345214
9671,Čačak,50.12083333,56.26113571344258
9672,Čačak,53.525,52.21947028193045
9673,Čačak,60.979166665,52.12467625719181
9674,Čačak,48.739583335,57.8517018733036
9675,Čačak,62.160416665,61.94297905876781
9676,Čačak,71.31458333500001,59.82691415116446
9677,Čačak,23.429166665,34.24041131420846
9678,Čačak,25.6375,37.12098046657611
9679,Čačak,33.441666665,41.83514934316481
9680,Čačak,42.78333333499999,57.01853792231739
9681,Čačak,51.510416665,62.776143009754016
9682,Čačak,59.091666665,64.19972411642517
9683,Čačak,29.05,37.84590589241212
9684,Čačak,40.5875,53.7202486577295
9685,Čačak,44.385416665,49.9238764039554
9686,Čačak,54.804166665,72.96928689006303
9687,Čačak,67.408333335,60.9151539737857
9688,Čačak,80.920833335,81.45413478141742
9689,Čačak,42.135416665,43.62662057282283
9690,Čačak,41.3875,53.7202486577295
9691,Čačak,23.264583335,42.36786892581166
9692,Čačak,13.24708333,27.19592526211846
9693,Čačak,29.616666665,38.56335845913516
9694,Čačak,24.660416665,29.46735998417332
9695,Čačak,19.091666665,28.561892166989622
9696,Čačak,28.259583335,36.23550945342153
9697,Čačak,37.904583335,39.17925301331217
9698,Čačak,78.77916667,89.74511189810589
9699,Čačak,51.00416667,63.347626871949466
9700,Čačak,33.879166665,56.14450429047445
9701,Čačak,23.620833335,46.94042589609198
9702,Čačak,16.310416665,38.416389844643504
9703,Čačak,18.249375,39.26703876706213
9704,Čačak,39.641666665,47.25378595939333
9705,Čačak,47.460416665,70.86529577335813
9706,Čačak,26.8,33.316352354123936
9707,Čačak,48.995833335,58.346273343286605
9708,Čačak,59.735416665,60.17763217925758
9709,Čačak,35.9625,49.61059813512687
9710,Čačak,49.964583335,62.344042043362165
9711,Čačak,69.4,71.61290013811848
9712,Čačak,24.448541665,32.09134674860364
9713,Čačak,15.552291665,30.953336736847536
9714,Čačak,35.577083335,41.535666794890254
9715,Čačak,37.270833335,55.47968816486125
9716,Čačak,76.00625,81.45413478141742
9717,Čačak,43.897916665,45.55326660942166
9718,Čačak,70.002083335,73.97287171865032
9719,Čačak,76.102083335,76.82987351161056
21149,Čačak,103.8375,100.22601867436278
21150,Čačak,77.4875,77.4704317772925
21151,Čačak,74.13333333333334,105.3271562066133
21152,Čačak,74.46666666666665,88.7236352182503
21153,Čačak,57.11666666666667,65.97321694961883
21154,Čačak,66.50833333333334,91.3458255065938
21155,Čačak,74.02083333333333,91.92655642698416
21156,Čačak,49.92500000000001,51.68263318693275
21157,Čačak,14.85666666666666,25.94060769652938
21158,Čačak,20.10666666666667,27.51512546067157
21159,Čačak,49.58750000000001,68.64590403252532
21160,Čačak,63.20416666666667,70.86529577335813
21161,Čačak,44.37916666666666,64.83419166972931
21162,Čačak,65.25,74.72588239490565
21163,Čačak,54.82916666666667,71.8555717813245
21164,Čačak,32.55541666666667,33.81825769960559
21165,Čačak,15.29,28.65520492736266
21166,Čačak,16.95583333333333,30.66588328369448
21167,Čačak,19.64458333333333,32.041845889753766
21168,Čačak,29.82499999999999,39.1402742456624
21169,Čačak,33.02916666666668,53.78122712541386
21170,Čačak,20.77916666666667,35.76861665822676
21171,Čačak,24.51375,54.73484820646203
21172,Čačak,27.31666666666666,60.93744339743292
21173,Čačak,26.05416666666667,44.79153893660601
21174,Čačak,21.3625,28.939581744736348
21175,Čačak,24.85833333333333,43.720129446088194
21176,Čačak,33.11666666666666,50.17045125119397
21177,Čačak,59.91249999999999,67.21105749578606
21178,Čačak,12.71916666666667,21.615812170739964
21179,Čačak,17.72041666666666,33.0568656126544
21180,Čačak,28.68958333333332,37.19017398821555
21181,Čačak,11.0975,23.070218823699857
21182,Čačak,7.4575,15.862953284657312
21183,Čačak,28.54055555555556,26.69076911760308
21184,Čačak,31.91210526315789,31.985598803267763
21185,Čačak,54.35000000000002,62.73356665548829
21186,Čačak,75.45416666666667,62.967359266731535
21187,Čačak,90.03749999999998,88.47420536782556
21188,Čačak,84.33749999999999,46.313596426025136
21189,Čačak,40.91666666666666,69.6140395106994
21190,Čačak,30.31375,37.73391236438159
21191,Čačak,58.69583333333335,56.65491248064839
21192,Čačak,58.25833333333333,62.967359266731535
21193,Čačak,47.56666666666666,56.78233794624239
21194,Čačak,53.90416666666668,45.32823303348726
21195,Čačak,42.33333333333334,46.50848870553154
21196,Čačak,18.98708333333333,26.71636485811149
21197,Čačak,29.67916666666667,49.8713412802428
21198,Čačak,31.09166666666667,46.57195009890941
21199,Čačak,39.61666666666667,51.61625754102466
21200,Čačak,31.22916666666667,39.52425120485163
21201,Čačak,45.60833333333332,56.161524025345166
21202,Čačak,48.62083333333334,53.7202486577295
21203,Čačak,33.87499999999999,47.806714765783816
21204,Čačak,52.83333333333334,57.27090873818684
21205,Čačak,31.84166666666667,38.29057878931094
21206,Čačak,34.60416666666666,45.13720562520193
21207,Čačak,35.93541666666666,39.74634790176955
21208,Čačak,34.99583333333333,41.926101222851166
21209,Čačak,12.77666666666667,26.054150425718664
21210,Čačak,18.74333333333334,36.32523667443121
21211,Čačak,45.08750000000001,56.98560065857638
21212,Čačak,62.51666666666667,56.81060115770496
21213,Čačak,24.135,23.217242982356574
21214,Čačak,16.07916666666667,25.56590931260591
21215,Čačak,30.10375,42.13890045570971
21216,Čačak,41.30416666666667,52.358468868435054
21217,Čačak,47.67916666666667,49.9393637766422
21218,Čačak,58.44583333333333,58.95208428976128
21219,Čačak,44.17916666666667,41.75022117584216
21220,Čačak,28.89500000000001,38.158844640023126
21221,Čačak,44.34166666666667,43.86519418259448
21222,Čačak,50.19583333333333,46.89906278465433
21223,Čačak,25.33333333333334,31.61660621997488
21224,Čačak,17.22681818181818,37.57551215994872
21225,Čačak,12.18541666666667,19.06038479301033
21226,Čačak,6.101666666666666,21.066767556088863
21227,Čačak,13.27208333333334,36.23310440477293
21228,Čačak,35.44583333333333,42.469588633637706
21229,Čačak,16.67833333333333,32.09808817541109
21230,Čačak,13.42541666666667,24.90472464525431
21231,Čačak,15.8025,32.45033702172926
21232,Čačak,14.48041666666666,21.22512013049153
21233,Čačak,11.86583333333333,17.322276881852996
21234,Čačak,18.59833333333333,26.82221839636604
21235,Čačak,35.68749999999999,39.56868248498308
21236,Čačak,39.04583333333333,42.92008750761462
21237,Čačak,52.08333333333334,53.777142121448485
21238,Čačak,40.68333333333333,47.259444277241954
21239,Čačak,35.41249999999999,36.64368205248398
21240,Čačak,34.44583333333333,38.75743859530132
21241,Čačak,14.79,29.33163006846673
21242,Čačak,29.1625,35.191378307766854
21243,Čačak,13.84416666666666,25.833529687855588
21244,Čačak,10.21583333333333,33.94938007731602
21245,Čačak,13.255,22.106094661947477
21246,Čačak,18.54166666666667,23.10318994720008
21247,Čačak,12.8425,28.84756197440692
21248,Čačak,16.13208333333333,23.8280582445658
21249,Čačak,27.5125,30.33161728973525
21250,Čačak,31.94999999999999,29.52149019466601
21251,Čačak,34.05416666666667,30.093184418118987
21252,Čačak,30.44583333333334,30.093184418118987
21253,Čačak,30.875,35.477672251942195
21254,Čačak,14.40333333333334,24.63351038680043
21255,Čačak,15.83166666666667,22.26393084297204
21256,Čačak,16.73583333333333,29.196678569156205
21257,Čačak,24.5875,33.53166575967657
21258,Čačak,38.11666666666665,32.580565403456845
21259,Čačak,18.99666666666667,29.422879665320927
21260,Čačak,20.9525,28.3474390896334
21261,Čačak,21.14583333333333,28.16115093432728
21262,Čačak,18.73333333333334,25.747810244548752
21263,Čačak,21.62208333333334,30.29773852079638
21264,Čačak,28.71666666666667,33.936708206424896
21265,Čačak,17.65166666666667,27.970609339280397
21266,Čačak,13.67791666666667,26.823294937261075
21267,Čačak,18.41666666666667,27.667845640306485
21268,Čačak,20.23333333333333,27.08311273339303
21269,Čačak,16.96041666666666,24.24634960322776
21270,Čačak,18.71666666666667,20.37497492780998
21271,Čačak,17.45,21.378990788090785
21272,Čačak,21.375,25.499579365739923
21273,Čačak,18.17916666666667,20.976672345312014
21274,Čačak,27.1625,22.70903703712047
21275,Čačak,33.21666666666667,25.026049193108943
21276,Čačak,13.55291666666667,18.83098063096932
21277,Čačak,8.049523809523809,18.48886431804497
21278,Čačak,26.59999999999999,38.90833440282429
21279,Čačak,29.53333333333333,32.15306071877376
21280,Čačak,23.50833333333334,25.68675285981673
21281,Čačak,18.03333333333333,24.76819475247184
21282,Čačak,20.80833333333333,25.573646894706474
21283,Čačak,32.1625,34.631991115346686
21284,Čačak,21.35833333333333,22.03279947964644
21285,Čačak,18.07083333333333,19.61245840970521
21286,Čačak,17.4175,24.499534213738546
21287,Čačak,20.71666666666667,24.407921680641888
21288,Čačak,17.225,21.11238638599048
21289,Čačak,13.99458333333333,16.901448058226297
21290,Čačak,18.4625,22.76253730596837
21291,Čačak,22.21666666666667,21.663442196123032
21292,Čačak,15.58583333333333,18.57164391789332
21293,Čačak,20.2875,22.851398369597064
21294,Čačak,14.16708333333334,20.62877472581429
21295,Čačak,16.3625,23.90525129078946
21296,Čačak,17.90416666666667,22.141964450357342
21297,Čačak,16.3625,20.15234734105228
21298,Čačak,20.33333333333333,24.235674293903603
21299,Čačak,17.04958333333333,21.374420328170483
21300,Čačak,16.50416666666666,21.374420328170483
21301,Čačak,16.03625,22.071353712182056
21302,Čačak,15.21958333333333,18.623656255115108
21303,Čačak,18.60416666666667,23.643739638373145
21304,Čačak,12.12,19.244917381320345
21305,Čačak,11.16416666666667,17.218962627976495
21306,Čačak,9.067083333333334,15.041531852232351
21307,Čačak,22.47916666666667,23.563679785443203
21308,Čačak,13.55041666666666,22.416093766871427
21309,Čačak,17.70833333333334,25.913774452458547
21310,Čačak,25.52916666666667,28.457143909191768
21311,Čačak,28.475,30.6393341742556
21312,Čačak,31.37083333333335,29.887599328038128
21313,Čačak,38.5375,29.615669092584497
21314,Čačak,32.3,25.20684097145912
21315,Čačak,25.125,26.05237199125385
21316,Čačak,19.0625,24.894452045304657
21317,Čačak,18.79166666666667,24.15180054052648
21318,Čačak,10.04666666666667,17.187541127214693
21319,Čačak,12.88041666666667,22.433705134196785
21320,Čačak,18.76708333333334,24.83007184063927
21321,Čačak,18.96125,19.410428970836968
21322,Čačak,15.47291666666666,21.946398761552565
21323,Čačak,16.1375,24.56427385565793
21324,Čačak,16.39583333333333,21.661204821926308
21325,Čačak,19.19166666666667,25.18633989718381
21326,Čačak,25.5625,28.632813982806987
21327,Čačak,13.88708333333334,17.235515911085336
21328,Čačak,13.785,22.02008220676732
21329,Čačak,13.7925,22.17245721500145
21330,Čačak,18.50833333333333,25.86130988130128
21331,Čačak,21.71666666666667,31.50515727599763
21332,Čačak,23.35416666666667,29.42598115581958
21333,Čačak,28.35416666666667,28.80666340460603
21334,Čačak,21.41666666666666,24.95173546074818
21335,Čačak,24.57916666666667,29.225937721984423
21336,Čačak,24.75833333333333,30.819512726875644
21337,Čačak,29.15833333333333,36.21588754210261
21338,Čačak,22.01666666666667,32.04996782627546
21339,Čačak,21.52173913043478,30.78658432536486
21340,Čačak,18.01666666666667,27.782046883102083
21341,Čačak,19.85416666666666,30.63391940559035
21342,Čačak,16.33916666666667,21.906810267880797
21343,Čačak,8.434166666666666,17.789238544716728
21344,Čačak,8.556666666666667,17.789238544716728
21345,Čačak,6.25125,20.02774631922766
21346,Čačak,9.565,21.177983829101823
21347,Čačak,11.75,20.808816234051918
21348,Čačak,10.3875,22.433705134196785
21349,Čačak,11.03,22.339804643671407
21350,Čačak,13.15791666666667,28.85073229499001
21351,Čačak,18.15833333333333,25.30460455880162
21352,Čačak,21.84166666666667,27.52438254665901
21353,Čačak,23.06666666666667,29.97277567935082
21354,Čačak,32.89166666666667,35.030820867445435
21355,Čačak,32.54166666666666,31.7527928795526
21356,Čačak,26.05833333333334,31.04166157850919
21357,Čačak,25.35,31.62426651431983
21358,Čačak,27.85833333333333,32.20759899439417
21359,Čačak,28.10833333333333,36.18765481008074
21360,Čačak,32.60833333333334,35.8171305867885
21361,Čačak,29.43333333333333,30.704724419355795
21362,Čačak,25.72083333333333,32.20759899439417
21363,Čačak,25.33750000000001,32.40185352172459
21364,Čačak,23.78333333333333,32.621508520063315
21365,Čačak,30.49166666666667,33.322576354681054
21366,Čačak,22.47499999999999,25.101630231165675
21367,Čačak,11.11208333333333,20.743960436907088
21368,Čačak,9.41375,21.38617065612493
21369,Čačak,17.61666666666666,25.511909281130997
21370,Čačak,20.42375,35.46823012139948
21371,Čačak,17.64125,23.628981305492875
21372,Čačak,12.26875,18.102559590586285
21373,Čačak,16.44041666666667,23.82412071313592
21374,Čačak,18.60833333333333,27.11603654482732
21375,Čačak,19.15,26.806533925822222
21376,Čačak,18.19583333333333,27.54249224125113
21377,Čačak,18.45,26.26997275949388
21378,Čačak,17.92916666666667,25.29407903826772
21379,Čačak,22.29583333333334,26.95284914056625
21380,Čačak,29.45833333333333,28.430586545699715
21381,Čačak,28.09583333333333,33.662713932124745
21382,Čačak,29.27916666666667,28.43842837922028
21383,Čačak,17.9725,24.066513151108055
21384,Čačak,18.30416666666667,25.23078583454576
21385,Čačak,17.92416666666666,27.870464702013432
21386,Čačak,22.52916666666667,29.1409281118304
21387,Čačak,24.06666666666667,25.595122271633706
21388,Čačak,22.94583333333333,24.18702198781079
21389,Čačak,27.97083333333333,28.195747578111003
21390,Čačak,28.675,31.28642035421832
21391,Čačak,38.46375,28.973546915339195
21392,Čačak,5.799583333333334,19.142544297634107
21393,Čačak,12.27208333333333,19.742012613010388
21394,Čačak,30.90833333333333,29.223430454090835
21395,Čačak,25.9,30.92782636299183
21396,Čačak,26.14166666666666,30.904841825638528
21397,Čačak,24.70833333333333,26.693427960711965
21398,Čačak,23.075,26.438649780010767
21399,Čačak,22.45833333333333,26.812958908249364
21400,Čačak,15.87083333333333,29.101186702614303
21401,Čačak,23.00416666666667,32.53809437871889
21402,Čačak,24.09583333333333,28.86739409137105
21403,Čačak,17.1375,27.497790534517428
21404,Čačak,18.18333333333333,26.28810420204802
21405,Čačak,18.96666666666667,32.771886989962134
21406,Čačak,22.7375,26.523675563470604
21407,Čačak,17.85958333333333,26.86841783966359
21408,Čačak,22.6375,26.63462522842034
21409,Čačak,23.19166666666667,32.256970932133655
21410,Čačak,28.82083333333333,34.29407336601602
21411,Čačak,34.09583333333333,41.53095682549652
21412,Čačak,33.58749999999999,41.53095682549652
21413,Čačak,21.18666666666667,30.128402172893185
21414,Čačak,12.78833333333333,32.984550111684705
21415,Čačak,31.5375,50.3242206857932
21416,Čačak,31.40833333333333,45.893474392935296
21417,Čačak,46.01666666666667,50.41292027569492
21418,Čačak,37.5,37.45119362625367
21419,Čačak,47.00874999999999,39.84114192650819
21420,Čačak,14.58125,29.76932406164265
21421,Čačak,14.27416666666667,33.21834272292796
21422,Čačak,26.65291666666667,41.97891629974715
21423,Čačak,41.99130434782609,32.51476050061389
21424,Čačak,20.7625,33.21834272292796
21425,Čačak,14.06166666666667,22.78168639948349
21426,Čačak,15.24458333333334,27.41160516900569
21427,Čačak,20.0,30.93174521607201
21428,Čačak,26.06083333333333,37.239003177278704
21429,Čačak,29.475,42.38938315750492
21430,Čačak,20.79999999999999,28.16691748986307
21431,Čačak,26.49999999999999,29.471460686651888
21432,Čačak,19.14291666666667,24.087113697948524
21433,Čačak,28.79208333333334,71.05316916400137
21434,Čačak,18.11083333333334,24.564978675202852
21435,Čačak,27.74125,41.88412227500851
21436,Čačak,41.95833333333334,37.94899247209589
21437,Čačak,15.27833333333333,21.714923648265056
21438,Čačak,38.45416666666667,38.32800429747293
21439,Čačak,39.68333333333333,51.71806990881789
21440,Čačak,21.23125,25.50642206275634
21441,Čačak,29.45416666666666,45.798680368196656
21442,Čačak,49.68333333333334,64.19972411642517
21443,Čačak,82.5,128.17129005613788
21444,Čačak,32.50708333333334,18.088771455067647
21445,Čačak,24.28333333333333,38.32800429747293
21446,Čačak,20.52166666666667,19.947242297845253
21447,Čačak,5.677083333333332,20.336458157991533
21448,Čačak,25.40583333333333,83.57187050428101
21449,Čačak,76.60416666666666,73.83413500592904
21450,Čačak,59.04166666666668,30.187282166243357
21451,Čačak,26.23333333333333,23.757003025878628
21452,Čačak,32.7,54.39722338295232
21453,Čačak,55.64666666666667,21.05786941875594
21454,Čačak,10.48125,17.179893089555524
21455,Čačak,9.357083333333334,17.77472597098615
21456,Čačak,40.28875,66.58111110164639
21457,Čačak,38.19833333333334,42.389969721908926
21458,Čačak,27.51625,37.765307580676456
21459,Čačak,62.69583333333333,66.5916454362384
21460,Čačak,22.84416666666667,24.12485475037861
21461,Čačak,18.55208333333334,29.417084504488525
21462,Čačak,41.93750000000001,50.36320028863301
21463,Čačak,69.43749999999999,62.452443208903055
21464,Čačak,50.80416666666665,51.357879042649
21465,Čačak,39.17499999999999,28.41612180761204
21466,Čačak,45.6375,48.77495571255695
21467,Čačak,52.22499999999999,57.46457640860962
21468,Čačak,64.88333333333333,93.5846914962438
21469,Čačak,80.8875,76.05635425464575
21470,Čačak,72.52916666666668,83.66342219402947
21471,Čačak,76.64583333333333,121.50179980884272
21472,Čačak,117.9333333333333,134.80097705109253
21473,Čačak,122.95,134.50149393401355
21474,Čačak,104.3125,81.45449675654216
21475,Čačak,64.53083333333332,87.70451112929588
21476,Čačak,28.41333333333334,45.25726552833034
21477,Čačak,38.13916666666667,90.8801077141768
21478,Čačak,108.1083333333333,134.83190229173005
21479,Čačak,99.95416666666664,134.21573016987188
21480,Čačak,94.36250000000004,79.57442289399741
21481,Čačak,69.37916666666668,60.25040338579839
21482,Čačak,70.1,75.99670956062432
21483,Čačak,95.17916666666667,135.97182431170526
21484,Čačak,114.5541666666667,62.452443208903055
21485,Čačak,85.69583333333333,105.15560489551092
29543,Čačak,64.72499999999998,94.9913344050858
29544,Čačak,56.48749999999999,66.20462866490968
29545,Čačak,92.15,123.69229769096432
29546,Čačak,70.80791666666666,121.70987197884178
29547,Čačak,67.07083333333334,63.35883556480253
29548,Čačak,91.20833333333331,117.12498523863
29549,Čačak,47.11041666666667,20.792565540023592
29550,Čačak,17.34916666666667,20.11489028403881
29551,Čačak,30.34166666666667,25.363397354988532
29552,Čačak,42.84166666666667,51.1243258616319
29553,Čačak,55.01666666666666,65.17625990072068
29554,Čačak,52.25416666666666,40.89755174372728
29555,Čačak,86.80833333333332,57.45098945940492
29556,Čačak,110.7625,22.603966182032117
29557,Čačak,39.04749999999999,30.13890348302472
29558,Čačak,60.925,54.15934527643356
29559,Čačak,66.20458333333333,113.11938870296773
29560,Čačak,48.07958333333334,26.77377164751559
29561,Čačak,21.6125,29.40057997003184
29562,Čačak,35.625,30.694413921991387
29563,Čačak,69.62083333333334,51.16171695012265
29564,Čačak,117.0416666666667,59.89603386239095
29565,Čačak,70.98333333333333,102.93907129862436
29566,Čačak,63.01249999999998,40.55914488465698
29567,Čačak,38.40125,65.59535052113726
29568,Čačak,21.97458333333333,21.61096616267553
29569,Čačak,18.30208333333333,37.33528755128058
29570,Čačak,43.65833333333334,61.770607348419134
29571,Čačak,49.29583333333333,40.89755174372728
29572,Čačak,79.44583333333334,63.51788825594126
29573,Čačak,81.70833333333333,79.1737104800987
29574,Čačak,32.785,89.5399220050807
29575,Čačak,51.41416666666668,52.12467625719181
29576,Čačak,58.86333333333332,124.10829171481748
29577,Čačak,58.95833333333334,91.9399390580181
29578,Čačak,42.27083333333334,37.32073397924752
29579,Čačak,43.33333333333334,52.358468868435054
29580,Čačak,60.45833333333334,61.9042788664336
29581,Čačak,39.52916666666666,40.74896797790522
29582,Čačak,28.94458333333334,40.00561575263309
29583,Čačak,18.65583333333333,34.847200203828734
29584,Čačak,18.83916666666667,35.24954026457342
29585,Čačak,12.37291666666667,20.08993147382608
29586,Čačak,23.47791666666667,29.603268501569534
29587,Čačak,33.47708333333333,41.36920621718003
29588,Čačak,45.5875,57.8517018733036
29589,Čačak,49.52083333333332,58.36661793113208
29590,Čačak,37.46291666666667,35.39459988201043
29591,Čačak,49.68333333333333,52.12467625719181
29592,Čačak,51.42083333333333,84.40957184769682
29593,Čačak,41.50791666666667,47.35242919488416
29594,Čačak,66.42500000000001,80.08933895182588
29595,Čačak,34.38041666666668,23.821115651113196
29596,Čačak,17.47291666666667,42.63366261454544
29597,Čačak,27.08791666666667,37.49806063227901
29598,Čačak,29.11250000000001,41.88412227500851
29599,Čačak,34.625,50.09545947308172
29600,Čačak,52.46250000000001,51.27882876036018
29601,Čačak,52.69166666666666,34.85628830337364
29602,Čačak,26.19583333333332,30.548505722084528
29603,Čačak,22.01666666666667,46.52377781305631
29604,Čačak,31.77083333333334,40.023310224840216
29605,Čačak,32.10833333333334,45.13022713874668
29606,Čačak,35.82083333333334,37.05708815661005
29607,Čačak,30.09166666666667,41.32440380534912
29608,Čačak,18.44125,29.30531926889008
29609,Čačak,23.05416666666666,31.584855057249275
29610,Čačak,30.15,37.39677863092204
29611,Čačak,13.62125,22.72002419321012
29612,Čačak,12.68083333333333,24.17982026321474
29613,Čačak,29.7375,50.216475725995856
29614,Čačak,43.3825,46.00886175522783
29615,Čačak,31.32083333333333,46.07980381478189
29616,Čačak,22.50750000000001,41.926101222851166
29617,Čačak,22.87208333333334,37.18217597004855
29618,Čačak,20.73333333333333,30.780765894263887
29619,Čačak,25.22541666666667,39.187819963759566
29620,Čačak,32.39583333333334,42.13890045570971
29621,Čačak,33.20416666666667,51.53360694106138
29622,Čačak,27.52916666666667,31.711308989505103
29623,Čačak,12.23708333333334,27.508600811667947
29624,Čačak,17.71208333333333,36.775964710024816
29625,Čačak,19.09583333333333,24.23175052214863
29626,Čačak,46.85833333333333,22.429877961071647
29627,Čačak,17.62695652173913,21.23992943768881
29628,Čačak,22.9375,36.15153310399872
29629,Čačak,15.08041666666667,31.039469470091117
29630,Čačak,54.8981818181818,51.65375825332233
29631,Čačak,70.56249999999999,54.3251481630769
29632,Čačak,13.33083333333333,22.380856258433635
29633,Čačak,16.55166666666667,26.83078407770177
29634,Čačak,13.45208333333333,31.677873461156008
29635,Čačak,17.3425,30.1902838056778
29636,Čačak,15.27166666666667,31.072081600205003
29637,Čačak,14.75416666666667,29.72623886735309
29638,Čačak,17.07458333333333,30.774165591358766
29639,Čačak,24.76458333333333,31.641731893212583
29640,Čačak,25.205,30.1902838056778
29641,Čačak,22.97041666666667,36.5357124264684
29642,Čačak,29.42916666666667,31.202046866873765
29643,Čačak,25.14583333333334,30.6717615141308
29644,Čačak,17.07083333333334,30.1902838056778
29645,Čačak,21.24083333333333,31.59278890769017
29646,Čačak,38.71333333333334,26.204589002072773
29647,Čačak,8.18625,19.329914301133204
29648,Čačak,13.47041666666667,25.91385074840792
29649,Čačak,14.58,25.77500567918509
29650,Čačak,18.62541666666666,26.93811377217594
29651,Čačak,16.03625,22.946347463390914
29652,Čačak,18.78291666666666,41.75058259572711
29653,Čačak,20.55,30.514353120529275
29654,Čačak,16.14958333333333,25.8801779502167
29655,Čačak,22.89583333333333,30.369748350460817
29656,Čačak,20.02708333333333,28.301218296004137
29657,Čačak,12.13375,26.589435100949363
29658,Čačak,12.37708333333333,25.66881752678221
29659,Čačak,13.27208333333333,25.865416759455822
29660,Čačak,15.01958333333333,24.26604466762643
29661,Čačak,14.37208333333334,21.62440597065193
29662,Čačak,13.60666666666666,17.88823644809765
29663,Čačak,8.63375,16.901448058226297
29664,Čačak,10.18,21.435009961599658
29665,Čačak,11.21416666666667,22.66071045100536
29666,Čačak,7.142916666666665,20.850802862202045
29667,Čačak,9.628333333333332,22.03579640753221
29668,Čačak,11.46083333333334,15.918461625504118
29669,Čačak,11.3525,22.146909206239037
29670,Čačak,11.81333333333333,22.371828046029357
29671,Čačak,13.22833333333333,19.432678048471352
29672,Čačak,11.39208333333333,22.315810842547208
29673,Čačak,12.89458333333334,22.64834191046537
29674,Čačak,9.899583333333332,18.09916406876267
29675,Čačak,14.15375,18.66941249400976
29676,Čačak,19.09166666666667,21.893267652528237
29677,Čačak,16.23875,29.999085006466544
29678,Čačak,15.225,20.850802862202045
29679,Čačak,11.52583333333333,17.580616399958302
29680,Čačak,22.79583333333333,20.69989477858913
29681,Čačak,13.68458333333334,17.580616399958302
29682,Čačak,5.295,17.177213272515274
29683,Čačak,10.59666666666667,19.432678048471352
29684,Čačak,16.45833333333333,22.0644068639786
29685,Čačak,15.19166666666666,21.105581042903243
29686,Čačak,15.20416666666667,22.315810842547208
29687,Čačak,13.44333333333333,20.850802862202045
29688,Čačak,14.35458333333333,22.940648023132667
29689,Čačak,15.42916666666667,19.08284010691012
29690,Čačak,16.4875,20.434721492135008
29691,Čačak,11.03875,21.756925540060475
29692,Čačak,9.464166666666667,20.02774631922766
29693,Čačak,9.770416666666668,18.159157076701813
29694,Čačak,7.585,20.91267995036948
29695,Čačak,9.549583333333334,17.52393466598438
29696,Čačak,11.00666666666667,20.91267995036948
29697,Čačak,40.13333333333333,24.08793085233915
29698,Čačak,23.12083333333333,19.034415178554852
29699,Čačak,21.34583333333333,25.095086739649524
29700,Čačak,15.78416666666666,20.85920033794974
29701,Čačak,15.5125,25.92342065856134
29702,Čačak,18.02083333333333,25.4784643532879
29703,Čačak,20.6625,24.364136821687215
29704,Čačak,6.412916666666667,13.979435094790365
29705,Čačak,8.642916666666666,18.513306328746616
29706,Čačak,11.34416666666666,20.03449060863323
29707,Čačak,9.600833333333336,20.385951057829757
29708,Čačak,11.83125,22.05083793522963
29709,Čačak,12.01416666666667,27.43205967698292
29710,Čačak,19.22083333333334,39.533764781825234
29711,Čačak,25.57916666666667,26.49932165008549
29712,Čačak,22.08333333333334,25.243600344990533
29713,Čačak,22.7375,27.123116710909077
29714,Čačak,25.03333333333333,30.70535122785882
29715,Čačak,22.64583333333333,24.801451125014008
29716,Čačak,15.95708333333333,39.23593194184178
29717,Čačak,22.85833333333333,28.9634845536664
29718,Čačak,25.0125,29.748645339426005
29719,Čačak,22.6,27.52378994110377
29720,Čačak,22.77916666666667,29.69844029821526
29721,Čačak,22.62916666666667,23.08699851248724
29722,Čačak,17.45,25.26994075892899
29723,Čačak,17.5,28.208817969596407
29724,Čačak,18.4375,30.177995526816076
29725,Čačak,18.57499999999999,17.789734280526208
29726,Čačak,10.03375,19.18387450257331
29727,Čačak,9.780416666666666,21.33958070334398
29728,Čačak,12.63291666666667,21.14397239597329
29729,Čačak,10.71041666666667,27.962261811761632
29730,Čačak,18.58333333333333,27.02332741891617
29731,Čačak,14.78833333333333,20.031831172120384
29732,Čačak,9.507916666666668,22.0406686417003
29733,Čačak,9.8025,19.76652729338804
29734,Čačak,7.459166666666666,20.224532866956448
29735,Čačak,7.431249999999999,23.898212407191544
29736,Čačak,10.16666666666667,23.56167153610829
29737,Čačak,9.863333333333332,22.613802104871223
29738,Čačak,9.792916666666668,24.43316300042206
29739,Čačak,10.91375,26.80615316187593
29740,Čačak,13.19416666666667,25.426525044289924
29741,Čačak,13.04458333333333,25.691687602506875
29742,Čačak,18.26666666666667,27.569501927283184
29743,Čačak,18.51291666666667,30.93817229803364
29744,Čačak,21.30833333333333,34.12708953507502
29745,Čačak,24.62916666666667,31.06134578624032
29746,Čačak,19.54583333333333,24.032407552722532
29747,Čačak,14.12583333333333,20.992018949249516
29748,Čačak,15.22791666666667,22.687902617499
29749,Čačak,15.76416666666666,21.75564692720262
29750,Čačak,15.78958333333333,25.87043342307006
29751,Čačak,15.88791666666667,28.78698996245013
29752,Čačak,18.39583333333333,28.0076641981816
29753,Čačak,21.08333333333333,29.783927244904447
29754,Čačak,25.51666666666667,28.17940668309915
29755,Čačak,22.76666666666667,27.520713388644467
29756,Čačak,22.57826086956522,23.099648615431164
29757,Čačak,19.08875,24.13624418021136
29758,Čačak,22.35,25.099236024729755
29759,Čačak,24.23333333333333,31.93280139099324
29760,Čačak,26.76666666666667,29.91673111715101
29761,Čačak,29.62916666666666,33.536962882243095
29762,Čačak,33.42083333333333,35.506735136206984
29763,Čačak,37.04583333333333,35.87132980798017
29764,Čačak,29.62083333333333,26.151409871776345
29765,Čačak,23.62916666666667,26.785818278130566
29766,Čačak,21.52916666666667,28.508811898433954
29767,Čačak,26.46666666666667,24.3150678199158
29768,Čačak,9.645833333333336,15.294097342111217
29769,Čačak,9.781666666666666,18.19317194478488
29770,Čačak,13.9425,22.476876313341485
29771,Čačak,8.421666666666665,20.243053363772567
29772,Čačak,3.739166666666667,17.97547448199583
29773,Čačak,4.575416666666667,17.306767475820454
29774,Čačak,7.156250000000001,22.017035196006105
29775,Čačak,18.14291666666666,25.84784087829369
29776,Čačak,17.81041666666667,18.577171899497863
29777,Čačak,17.17083333333333,18.19317194478488
29778,Čačak,18.025,26.693427960711965
29779,Čačak,17.79166666666666,22.476876313341485
29780,Čačak,20.03333333333333,23.732597618436447
29781,Čačak,21.02916666666667,23.79503598268098
29782,Čačak,17.0375,22.16535061083739
29783,Čačak,19.00416666666667,24.309952040509465
29784,Čačak,17.50833333333333,30.55994221718037
29785,Čačak,21.17916666666666,20.581887062765546
29786,Čačak,3.689583333333333,16.980059140168425
29787,Čačak,6.570833333333334,20.831868523024543
29788,Čačak,11.4925,24.68882108612329
29789,Čačak,23.53416666666666,32.256970932133655
29790,Čačak,23.61666666666667,22.45144897726325
29791,Čačak,15.14333333333333,16.35942445328084
29792,Čačak,14.82875,22.365012476066088
29793,Čačak,19.78541666666667,27.049846069120218
29794,Čačak,22.03791666666666,24.228979968787907
29795,Čačak,20.49333333333334,27.66575085776132
29796,Čačak,21.41666666666667,20.64993064016831
29797,Čačak,25.77083333333333,24.826536414807336
29798,Čačak,19.62041666666666,19.32546212035528
29799,Čačak,23.60375,28.476110975608385
29800,Čačak,35.40833333333334,26.006980755462784
29801,Čačak,40.43333333333333,38.45653152702247
29802,Čačak,29.9,29.13792486154424
29803,Čačak,34.39166666666667,32.30939187178528
29804,Čačak,44.36666666666665,29.13792486154424
29805,Čačak,29.30416666666667,29.779862443192265
29806,Čačak,33.08333333333333,28.004834794091963
29807,Čačak,32.6125,29.5561043869466
29808,Čačak,50.02916666666666,37.29895968065702
29809,Čačak,65.44999999999999,62.547237233641695
29810,Čačak,61.60416666666668,41.46400024191867
29811,Čačak,68.3125,41.46400024191867
29812,Čačak,59.51250000000002,37.29895968065702
29813,Čačak,66.67083333333335,43.10017254104648
29814,Čačak,59.25416666666666,62.547237233641695
29815,Čačak,58.95833333333334,36.90061194615768
29816,Čačak,52.20416666666666,44.433607579599965
29817,Čačak,51.37083333333334,36.90061194615768
29818,Čačak,45.44583333333333,37.21044920907545
29819,Čačak,47.34999999999999,48.83898136018452
29820,Čačak,34.99999999999999,31.442235842414814
29821,Čačak,34.70833333333334,31.53172146597429
29822,Čačak,43.87083333333334,32.60863264036083
29823,Čačak,68.23333333333335,55.885218242118704
29824,Čačak,70.31249999999999,55.885218242118704
29825,Čačak,76.575,50.7639127025317
29826,Čačak,77.46666666666667,69.0991234528709
29827,Čačak,30.35416666666666,29.02541949704604
29828,Čačak,45.69583333333335,49.73956169390173
29829,Čačak,53.00416666666666,78.05942308252725
29830,Čačak,107.0708333333334,60.93744339743292
29831,Čačak,101.9916666666667,62.452443208903055
29832,Čačak,50.40458333333333,17.52889711541408
29833,Čačak,30.41166666666667,22.32806820290825
29834,Čačak,17.84166666666667,17.413775926999858
29835,Čačak,23.91458333333334,58.36605118965968
29836,Čačak,57.24166666666667,76.14803765112663
29837,Čačak,89.8,51.843552810606575
29838,Čačak,104.5083333333333,45.798680368196656
29839,Čačak,73.42916666666666,55.05205429113249
29840,Čačak,85.31250000000001,24.87727162347688
29841,Čačak,21.71833333333333,19.05569066984433
29842,Čačak,21.31208333333334,34.24041131420846
29843,Čačak,29.16416666666666,20.199321128441262
29844,Čačak,41.225,33.69233525218011
29845,Čačak,34.68749999999999,31.929048411748006
29846,Čačak,39.12500000000001,29.09107125791996
29847,Čačak,39.69583333333333,33.35256405607525
29848,Čačak,43.78333333333332,22.05131718703474
29849,Čačak,40.6625,33.772252010217684
29850,Čačak,40.77916666666667,32.45412476515773
29851,Čačak,39.29166666666666,35.285159284788605
29852,Čačak,36.40000000000001,37.12098046657611
29853,Čačak,37.11666666666666,22.526137882534663
29854,Čačak,27.87916666666667,43.44927549271682
29855,Čačak,49.59583333333332,45.32702589474391
29856,Čačak,61.03749999999999,49.11950732213005
29857,Čačak,39.34166666666667,33.772252010217684
29858,Čačak,28.73750000000001,27.31681114426705
29859,Čačak,81.46666666666667,62.452443208903055
29860,Čačak,98.33333333333331,135.36782909251238
29861,Čačak,98.10416666666669,135.97182431170526
29862,Čačak,74.06041666666667,23.14784251557945
29863,Čačak,20.81291666666667,30.119716837469817
29864,Čačak,64.71249999999999,99.2084086401559
29865,Čačak,50.69500000000001,21.168048615100037
29866,Čačak,19.035,29.25368342768016
29867,Čačak,21.91625,23.48130745144172
29868,Čačak,33.75833333333333,68.26734218681254
29869,Čačak,50.49166666666667,51.16171695012265
29870,Čačak,46.29166666666666,45.32702589474391
29871,Čačak,65.2375,72.2874510295791
29872,Čačak,118.6208333333334,134.50149393401355
29873,Čačak,120.9666666666667,98.07576157209064
