Date,City,Pollutant,Klimerko,SEPA,Pred
2019-10-07,Beograd,PM2.5,18.0,22.8,17.038982519738216
2019-10-08,Beograd,PM2.5,14.0,15.86666666666667,16.078567709759493
2019-10-09,Beograd,PM2.5,19.0,21.9,15.542455793486711
2019-10-10,Beograd,PM2.5,21.0,23.36666666666666,16.23469202663004
2019-10-11,Beograd,PM2.5,12.0,14.3,15.918872128309491
2019-10-12,Beograd,PM2.5,27.0,26.33333333333333,18.73150943969926
2019-10-13,Beograd,PM2.5,43.0,39.26666666666667,28.513991688578603
2019-10-14,Beograd,PM2.5,44.0,53.20000000000001,30.581970441788886
2019-10-15,Beograd,PM2.5,47.0,57.16666666666666,34.65515784941387
2019-10-16,Beograd,PM2.5,23.0,34.33333333333334,21.652404179017708
2019-10-17,Beograd,PM2.5,36.0,45.1,28.11006533396657
2019-10-18,Beograd,PM2.5,46.0,61.13333333333333,33.612413955818106
2019-10-19,Beograd,PM2.5,61.0,73.73333333333333,45.21669164021876
2019-10-20,Beograd,PM2.5,46.0,69.46666666666665,33.22437607189213
2019-10-21,Beograd,PM2.5,40.0,45.4,28.77319679506976
2019-10-22,Beograd,PM2.5,103.0,75.13333333333334,62.09760554196309
2019-10-23,Beograd,PM2.5,43.0,61.4,28.59375745442032
2019-10-24,Beograd,PM2.5,23.0,36.83333333333334,19.47276995654507
2019-10-25,Beograd,PM2.5,67.0,75.7,46.50538104039062
2019-10-26,Beograd,PM2.5,76.0,100.7333333333333,51.44832424946205
2019-10-27,Beograd,PM2.5,83.0,100.0333333333333,55.10729932970298
2019-10-28,Beograd,PM2.5,65.0,84.3,48.03959288549976
2019-10-29,Beograd,PM2.5,33.0,43.43333333333334,24.705385231919283
2019-10-31,Beograd,PM2.5,10.0,17.13333333333334,17.11450975320418
2019-11-01,Beograd,PM2.5,7.0,13.76666666666667,16.24302843118095
2019-11-02,Beograd,PM2.5,12.0,18.33333333333333,14.282628745122429
2019-11-03,Beograd,PM2.5,8.0,13.43333333333333,13.299622818163892
2019-11-04,Beograd,PM2.5,7.0,11.63333333333333,13.24486509837927
2019-11-05,Beograd,PM2.5,5.0,6.233333333333333,14.435552079135288
2019-11-06,Beograd,PM2.5,12.0,9.366666666666667,14.381532086850488
2019-11-07,Beograd,PM2.5,16.0,17.56666666666667,20.67617578361571
2019-11-08,Beograd,PM2.5,17.0,23.1,19.133806340253543
2019-11-09,Beograd,PM2.5,20.0,10.43333333333333,18.23737412439848
2019-11-10,Beograd,PM2.5,27.0,20.9,21.93816738630369
2019-11-11,Beograd,PM2.5,30.0,24.93333333333333,27.40266834855932
2019-11-12,Beograd,PM2.5,37.0,19.6,23.583911629361324
2019-11-13,Beograd,PM2.5,12.0,11.0,15.294007584802667
2019-11-14,Beograd,PM2.5,17.0,21.73333333333333,20.97682702585848
2019-11-15,Beograd,PM2.5,16.0,23.8,18.508871986719868
2019-11-16,Beograd,PM2.5,11.0,14.53333333333333,15.32843768132206
2019-11-17,Beograd,PM2.5,10.0,11.3,15.941362945132097
2019-11-18,Beograd,PM2.5,16.0,15.63333333333333,17.472075831287633
2019-11-19,Beograd,PM2.5,19.0,19.6,19.53791266433817
2019-11-20,Beograd,PM2.5,12.0,13.43333333333333,14.48132280514172
2019-11-21,Beograd,PM2.5,9.0,11.06666666666667,15.7737373139314
2019-11-22,Beograd,PM2.5,5.0,4.166666666666667,14.711852043788245
2019-11-23,Beograd,PM2.5,6.0,8.366666666666667,14.711852043788245
2019-11-24,Beograd,PM2.5,10.0,10.8,15.164399262682196
2019-11-25,Beograd,PM2.5,10.0,9.1,15.41167415551904
2019-11-26,Beograd,PM2.5,30.0,30.5,25.79044314522525
2019-11-27,Beograd,PM2.5,26.0,35.43333333333333,22.403124811262927
2019-11-28,Beograd,PM2.5,17.0,20.26666666666667,17.178587230042016
2019-11-29,Beograd,PM2.5,17.0,23.0,21.24474000161201
2019-11-30,Beograd,PM2.5,10.0,15.56666666666667,14.140184361112096
2019-12-01,Beograd,PM2.5,21.0,26.2,25.514745027366235
2019-12-02,Beograd,PM2.5,14.0,18.73333333333333,12.905432717192316
2019-12-03,Beograd,PM2.5,20.0,25.4,20.575845672826848
2019-12-04,Beograd,PM2.5,31.0,45.53333333333333,30.25349645591144
2019-12-05,Beograd,PM2.5,26.0,42.73333333333333,26.791533983377928
2019-12-06,Beograd,PM2.5,39.0,63.46666666666667,35.13690396822343
2019-12-07,Beograd,PM2.5,62.0,98.3,44.86807592629212
2019-12-08,Beograd,PM2.5,60.0,78.76666666666667,48.49368035996159
2019-12-09,Beograd,PM2.5,30.0,51.4,25.169073399282425
2019-12-10,Beograd,PM2.5,21.0,29.7,18.319840361239905
2019-12-11,Beograd,PM2.5,16.0,23.36666666666666,21.44776833210086
2019-12-12,Beograd,PM2.5,29.0,37.8,19.45476674711201
2019-12-13,Beograd,PM2.5,23.0,33.2,22.296169787474764
2019-12-14,Beograd,PM2.5,22.0,24.2,17.359401532911598
2019-12-15,Beograd,PM2.5,34.0,53.43333333333334,29.09513426867817
2019-12-16,Beograd,PM2.5,54.0,91.06666666666666,42.48840737108267
2019-12-17,Beograd,PM2.5,58.0,98.23333333333336,47.30851902458998
2019-12-18,Beograd,PM2.5,60.0,101.55,48.844178716088464
2019-12-19,Beograd,PM2.5,48.0,87.6,39.30316805589525
2019-12-20,Beograd,PM2.5,23.0,26.66666666666667,21.705018491903445
2019-12-21,Beograd,PM2.5,9.0,12.4,14.807766230210046
2019-12-22,Beograd,PM2.5,7.0,8.533333333333333,13.307491891176667
2019-12-23,Beograd,PM2.5,5.0,5.0,12.03152851952018
2019-12-24,Beograd,PM2.5,9.0,9.633333333333333,12.31645010721344
2019-12-25,Beograd,PM2.5,17.0,27.66666666666667,19.86624111921171
2019-12-26,Beograd,PM2.5,16.0,16.6,15.014534964322657
2019-12-27,Beograd,PM2.5,21.0,26.4,18.37826985147726
2019-12-28,Beograd,PM2.5,10.0,10.2,14.19543557807234
2019-12-29,Beograd,PM2.5,12.0,16.85,14.467865041696808
2019-12-30,Beograd,PM2.5,20.0,29.53333333333333,26.47738313776676
2019-12-31,Beograd,PM2.5,44.0,71.93333333333332,38.295240415138
2019-10-30,Beograd,PM2.5,12.0,22.25,16.567320899147166
2020-01-01,Beograd,PM2.5,37.0,44.9,32.636714088171786
2020-01-02,Beograd,PM2.5,52.0,71.4,44.45859229713214
2020-01-03,Beograd,PM2.5,74.0,90.0,56.160879209605895
2020-01-04,Beograd,PM2.5,53.0,60.5,38.94588226517868
2020-01-05,Beograd,PM2.5,23.0,13.6,18.63619048892329
2020-01-06,Beograd,PM2.5,24.0,26.2,26.629605571470485
2020-01-07,Beograd,PM2.5,46.0,76.1,39.86197274323591
2020-01-08,Beograd,PM2.5,55.0,81.4,45.67653964594338
2020-01-09,Beograd,PM2.5,43.0,59.6,36.64061092967636
2020-01-10,Beograd,PM2.5,70.0,96.0,54.38093025514959
2020-01-11,Beograd,PM2.5,61.0,75.1,50.70615652472421
2020-01-12,Beograd,PM2.5,53.0,62.4,44.90582650668683
2020-01-13,Beograd,PM2.5,49.0,55.1,41.47331229866255
2020-01-14,Beograd,PM2.5,69.0,67.0,54.69000171842571
2020-01-15,Beograd,PM2.5,96.0,90.3,70.04733153290192
2020-01-16,Beograd,PM2.5,63.0,42.1,51.600796894288
2020-01-17,Beograd,PM2.5,49.0,47.0,37.93181214864079
2020-01-18,Beograd,PM2.5,42.0,37.9,30.169272860698147
2020-01-19,Beograd,PM2.5,35.0,29.9,33.22169717757169
2020-01-20,Beograd,PM2.5,42.0,40.2,36.19337672012167
2020-01-21,Beograd,PM2.5,38.0,36.6,33.91238991182972
2020-01-22,Beograd,PM2.5,42.0,45.2,36.45336058796223
2020-01-23,Beograd,PM2.5,36.0,49.4,32.636714088171786
2020-01-24,Beograd,PM2.5,53.0,62.9,43.182916473474215
2020-01-25,Beograd,PM2.5,95.0,114.0,61.49123692639832
2020-01-26,Beograd,PM2.5,92.0,104.0,57.82681512071862
2020-01-27,Beograd,PM2.5,47.0,48.7,34.705869222756185
2020-01-28,Beograd,PM2.5,29.0,38.5,20.53273972512542
2020-01-29,Beograd,PM2.5,28.0,16.25,22.69163463439316
2020-01-30,Beograd,PM2.5,30.0,29.4,24.610959890230745
2020-01-31,Beograd,PM2.5,19.0,21.65,20.77734041993163
2020-02-01,Beograd,PM2.5,21.0,27.1,25.10161874555473
2020-02-02,Beograd,PM2.5,14.0,12.4,18.86412699497695
2020-02-03,Beograd,PM2.5,22.0,23.7,21.85476572881476
2020-02-04,Beograd,PM2.5,17.0,14.7,15.085109634976316
2020-02-05,Beograd,PM2.5,9.0,7.3,12.36715204031854
2020-02-06,Beograd,PM2.5,18.0,16.15,17.96863301904562
2020-02-07,Beograd,PM2.5,25.0,22.6,19.958616596065607
2020-02-08,Beograd,PM2.5,25.0,27.55,25.86480207194129
2020-02-09,Beograd,PM2.5,48.0,55.40000000000001,40.59155285455688
2020-02-10,Beograd,PM2.5,19.0,16.8,16.58695159712942
2020-02-11,Beograd,PM2.5,11.0,8.1,13.684652755108496
2020-02-12,Beograd,PM2.5,18.0,18.95,20.59246489676844
2020-02-13,Beograd,PM2.5,27.0,25.85,26.378407701566427
2020-02-14,Beograd,PM2.5,34.0,29.95,21.457149911998677
2020-02-15,Beograd,PM2.5,43.0,45.55,34.47046668690905
2020-02-16,Beograd,PM2.5,42.0,39.45,32.178534673180906
2020-02-17,Beograd,PM2.5,57.0,67.30000000000001,41.83238194603991
2020-02-18,Beograd,PM2.5,51.0,45.2,40.05479381631605
2020-02-19,Beograd,PM2.5,37.0,31.2,30.69562815760645
2020-02-20,Beograd,PM2.5,28.0,31.2,20.39444754990652
2020-02-21,Beograd,PM2.5,32.0,31.75,29.457021997303453
2020-02-22,Beograd,PM2.5,30.0,34.85,25.198865604297684
2020-02-23,Beograd,PM2.5,32.0,33.6,29.113145594568977
2020-02-24,Beograd,PM2.5,26.0,26.4,18.881313363928804
2020-02-25,Beograd,PM2.5,34.0,30.95,28.503982973106847
2020-02-26,Beograd,PM2.5,19.0,15.9,16.727273717467302
2020-02-27,Beograd,PM2.5,18.0,15.75,15.778166504670375
2020-02-28,Beograd,PM2.5,15.0,12.0,13.233481686312986
2020-02-29,Beograd,PM2.5,17.0,15.9,20.067735866316493
2020-03-01,Beograd,PM2.5,17.0,16.35,17.92098498082329
2020-03-02,Beograd,PM2.5,7.0,16.45,13.311118246843453
2020-03-03,Beograd,PM2.5,16.0,9.35,15.042618720702846
2020-03-04,Beograd,PM2.5,27.0,17.25,19.439378824095044
2020-03-05,Beograd,PM2.5,31.0,21.75,25.75697152375095
2020-03-06,Beograd,PM2.5,24.0,30.65,18.781217773665308
2020-03-07,Beograd,PM2.5,33.0,22.65,22.76794322425509
2020-03-08,Beograd,PM2.5,31.0,23.9,22.041781023251
2020-03-09,Beograd,PM2.5,37.0,24.55,31.20395115221898
2020-03-10,Beograd,PM2.5,39.0,30.85,27.90698413128003
2020-03-11,Beograd,PM2.5,33.0,33.95,27.94845096199459
2020-03-12,Beograd,PM2.5,17.0,37.9,18.005269601121764
2020-03-13,Beograd,PM2.5,18.0,23.45,19.11154204009792
2020-03-14,Beograd,PM2.5,26.0,20.05,25.02760361969437
2020-03-15,Beograd,PM2.5,15.0,15.7,16.07095477565805
2020-03-16,Beograd,PM2.5,12.0,14.5,14.83107179662156
2020-03-17,Beograd,PM2.5,25.0,14.45,23.06488006023344
2020-03-18,Beograd,PM2.5,45.0,24.45,34.2454525148852
2020-03-19,Beograd,PM2.5,48.0,48.5,37.53923769221167
2020-03-20,Beograd,PM2.5,46.0,48.3,36.02901537874096
2020-03-21,Beograd,PM2.5,37.0,54.75,29.07198857693474
2020-03-22,Beograd,PM2.5,9.0,34.0,15.59106268472
2020-03-23,Beograd,PM2.5,14.0,9.2,15.984386798781594
2020-03-24,Beograd,PM2.5,14.0,15.25,13.144125840467709
2020-03-25,Beograd,PM2.5,17.0,14.8,14.791542023440131
2020-03-26,Beograd,PM2.5,17.0,21.5,16.50827265897957
2020-03-27,Beograd,PM2.5,25.0,29.1,19.164423603132185
2020-03-28,Beograd,PM2.5,34.0,102.05,27.77042594823477
2020-03-29,Beograd,PM2.5,34.0,70.0,24.380727059463755
2020-03-30,Beograd,PM2.5,28.0,43.3,21.844799761800832
2020-03-31,Beograd,PM2.5,12.0,24.7,17.083262359081402
2020-04-01,Beograd,PM2.5,15.0,10.95,16.23473736936892
2020-04-02,Beograd,PM2.5,20.0,14.75,18.849732908558053
2020-04-03,Beograd,PM2.5,34.0,20.65,25.68060441964953
2020-04-04,Beograd,PM2.5,39.0,28.85,27.9520843866587
2020-04-05,Beograd,PM2.5,25.0,32.95,20.19891134959108
2020-04-06,Beograd,PM2.5,19.0,24.0,21.59759606898202
2020-04-07,Beograd,PM2.5,13.0,19.1,19.56642582905613
2020-04-08,Beograd,PM2.5,21.0,14.6,19.82169974897585
2020-04-09,Beograd,PM2.5,34.0,23.15,25.68060441964953
2020-04-10,Beograd,PM2.5,22.0,37.95,18.166928773261745
2020-04-11,Beograd,PM2.5,11.0,24.3,17.138696840278616
2020-04-12,Beograd,PM2.5,15.0,13.9,18.215511705194423
2020-04-13,Beograd,PM2.5,27.0,17.0,19.34592918798228
2020-04-14,Beograd,PM2.5,16.0,24.55,14.883059361290046
2020-04-15,Beograd,PM2.5,18.0,15.45,18.69562803820228
2020-04-16,Beograd,PM2.5,17.0,18.8,16.317400307657028
2020-04-17,Beograd,PM2.5,13.0,20.0,13.63317590110968
2020-04-18,Beograd,PM2.5,9.0,15.95,12.72225360048852
2020-04-19,Beograd,PM2.5,15.0,11.65,13.791955273716717
2020-04-20,Beograd,PM2.5,7.0,14.5,11.467905947157876
2020-04-21,Beograd,PM2.5,14.0,8.1,13.226740264374612
2020-04-22,Beograd,PM2.5,18.0,15.2,15.230811392057092
2020-04-23,Beograd,PM2.5,19.0,19.55,15.784914209596044
2020-04-24,Beograd,PM2.5,21.0,19.2,17.965723964567836
2020-04-25,Beograd,PM2.5,13.0,23.45,12.351304897100183
2020-04-26,Beograd,PM2.5,16.0,15.45,15.647666076117588
2020-04-27,Beograd,PM2.5,18.0,16.55,16.39628713790059
2020-04-28,Beograd,PM2.5,12.0,17.85,13.386957186879537
2020-04-29,Beograd,PM2.5,6.0,12.1,11.419476342519166
2020-04-30,Beograd,PM2.5,8.0,8.5,11.30156435916938
2020-05-01,Beograd,PM2.5,7.0,9.7,10.574625813431258
2020-05-02,Beograd,PM2.5,9.0,8.05,10.832502480495275
2020-05-03,Beograd,PM2.5,8.0,7.550000000000001,8.840797424842636
2020-05-04,Beograd,PM2.5,13.0,8.95,11.028596142366029
2020-05-05,Beograd,PM2.5,10.0,15.1,10.907371444850568
2020-05-06,Beograd,PM2.5,9.0,9.95,8.554356893534473
2020-05-07,Beograd,PM2.5,8.0,9.0,9.360599223007958
2020-05-08,Beograd,PM2.5,15.0,9.6,13.056964926449403
2020-05-09,Beograd,PM2.5,15.0,16.45,12.752338674938672
2020-05-10,Beograd,PM2.5,17.0,15.25,13.719135293825302
2020-05-11,Beograd,PM2.5,5.0,12.75,9.13803124169251
2020-05-12,Beograd,PM2.5,4.0,8.2,8.346183209304384
2020-05-13,Beograd,PM2.5,5.0,8.9,8.413582791836703
2020-05-14,Beograd,PM2.5,6.0,6.95,9.13803124169251
2020-05-15,Beograd,PM2.5,26.0,12.65,16.266533762757938
2020-05-16,Beograd,PM2.5,18.0,22.55,13.237721446098316
2020-05-17,Beograd,PM2.5,29.0,17.6,16.972635344546593
2020-05-18,Beograd,PM2.5,21.0,23.75,14.9703232580825
2020-05-19,Beograd,PM2.5,25.0,17.75,15.520252724019125
2020-05-20,Beograd,PM2.5,23.0,18.85,13.564459864281398
2020-05-21,Beograd,PM2.5,8.0,19.15,8.50761706139915
2020-05-22,Beograd,PM2.5,7.0,9.65,10.464572466397176
2020-05-23,Beograd,PM2.5,11.0,9.1,11.850566857363836
2020-05-24,Beograd,PM2.5,9.0,10.55,8.592260081830986
2020-05-25,Beograd,PM2.5,6.0,8.85,8.398243970705753
2020-05-26,Beograd,PM2.5,13.0,6.850000000000001,10.59156772389125
2020-05-27,Beograd,PM2.5,11.0,11.4,10.204446052428962
2020-05-28,Beograd,PM2.5,12.0,10.25,9.79823011793246
2020-05-29,Beograd,PM2.5,16.0,10.7,11.528284075903334
2020-05-30,Beograd,PM2.5,18.0,14.4,13.394050012086476
2020-05-31,Beograd,PM2.5,6.0,14.4,8.667575639509028
2020-06-01,Beograd,PM2.5,15.0,6.85,11.817084121732234
2020-06-02,Beograd,PM2.5,14.0,12.05,12.042129090184249
2020-06-03,Beograd,PM2.5,9.0,11.75,10.326429367492022
2020-06-04,Beograd,PM2.5,6.0,7.949999999999999,8.98257227085687
2020-06-05,Beograd,PM2.5,6.0,9.4,7.796485091481466
2020-06-06,Beograd,PM2.5,10.0,7.050000000000001,10.236908303856117
2020-06-07,Beograd,PM2.5,11.0,11.65,11.481033819270088
2020-06-08,Beograd,PM2.5,16.0,10.65,12.629592494674537
2020-06-09,Beograd,PM2.5,14.0,14.3,12.409120218881371
2020-06-10,Beograd,PM2.5,20.0,11.8,14.426747073398149
2020-06-11,Beograd,PM2.5,16.0,15.45,13.18228975873593
2020-06-12,Beograd,PM2.5,5.0,13.25,9.13218346438248
2020-06-13,Beograd,PM2.5,7.0,6.300000000000001,9.072622516171648
2020-06-14,Beograd,PM2.5,8.0,7.2,9.127380235956268
2020-06-15,Beograd,PM2.5,9.0,7.4,10.114933568410226
2020-06-16,Beograd,PM2.5,15.0,9.45,12.189261069409277
2020-06-17,Beograd,PM2.5,19.0,13.1,12.55393768418288
2020-06-18,Beograd,PM2.5,14.0,15.0,10.69101893996549
2020-06-19,Beograd,PM2.5,6.0,12.45,9.784361084962162
2020-06-20,Beograd,PM2.5,5.0,7.7,8.999809346377466
2020-06-21,Beograd,PM2.5,10.0,5.9,8.864137236688359
2020-06-22,Beograd,PM2.5,11.0,6.15,8.220091650955023
2020-06-23,Beograd,PM2.5,9.0,11.1,7.826383056425819
2020-06-24,Beograd,PM2.5,11.0,10.7,10.814681092154792
2020-06-25,Beograd,PM2.5,15.0,11.4,13.018561997678225
2020-06-26,Beograd,PM2.5,16.0,15.45,10.955026036828302
2020-06-27,Beograd,PM2.5,13.0,13.25,9.991741189687373
2020-06-28,Beograd,PM2.5,13.0,10.2,11.926919327464883
2020-06-29,Beograd,PM2.5,17.0,10.4,13.429042791680532
2020-06-30,Beograd,PM2.5,4.0,13.0,9.784361084962162
2020-07-01,Beograd,PM2.5,7.0,6.0,9.49562887787774
2020-07-02,Beograd,PM2.5,26.0,6.85,15.448389201000548
2020-07-03,Beograd,PM2.5,19.0,15.85,12.773061652413288
2020-07-04,Beograd,PM2.5,12.0,13.9,11.155380195094429
2020-07-05,Beograd,PM2.5,15.0,10.05,11.931661349036215
2020-07-06,Beograd,PM2.5,15.0,11.25,12.497848649642316
2020-07-07,Beograd,PM2.5,7.0,12.4,8.27354352063049
2020-07-08,Beograd,PM2.5,13.0,9.15,12.13797711309919
2020-07-09,Beograd,PM2.5,14.0,12.3,12.411280672765866
2020-07-10,Beograd,PM2.5,13.0,12.25,10.058998417969834
2020-07-11,Beograd,PM2.5,8.0,8.15,8.282650344660306
2020-07-12,Beograd,PM2.5,5.0,6.55,7.906915710215804
2020-07-13,Beograd,PM2.5,5.0,6.3,8.153990297421345
2020-07-14,Beograd,PM2.5,7.0,6.199999999999999,10.494409989727655
2020-07-15,Beograd,PM2.5,19.0,7.25,14.169147353025089
2020-07-16,Beograd,PM2.5,23.0,15.0,16.11569374356257
2020-07-17,Beograd,PM2.5,10.0,15.65,9.457261789988516
2020-07-18,Beograd,PM2.5,14.0,10.55,11.965181655388813
2020-07-19,Beograd,PM2.5,10.0,11.7,10.850826427906906
2020-07-20,Beograd,PM2.5,10.0,8.85,11.172369545807104
2020-07-21,Beograd,PM2.5,20.0,9.8,14.347172366784909
2020-07-22,Beograd,PM2.5,24.0,13.45,16.156036544167076
2020-07-23,Beograd,PM2.5,18.0,14.3,13.652264261457182
2020-07-24,Beograd,PM2.5,27.0,13.95,16.358452904341135
2020-07-25,Beograd,PM2.5,13.0,18.85,11.59076085376622
2020-07-26,Beograd,PM2.5,14.0,11.05,12.593160689793418
2020-07-27,Beograd,PM2.5,16.0,12.3,12.571639630833417
2020-07-28,Beograd,PM2.5,12.0,13.85,11.782341937051942
2020-07-29,Beograd,PM2.5,18.0,10.5,13.606613365702376
2020-07-30,Beograd,PM2.5,19.0,12.25,14.169147353025089
2020-07-31,Beograd,PM2.5,20.0,14.65,14.209490153629591
2020-08-01,Beograd,PM2.5,10.0,14.15,9.406705669516612
2020-08-02,Beograd,PM2.5,6.0,8.65,10.212422859155192
2020-08-03,Beograd,PM2.5,17.0,6.65,11.26874513790348
2020-08-04,Beograd,PM2.5,15.0,10.5,10.019505058901029
2020-08-05,Beograd,PM2.5,13.0,10.35,11.60043073706319
2020-08-06,Beograd,PM2.5,17.0,12.35,12.106511946692647
2020-08-07,Beograd,PM2.5,9.0,13.7,9.737806103367522
2020-08-08,Beograd,PM2.5,13.0,9.95,12.153128001124584
2020-08-09,Beograd,PM2.5,20.0,12.55,14.290517952125402
2020-08-10,Beograd,PM2.5,26.0,16.5,16.191413446908083
2020-08-11,Beograd,PM2.5,19.0,19.2,14.244867056370596
2020-08-12,Beograd,PM2.5,16.0,16.3,12.849861374001309
2020-08-13,Beograd,PM2.5,17.0,13.4,13.535262502755453
2020-08-14,Beograd,PM2.5,22.0,14.55,14.914624490896385
2020-08-15,Beograd,PM2.5,17.0,16.5,12.912674096392667
2020-08-16,Beograd,PM2.5,12.0,13.85,11.372637114862986
2020-08-17,Beograd,PM2.5,12.0,10.5,9.591544275545475
2020-08-18,Beograd,PM2.5,13.0,10.4,11.60043073706319
2020-08-19,Beograd,PM2.5,7.0,11.45,8.204868066772983
2020-08-20,Beograd,PM2.5,10.0,7.4,9.778995892485304
2020-08-21,Beograd,PM2.5,17.0,10.2,13.713287516515273
2020-08-22,Beograd,PM2.5,19.0,14.4,14.422892070130416
2020-08-23,Beograd,PM2.5,19.0,15.55,14.14374981441468
2020-08-24,Beograd,PM2.5,9.0,13.7,10.635469973261522
2020-08-25,Beograd,PM2.5,7.0,9.1,9.810221084073392
2020-08-26,Beograd,PM2.5,9.0,7.0,10.81349498702134
2020-08-27,Beograd,PM2.5,11.0,8.4,11.661591597174985
2020-08-28,Beograd,PM2.5,7.0,8.7,9.442086194409088
2020-08-29,Beograd,PM2.5,8.0,5.8,8.402931786100462
2020-08-30,Beograd,PM2.5,9.0,7.05,8.470069850365466
2020-08-31,Beograd,PM2.5,9.0,7.75,9.767073266763411
2020-09-01,Beograd,PM2.5,4.0,11.05,9.807357766185032
2020-09-02,Beograd,PM2.5,5.0,5.6,11.104607937015674
2020-09-03,Beograd,PM2.5,10.0,5.5,11.695280682322698
2020-09-04,Beograd,PM2.5,14.0,10.65,11.982795519026256
2020-09-05,Beograd,PM2.5,12.0,12.55,12.750246718257934
2020-09-06,Beograd,PM2.5,12.0,12.9,12.644027007183016
2020-09-07,Beograd,PM2.5,15.0,12.05,12.438827174140147
2020-09-08,Beograd,PM2.5,9.0,11.7,10.500728794413844
2020-09-09,Beograd,PM2.5,13.0,10.55,13.004764652349264
2020-09-10,Beograd,PM2.5,15.0,14.95,13.566870672804225
2020-09-11,Beograd,PM2.5,24.0,16.05,16.982481282812643
2020-09-12,Beograd,PM2.5,17.0,19.75,12.929940403714417
2020-09-13,Beograd,PM2.5,19.0,14.05,14.469747591669062
2020-09-14,Beograd,PM2.5,26.0,17.8,16.982481282812643
2020-09-15,Beograd,PM2.5,18.0,22.45,13.183230681081769
2020-09-16,Beograd,PM2.5,7.0,16.3,9.16117162840516
2020-09-17,Beograd,PM2.5,12.0,8.5,11.75146560640802
2020-09-18,Beograd,PM2.5,7.0,11.15,9.24035914417632
2020-09-19,Beograd,PM2.5,10.0,9.9,11.695280682322698
2020-09-20,Beograd,PM2.5,12.0,12.25,11.252739541356414
2020-09-21,Beograd,PM2.5,9.0,11.35,9.327629150549432
2020-09-22,Beograd,PM2.5,13.0,9.6,10.804738751776696
2020-09-23,Beograd,PM2.5,11.0,10.45,11.190903029443076
2020-09-24,Beograd,PM2.5,10.0,9.85,11.796397924278615
2020-09-25,Beograd,PM2.5,8.0,12.2,9.215929348189782
2020-09-26,Beograd,PM2.5,5.0,7.4,9.492043029167538
2020-09-27,Beograd,PM2.5,9.0,6.449999999999999,10.865498867554908
2020-09-28,Beograd,PM2.5,6.0,8.7,8.179879835639467
2020-09-29,Beograd,PM2.5,9.0,6.65,10.955882603967687
2020-09-30,Beograd,PM2.5,13.0,7.75,10.568980473729116
2020-10-01,Beograd,PM2.5,14.0,9.6,12.878213443334287
2020-10-02,Beograd,PM2.5,9.0,11.65,11.452704434105716
2020-10-03,Beograd,PM2.5,10.0,7.15,10.931375834237407
2020-10-04,Beograd,PM2.5,10.0,6.699999999999999,10.946497248237282
2020-10-05,Beograd,PM2.5,15.0,8.45,13.417353845753937
2020-10-06,Beograd,PM2.5,16.0,13.75,16.46542425508785
2020-10-07,Beograd,PM2.5,15.0,13.15,14.113804289275096
2020-10-08,Beograd,PM2.5,9.0,10.85,10.1938393335948
2020-10-09,Beograd,PM2.5,13.0,8.35,14.66233774195483
2020-10-10,Beograd,PM2.5,20.0,13.35,18.55295243711948
2020-10-11,Beograd,PM2.5,33.0,18.5,23.802264090342245
2020-10-12,Beograd,PM2.5,21.0,20.4,14.6514063670568
2020-10-13,Beograd,PM2.5,9.0,10.4,9.4168756511449
2020-10-14,Beograd,PM2.5,8.0,6.15,13.37798919421065
2020-10-15,Beograd,PM2.5,10.0,8.15,13.722292321259618
2020-10-16,Beograd,PM2.5,22.0,8.149999999999999,19.321674343754083
2020-10-17,Beograd,PM2.5,24.0,14.8,22.57165093191608
2020-10-18,Beograd,PM2.5,28.0,16.1,24.49451850058287
2020-10-19,Beograd,PM2.5,32.0,23.6,26.937590326726955
2020-10-20,Beograd,PM2.5,33.0,31.35,25.658239874750254
2020-10-21,Beograd,PM2.5,26.0,24.4,20.21720528304529
2020-10-22,Beograd,PM2.5,50.0,19.4,36.71375654930471
2020-10-23,Beograd,PM2.5,78.0,43.0,52.59406097863792
2020-10-24,Beograd,PM2.5,77.0,64.0,47.21101596645384
2020-10-25,Beograd,PM2.5,48.0,53.0,33.756596512918975
2020-10-26,Beograd,PM2.5,28.0,33.95,23.817013085439225
2020-10-27,Beograd,PM2.5,17.0,21.85,18.45135417772314
2020-10-28,Beograd,PM2.5,34.0,12.1,25.658239874750254
2020-10-30,Beograd,PM2.5,23.0,28.05,20.598463299765776
2020-10-31,Beograd,PM2.5,22.0,17.5,18.1428348760218
2020-11-01,Beograd,PM2.5,31.0,13.4,27.9404170464003
2020-11-02,Beograd,PM2.5,52.0,25.2,41.95826254590688
2020-11-03,Beograd,PM2.5,66.0,40.85,51.52772837738733
2020-11-04,Beograd,PM2.5,46.0,48.05,34.1937228526768
2020-11-05,Beograd,PM2.5,23.0,30.2,24.088141287478734
2020-11-06,Beograd,PM2.5,28.0,15.2,23.88623463996565
2020-11-07,Beograd,PM2.5,54.0,23.75,42.145512887621
2020-11-08,Beograd,PM2.5,57.0,43.4,43.52083006626792
2020-11-09,Beograd,PM2.5,38.0,34.9,31.089459743767144
2020-11-10,Beograd,PM2.5,26.0,25.2,25.488288181260387
2020-11-11,Beograd,PM2.5,16.0,18.7,19.348350227335985
2020-11-12,Beograd,PM2.5,39.0,13.7,29.30540606325156
2020-11-13,Beograd,PM2.5,69.0,33.55,47.703620749576345
2020-11-14,Beograd,PM2.5,52.0,54.0,42.145512887621
2020-11-15,Beograd,PM2.5,48.0,42.05,38.5257483378826
2020-11-16,Beograd,PM2.5,53.0,40.55,40.60470160790808
2020-11-17,Beograd,PM2.5,44.0,49.75,32.814240866293005
2020-11-18,Beograd,PM2.5,50.0,34.6,39.40862644943424
2020-11-19,Beograd,PM2.5,28.0,39.55,22.831310407471737
2020-11-20,Beograd,PM2.5,32.0,18.9,24.85263030434966
2020-11-21,Beograd,PM2.5,23.0,20.35,21.004400235365637
2020-11-22,Beograd,PM2.5,44.0,19.65,35.53492679607218
2020-11-23,Beograd,PM2.5,57.0,32.8,43.87802098620402
2020-11-24,Beograd,PM2.5,70.0,45.1,52.25510118735258
2020-11-25,Beograd,PM2.5,53.0,49.8,41.7883219676849
2020-11-26,Beograd,PM2.5,45.0,40.9,35.21232637923488
2020-11-27,Beograd,PM2.5,48.0,32.35,39.16023288915141
2020-11-28,Beograd,PM2.5,49.0,38.59999999999999,35.29210993027811
2020-11-29,Beograd,PM2.5,36.0,38.2,28.87862457253939
2020-11-30,Beograd,PM2.5,64.0,21.85,48.65323293350805
2020-12-01,Beograd,PM2.5,57.0,56.2,41.55391154864083
2020-12-02,Beograd,PM2.5,35.0,41.8,25.682065969828205
2020-12-03,Beograd,PM2.5,25.0,26.45,18.545904274221886
2020-12-04,Beograd,PM2.5,20.0,18.75,16.59935788368441
2020-12-05,Beograd,PM2.5,23.0,15.3,20.71537008856536
2020-12-06,Beograd,PM2.5,20.0,17.1,18.768823698027884
2020-12-07,Beograd,PM2.5,14.0,11.0,13.233481686312986
2020-12-08,Beograd,PM2.5,18.0,7.35,18.559784314616937
2020-12-09,Beograd,PM2.5,14.0,10.5,13.219056890212707
2020-12-10,Beograd,PM2.5,50.0,7.9,34.339671334790744
2020-12-11,Beograd,PM2.5,60.0,25.45,43.802809595168
2020-12-12,Beograd,PM2.5,44.0,33.1,36.31234651408483
2020-12-13,Beograd,PM2.5,43.0,23.1,36.006126378407544
2020-12-14,Beograd,PM2.5,52.0,22.45,44.271341955418016
2020-12-15,Beograd,PM2.5,52.0,20.2,44.271341955418016
2020-12-16,Beograd,PM2.5,78.0,26.65,55.36076754205123
2020-12-17,Beograd,PM2.5,89.0,45.7,63.41520077889427
2020-12-18,Beograd,PM2.5,61.0,64.7,50.38355610788691
2020-12-19,Beograd,PM2.5,69.0,30.7,54.56818059686372
2020-12-20,Beograd,PM2.5,55.0,39.6,43.50639540317608
2020-12-21,Beograd,PM2.5,40.0,29.5,29.79249704375384
2020-12-22,Beograd,PM2.5,64.0,23.5,48.82149003005857
2020-12-23,Beograd,PM2.5,90.0,44.15,57.7778569542234
2020-12-24,Beograd,PM2.5,42.0,69.1,33.86130406544692
2020-12-25,Beograd,PM2.5,25.0,26.6,23.884002089736622
2020-12-26,Beograd,PM2.5,24.0,12.8,22.06722874589668
2020-12-27,Beograd,PM2.5,18.0,12.3,16.233329822138025
2020-12-28,Beograd,PM2.5,14.0,11.25,13.782692789682256
2020-12-29,Beograd,PM2.5,12.0,8.3,16.98013192105431
2020-12-30,Beograd,PM2.5,32.0,10.3,20.51746910920417
2020-12-31,Beograd,PM2.5,44.0,26.35,31.084238794138663
2020-10-29,Beograd,PM2.5,43.0,30.8,29.82874594862413
2021-01-01,Beograd,PM2.5,34.0,29.6,29.70429689014029
2021-01-02,Beograd,PM2.5,20.0,16.13333333333333,18.602972309053225
2021-01-03,Beograd,PM2.5,22.0,17.7875,15.473420582265629
2021-01-04,Beograd,PM2.5,26.0,14.235,19.19989549002131
2021-01-05,Beograd,PM2.5,54.0,37.06999999999999,35.39566638363484
2021-01-06,Beograd,PM2.5,38.0,25.425,23.9279081043752
2021-01-07,Beograd,PM2.5,29.0,18.56,23.755960573322927
2021-01-08,Beograd,PM2.5,30.0,17.6375,23.32831826598133
2021-01-09,Beograd,PM2.5,58.0,39.6475,44.31266035371942
2021-01-10,Beograd,PM2.5,47.0,31.91,31.91303340496558
2021-01-11,Beograd,PM2.5,53.0,40.33,37.159587243113776
2021-01-12,Beograd,PM2.5,62.0,50.00749999999999,51.600796894288
2021-01-13,Beograd,PM2.5,62.0,46.66,49.13056149333469
2021-01-14,Beograd,PM2.5,34.0,22.355,21.58289536475407
2021-01-15,Beograd,PM2.5,29.0,21.12,25.1091236681912
2021-01-16,Beograd,PM2.5,41.0,28.4025,34.61549149057172
2021-01-17,Beograd,PM2.5,45.0,28.5075,33.53913740400257
2021-01-18,Beograd,PM2.5,55.0,41.6375,43.953629612730765
2021-01-19,Beograd,PM2.5,51.0,36.8175,41.11119064733287
2021-01-20,Beograd,PM2.5,37.0,23.49,26.015673024214717
2021-01-21,Beograd,PM2.5,32.0,18.52,25.15582817109254
2021-01-22,Beograd,PM2.5,22.0,15.6975,19.094704729819192
2021-01-23,Beograd,PM2.5,14.0,12.94,16.85476583386656
2021-01-24,Beograd,PM2.5,9.0,8.27,13.984859641188796
2021-01-25,Beograd,PM2.5,22.0,12.37,16.79252059223791
2021-01-26,Beograd,PM2.5,40.0,23.24,24.78412594280457
2021-01-27,Beograd,PM2.5,37.0,23.63,23.62084414367619
2021-01-28,Beograd,PM2.5,37.0,25.21,31.88727047272509
2021-01-29,Beograd,PM2.5,34.0,23.5725,24.804238139314805
2021-01-30,Beograd,PM2.5,28.0,18.6325,23.755960573322927
2021-01-31,Beograd,PM2.5,38.0,26.6325,25.142782041861796
2021-02-01,Beograd,PM2.5,50.0,31.1275,34.93975054867769
2021-02-02,Beograd,PM2.5,75.0,59.97749999999999,56.0390580880439
2021-02-03,Beograd,PM2.5,53.0,51.1675,42.43347285802752
2021-02-04,Beograd,PM2.5,31.0,25.49,21.13771220706249
2021-02-05,Beograd,PM2.5,57.0,50.8475,46.00385005400104
2021-02-06,Beograd,PM2.5,78.0,73.24499999999999,56.89642723354972
2021-02-07,Beograd,PM2.5,30.0,30.3375,22.403553992832705
2021-02-08,Beograd,PM2.5,27.0,17.3825,16.75020953827732
2021-02-09,Beograd,PM2.5,29.0,18.9375,18.99960342964437
2021-02-10,Beograd,PM2.5,37.0,26.51,25.87738084899581
2021-02-11,Beograd,PM2.5,45.0,28.29,25.258615022877983
2021-02-12,Beograd,PM2.5,35.0,19.4925,25.090914674256886
2021-02-13,Beograd,PM2.5,40.0,27.3475,31.191502864344468
2021-02-14,Beograd,PM2.5,45.0,34.5625,34.46764870991135
2021-02-15,Beograd,PM2.5,33.0,24.55,27.91981470107433
2021-02-16,Beograd,PM2.5,49.0,40.8475,40.97405291709283
2021-02-17,Beograd,PM2.5,55.0,45.5975,33.90510874660955
2021-02-18,Beograd,PM2.5,48.0,37.215,30.769362319057464
2021-02-19,Beograd,PM2.5,52.0,48.285,39.12689434766627
2021-02-20,Beograd,PM2.5,72.0,57.42,48.22426434818517
2021-02-21,Beograd,PM2.5,46.0,31.545,33.390634674257704
2021-02-22,Beograd,PM2.5,72.0,55.385,53.83069172679669
2021-02-23,Beograd,PM2.5,74.0,60.61,55.25403449736604
2021-02-24,Beograd,PM2.5,96.0,76.2325,70.53754551013206
2021-02-25,Beograd,PM2.5,96.0,86.6775,70.35029516841796
2021-02-26,Beograd,PM2.5,94.0,86.27,66.06384797960054
2021-02-27,Beograd,PM2.5,50.0,48.43,36.63728280231637
2021-02-28,Beograd,PM2.5,37.0,25.78,31.776353596805603
2021-03-01,Beograd,PM2.5,56.0,43.5325,40.73278050422819
2021-03-02,Beograd,PM2.5,58.0,45.5925,45.71852448541891
2021-03-03,Beograd,PM2.5,57.0,51.27,42.98340225453472
2021-03-04,Beograd,PM2.5,60.0,52.76750000000001,45.5445886609064
2021-03-05,Beograd,PM2.5,43.0,40.0875,28.43239811252916
2021-03-06,Beograd,PM2.5,25.0,18.4975,18.87318388391902
2021-03-07,Beograd,PM2.5,56.0,43.45500000000001,41.7424650394925
2021-03-08,Beograd,PM2.5,57.0,47.25749999999999,42.805377240774895
2021-03-09,Beograd,PM2.5,36.0,25.5525,28.8742845031563
2021-03-10,Beograd,PM2.5,38.0,25.265,26.50401541556212
2021-03-11,Beograd,PM2.5,51.0,35.545,37.54646513609581
2021-03-12,Beograd,PM2.5,45.0,28.075,28.7409948989846
2021-03-13,Beograd,PM2.5,43.0,27.54,29.418558762817263
2021-03-14,Beograd,PM2.5,23.0,12.9075,20.197151419584333
2021-03-15,Beograd,PM2.5,25.0,13.885,18.08094647538105
2021-03-16,Beograd,PM2.5,26.0,18.0475,17.500814362679805
2021-03-17,Beograd,PM2.5,32.0,22.2275,20.062634729607783
2021-03-18,Beograd,PM2.5,33.0,22.64,21.61832398307948
2021-03-19,Beograd,PM2.5,48.0,26.885,34.50485225331247
2021-03-20,Beograd,PM2.5,50.0,35.43333333333333,38.57874186478368
2021-03-21,Beograd,PM2.5,54.0,33.53333333333333,35.65786182003227
2021-03-22,Beograd,PM2.5,42.0,23.63333333333334,27.080995088836385
2021-03-23,Beograd,PM2.5,20.0,10.59333333333333,18.551402018667268
2021-03-24,Beograd,PM2.5,30.0,16.26666666666667,20.04056905121133
2021-03-25,Beograd,PM2.5,48.0,33.4675,36.18567675421287
2021-03-26,Beograd,PM2.5,54.0,47.45,41.07286914219188
2021-03-27,Beograd,PM2.5,49.0,41.4775,37.369297113989695
2021-03-28,Beograd,PM2.5,19.0,12.82,21.11833366969596
2021-03-29,Beograd,PM2.5,36.0,25.7125,30.52666675688946
2021-03-30,Beograd,PM2.5,39.0,32.3275,31.491196945442606
2021-03-31,Beograd,PM2.5,39.0,32.8475,31.39007970348669
2021-04-01,Beograd,PM2.5,40.0,33.795,29.409459852395216
2021-04-02,Beograd,PM2.5,32.0,27.7075,22.636891266643147
2021-04-03,Beograd,PM2.5,25.0,17.87,18.653165694122816
2021-04-04,Beograd,PM2.5,20.0,12.9025,17.4314020999363
2021-04-05,Beograd,PM2.5,27.0,17.9925,20.79627929909553
2021-04-06,Beograd,PM2.5,20.0,14.54,16.6291540190451
2021-04-07,Beograd,PM2.5,20.0,12.5125,16.310219822850204
2021-04-08,Beograd,PM2.5,21.0,12.775,18.470454023909397
2021-04-09,Beograd,PM2.5,27.0,18.9575,22.37783915696424
2021-04-10,Beograd,PM2.5,19.0,16.1575,19.979677168343983
2021-04-11,Beograd,PM2.5,27.0,18.8725,20.18608137921548
2021-04-12,Beograd,PM2.5,18.0,19.9075,16.971482341431226
2021-04-13,Beograd,PM2.5,25.0,16.3075,19.079003204534647
2021-04-14,Beograd,PM2.5,21.0,10.205,15.545318652279011
2021-04-15,Beograd,PM2.5,24.0,15.775,18.71192953085533
2021-04-16,Beograd,PM2.5,33.0,21.7725,20.621442428894294
2021-04-17,Beograd,PM2.5,37.0,26.6375,24.191906776232862
2021-04-18,Beograd,PM2.5,39.0,23.0175,24.464732822339723
2021-04-19,Beograd,PM2.5,41.0,28.725,29.2619823002656
2021-04-20,Beograd,PM2.5,34.0,22.9025,20.56713593982155
2021-04-21,Beograd,PM2.5,31.0,22.9275,18.766076753228504
2021-04-22,Beograd,PM2.5,17.0,16.6725,16.586361976426904
2021-04-23,Beograd,PM2.5,21.0,17.425,16.35688310283067
2021-04-24,Beograd,PM2.5,27.0,21.4625,18.53324941423882
2021-04-25,Beograd,PM2.5,27.0,22.13,19.34363016253544
2021-04-26,Beograd,PM2.5,22.0,17.3875,16.50258268266512
2021-04-27,Beograd,PM2.5,36.0,17.91,23.290865982559968
2021-04-28,Beograd,PM2.5,34.0,19.95,19.05809298849037
2021-04-29,Beograd,PM2.5,21.0,12.7875,14.650437339048834
2021-04-30,Beograd,PM2.5,14.0,11.895,13.93645538664448
2021-05-01,Beograd,PM2.5,11.0,11.93,10.756241018123356
2021-05-02,Beograd,PM2.5,4.0,10.88,8.489160140932356
2021-05-03,Beograd,PM2.5,11.0,9.2,11.30715908402704
2021-05-04,Beograd,PM2.5,12.0,11.855,12.192806251292287
2021-05-05,Beograd,PM2.5,9.0,13.185,10.25315546372527
2021-05-06,Beograd,PM2.5,6.0,7.52,10.890590758697764
2021-05-07,Beograd,PM2.5,6.0,7.3775,9.13803124169251
2021-05-08,Beograd,PM2.5,14.0,11.44,10.985849276846768
2021-05-09,Beograd,PM2.5,9.0,12.0025,9.284006504887165
2021-05-10,Beograd,PM2.5,8.0,10.31,8.50761706139915
2021-05-11,Beograd,PM2.5,7.0,11.55,7.986069557944657
2021-05-12,Beograd,PM2.5,10.0,12.4375,9.298530583113418
2021-05-13,Beograd,PM2.5,8.0,7.640000000000001,10.538663291634144
2021-05-14,Beograd,PM2.5,7.0,6.220000000000001,10.064949254803484
2021-05-15,Beograd,PM2.5,14.0,12.62,12.77199040913714
2021-05-16,Beograd,PM2.5,17.0,10.515,13.596269365091873
2021-05-17,Beograd,PM2.5,12.0,7.5275,10.523657293735145
2021-05-18,Beograd,PM2.5,5.0,11.1125,8.334395276065543
2021-05-19,Beograd,PM2.5,12.0,10.73,12.618936106275958
2021-05-20,Beograd,PM2.5,11.0,7.6975,8.763538843193572
2021-05-21,Beograd,PM2.5,12.0,9.2775,10.615159013929125
2021-05-22,Beograd,PM2.5,8.0,7.7675,10.14145566136562
2021-05-23,Beograd,PM2.5,4.0,7.285,9.968233876032013
2021-05-24,Beograd,PM2.5,5.0,5.970000000000001,9.07063165916019
2021-05-25,Beograd,PM2.5,9.0,11.6375,8.551917281226482
2021-05-26,Beograd,PM2.5,4.0,4.772500000000001,10.32889606769272
2021-05-27,Beograd,PM2.5,6.0,8.64,10.534421176638112
2021-05-28,Beograd,PM2.5,5.0,8.21,8.266995693533223
2021-05-29,Beograd,PM2.5,6.0,7.5825,8.556559723464675
2021-05-30,Beograd,PM2.5,5.0,6.4775,9.50749491992995
2021-05-31,Beograd,PM2.5,7.0,6.5425,9.37686769848883
2021-06-01,Beograd,PM2.5,11.0,10.2975,9.900006381006614
2021-06-02,Beograd,PM2.5,12.0,11.39,10.888547691943424
2021-06-03,Beograd,PM2.5,14.0,13.3075,11.618603669613265
2021-06-04,Beograd,PM2.5,17.0,17.77,13.434145260799536
2021-06-05,Beograd,PM2.5,16.0,15.3225,13.136638862981124
2021-06-06,Beograd,PM2.5,23.0,16.54,16.191413446908083
2021-06-07,Beograd,PM2.5,21.0,16.9175,14.991532262700286
2021-06-08,Beograd,PM2.5,17.0,16.33,12.565748554301424
2021-06-09,Beograd,PM2.5,19.0,18.33,14.138647345295675
2021-06-10,Beograd,PM2.5,17.0,18.61,12.066169146088145
2021-06-11,Beograd,PM2.5,16.0,14.97333333333333,12.890204174605811
2021-06-12,Beograd,PM2.5,14.0,13.40333333333333,11.961155876109778
2021-06-13,Beograd,PM2.5,9.0,9.803333333333336,8.081406679174725
2021-06-14,Beograd,PM2.5,7.0,9.29,8.491150997943812
2021-06-15,Beograd,PM2.5,7.0,7.993333333333332,9.57134858122325
2021-06-16,Beograd,PM2.5,13.0,11.19666666666667,11.214915704594782
2021-06-17,Beograd,PM2.5,14.0,12.31333333333333,12.487000376111377
2021-06-18,Beograd,PM2.5,17.0,12.71,13.535262502755453
2021-06-19,Beograd,PM2.5,13.0,11.72666666666667,10.71618963954318
2021-06-22,Beograd,PM2.5,16.0,29.98666666666666,12.469334320419106
2021-06-25,Beograd,PM2.5,9.0,26.79,10.635469973261522
2021-06-26,Beograd,PM2.5,7.0,12.67666666666667,9.57134858122325
2021-06-27,Beograd,PM2.5,10.0,10.45333333333333,10.803095604462216
2021-06-28,Beograd,PM2.5,10.0,12.19333333333333,10.803095604462216
2021-06-29,Beograd,PM2.5,15.0,16.26,12.007381052381724
2021-06-30,Beograd,PM2.5,11.0,23.29666666666667,11.481033819270088
2021-07-01,Beograd,PM2.5,6.0,11.83,9.377164812328754
2021-07-02,Beograd,PM2.5,4.0,7.446666666666666,8.153990297421345
2021-07-03,Beograd,PM2.5,7.0,8.97,8.415431294598303
2021-07-04,Beograd,PM2.5,11.0,10.89333333333333,11.40531411592458
2021-07-05,Beograd,PM2.5,16.0,14.47666666666667,12.954699448560696
2021-07-06,Beograd,PM2.5,22.0,17.72666666666667,14.599662019181885
2021-07-07,Beograd,PM2.5,22.0,15.26,14.838904787550874
2021-07-08,Beograd,PM2.5,19.0,17.03666666666667,13.19963340457106
2021-07-09,Beograd,PM2.5,13.0,15.67333333333333,9.482796577056474
2021-07-10,Beograd,PM2.5,21.0,15.97666666666667,14.737787545594957
2021-07-11,Beograd,PM2.5,19.0,15.33666666666667,12.700053996357775
2021-07-12,Beograd,PM2.5,26.0,19.57333333333333,16.11569374356257
2021-07-13,Beograd,PM2.5,27.0,20.52333333333333,15.448389201000548
2021-07-14,Beograd,PM2.5,21.0,17.46,12.183724251508158
2021-07-15,Beograd,PM2.5,16.0,16.46,12.24944093828169
2021-07-16,Beograd,PM2.5,23.0,16.58,15.007392652742496
2021-07-17,Beograd,PM2.5,22.0,16.63,14.291688528217904
2021-07-18,Beograd,PM2.5,17.0,11.52333333333333,12.731768762172075
2021-07-19,Beograd,PM2.5,20.0,13.17666666666667,13.44137331578722
2021-07-20,Beograd,PM2.5,22.0,15.03,13.228450031511974
2021-07-21,Beograd,PM2.5,19.0,14.37333333333333,11.94719172626776
2021-07-22,Beograd,PM2.5,18.0,13.62,13.651615322168126
2021-07-23,Beograd,PM2.5,24.0,17.2,16.11569374356257
2021-07-24,Beograd,PM2.5,33.0,22.95,19.519576248203773
2021-07-25,Beograd,PM2.5,21.0,13.3,12.5723874226989
2021-07-26,Beograd,PM2.5,16.0,12.6,10.838963532878289
2021-07-27,Beograd,PM2.5,17.0,17.15,13.353323088335024
2021-07-28,Beograd,PM2.5,22.0,20.3,14.737787545594957
2021-07-29,Beograd,PM2.5,17.0,17.86666666666667,12.792238256847924
2021-07-30,Beograd,PM2.5,16.0,13.93333333333333,13.060919159635615
2021-07-31,Beograd,PM2.5,18.0,16.0,13.611715834821378
2021-08-01,Beograd,PM2.5,11.0,11.3,10.270304131348384
2021-08-02,Beograd,PM2.5,5.0,7.37,8.98257227085687
2021-08-03,Beograd,PM2.5,11.0,9.746666666666666,11.767811308249904
2021-08-04,Beograd,PM2.5,14.0,13.0,12.481897906992373
2021-08-05,Beograd,PM2.5,7.0,10.29333333333333,8.855701778363175
2021-08-06,Beograd,PM2.5,6.0,5.25,9.482151679070151
2021-08-07,Beograd,PM2.5,6.0,7.446666666666666,10.350548385568263
2021-08-08,Beograd,PM2.5,25.0,18.0,15.063369948243986
2021-08-09,Beograd,PM2.5,17.0,15.195,12.867957960193436
2021-08-10,Beograd,PM2.5,15.0,13.0425,12.573568352987824
2021-08-11,Beograd,PM2.5,13.0,14.9375,11.54639227388268
2021-08-12,Beograd,PM2.5,10.0,10.3475,9.905431734568216
2021-08-13,Beograd,PM2.5,18.0,18.215,13.687435538166888
2021-08-14,Beograd,PM2.5,23.0,22.6675,16.191413446908083
2021-08-15,Beograd,PM2.5,21.0,18.06,14.813507248940466
2021-08-16,Beograd,PM2.5,22.0,19.52,13.945110542442356
2021-08-17,Beograd,PM2.5,9.0,11.9675,8.470069850365466
2021-08-18,Beograd,PM2.5,4.0,7.43,8.98257227085687
2021-08-19,Beograd,PM2.5,9.0,10.025,10.635469973261522
2021-08-20,Beograd,PM2.5,10.0,12.09,10.904212846418131
2021-08-21,Beograd,PM2.5,11.0,12.43,11.661591597174985
2021-08-22,Beograd,PM2.5,11.0,11.915,11.767811308249904
2021-08-23,Beograd,PM2.5,11.0,11.53333333333333,10.298717951582594
2021-08-24,Beograd,PM2.5,7.0,7.993333333333333,9.948476046265954
2021-08-25,Beograd,PM2.5,13.0,12.76666666666667,11.024921109475812
2021-08-26,Beograd,PM2.5,21.0,19.13333333333333,15.258500893630863
2021-08-27,Beograd,PM2.5,20.0,20.9,14.129074814791808
2021-10-13,Beograd,PM2.5,26.0,20.06,17.533644600803765
2021-10-14,Beograd,PM2.5,28.0,18.905,21.361288415606165
2021-10-15,Beograd,PM2.5,38.0,25.6875,27.010010442491197
2021-10-16,Beograd,PM2.5,35.0,26.2975,25.53709366102208
2021-10-17,Beograd,PM2.5,47.0,38.18750000000001,36.62259459224014
2021-10-18,Beograd,PM2.5,49.0,43.185,36.62259459224014
2021-10-19,Beograd,PM2.5,46.0,40.68249999999999,34.925121937055295
2021-10-20,Beograd,PM2.5,38.0,32.85,27.111553468914853
2021-10-21,Beograd,PM2.5,28.0,28.9275,22.162710563315688
2021-10-22,Beograd,PM2.5,34.0,28.6325,24.47997678545312
2021-10-23,Beograd,PM2.5,20.0,17.37,18.493387359018243
2021-10-24,Beograd,PM2.5,22.0,18.285,21.55802837515444
2021-10-25,Beograd,PM2.5,26.0,25.345,20.13801776727413
2021-10-26,Beograd,PM2.5,24.0,19.88,20.103587670754735
2021-10-27,Beograd,PM2.5,70.0,55.91249999999999,50.0785640002378
2021-10-28,Beograd,PM2.5,72.0,68.34,49.97744675828187
2021-10-29,Beograd,PM2.5,34.0,32.1475,23.62245302931703
2021-10-30,Beograd,PM2.5,26.0,22.13,19.636797887084864
2021-10-31,Beograd,PM2.5,24.0,19.46,18.859834204634968
2021-11-01,Beograd,PM2.5,36.0,29.6625,26.549831425705023
2021-11-02,Beograd,PM2.5,36.0,25.85,23.20431843983453
2021-11-03,Beograd,PM2.5,26.0,20.51,19.45042325104616
2021-11-04,Beograd,PM2.5,11.0,13.075,14.082800559983292
2021-11-05,Beograd,PM2.5,20.0,15.875,19.16955782581003
2021-11-06,Beograd,PM2.5,33.0,23.0225,25.43277577284642
2021-11-07,Beograd,PM2.5,45.0,33.7075,33.00149120800713
2021-11-08,Beograd,PM2.5,36.0,26.5025,27.107780248383754
2021-11-09,Beograd,PM2.5,34.0,25.565,26.393441584062582
2021-11-10,Beograd,PM2.5,27.0,23.77,21.48445905487565
2021-11-11,Beograd,PM2.5,30.0,24.52,23.091219455280804
2021-11-12,Beograd,PM2.5,52.0,40.87,42.145512887621
2021-11-13,Beograd,PM2.5,57.0,52.235,43.52083006626792
2021-11-14,Beograd,PM2.5,38.0,28.935,26.82930042697023
2021-11-15,Beograd,PM2.5,42.0,36.7575,30.197040368715147
2021-11-16,Beograd,PM2.5,29.0,24.0025,21.25051070856233
2021-11-17,Beograd,PM2.5,45.0,33.3625,31.34241888690277
2021-11-18,Beograd,PM2.5,55.0,45.3325,41.37541474716463
2021-11-19,Beograd,PM2.5,35.0,28.0775,28.311409657330817
2021-11-20,Beograd,PM2.5,29.0,24.215,25.0359843117425
2021-11-21,Beograd,PM2.5,49.0,44.1725,38.22278470236655
2021-11-22,Beograd,PM2.5,81.0,69.83500000000001,54.80990351273834
2021-11-23,Beograd,PM2.5,37.0,25.07,27.035603886934457
2021-11-24,Beograd,PM2.5,52.0,43.53333333333333,41.7883219676849
2021-11-25,Beograd,PM2.5,32.0,24.4975,23.178680009486545
2021-11-26,Beograd,PM2.5,20.0,14.7375,15.538708394091548
2021-11-27,Beograd,PM2.5,27.0,22.1675,20.289901491662278
2021-11-28,Beograd,PM2.5,15.0,14.065,15.816222783523536
2021-11-29,Beograd,PM2.5,22.0,14.4675,20.661378430292
2021-11-30,Beograd,PM2.5,21.0,16.3025,18.094446779263304
2021-12-01,Beograd,PM2.5,14.0,12.1125,22.074492214380157
2021-12-02,Beograd,PM2.5,11.0,10.35,16.203168238604412
2021-12-03,Beograd,PM2.5,25.0,18.04,17.932165718106134
2021-12-04,Beograd,PM2.5,42.0,33.39,35.655628022280666
2021-12-05,Beograd,PM2.5,44.0,33.645,26.78304496792775
2021-12-06,Beograd,PM2.5,37.0,25.535,26.31335865384095
2021-12-07,Beograd,PM2.5,38.0,26.2875,22.149308657773503
2021-12-08,Beograd,PM2.5,46.0,35.9625,37.08266587900648
2021-12-09,Beograd,PM2.5,30.0,23.5925,17.819328696712947
2021-12-10,Beograd,PM2.5,38.0,27.66666666666667,29.58651851286235
2021-12-11,Beograd,PM2.5,31.0,21.525,19.52808545623767
2021-12-12,Beograd,PM2.5,24.0,15.5375,15.759722268226378
2021-12-13,Beograd,PM2.5,41.0,28.215,26.19349824993266
2021-12-14,Beograd,PM2.5,72.0,51.7575,54.69000171842571
2021-12-15,Beograd,PM2.5,63.0,54.0,51.27538380629531
2021-12-16,Beograd,PM2.5,62.0,48.875,42.68440272996365
2021-12-17,Beograd,PM2.5,31.0,22.2725,19.961950687757923
2021-12-18,Beograd,PM2.5,24.0,18.7275,18.71537800469445
2021-12-19,Beograd,PM2.5,29.0,22.25,24.759677999927675
2021-12-20,Beograd,PM2.5,13.0,11.5925,14.687271096471312
2021-12-21,Beograd,PM2.5,37.0,28.3275,30.12361486897111
2021-12-22,Beograd,PM2.5,68.0,59.7275,55.015414806418406
2021-12-23,Beograd,PM2.5,58.0,53.73,45.71109611325337
2021-12-24,Beograd,PM2.5,15.0,14.0125,18.759712830246947
2021-12-25,Beograd,PM2.5,24.0,18.535,19.214320286121588
2021-12-26,Beograd,PM2.5,26.0,19.56666666666667,22.34834239823813
2021-12-27,Beograd,PM2.5,30.0,19.3375,24.19012488942117
2021-12-28,Beograd,PM2.5,48.0,36.7825,40.535864111877686
2021-12-29,Beograd,PM2.5,54.0,37.825,36.722534613543495
2021-12-30,Beograd,PM2.5,49.0,30.8525,37.23325308833039
2021-12-31,Beograd,PM2.5,82.0,67.7325,61.1367146621847
2021-08-28,Beograd,PM2.5,13.0,11.9,11.862646637224255
2021-08-29,Beograd,PM2.5,13.0,10.66333333333333,11.31950692897087
2021-08-30,Beograd,PM2.5,10.0,10.51666666666667,10.580784706590595
2021-08-31,Beograd,PM2.5,19.0,18.00666666666667,14.189400710169483
2021-09-01,Beograd,PM2.5,10.0,11.91,9.329911177732184
2021-09-02,Beograd,PM2.5,13.0,12.24333333333333,12.136367945851156
2021-09-03,Beograd,PM2.5,13.0,13.63666666666666,13.10588189430518
2021-09-04,Beograd,PM2.5,13.0,12.96333333333333,13.004764652349264
2021-09-05,Beograd,PM2.5,17.0,15.48,14.427447580615937
2021-09-06,Beograd,PM2.5,12.0,12.98,11.252739541356414
2021-09-07,Beograd,PM2.5,11.0,13.24,11.162489209208866
2021-09-08,Beograd,PM2.5,9.0,12.69,9.406816666320593
2021-09-09,Beograd,PM2.5,9.0,12.62333333333333,9.327629150549432
2021-09-10,Beograd,PM2.5,14.0,15.26666666666667,12.481521584077855
2021-09-11,Beograd,PM2.5,15.0,19.66666666666666,13.465753430848308
2021-09-12,Beograd,PM2.5,18.0,19.50333333333333,14.57451814690837
2021-09-13,Beograd,PM2.5,20.0,20.75,15.035934892275163
2021-09-14,Beograd,PM2.5,21.0,21.6,15.705692326800948
2021-09-15,Beograd,PM2.5,21.0,19.75,15.806809568756863
2021-09-16,Beograd,PM2.5,19.0,21.01333333333334,14.968535309742844
2021-09-17,Beograd,PM2.5,13.0,18.16333333333333,11.981271709685592
2021-09-18,Beograd,PM2.5,10.0,10.72333333333333,10.133547143359154
2021-09-19,Beograd,PM2.5,12.0,12.25333333333333,12.750246718257934
2021-09-20,Beograd,PM2.5,13.0,11.71666666666667,11.772058808453268
2021-09-21,Beograd,PM2.5,16.0,14.03333333333333,14.1185326769274
2021-09-22,Beograd,PM2.5,22.0,16.57333333333333,14.5819955642441
2021-09-23,Beograd,PM2.5,21.0,18.12,16.47304926368624
2021-09-24,Beograd,PM2.5,17.0,19.65666666666667,13.498041189822963
2021-09-25,Beograd,PM2.5,18.0,19.41666666666667,14.71516795450268
2021-09-26,Beograd,PM2.5,24.0,21.42,16.982481282812643
2021-09-27,Beograd,PM2.5,27.0,25.68,17.083598524768554
2021-09-28,Beograd,PM2.5,24.0,17.28,16.026540603331974
2021-09-29,Beograd,PM2.5,13.0,12.54333333333333,10.7756242690315
2021-09-30,Beograd,PM2.5,25.0,19.36333333333333,15.415439648698785
2021-10-01,Beograd,PM2.5,27.0,23.55,18.09153306665213
2021-10-02,Beograd,PM2.5,14.0,16.15333333333333,13.468262767495371
2021-10-03,Beograd,PM2.5,13.0,13.90666666666667,12.707649587933846
2021-10-04,Beograd,PM2.5,17.0,15.99666666666667,14.10840279001576
2021-10-05,Beograd,PM2.5,16.0,21.11,13.163801850800402
2021-10-06,Beograd,PM2.5,20.0,20.87666666666667,13.820361674519878
2021-10-07,Beograd,PM2.5,15.0,16.52,12.09093821852774
2021-10-08,Beograd,PM2.5,12.0,10.68,10.160184911460902
2021-10-09,Beograd,PM2.5,13.0,8.526666666666667,11.950478692605126
2021-10-10,Beograd,PM2.5,19.0,15.57666666666667,12.87503929655472
2021-10-11,Beograd,PM2.5,27.0,18.27,16.65264377292429
2021-10-12,Beograd,PM2.5,43.0,30.00666666666666,26.422554804793894
2021-06-20,Beograd,PM2.5,10.0,11.15,10.803095604462216
2021-06-21,Beograd,PM2.5,14.0,14.99,12.487000376111377
2021-06-23,Beograd,PM2.5,15.0,35.6,12.573568352987824
2021-06-24,Beograd,PM2.5,17.0,36.065,13.248485013775635
2022-01-01,Beograd,PM2.5,69.0,58.16,49.48375754023471
2022-01-02,Beograd,PM2.5,40.0,30.74,34.339171402541865
2022-01-03,Beograd,PM2.5,62.0,51.31999999999999,50.96631234301919
2022-01-04,Beograd,PM2.5,50.0,40.6,39.99879582573277
2022-01-05,Beograd,PM2.5,19.0,15.26,21.121216822666103
2022-01-06,Beograd,PM2.5,21.0,15.4,18.37826985147726
2022-01-07,Beograd,PM2.5,31.0,22.96,30.066246114197323
2022-01-08,Beograd,PM2.5,42.0,33.38,30.75556927145519
2022-01-09,Beograd,PM2.5,44.0,33.1,34.16609068162692
2022-01-10,Beograd,PM2.5,40.0,32.4,24.511536839446663
2022-01-11,Beograd,PM2.5,32.0,25.32,22.93279553814465
2022-01-12,Beograd,PM2.5,44.0,31.7,36.15041810217738
2022-01-13,Beograd,PM2.5,77.0,64.1,55.94854359975759
2022-01-14,Beograd,PM2.5,55.0,47.06,43.34446699126863
2022-01-15,Beograd,PM2.5,47.0,35.16,37.61384032590026
2022-01-16,Beograd,PM2.5,78.0,63.91999999999999,55.80800175160592
2022-01-17,Beograd,PM2.5,55.0,47.48,33.245257335457005
2022-01-18,Beograd,PM2.5,21.0,15.08,20.60625454965157
2022-01-19,Beograd,PM2.5,51.0,41.78000000000001,42.64685033883136
2022-01-20,Beograd,PM2.5,69.0,57.14,47.29957864020015
2022-01-21,Beograd,PM2.5,17.0,14.12,16.059227060541836
2022-01-22,Beograd,PM2.5,27.0,21.22,18.34552494914436
2022-01-23,Beograd,PM2.5,29.0,21.6,22.221149472105107
2022-01-24,Beograd,PM2.5,46.0,34.46,39.32422404539491
2022-01-25,Beograd,PM2.5,66.0,58.36,54.658223886482304
2022-01-26,Beograd,PM2.5,55.0,42.94,37.855393196003696
2022-01-27,Beograd,PM2.5,55.0,42.4,39.97278803446452
2022-01-28,Beograd,PM2.5,57.0,49.06,34.560994794101234
2022-01-29,Beograd,PM2.5,21.0,16.02,18.24204073020451
2022-01-30,Beograd,PM2.5,35.0,18.12,24.620185698274344
2022-01-31,Beograd,PM2.5,26.0,16.262,22.723886810469107
2022-02-01,Beograd,PM2.5,38.0,27.98,27.312875348424978
2022-02-02,Beograd,PM2.5,31.0,24.4,22.21848739307754
2022-02-03,Beograd,PM2.5,27.0,20.28,18.77790049399694
2022-02-04,Beograd,PM2.5,48.0,38.76000000000001,38.58783236819171
2022-02-05,Beograd,PM2.5,50.0,38.7,35.167406188684645
2022-02-06,Beograd,PM2.5,34.0,24.054,28.81093618867696
2022-02-07,Beograd,PM2.5,12.0,9.685999999999998,12.253835121930168
2022-02-08,Beograd,PM2.5,13.0,10.734,16.73682842841148
2022-02-09,Beograd,PM2.5,33.0,17.466,28.98896120243678
2022-02-10,Beograd,PM2.5,54.0,39.0,42.48840737108267
2022-02-11,Beograd,PM2.5,36.0,28.54,33.47786467727874
2022-02-12,Beograd,PM2.5,18.0,12.018,21.63788204620896
2022-02-13,Beograd,PM2.5,28.0,21.46,23.309082374030517
2022-02-14,Beograd,PM2.5,31.0,23.36,20.898386449348283
2022-02-15,Beograd,PM2.5,27.0,23.3,21.98295761824984
2022-02-16,Beograd,PM2.5,50.0,32.4,35.42996452590786
2022-02-17,Beograd,PM2.5,25.0,22.73,24.3846191157287
2022-02-18,Beograd,PM2.5,9.0,9.642,14.064047156959957
2022-02-19,Beograd,PM2.5,13.0,11.002,18.91119653928989
2022-02-20,Beograd,PM2.5,23.0,15.67,24.66721437632494
2022-02-21,Beograd,PM2.5,20.0,15.728,19.02536831947659
2022-02-22,Beograd,PM2.5,11.0,8.948,14.547052557467968
2022-02-23,Beograd,PM2.5,16.0,13.268,17.843522814933166
2022-02-24,Beograd,PM2.5,28.0,24.96,29.247053133695825
2022-02-25,Beograd,PM2.5,23.0,18.532,22.723886810469107
2022-02-26,Beograd,PM2.5,25.0,15.732,22.08165354199696
2022-02-27,Beograd,PM2.5,21.0,13.908,17.30235992741001
2022-02-28,Beograd,PM2.5,35.0,22.86,28.31977071757289
2022-03-01,Beograd,PM2.5,45.0,32.44,32.60613185790752
2022-03-02,Beograd,PM2.5,31.0,22.76,25.147808902288823
2022-03-03,Beograd,PM2.5,53.0,39.48,37.573533841345856
2022-03-04,Beograd,PM2.5,61.0,46.46,42.95950984993762
2022-03-05,Beograd,PM2.5,46.0,32.88,36.27177453951952
2022-03-06,Beograd,PM2.5,37.0,23.64,23.137008058855617
2022-03-07,Beograd,PM2.5,40.0,26.81999999999999,27.90698413128003
2022-03-08,Beograd,PM2.5,43.0,29.29999999999999,28.478049008283964
2022-03-09,Beograd,PM2.5,36.0,28.375,24.987634704644982
2022-03-10,Beograd,PM2.5,29.0,20.85,22.64014742488996
2022-03-11,Beograd,PM2.5,29.0,21.1,24.743982768463123
2022-03-12,Beograd,PM2.5,59.0,45.7,46.09294011241701
2022-03-13,Beograd,PM2.5,66.0,59.5,51.182457441923454
2022-03-14,Beograd,PM2.5,36.0,33.675,26.92954291475229
2022-03-15,Beograd,PM2.5,40.0,36.05,31.220139125264726
2022-03-16,Beograd,PM2.5,41.0,41.84999999999999,28.739351328099275
2022-03-17,Beograd,PM2.5,37.0,29.775,27.047790064968115
2022-03-18,Beograd,PM2.5,39.0,32.225,27.19757179431729
2022-03-19,Beograd,PM2.5,43.0,40.875,31.352975385226696
2022-03-20,Beograd,PM2.5,30.0,23.825,23.27064945883402
2022-03-21,Beograd,PM2.5,59.0,49.425,45.645705902862325
2022-03-22,Beograd,PM2.5,56.0,52.125,40.3889041014937
2022-03-23,Beograd,PM2.5,37.0,37.825,30.425549514933547
2022-03-24,Beograd,PM2.5,39.0,39.45,28.21792864867874
2022-03-25,Beograd,PM2.5,30.0,27.925,23.72376739102149
2022-03-26,Beograd,PM2.5,39.0,39.55,31.39007970348669
2022-03-27,Beograd,PM2.5,25.0,26.175,23.06488006023344
2022-03-28,Beograd,PM2.5,23.0,20.975,25.02760361969437
2022-03-29,Beograd,PM2.5,55.0,50.825,41.7424650394925
2022-03-30,Beograd,PM2.5,24.0,33.225,23.674042681695564
2022-03-31,Beograd,PM2.5,16.0,23.85,14.983551250792022
2022-04-01,Beograd,PM2.5,10.0,12.95,13.079015113701276
2022-04-02,Beograd,PM2.5,29.0,21.92,19.87493953212374
2022-04-03,Beograd,PM2.5,26.0,20.34,18.632742015084165
2022-04-04,Beograd,PM2.5,35.0,30.26,27.20588547807345
2022-04-05,Beograd,PM2.5,25.0,23.78,21.973758279492287
2022-04-06,Beograd,PM2.5,16.0,19.8,17.2419253069553
2022-04-07,Beograd,PM2.5,13.0,15.22,15.257974645868282
2022-04-08,Beograd,PM2.5,13.0,15.52,17.12077207452417
2022-04-09,Beograd,PM2.5,9.0,9.846,12.169008837324808
2022-04-10,Beograd,PM2.5,13.0,12.72,12.53076680480694
2022-04-11,Beograd,PM2.5,17.0,15.06,15.794711053903994
2022-04-12,Beograd,PM2.5,18.0,19.18,19.87386124822306
2022-04-13,Beograd,PM2.5,19.0,18.54,20.16023494624888
2022-04-14,Beograd,PM2.5,24.0,23.24,22.37783915696424
2022-04-15,Beograd,PM2.5,22.0,22.28,20.104952245020197
2022-04-16,Beograd,PM2.5,14.0,14.9,13.483952793905592
2022-04-17,Beograd,PM2.5,11.0,11.22,12.406433954557222
2022-04-18,Beograd,PM2.5,12.0,10.996,13.255484221820687
2022-04-19,Beograd,PM2.5,20.0,18.6,16.452670386090464
2022-04-20,Beograd,PM2.5,33.0,24.86,20.416850876902007
2022-04-21,Beograd,PM2.5,26.0,24.54,18.71127442799864
2022-04-22,Beograd,PM2.5,10.0,12.92,9.947469939054686
2022-04-23,Beograd,PM2.5,14.0,13.3,14.115682874906009
2022-04-24,Beograd,PM2.5,9.0,13.08,11.744740730816927
2022-04-25,Beograd,PM2.5,5.0,8.536000000000001,11.419476342519166
2022-04-26,Beograd,PM2.5,10.0,10.188,12.43821086201922
2022-04-27,Beograd,PM2.5,16.0,13.58,13.652353134626187
2022-04-28,Beograd,PM2.5,29.0,21.54,16.430915665056524
2022-04-29,Beograd,PM2.5,20.0,17.36,16.316914671058903
2022-04-30,Beograd,PM2.5,14.0,14.34,13.647977184345365
2022-05-01,Beograd,PM2.5,7.0,7.182,8.452859341614529
2022-05-02,Beograd,PM2.5,7.0,6.756,8.452859341614529
2022-05-03,Beograd,PM2.5,12.0,9.896,11.11252804067433
2022-05-04,Beograd,PM2.5,17.0,15.4,13.931586220616849
2022-05-05,Beograd,PM2.5,17.0,14.94,13.432357804845486
2022-05-06,Beograd,PM2.5,12.0,11.94,9.740791288938812
2022-05-07,Beograd,PM2.5,15.0,14.74,11.859777274163674
2022-05-08,Beograd,PM2.5,9.0,9.71,8.841481311157933
2022-05-09,Beograd,PM2.5,10.0,9.636,10.986968395532063
2022-05-10,Beograd,PM2.5,18.0,16.96,13.95067688441514
2022-05-11,Beograd,PM2.5,19.0,16.96,14.606764861200263
2022-05-12,Beograd,PM2.5,19.0,16.86,14.327622605484528
2022-05-13,Beograd,PM2.5,18.0,15.88,13.866205860117734
2022-05-14,Beograd,PM2.5,9.0,9.61,9.422952829385768
2022-05-15,Beograd,PM2.5,11.0,10.696,11.712441330950764
2022-05-16,Beograd,PM2.5,14.0,12.44,12.77199040913714
2022-05-17,Beograd,PM2.5,16.0,15.54,11.53095659967641
2022-05-18,Beograd,PM2.5,5.0,7.638,7.800205909863353
2022-05-19,Beograd,PM2.5,8.0,8.022,11.021211130719184
2022-05-20,Beograd,PM2.5,11.0,10.352,11.850566857363836
2022-05-21,Beograd,PM2.5,12.0,9.942,11.043153319617383
2022-05-22,Beograd,PM2.5,9.0,7.18,9.72501692509089
2022-05-23,Beograd,PM2.5,6.0,6.172,10.467021594105791
2022-05-24,Beograd,PM2.5,30.0,9.834,16.760228174552605
2022-05-25,Beograd,PM2.5,18.0,13.94,12.435932631993024
2022-05-26,Beograd,PM2.5,16.0,8.078,12.254330959668737
2022-05-27,Beograd,PM2.5,15.0,9.154,12.757441144057674
2022-05-28,Beograd,PM2.5,10.0,12.352,9.12358737685386
2022-05-31,Beograd,PM2.5,31.0,20.72,17.707489601373748
2022-06-01,Beograd,PM2.5,30.0,15.22,17.124103308285985
2022-06-02,Beograd,PM2.5,38.0,23.78,22.23239726403631
2022-06-03,Beograd,PM2.5,21.0,14.12,15.092649504656205
2022-06-04,Beograd,PM2.5,19.0,13.88,12.747359879469077
2022-06-05,Beograd,PM2.5,14.0,11.394,12.588117618067292
2022-06-06,Beograd,PM2.5,10.0,9.228,9.934698897964106
2022-06-07,Beograd,PM2.5,13.0,10.708,10.74460345977739
2022-06-08,Beograd,PM2.5,13.0,11.1,10.861005022839896
2022-06-09,Beograd,PM2.5,8.0,8.042,9.454836458954205
2022-06-10,Beograd,PM2.5,14.0,12.094,12.346991024842282
2022-06-11,Beograd,PM2.5,16.0,14.44,10.39321207181693
2022-06-12,Beograd,PM2.5,15.0,12.098,10.453819125846572
2022-06-13,Beograd,PM2.5,16.0,11.944,12.849861374001309
2022-06-14,Beograd,PM2.5,8.0,7.042,9.127380235956268
2022-06-15,Beograd,PM2.5,11.0,9.848,11.767811308249904
2022-06-16,Beograd,PM2.5,16.0,10.61,13.035521621025207
2022-06-17,Beograd,PM2.5,13.0,11.88,11.214915704594782
2022-06-18,Beograd,PM2.5,11.0,10.842,10.769030196399989
2022-06-19,Beograd,PM2.5,12.0,9.578,11.756944398441536
2022-06-20,Beograd,PM2.5,9.0,7.053999999999999,10.06928267265542
2022-06-21,Beograd,PM2.5,15.0,13.52,11.177178418042224
2022-06-22,Beograd,PM2.5,8.0,7.2,10.523770170901871
2022-06-23,Beograd,PM2.5,18.0,15.7,13.503335669861968
2022-06-24,Beograd,PM2.5,17.0,14.12,13.535262502755453
2022-06-25,Beograd,PM2.5,16.0,12.366,13.136638862981124
2022-06-26,Beograd,PM2.5,12.0,10.06,11.79728719904604
2022-06-27,Beograd,PM2.5,15.0,10.336,12.674685594943742
2022-06-28,Beograd,PM2.5,18.0,13.68,13.682333069047884
2022-06-29,Beograd,PM2.5,10.0,9.196000000000002,8.63769548156616
2022-06-30,Beograd,PM2.5,15.0,11.54,12.007381052381724
2022-07-01,Beograd,PM2.5,18.0,13.668,13.712833076777295
2022-07-02,Beograd,PM2.5,10.0,10.668,9.829712031222709
2022-07-03,Beograd,PM2.5,16.0,11.794,13.060919159635615
2022-07-04,Beograd,PM2.5,20.0,15.044,14.169147353025089
2022-07-05,Beograd,PM2.5,16.0,12.91,12.959801917679698
2022-07-06,Beograd,PM2.5,27.0,9.2175,14.077057849037704
2022-07-07,Beograd,PM2.5,17.0,9.155,12.792238256847924
2022-07-08,Beograd,PM2.5,31.0,8.5375,15.1403107998687
2022-07-09,Beograd,PM2.5,15.0,7.0225,10.332448526746258
2022-07-10,Beograd,PM2.5,23.0,5.69,13.84917637871058
2022-07-11,Beograd,PM2.5,26.0,4.528,13.84917637871058
2022-07-12,Beograd,PM2.5,15.0,7.397999999999999,11.129872534930923
2022-07-13,Beograd,PM2.5,6.0,5.322,8.878438747277151
2022-07-14,Beograd,PM2.5,9.0,6.234,10.42162474350294
2022-07-15,Beograd,PM2.5,10.0,8.707999999999998,10.161188600510606
2022-07-16,Beograd,PM2.5,9.0,8.194,10.559750269916012
2022-07-17,Beograd,PM2.5,8.0,7.888000000000001,9.550386597662362
2022-07-18,Beograd,PM2.5,7.0,6.976000000000001,10.39329274777174
2022-07-19,Beograd,PM2.5,11.0,8.815999999999999,11.692091604904396
2022-07-20,Beograd,PM2.5,13.0,9.894,12.13797711309919
2022-07-21,Beograd,PM2.5,14.0,11.766,11.845093372159765
2022-07-22,Beograd,PM2.5,13.0,11.03,12.13797711309919
2022-07-23,Beograd,PM2.5,21.0,12.4,14.838904787550874
2022-07-24,Beograd,PM2.5,19.0,13.99,12.700053996357775
2022-07-25,Beograd,PM2.5,14.0,9.622,12.406178203646864
2022-07-26,Beograd,PM2.5,15.0,10.046,11.931661349036215
2022-07-27,Beograd,PM2.5,14.0,10.034,11.542883966267755
2022-07-28,Beograd,PM2.5,14.0,10.702,12.406178203646864
2022-07-29,Beograd,PM2.5,20.0,13.246,14.06803011106917
2022-07-30,Beograd,PM2.5,31.0,18.8,15.956142420831169
2022-07-31,Beograd,PM2.5,8.0,7.582000000000001,8.327212082754953
2022-08-01,Beograd,PM2.5,10.0,9.088,10.236908303856117
2022-08-02,Beograd,PM2.5,10.0,7.672,10.236908303856117
2022-08-03,Beograd,PM2.5,17.0,13.04,13.434145260799536
2022-08-04,Beograd,PM2.5,17.0,12.72,13.434145260799536
2022-08-05,Beograd,PM2.5,17.0,11.876,13.535262502755453
2022-08-06,Beograd,PM2.5,14.0,11.514,12.481897906992373
2022-08-07,Beograd,PM2.5,12.0,10.358,10.360554463495932
2022-08-08,Beograd,PM2.5,10.0,8.764,10.236908303856117
2022-08-09,Beograd,PM2.5,24.0,14.66,15.23828323081296
2022-08-10,Beograd,PM2.5,12.0,9.77,10.360554463495932
2022-08-11,Beograd,PM2.5,10.0,8.6,9.905431734568216
2022-08-12,Beograd,PM2.5,12.0,10.15,11.858061640397452
2022-08-13,Beograd,PM2.5,16.0,12.696,12.846113657569983
2022-08-14,Beograd,PM2.5,38.0,15.36,21.25499144291165
2022-08-15,Beograd,PM2.5,43.0,14.92,23.710720770133896
2022-08-16,Beograd,PM2.5,11.0,9.192,10.769030196399989
2022-08-17,Beograd,PM2.5,12.0,9.188,10.859280528547536
2022-08-18,Beograd,PM2.5,18.0,12.268,13.788552780122805
2022-08-19,Beograd,PM2.5,14.0,12.722,11.589336506217377
2022-08-20,Beograd,PM2.5,27.0,22.4,15.56372257142629
2022-08-21,Beograd,PM2.5,16.0,11.756,11.146074341906946
2022-08-22,Beograd,PM2.5,17.0,10.332,13.049837977220989
2022-08-23,Beograd,PM2.5,20.0,11.946,13.48415312359474
2022-08-24,Beograd,PM2.5,21.0,15.5,15.18263760768214
2022-08-25,Beograd,PM2.5,31.0,15.644,18.41539747072539
2022-08-26,Beograd,PM2.5,27.0,19.72,16.26832121871199
2022-08-27,Beograd,PM2.5,22.0,19.86,14.914624490896385
2022-08-28,Beograd,PM2.5,28.0,20.52,16.81581933540456
2022-08-29,Beograd,PM2.5,17.0,11.388,13.610922808708086
2022-08-30,Beograd,PM2.5,24.0,11.932,16.084124351380083
2022-08-31,Beograd,PM2.5,24.0,14.97,15.756075382259413
2022-09-01,Beograd,PM2.5,17.0,13.266,13.408204427456504
2022-09-02,Beograd,PM2.5,49.0,10.634,26.828322191822167
2022-09-03,Beograd,PM2.5,25.0,14.55,17.14061714178156
2022-09-04,Beograd,PM2.5,28.0,17.86,17.678889930519833
2022-09-05,Beograd,PM2.5,25.0,12.552,16.91825492075061
2022-09-06,Beograd,PM2.5,29.0,16.43,18.5157485089376
2022-09-07,Beograd,PM2.5,15.0,11.178,12.899566130242206
2022-09-08,Beograd,PM2.5,23.0,13.434,15.586091347867026
2022-09-09,Beograd,PM2.5,40.0,13.818,24.5291904180199
2022-09-10,Beograd,PM2.5,38.0,8.402,22.45557335567605
2022-09-11,Beograd,PM2.5,27.0,4.366,16.812035209675695
2022-09-12,Beograd,PM2.5,32.0,5.856,17.60770204237704
2022-09-13,Beograd,PM2.5,12.0,10.33,12.117372272215308
2022-09-14,Beograd,PM2.5,11.0,10.68,11.66121527426047
2022-09-15,Beograd,PM2.5,9.0,9.178,10.894068167983583
2022-09-16,Beograd,PM2.5,14.0,7.172,12.64161732067324
2022-09-17,Beograd,PM2.5,16.0,7.978,11.631781011720047
2022-09-18,Beograd,PM2.5,12.0,4.084,10.64399711708281
2022-09-19,Beograd,PM2.5,11.0,7.095999999999999,12.090979821339412
2022-09-20,Beograd,PM2.5,12.0,7.94,12.02270060327691
2022-09-21,Beograd,PM2.5,17.0,9.096,13.77073436221172
2022-09-22,Beograd,PM2.5,19.0,11.9,14.870244975352117
2022-09-23,Beograd,PM2.5,27.0,16.2,18.0187998884678
2022-09-24,Beograd,PM2.5,27.0,17.84,18.082344467732383
2022-09-25,Beograd,PM2.5,17.0,13.96,13.457933632161907
2022-09-26,Beograd,PM2.5,29.0,11.22,15.921063395225636
2022-09-27,Beograd,PM2.5,17.0,12.04,14.297215855914825
2022-09-28,Beograd,PM2.5,19.0,11.4,15.006820409529968
2022-09-29,Beograd,PM2.5,12.0,7.808,11.087395937338473
2022-09-30,Beograd,PM2.5,11.0,8.306000000000001,11.822040144380123
2022-10-01,Beograd,PM2.5,14.0,8.026,12.783396699966394
2022-10-02,Beograd,PM2.5,11.0,7.084000000000001,12.652016775483146
2022-10-03,Beograd,PM2.5,13.0,5.306,12.162027600442844
2022-10-04,Beograd,PM2.5,18.0,8.25,14.974565902489996
2022-10-05,Beograd,PM2.5,23.0,19.06,20.499498827656957
2022-10-06,Beograd,PM2.5,33.0,19.32,23.466585306640425
2022-10-07,Beograd,PM2.5,37.0,33.34,26.986733089182728
2022-10-08,Beograd,PM2.5,23.0,18.76,17.52343228054357
2022-10-09,Beograd,PM2.5,59.0,47.2,43.303386793646574
2022-10-10,Beograd,PM2.5,58.0,35.76000000000001,42.1333843312038
2022-10-11,Beograd,PM2.5,46.0,38.73999999999999,32.334524988480474
2022-10-12,Beograd,PM2.5,57.0,52.06,40.1293577427225
2022-10-13,Beograd,PM2.5,42.0,38.76000000000001,28.87260026625108
2022-10-14,Beograd,PM2.5,21.0,20.96,17.289095303374324
2022-10-15,Beograd,PM2.5,16.0,16.6,17.249094572321845
2022-10-16,Beograd,PM2.5,14.0,13.38,16.003499517674282
2022-10-17,Beograd,PM2.5,20.0,18.02,17.83472336976682
2022-10-18,Beograd,PM2.5,19.0,18.06,18.23622879598842
2022-10-19,Beograd,PM2.5,38.0,32.8,28.143422863227062
2022-10-20,Beograd,PM2.5,19.0,17.2,20.88827094062865
2022-10-21,Beograd,PM2.5,22.0,20.1,17.961572844606703
2022-10-22,Beograd,PM2.5,26.0,24.12,20.13056633355041
2022-10-23,Beograd,PM2.5,15.0,12.18,18.85042963976516
2022-10-24,Beograd,PM2.5,30.0,29.8,23.772295881737563
2022-10-25,Beograd,PM2.5,23.0,23.26,22.22911006239417
2022-10-26,Beograd,PM2.5,20.0,18.46,21.67329453130648
2022-10-27,Beograd,PM2.5,26.0,21.74,22.989225464236178
2022-10-28,Beograd,PM2.5,42.0,35.76000000000001,31.789893223253923
2022-10-29,Beograd,PM2.5,47.0,39.4,36.62259459224014
2022-10-30,Beograd,PM2.5,52.0,44.54000000000001,40.05510880026442
2022-10-31,Beograd,PM2.5,68.0,59.44,50.164697099996
2022-11-01,Beograd,PM2.5,69.0,58.73999999999999,52.06785084563845
2022-11-02,Beograd,PM2.5,52.0,43.77999999999999,42.145512887621
2022-11-03,Beograd,PM2.5,48.0,39.46,38.5257483378826
2022-11-04,Beograd,PM2.5,39.0,34.95999999999999,25.105002941537137
2022-11-05,Beograd,PM2.5,33.0,26.96,21.8473073722422
2022-11-06,Beograd,PM2.5,33.0,25.36,24.204616799519663
2022-11-07,Beograd,PM2.5,38.0,28.94,28.87862457253939
2022-11-08,Beograd,PM2.5,42.0,32.48,33.88029731061052
2022-11-09,Beograd,PM2.5,45.0,35.78,33.57220323661124
2022-11-10,Beograd,PM2.5,46.0,36.42,33.55466065838135
2022-11-11,Beograd,PM2.5,42.0,32.34,30.333298844821783
2022-11-12,Beograd,PM2.5,37.0,31.12,31.41206016060445
2022-11-13,Beograd,PM2.5,29.0,22.46,22.80619996203403
2022-11-14,Beograd,PM2.5,43.0,34.52,32.33948603089759
2022-11-15,Beograd,PM2.5,59.0,46.08,41.34055667450564
2022-11-16,Beograd,PM2.5,44.0,39.16,31.46067992829419
2022-11-17,Beograd,PM2.5,34.0,26.06,23.91780405636216
2022-11-18,Beograd,PM2.5,35.0,29.38,23.420630420988456
2022-11-19,Beograd,PM2.5,29.0,20.62,20.569933492864827
2022-11-20,Beograd,PM2.5,26.0,17.1,20.50694159488538
2022-11-21,Beograd,PM2.5,39.0,27.44,25.199232007981
2022-11-22,Beograd,PM2.5,15.0,14.14,13.95410213656442
2022-11-23,Beograd,PM2.5,17.0,12.5,14.814679044376131
2022-11-24,Beograd,PM2.5,22.0,16.08,18.173634295034464
2022-11-25,Beograd,PM2.5,38.0,27.62,30.058499222605644
2022-11-26,Beograd,PM2.5,64.0,51.26000000000001,48.84048327522218
2022-11-27,Beograd,PM2.5,57.0,45.96,40.04103929213114
2022-11-28,Beograd,PM2.5,38.0,28.02,27.91605356042319
2022-11-29,Beograd,PM2.5,25.0,18.78,21.48445905487565
2022-11-30,Beograd,PM2.5,7.0,5.908,15.054779870960427
2022-12-01,Beograd,PM2.5,11.0,8.062000000000001,14.467865041696808
2022-12-02,Beograd,PM2.5,17.0,12.9,17.346723239598244
2022-12-03,Beograd,PM2.5,19.0,15.68,20.34962339693729
2022-12-04,Beograd,PM2.5,8.0,8.054,12.763903688395224
2022-12-05,Beograd,PM2.5,14.0,11.9,17.445917129437877
2022-12-06,Beograd,PM2.5,37.0,26.4,23.48046197611737
2022-12-07,Beograd,PM2.5,36.0,23.94,27.546054709823395
2022-12-08,Beograd,PM2.5,58.0,44.02,39.929652260937424
2022-12-09,Beograd,PM2.5,33.0,31.57999999999999,21.056473639428223
2022-12-10,Beograd,PM2.5,13.0,14.02,13.37200918432704
2022-12-11,Beograd,PM2.5,21.0,14.3,16.79252059223791
2022-12-12,Beograd,PM2.5,37.0,27.12,27.922037969887104
2022-12-13,Beograd,PM2.5,53.0,42.08,44.54863558675073
2022-12-14,Beograd,PM2.5,30.0,24.22,17.80490390061267
2022-12-15,Beograd,PM2.5,44.0,35.2,27.60332861158509
2022-12-16,Beograd,PM2.5,20.0,17.14,15.56620203408946
2022-12-17,Beograd,PM2.5,42.0,30.3,24.941165140751984
2022-12-18,Beograd,PM2.5,49.0,37.94,39.30316805589525
2022-12-19,Beograd,PM2.5,43.0,36.64,31.10895366349265
2022-12-20,Beograd,PM2.5,32.0,26.48,23.74311584924882
2022-12-21,Beograd,PM2.5,88.0,73.22,61.89993209834106
2022-12-22,Beograd,PM2.5,126.0,101.4,71.10177581120894
2022-12-23,Beograd,PM2.5,66.0,56.50000000000001,48.28269383842253
2022-12-24,Beograd,PM2.5,47.0,39.38,35.31603667784548
2022-12-25,Beograd,PM2.5,49.0,41.54000000000001,40.838827747393736
2022-12-26,Beograd,PM2.5,52.0,47.0,42.1265196424574
2022-12-27,Beograd,PM2.5,21.0,16.78,21.399602411347114
2022-12-28,Beograd,PM2.5,32.0,26.24,31.07001600341681
2022-12-29,Beograd,PM2.5,40.0,36.08,32.5448474457081
2022-12-30,Beograd,PM2.5,33.0,29.2,29.70429689014029
2022-12-31,Beograd,PM2.5,53.0,47.38,43.92084359929114
2022-05-29,Beograd,PM2.5,17.0,13.8,14.253449216915396
2022-05-30,Beograd,PM2.5,30.0,19.3,18.705489972870154
2023-01-01,Beograd,PM2.5,91.0,72.56,62.20214150423308
2023-01-02,Beograd,PM2.5,91.0,74.10000000000001,63.56786061750959
2023-01-03,Beograd,PM2.5,60.0,50.5,48.67423813786649
2023-01-04,Beograd,PM2.5,53.0,41.04,44.45859229713214
2023-01-05,Beograd,PM2.5,43.0,35.76000000000001,30.97332986936084
2023-01-06,Beograd,PM2.5,42.0,30.84,32.78113895691406
2023-01-07,Beograd,PM2.5,76.0,60.6,54.31614805483129
2023-01-08,Beograd,PM2.5,63.0,56.38,47.74132492152572
2023-01-09,Beograd,PM2.5,30.0,24.54,17.819328696712947
2023-01-10,Beograd,PM2.5,12.0,9.596,13.57293513190245
2023-01-11,Beograd,PM2.5,25.0,15.612,17.284152213276144
2023-01-12,Beograd,PM2.5,55.0,44.82000000000001,45.22930543638869
2023-01-13,Beograd,PM2.5,49.0,42.27999999999999,40.48832939126686
2023-01-14,Beograd,PM2.5,61.0,46.82000000000001,44.795170449711264
2023-01-15,Beograd,PM2.5,41.0,33.0,30.169272860698147
2023-01-16,Beograd,PM2.5,29.0,24.24,17.905825303995545
2023-01-17,Beograd,PM2.5,15.0,12.356,13.591279219376297
2023-01-18,Beograd,PM2.5,11.0,8.946,14.365172540440415
2023-01-19,Beograd,PM2.5,12.0,9.508,14.091889240000326
2023-01-20,Beograd,PM2.5,32.0,25.08,20.46666264194773
2023-01-21,Beograd,PM2.5,48.0,36.1,34.68341983574999
2023-01-22,Beograd,PM2.5,47.0,36.78,37.23325308833039
2023-01-23,Beograd,PM2.5,13.0,10.666,12.92309447099781
2023-01-24,Beograd,PM2.5,13.0,10.716,14.823500217744058
2023-01-25,Beograd,PM2.5,21.0,15.74,21.79097425719189
2023-01-26,Beograd,PM2.5,21.0,15.86,17.786404424944664
2023-01-27,Beograd,PM2.5,34.0,25.4,21.783518544472845
2023-01-28,Beograd,PM2.5,47.0,34.92,30.06291932399012
2023-01-29,Beograd,PM2.5,43.0,31.04,28.384434661369912
2023-01-30,Beograd,PM2.5,39.0,29.66,34.87692010038287
2023-01-31,Beograd,PM2.5,23.0,18.88,18.63619048892329
2023-02-01,Beograd,PM2.5,27.0,21.42,23.34314093981561
2023-02-02,Beograd,PM2.5,22.0,17.74,17.923106534009616
2023-02-03,Beograd,PM2.5,14.0,11.956,15.062421031457369
2023-02-04,Beograd,PM2.5,8.0,6.55,12.204750304853787
2023-02-05,Beograd,PM2.5,12.0,9.778,17.68992480166372
2023-02-06,Beograd,PM2.5,26.0,19.46,23.51499742275827
2023-02-07,Beograd,PM2.5,40.0,29.72,33.601244276724934
2023-02-08,Beograd,PM2.5,47.0,37.0,35.95757726467246
2023-02-09,Beograd,PM2.5,30.0,24.18,24.26350052423111
2023-02-10,Beograd,PM2.5,58.0,45.04,49.044138032806295
2023-02-11,Beograd,PM2.5,82.0,71.82000000000001,61.788289576985335
2023-02-12,Beograd,PM2.5,64.0,51.82000000000001,42.587024492058745
2023-02-13,Beograd,PM2.5,70.0,56.28000000000001,54.48204749710552
2023-02-14,Beograd,PM2.5,51.0,38.58,40.05479381631605
2023-02-15,Beograd,PM2.5,63.0,48.08,50.96631234301919
2023-02-16,Beograd,PM2.5,67.0,69.61999999999999,54.38093025514959
2023-02-17,Beograd,PM2.5,75.0,62.04,55.25403449736604
2023-02-18,Beograd,PM2.5,33.0,38.86,29.113145594568977
2023-02-19,Beograd,PM2.5,25.0,22.322,25.769245080104294
2023-02-20,Beograd,PM2.5,18.0,13.38,21.35746189279992
2023-02-21,Beograd,PM2.5,35.0,27.06,30.460401639233083
2023-02-22,Beograd,PM2.5,48.0,40.46,40.59155285455688
2023-02-23,Beograd,PM2.5,40.0,35.22000000000001,29.52064412834928
2023-02-24,Beograd,PM2.5,30.0,27.78,22.082258271804797
2023-02-25,Beograd,PM2.5,13.0,13.5,14.119475446926906
2023-02-26,Beograd,PM2.5,22.0,14.7,18.604949820587304
2023-02-27,Beograd,PM2.5,29.0,21.04,23.300797255855283
2023-02-28,Beograd,PM2.5,38.0,26.92,29.805513037647497
2023-03-01,Beograd,PM2.5,28.0,21.86,23.354616813759428
2023-03-02,Beograd,PM2.5,25.0,17.62,18.599900583478927
2023-03-03,Beograd,PM2.5,48.0,36.0,38.23150622973894
2023-03-04,Beograd,PM2.5,52.0,42.2,41.75015353752142
2023-03-05,Beograd,PM2.5,40.0,27.46,29.77123254676024
2023-03-06,Beograd,PM2.5,36.0,25.826,29.07198857693474
2023-03-07,Beograd,PM2.5,33.0,23.032,26.490218756635404
2023-03-08,Beograd,PM2.5,16.0,13.016,20.61926809776862
2023-03-09,Beograd,PM2.5,8.0,7.644,14.545785229124627
2023-03-10,Beograd,PM2.5,16.0,13.22,16.78133806739839
2023-03-11,Beograd,PM2.5,11.0,10.14,15.502760844814716
2023-03-12,Beograd,PM2.5,28.0,21.92,22.86125405947927
2023-03-13,Beograd,PM2.5,25.0,23.56,21.416614165592023
2023-03-14,Beograd,PM2.5,17.0,15.82,17.285236341429467
2023-03-15,Beograd,PM2.5,17.0,14.24,15.958174435426589
2023-03-16,Beograd,PM2.5,13.0,11.494,13.528405827366733
2023-03-17,Beograd,PM2.5,32.0,24.1,27.94845096199459
2023-03-18,Beograd,PM2.5,26.0,21.94,20.577135924975902
2023-03-19,Beograd,PM2.5,26.0,21.52,20.72011285660388
2023-03-20,Beograd,PM2.5,37.0,31.77999999999999,28.114134863698137
2023-03-21,Beograd,PM2.5,35.0,28.58,27.21053147523871
2023-03-22,Beograd,PM2.5,35.0,29.86,27.7310494641933
2023-03-23,Beograd,PM2.5,36.0,32.36,29.07198857693474
2023-03-24,Beograd,PM2.5,24.0,21.14,22.14252317756769
2023-03-25,Beograd,PM2.5,11.0,11.16,17.677081634732563
2023-03-26,Beograd,PM2.5,6.0,6.781999999999999,17.873072748055428
2023-03-27,Beograd,PM2.5,6.0,6.582000000000001,11.90581567948368
2023-03-28,Beograd,PM2.5,7.0,7.222,12.38712831544627
2023-03-29,Beograd,PM2.5,16.0,13.22,18.36183958166508
2023-03-30,Beograd,PM2.5,21.0,17.94,21.407800428330344
2023-03-31,Beograd,PM2.5,13.0,14.6,18.77396916856644
2023-04-01,Beograd,PM2.5,14.0,11.052,15.04986986528204
2023-04-02,Beograd,PM2.5,14.0,10.99,17.56039436116073
2023-04-03,Beograd,PM2.5,11.0,11.44,14.209139876425995
2023-04-04,Beograd,PM2.5,18.0,12.98,13.443184467554785
2023-04-05,Beograd,PM2.5,24.0,16.6,18.71192953085533
2023-04-06,Beograd,PM2.5,35.0,27.46,25.40890915555196
2023-04-07,Beograd,PM2.5,45.0,33.6,29.107808012419312
2023-04-08,Beograd,PM2.5,53.0,44.4,39.404258330956026
2023-04-09,Beograd,PM2.5,51.0,41.5,32.70035219599616
2023-04-10,Beograd,PM2.5,39.0,28.66,26.279879001708217
2023-04-11,Beograd,PM2.5,34.0,28.42,22.996146109297523
2023-04-12,Beograd,PM2.5,10.0,8.908,13.735593929575344
2023-04-13,Beograd,PM2.5,14.0,12.8,16.5956155207503
2023-04-14,Beograd,PM2.5,10.0,8.78,14.140991274529435
2023-04-15,Beograd,PM2.5,8.0,6.696,15.080294301267257
2023-04-16,Beograd,PM2.5,14.0,11.38,14.031191095245331
2023-04-17,Beograd,PM2.5,17.0,14.36,14.3279252144507
2023-04-18,Beograd,PM2.5,13.0,8.616,12.893422059499038
2023-04-19,Beograd,PM2.5,19.0,17.04,15.43426359529614
2023-04-20,Beograd,PM2.5,25.0,19.14,17.825022534431618
2023-04-21,Beograd,PM2.5,26.0,25.06,18.409065022106628
2023-04-22,Beograd,PM2.5,27.0,24.76,19.15410902971455
2023-04-23,Beograd,PM2.5,19.0,15.974,15.43151145620052
2023-04-24,Beograd,PM2.5,19.0,15.688,14.369696542543537
2023-04-25,Beograd,PM2.5,13.0,9.358,12.110544119405878
2023-04-26,Beograd,PM2.5,14.0,14.56,12.407165289993076
2023-04-27,Beograd,PM2.5,15.0,12.52,13.172530820970527
2023-04-28,Beograd,PM2.5,19.0,16.56,17.397083771997966
2023-04-29,Beograd,PM2.5,16.0,13.86,14.922625940363115
2023-04-30,Beograd,PM2.5,25.0,18.74,18.292013088814763
2023-05-01,Beograd,PM2.5,21.0,19.0,14.7846630110586
2023-05-02,Beograd,PM2.5,9.0,8.844,8.15252708008893
2023-05-03,Beograd,PM2.5,12.0,11.08,9.740791288938812
2023-05-04,Beograd,PM2.5,15.0,13.2,13.25664318783094
2023-05-05,Beograd,PM2.5,25.0,20.12,16.353537551200414
2023-05-06,Beograd,PM2.5,15.0,13.308,11.859777274163674
2023-05-07,Beograd,PM2.5,11.0,8.376,11.284379556757736
2023-05-08,Beograd,PM2.5,12.0,10.582,11.918722189828763
2023-05-09,Beograd,PM2.5,11.0,9.62,11.285410397249526
2023-05-10,Beograd,PM2.5,10.0,9.61,9.173134872898432
2023-05-11,Beograd,PM2.5,10.0,9.548,8.196763250827944
2023-05-12,Beograd,PM2.5,13.0,9.676,9.546590021459016
2023-05-13,Beograd,PM2.5,13.0,10.966,10.074677778208546
2023-05-14,Beograd,PM2.5,13.0,10.754,9.485735978896969
2023-05-15,Beograd,PM2.5,19.0,17.16,10.960218551096856
2023-05-16,Beograd,PM2.5,18.0,17.14,11.31897307948953
2023-05-17,Beograd,PM2.5,13.0,13.82,11.469443287134013
2023-05-18,Beograd,PM2.5,11.0,9.704,11.373308540213577
2023-05-19,Beograd,PM2.5,23.0,17.28,16.51269646644382
2023-05-20,Beograd,PM2.5,22.0,17.88,13.054566668968723
2023-05-21,Beograd,PM2.5,15.0,11.998,10.712180108351916
2023-05-22,Beograd,PM2.5,14.0,10.308,11.7807277739056
2023-05-23,Beograd,PM2.5,17.0,12.148,13.89716030758512
2023-05-24,Beograd,PM2.5,24.0,17.56,16.013347218203496
2023-05-25,Beograd,PM2.5,17.0,15.078,13.352093804931863
2023-05-26,Beograd,PM2.5,20.0,16.01,14.256442792955864
2023-05-27,Beograd,PM2.5,18.0,14.468,13.42482630439432
2023-05-28,Beograd,PM2.5,18.0,14.326,14.17303910544609
2023-05-29,Beograd,PM2.5,15.0,11.59,12.813492088315554
2023-05-30,Beograd,PM2.5,17.0,12.898,13.216397646644316
2023-05-31,Beograd,PM2.5,15.0,10.842,12.355820738832607
2023-06-01,Beograd,PM2.5,20.0,14.75,13.950327619128482
2023-06-02,Beograd,PM2.5,19.0,15.322,13.809528991721931
2023-06-03,Beograd,PM2.5,16.0,13.484,11.9737027192409
2023-06-04,Beograd,PM2.5,9.0,8.488,8.560282484214918
2023-06-05,Beograd,PM2.5,12.0,9.614,9.8247338410229
2023-06-06,Beograd,PM2.5,9.0,8.504,8.738900244098753
2023-06-07,Beograd,PM2.5,18.0,12.42,13.166899133315592
2023-06-08,Beograd,PM2.5,14.0,9.894000000000002,11.933212908951855
2023-06-09,Beograd,PM2.5,29.0,17.16,16.861470231159362
2023-06-10,Beograd,PM2.5,16.0,11.828,13.02934976745313
2023-06-11,Beograd,PM2.5,13.0,10.606,11.778358751796034
2023-06-12,Beograd,PM2.5,10.0,8.696000000000002,10.474330664774364
2023-06-13,Beograd,PM2.5,8.0,7.086,9.701024360158566
2023-06-14,Beograd,PM2.5,9.0,7.784000000000001,10.114933568410226
2023-06-15,Beograd,PM2.5,17.0,11.832,12.727013849368769
2023-06-16,Beograd,PM2.5,14.0,10.766,10.569139276758904
2023-06-17,Beograd,PM2.5,19.0,13.526,13.75944253083613
2023-06-18,Beograd,PM2.5,14.0,9.23,12.264689478239754
2023-06-19,Beograd,PM2.5,18.0,11.486,13.687435538166888
2023-06-20,Beograd,PM2.5,29.0,16.38,17.6013069593429
2023-06-21,Beograd,PM2.5,33.0,20.3,19.672203723353192
2023-06-22,Beograd,PM2.5,20.0,12.536,14.422892070130416
2023-06-23,Beograd,PM2.5,19.0,12.95,13.294848571466336
2023-06-24,Beograd,PM2.5,11.0,9.422,10.452184148375936
2023-06-25,Beograd,PM2.5,10.0,6.851999999999999,9.616999506778376
2023-06-26,Beograd,PM2.5,14.0,9.21,12.264689478239754
2023-06-27,Beograd,PM2.5,14.0,10.594,12.264689478239754
2023-06-28,Beograd,PM2.5,10.0,7.952,10.043486108569915
2023-06-29,Beograd,PM2.5,12.0,9.368,10.90493142430234
2023-06-30,Beograd,PM2.5,15.0,9.148,12.573568352987824
2023-07-01,Beograd,PM2.5,18.0,12.766,13.652058635425885
2023-07-02,Beograd,PM2.5,15.0,10.27,11.818713769898835
2023-07-03,Beograd,PM2.5,14.0,9.572,12.406178203646864
2023-07-04,Beograd,PM2.5,15.0,11.114,12.639308692202738
2023-07-05,Beograd,PM2.5,21.0,12.066,14.397908239292825
2023-07-06,Beograd,PM2.5,26.0,18.18,16.05512492824246
2023-07-07,Beograd,PM2.5,13.0,9.252,11.184846897004078
2023-07-08,Beograd,PM2.5,14.0,9.868,11.043304558054473
2023-07-09,Beograd,PM2.5,14.0,11.438,12.406178203646864
2023-07-10,Beograd,PM2.5,15.0,10.752,12.359723123229244
2023-07-11,Beograd,PM2.5,22.0,12.716,14.171600244988856
2023-07-12,Beograd,PM2.5,22.0,14.278,14.552127298571058
2023-07-13,Beograd,PM2.5,16.0,13.44,12.954699448560696
2023-07-14,Beograd,PM2.5,10.0,7.988000000000001,10.339213614270426
2023-07-15,Beograd,PM2.5,16.0,10.846,12.954699448560696
2023-07-16,Beograd,PM2.5,28.0,15.14,17.246445000281657
2023-07-17,Beograd,PM2.5,32.0,20.84,19.519576248203773
2023-07-18,Beograd,PM2.5,19.0,12.164,13.882369864045272
2023-07-19,Beograd,PM2.5,11.0,11.2,11.590974362948478
2023-07-20,Beograd,PM2.5,11.0,9.136,11.636625258703283
2023-07-21,Beograd,PM2.5,12.0,10.382,11.115037394489924
2023-07-22,Beograd,PM2.5,11.0,9.932,10.583790514084326
2023-07-23,Beograd,PM2.5,14.0,10.396,12.558048810476588
2023-07-24,Beograd,PM2.5,22.0,15.86,14.552127298571058
2023-07-25,Beograd,PM2.5,13.0,15.16,10.64046993619767
2023-07-26,Beograd,PM2.5,5.0,6.338,8.141860847132406
2023-07-27,Beograd,PM2.5,6.0,6.21,8.153990297421345
2023-07-28,Beograd,PM2.5,9.0,7.578,10.559750269916012
2023-07-29,Beograd,PM2.5,20.0,14.28,14.169147353025089
2023-07-30,Beograd,PM2.5,23.0,20.86,16.001797907124107
2023-07-31,Beograd,PM2.5,9.0,9.282,9.203703135574914
2023-08-01,Beograd,PM2.5,7.0,7.81,9.57134858122325
2023-08-02,Beograd,PM2.5,4.0,4.21,9.830011980716968
2023-08-03,Beograd,PM2.5,12.0,10.138,11.756944398441536
2023-08-04,Beograd,PM2.5,17.0,14.0,12.867957960193436
2023-08-05,Beograd,PM2.5,16.0,14.3,12.34281500569472
2023-08-06,Beograd,PM2.5,6.0,6.804,8.810852451079803
2023-08-07,Beograd,PM2.5,5.0,4.786,10.574817041206904
2023-08-08,Beograd,PM2.5,5.0,4.377999999999999,9.830011980716968
2023-08-09,Beograd,PM2.5,10.0,8.282,11.146972007196696
2023-08-10,Beograd,PM2.5,14.0,9.182,12.633768513822098
2023-08-11,Beograd,PM2.5,15.0,11.288,12.565933119723748
2023-08-12,Beograd,PM2.5,14.0,11.282,12.348874849698303
2023-08-13,Beograd,PM2.5,17.0,12.46,13.535262502755453
2023-08-14,Beograd,PM2.5,19.0,14.26,13.577562513808578
2023-08-15,Beograd,PM2.5,18.0,12.66,12.291045603221283
2023-08-16,Beograd,PM2.5,25.0,18.16,15.56372257142629
2023-08-17,Beograd,PM2.5,33.0,21.48,19.25584645815652
2023-08-18,Beograd,PM2.5,35.0,25.5,21.834672317961484
2023-08-19,Beograd,PM2.5,32.0,22.3,19.672203723353192
2023-08-20,Beograd,PM2.5,30.0,21.1,17.98756479998365
2023-08-21,Beograd,PM2.5,31.0,22.36,17.98756479998365
2023-08-22,Beograd,PM2.5,36.0,25.46,23.24451071830072
2023-08-23,Beograd,PM2.5,37.0,24.04,23.078659329326054
2023-08-24,Beograd,PM2.5,31.0,24.76,17.262434460730354
2023-08-25,Beograd,PM2.5,23.0,17.74,16.191413446908083
2023-08-26,Beograd,PM2.5,22.0,16.28,14.247319948334365
2023-08-27,Beograd,PM2.5,18.0,14.186,11.70957408499345
2023-08-28,Beograd,PM2.5,12.0,10.736,9.202881104354736
2023-08-29,Beograd,PM2.5,14.0,12.596,12.076691834146752
2023-08-30,Beograd,PM2.5,12.0,11.12,11.664639445111254
2023-08-31,Beograd,PM2.5,15.0,11.968,12.239347530295078
2023-09-01,Beograd,PM2.5,14.0,11.52,13.314959091909834
2023-09-02,Beograd,PM2.5,19.0,15.22,15.337333619725133
2023-09-03,Beograd,PM2.5,17.0,13.2,13.931235970582351
2023-09-04,Beograd,PM2.5,9.0,8.260000000000002,9.162285546531493
2023-09-05,Beograd,PM2.5,16.0,13.08,13.561800883773644
2023-09-06,Beograd,PM2.5,17.0,14.16,13.4923637286813
2023-09-07,Beograd,PM2.5,15.0,12.5,12.069363495902705
2023-09-08,Beograd,PM2.5,16.0,12.12,12.531316763940088
2023-09-09,Beograd,PM2.5,17.0,11.562,13.760143038053918
2023-09-10,Beograd,PM2.5,17.0,12.08,14.427447580615937
2023-09-11,Beograd,PM2.5,16.0,11.398,13.36151939827959
2023-09-12,Beograd,PM2.5,15.0,11.572,12.56808956095431
2023-09-13,Beograd,PM2.5,27.0,18.16,17.083598524768554
2023-09-14,Beograd,PM2.5,22.0,17.5,15.500167217855555
2023-09-15,Beograd,PM2.5,10.0,7.593999999999999,11.480505952553605
2023-09-16,Beograd,PM2.5,19.0,13.0,14.684931041233323
2023-09-17,Beograd,PM2.5,19.0,12.36,13.162984346326532
2023-09-18,Beograd,PM2.5,17.0,11.378,12.05890485555513
2023-09-19,Beograd,PM2.5,15.0,10.818,12.001963913370384
2023-09-20,Beograd,PM2.5,14.0,10.616,13.680584181421828
2023-09-21,Beograd,PM2.5,16.0,11.842,12.46391718140777
2023-09-22,Beograd,PM2.5,10.0,13.604,10.298890747377095
2023-09-23,Beograd,PM2.5,7.0,11.71,9.89740801149981
2023-09-24,Beograd,PM2.5,8.0,7.366,11.056552280327749
2023-09-25,Beograd,PM2.5,20.0,14.96,13.737281927489446
2023-09-26,Beograd,PM2.5,20.0,18.1,13.66795877756377
2023-09-27,Beograd,PM2.5,16.0,15.4,11.949845245712254
2023-09-28,Beograd,PM2.5,17.0,16.44,13.428666468766018
2023-09-29,Beograd,PM2.5,22.0,19.26,15.905973812295
2023-09-30,Beograd,PM2.5,24.0,19.42,17.17766029918769
2023-10-01,Beograd,PM2.5,19.0,16.28,14.681626395346006
2023-10-02,Beograd,PM2.5,14.0,13.22,15.69482870241461
2023-10-03,Beograd,PM2.5,15.0,12.8,14.505430493630852
2023-10-04,Beograd,PM2.5,17.0,16.16,15.2367450146284
2023-10-05,Beograd,PM2.5,14.0,13.44,15.795945944370526
2023-10-06,Beograd,PM2.5,23.0,20.06,19.20972064039042
2023-10-07,Beograd,PM2.5,21.0,18.44,18.874317736852507
2023-10-08,Beograd,PM2.5,11.0,15.44,11.889283225840217
2023-10-09,Beograd,PM2.5,15.0,11.996,15.889614997556238
2023-10-10,Beograd,PM2.5,21.0,21.02,17.190117423956234
2023-10-11,Beograd,PM2.5,14.0,13.42,14.91619047501696
2023-10-12,Beograd,PM2.5,16.0,14.04,14.43422760009724
2023-10-13,Beograd,PM2.5,34.0,30.04,22.83794824389781
2023-10-14,Beograd,PM2.5,34.0,31.68,22.138044473106493
2023-10-15,Beograd,PM2.5,13.0,15.46,15.298930269942156
2023-10-16,Beograd,PM2.5,16.0,12.84,18.8973733802901
2023-10-17,Beograd,PM2.5,33.0,27.44,26.836473084771043
2023-10-18,Beograd,PM2.5,37.0,32.44,28.723882824284143
2023-10-19,Beograd,PM2.5,18.0,14.22,16.29282435605475
2023-10-20,Beograd,PM2.5,10.0,13.552,13.044946755316136
2023-10-21,Beograd,PM2.5,10.0,15.14,13.044946755316136
2023-10-22,Beograd,PM2.5,6.0,7.519999999999999,13.86282528571902
2023-10-23,Beograd,PM2.5,15.0,13.7,18.95154688172107
2023-10-24,Beograd,PM2.5,14.0,16.58,16.003499517674282
2023-10-25,Beograd,PM2.5,5.0,10.866,13.86282528571902
2023-10-26,Beograd,PM2.5,9.0,10.446,14.874697391115856
2023-10-27,Beograd,PM2.5,7.0,5.066,12.908182464301746
2023-10-28,Beograd,PM2.5,11.0,8.443999999999999,16.977773069842083
2023-10-29,Beograd,PM2.5,10.0,9.332,15.797524994116523
2023-10-30,Beograd,PM2.5,13.0,11.612,15.352076394453723
2023-10-31,Beograd,PM2.5,21.0,10.212,17.055358399794372
2023-11-01,Beograd,PM2.5,10.0,8.815999999999999,17.808069914481766
2023-11-02,Beograd,PM2.5,6.0,12.66,15.414230618807728
2023-11-03,Beograd,PM2.5,16.0,10.926,14.921759747784275
2023-11-04,Beograd,PM2.5,6.0,11.902,19.511134653799548
2023-11-05,Beograd,PM2.5,5.0,5.220000000000001,13.68540176876094
2023-11-06,Beograd,PM2.5,15.0,9.264,22.080170942342136
2023-11-07,Beograd,PM2.5,17.0,17.2,19.145787320878327
2023-11-08,Beograd,PM2.5,29.0,15.92,22.086314203781964
2023-11-09,Beograd,PM2.5,16.0,16.72,19.916451013444544
2023-11-10,Beograd,PM2.5,21.0,14.68,16.208465828617335
2023-11-11,Beograd,PM2.5,8.0,9.606,14.077492535582564
2023-11-12,Beograd,PM2.5,24.0,13.118,25.596898794306465
2023-11-13,Beograd,PM2.5,30.0,22.78,27.753166704686183
2023-11-14,Beograd,PM2.5,14.0,16.62,21.057257498525686
2023-11-15,Beograd,PM2.5,22.0,10.674,18.229900249062265
2023-11-16,Beograd,PM2.5,8.0,12.44,17.865766322324014
2023-11-17,Beograd,PM2.5,13.0,10.502,14.498589195017273
2023-11-18,Beograd,PM2.5,17.0,9.216,15.245330863777074
2023-11-19,Beograd,PM2.5,52.0,19.92,40.35742671507122
2023-11-20,Beograd,PM2.5,79.0,37.36,50.78331505675181
2023-11-21,Beograd,PM2.5,20.0,40.74,21.148682881632634
2023-11-22,Beograd,PM2.5,22.0,24.66,19.839315260335816
2023-11-23,Beograd,PM2.5,60.0,31.5,46.531099306577325
2023-11-24,Beograd,PM2.5,25.0,46.94,24.088141287478734
2023-11-25,Beograd,PM2.5,12.0,9.972,14.6619081270679
2023-11-26,Beograd,PM2.5,10.0,11.536,13.726402065247374
2023-11-27,Beograd,PM2.5,12.0,11.962,15.820320563878914
2023-11-28,Beograd,PM2.5,13.0,11.378,13.493113358065385
2023-11-29,Beograd,PM2.5,47.0,25.46,32.11870374693413
2023-11-30,Beograd,PM2.5,11.0,23.76,15.75238267246774
2023-12-01,Beograd,PM2.5,7.0,11.428,16.21612797744344
2023-12-02,Beograd,PM2.5,19.0,12.82,15.590965812364296
2023-12-03,Beograd,PM2.5,44.0,18.08,29.04399097601666
2023-12-04,Beograd,PM2.5,23.0,36.06,26.99149330009577
2023-12-05,Beograd,PM2.5,21.0,26.2,19.43858113255367
2023-12-06,Beograd,PM2.5,36.0,27.72000000000001,23.9279081043752
2023-12-07,Beograd,PM2.5,30.0,24.2,20.901631490552425
2023-12-08,Beograd,PM2.5,47.0,39.73999999999999,35.853785375686485
2023-12-09,Beograd,PM2.5,47.0,47.04,40.838827747393736
2023-12-10,Beograd,PM2.5,62.0,49.56,42.69979939269814
2023-12-11,Beograd,PM2.5,49.0,41.82,34.26916751769278
2023-12-12,Beograd,PM2.5,34.0,31.46,26.80257409468681
2023-12-13,Beograd,PM2.5,19.0,21.52,16.553414977113064
2023-12-14,Beograd,PM2.5,37.0,17.36,28.194068214653388
2023-12-15,Beograd,PM2.5,12.0,26.88,14.884096343262112
2023-12-16,Beograd,PM2.5,72.0,26.08,52.23610794218897
2023-12-17,Beograd,PM2.5,98.0,52.96,70.53754551013206
2023-12-18,Beograd,PM2.5,121.0,85.46000000000001,75.60461145494143
2023-12-19,Beograd,PM2.5,80.0,85.12,58.87733245228982
2023-12-20,Beograd,PM2.5,54.0,79.20000000000002,42.43347285802752
2023-12-21,Beograd,PM2.5,20.0,26.68,24.84498759284045
2023-12-22,Beograd,PM2.5,19.0,15.96,16.31366829668933
2023-12-23,Beograd,PM2.5,31.0,14.92,20.26901464845693
2023-12-24,Beograd,PM2.5,104.0,40.4,72.70675850068639
2023-12-25,Beograd,PM2.5,80.0,53.52,58.630057559452965
2023-12-26,Beograd,PM2.5,81.0,71.22,61.674463360025705
2023-12-27,Beograd,PM2.5,25.0,51.06,28.327193674876412
2023-12-28,Beograd,PM2.5,92.0,59.54,63.73780119573157
2023-12-29,Beograd,PM2.5,50.0,56.77999999999999,41.36451493900928
2023-12-30,Beograd,PM2.5,73.0,56.27999999999999,55.851807746329776
2023-12-31,Beograd,PM2.5,64.0,46.12,49.4306526515207
2024-01-01,Beograd,PM2.5,41.0,21.96,28.220979467406558
2024-01-02,Beograd,PM2.5,25.0,25.64,27.97669531874955
2024-01-03,Beograd,PM2.5,21.0,19.36,19.695125754002376
2024-01-04,Beograd,PM2.5,31.0,18.94,23.630527671873345
2024-01-05,Beograd,PM2.5,22.0,31.42,21.993057904033662
2024-01-06,Beograd,PM2.5,23.0,16.92,18.802125848157644
2024-01-07,Beograd,PM2.5,17.0,16.62,16.257978671117073
2024-01-08,Beograd,PM2.5,27.0,27.96,18.2663374333732
2024-01-09,Beograd,PM2.5,51.0,39.0,36.67962252338878
2024-01-10,Beograd,PM2.5,79.0,44.77999999999999,57.73768263211616
2024-01-11,Beograd,PM2.5,63.0,65.46000000000001,51.600796894288
2024-01-12,Beograd,PM2.5,68.0,54.61999999999999,53.154342026927225
2024-01-13,Beograd,PM2.5,49.0,49.56,39.1412396439878
2024-01-14,Beograd,PM2.5,50.0,54.56,41.63119137065907
2024-01-15,Beograd,PM2.5,20.0,34.12,20.120682355359204
2024-01-16,Beograd,PM2.5,30.0,20.48,24.26314451396884
2024-01-17,Beograd,PM2.5,21.0,24.12,16.027939780785193
2024-01-18,Beograd,PM2.5,17.0,13.94,15.838502328347625
2024-01-19,Beograd,PM2.5,24.0,18.56,18.260214687226807
2024-01-20,Beograd,PM2.5,51.0,33.64,32.22884530819333
2024-01-21,Beograd,PM2.5,95.0,55.88,66.65723984003618
2024-01-22,Beograd,PM2.5,37.0,43.62,28.33552026196088
2024-01-23,Beograd,PM2.5,56.0,51.14,37.855393196003696
2024-01-24,Beograd,PM2.5,58.0,46.54,41.21028260786291
2024-01-25,Beograd,PM2.5,12.0,30.1,14.547052557467968
2024-01-26,Beograd,PM2.5,48.0,23.46,34.75469933684748
2024-01-27,Beograd,PM2.5,11.0,13.14,12.939681624114147
2024-01-28,Beograd,PM2.5,50.0,18.86,39.38963320427064
2024-01-29,Beograd,PM2.5,82.0,44.08,61.48721301831158
2024-01-30,Beograd,PM2.5,57.0,46.31999999999999,44.46819036250255
2024-01-31,Beograd,PM2.5,127.0,71.18,76.97558695295896
2024-02-01,Beograd,PM2.5,99.0,85.63999999999999,70.53754551013206
2024-02-02,Beograd,PM2.5,34.0,34.64,23.00736354237996
2024-02-03,Beograd,PM2.5,47.0,23.96,38.44673054159626
2024-02-04,Beograd,PM2.5,37.0,28.98,28.55611393979613
2024-02-05,Beograd,PM2.5,45.0,41.9,35.89922023227331
2024-02-06,Beograd,PM2.5,62.0,41.26,50.54909687196036
2024-02-07,Beograd,PM2.5,48.0,42.45999999999999,40.692670096512806
2024-02-08,Beograd,PM2.5,33.0,27.98,30.118905462222717
2024-02-09,Beograd,PM2.5,11.0,20.32,18.555561363242635
2024-02-10,Beograd,PM2.5,16.0,16.04,15.9260214390039
2024-02-11,Beograd,PM2.5,7.0,12.53,13.039896025269464
2024-02-12,Beograd,PM2.5,20.0,15.86,19.50471035269873
2024-02-13,Beograd,PM2.5,18.0,14.92,16.233329822138025
2024-02-14,Beograd,PM2.5,69.0,25.12,44.62875971487878
2024-02-15,Beograd,PM2.5,78.0,45.66,56.89642723354972
2024-02-16,Beograd,PM2.5,32.0,43.42,30.476331943700416
2024-02-17,Beograd,PM2.5,62.0,37.72000000000001,48.83950135594936
2024-02-18,Beograd,PM2.5,82.0,42.16,54.93057521683792
2024-02-19,Beograd,PM2.5,74.0,52.42,55.705650095448846
2024-02-20,Beograd,PM2.5,38.0,33.2,29.287757083163623
2024-02-21,Beograd,PM2.5,41.0,26.6,30.20302477817906
2024-02-22,Beograd,PM2.5,14.0,21.36,19.3851839722646
2024-02-23,Beograd,PM2.5,6.0,12.742,16.950646073503247
2024-02-24,Beograd,PM2.5,23.0,12.02,18.454310471895734
2024-02-25,Beograd,PM2.5,30.0,20.26,22.03660737604999
2024-02-26,Beograd,PM2.5,24.0,18.78,21.705018491903445
2024-02-27,Beograd,PM2.5,21.0,23.16,19.871668412269088
2024-02-28,Beograd,PM2.5,21.0,21.82,20.428229535891752
2024-02-29,Beograd,PM2.5,36.0,27.54,24.739244323521383
2024-03-01,Beograd,PM2.5,26.0,19.66,18.237435244525194
2024-03-02,Beograd,PM2.5,22.0,15.3,17.56285830789097
2024-03-03,Beograd,PM2.5,27.0,18.66,21.692427720643
2024-03-04,Beograd,PM2.5,34.0,22.04,23.5256941698882
2024-03-05,Beograd,PM2.5,36.0,28.7,26.80091672630384
2024-03-06,Beograd,PM2.5,39.0,31.48,28.815178568897466
2024-03-07,Beograd,PM2.5,27.0,22.1,21.39459793430657
2024-03-08,Beograd,PM2.5,27.0,21.74,20.4728117639933
2024-03-09,Beograd,PM2.5,26.0,20.2,18.834339168752365
2024-03-10,Beograd,PM2.5,17.0,16.84,15.581284300372578
2024-03-11,Beograd,PM2.5,8.0,15.18,13.16711237606872
2024-03-12,Beograd,PM2.5,15.0,8.744,19.21351242813251
2024-03-13,Beograd,PM2.5,31.0,21.74,19.669019741914557
2024-03-14,Beograd,PM2.5,41.0,24.52,28.614278129556716
2024-03-15,Beograd,PM2.5,35.0,30.66,29.732616215811237
2024-03-16,Beograd,PM2.5,65.0,29.88,49.15157076272326
2024-03-17,Beograd,PM2.5,25.0,26.66,22.73024028009684
2024-03-18,Beograd,PM2.5,17.0,17.36,20.768617876440786
2024-03-19,Beograd,PM2.5,42.0,15.78,27.613613815512192
2024-03-20,Beograd,PM2.5,49.0,33.06,36.18567675421287
2024-03-21,Beograd,PM2.5,62.0,34.34,47.666722287837125
2024-03-22,Beograd,PM2.5,53.0,45.81999999999999,41.07286914219188
2024-03-23,Beograd,PM2.5,8.0,25.52,18.655457154851167
2024-03-24,Beograd,PM2.5,29.0,9.458,20.178767566512608
2024-03-25,Beograd,PM2.5,26.0,18.96,22.121077658634714
2024-03-26,Beograd,PM2.5,8.0,10.532,14.489909585006812
2024-03-27,Beograd,PM2.5,16.0,15.82,14.714696295685526
2024-03-28,Beograd,PM2.5,3.0,9.407999999999998,12.964015482689128
2024-03-29,Beograd,PM2.5,8.0,7.7,17.430890866293407
2024-03-30,Beograd,PM2.5,6.0,8.476,15.371824691805216
2024-03-31,Beograd,PM2.5,6.0,19.74,18.602026010973304
2024-04-01,Beograd,PM2.5,7.0,26.18,16.603086760405905
2024-04-02,Beograd,PM2.5,3.0,5.97,11.884087249631548
2024-04-03,Beograd,PM2.5,8.0,7.140000000000001,16.54025530273608
2024-04-04,Beograd,PM2.5,6.0,7.228,14.104907433649984
2024-04-05,Beograd,PM2.5,12.0,9.402,16.610740085716465
2024-04-06,Beograd,PM2.5,15.0,12.206,17.694560974643647
2024-04-07,Beograd,PM2.5,5.0,10.758,15.204344072843172
2024-04-08,Beograd,PM2.5,4.0,5.25,12.802545402971417
2024-04-09,Beograd,PM2.5,5.0,6.28,12.881732918742577
2024-04-10,Beograd,PM2.5,7.0,8.822,14.094109112384809
2024-04-11,Beograd,PM2.5,20.0,14.342,18.10540103965212
2024-04-12,Beograd,PM2.5,26.0,19.726,20.0519474301896
2024-04-13,Beograd,PM2.5,14.0,18.176,16.57283599348101
2024-04-14,Beograd,PM2.5,14.0,12.724,17.709110239723106
2024-04-15,Beograd,PM2.5,13.0,11.832,15.368212557518897
2024-04-16,Beograd,PM2.5,5.0,13.364,9.785637742552698
2024-04-17,Beograd,PM2.5,10.0,6.797999999999999,10.547303253776994
2024-04-18,Beograd,PM2.5,35.0,14.496,19.77273219105899
2024-04-19,Beograd,PM2.5,32.0,18.606,20.425598723398505
2024-04-20,Beograd,PM2.5,12.0,15.17,14.82075722320391
2024-04-21,Beograd,PM2.5,14.0,10.2,13.131613739848884
2024-04-22,Beograd,PM2.5,14.0,13.354,14.216418610440527
2024-04-23,Beograd,PM2.5,10.0,10.078,9.536548657725731
2024-04-24,Beograd,PM2.5,23.0,14.1,17.315552727891227
2024-04-25,Beograd,PM2.5,46.0,18.24,32.95846856424092
2024-04-26,Beograd,PM2.5,15.0,20.38,15.3752339409011
2024-04-27,Beograd,PM2.5,13.0,7.69,14.323410237642353
2024-04-28,Beograd,PM2.5,5.0,7.431999999999999,10.316493627993854
2024-04-29,Beograd,PM2.5,5.0,5.91,10.237306112222694
2024-04-30,Beograd,PM2.5,4.0,7.351999999999999,9.770516328552825
2024-05-01,Beograd,PM2.5,4.0,5.976000000000001,7.800205909863353
2024-05-02,Beograd,PM2.5,3.0,6.388,7.522269481953935
2024-05-03,Beograd,PM2.5,10.0,8.203999999999999,10.379469803099154
2024-05-04,Beograd,PM2.5,8.0,10.334,10.29832473447194
2024-05-05,Beograd,PM2.5,12.0,13.352,12.118842203271203
2024-05-06,Beograd,PM2.5,13.0,10.608,12.397569607514548
2024-05-07,Beograd,PM2.5,17.0,7.574,13.59096126994157
2024-05-08,Beograd,PM2.5,15.0,11.736,12.496619366239155
2024-05-09,Beograd,PM2.5,4.0,8.242,9.808230227061935
2024-05-10,Beograd,PM2.5,9.0,7.542,9.422952829385768
2024-05-11,Beograd,PM2.5,15.0,9.168,12.791158803481272
2024-05-12,Beograd,PM2.5,15.0,10.102,12.73569245728016
2024-05-13,Beograd,PM2.5,8.0,12.262,10.892061625673612
2024-05-14,Beograd,PM2.5,14.0,11.274,12.104685866575124
2024-05-15,Beograd,PM2.5,4.0,7.13,8.045630506155492
2024-05-16,Beograd,PM2.5,7.0,7.444,7.640733547502921
2024-05-17,Beograd,PM2.5,15.0,12.08,10.023225877282911
2024-05-18,Beograd,PM2.5,13.0,12.902,11.73026506495253
2024-05-19,Beograd,PM2.5,12.0,13.38,9.752579222177651
2024-05-20,Beograd,PM2.5,10.0,11.144,8.619733029012417
2024-05-21,Beograd,PM2.5,8.0,14.36,8.013770495801465
2024-05-22,Beograd,PM2.5,4.0,14.694,10.185590068149864
2024-05-23,Beograd,PM2.5,16.0,6.474000000000001,12.064336364549767
2024-05-24,Beograd,PM2.5,14.0,13.84,12.410051389362708
2024-05-25,Beograd,PM2.5,8.0,12.48,8.559747795242496
2024-05-26,Beograd,PM2.5,21.0,9.5,13.019518586836876
2024-05-27,Beograd,PM2.5,10.0,14.74,11.266110651247802
2024-05-28,Beograd,PM2.5,12.0,10.726,11.307230306372963
2024-05-29,Beograd,PM2.5,5.0,9.362,9.116282554914996
2024-05-30,Beograd,PM2.5,12.0,11.388,11.913966033614868
2024-05-31,Beograd,PM2.5,4.0,9.48,8.534811036687161
2024-06-01,Beograd,PM2.5,4.0,7.208,8.95415845062266
2024-06-02,Beograd,PM2.5,11.0,7.548,11.666694066293989
2024-06-03,Beograd,PM2.5,6.0,10.276,10.021582139001508
2024-06-04,Beograd,PM2.5,15.0,6.684,12.05303194813653
2024-06-05,Beograd,PM2.5,14.0,11.502,12.931994020801772
2024-06-06,Beograd,PM2.5,18.0,11.12,13.788552780122805
2024-06-07,Beograd,PM2.5,18.0,13.1,13.687435538166888
2024-06-08,Beograd,PM2.5,17.0,14.46,13.535262502755453
2024-06-09,Beograd,PM2.5,14.0,16.48,11.589336506217377
2024-06-10,Beograd,PM2.5,10.0,15.52,9.406705669516612
2024-06-11,Beograd,PM2.5,14.0,14.06,12.308002976925456
2024-06-12,Beograd,PM2.5,18.0,14.5,13.160861904641015
2024-06-13,Beograd,PM2.5,10.0,17.58,9.913245833287268
2024-06-14,Beograd,PM2.5,15.0,11.98,11.222829313797028
2024-06-15,Beograd,PM2.5,14.0,10.154,12.588117618067292
2024-06-16,Beograd,PM2.5,11.0,10.832,11.767811308249904
2024-06-17,Beograd,PM2.5,19.0,10.894,14.2852098569751
2024-06-18,Beograd,PM2.5,23.0,14.96,16.09029620495217
2024-06-19,Beograd,PM2.5,23.0,18.68,16.08519373583317
2024-06-20,Beograd,PM2.5,21.0,18.4,14.914624490896385
2024-06-21,Beograd,PM2.5,14.0,23.34,11.920813075505274
2024-06-22,Beograd,PM2.5,13.0,22.8,11.214915704594782
2024-06-23,Beograd,PM2.5,5.0,15.48,10.68932231918374
2024-06-24,Beograd,PM2.5,8.0,12.2,10.564112971506376
2024-06-25,Beograd,PM2.5,19.0,14.06,14.14374981441468
2024-06-26,Beograd,PM2.5,4.0,13.52,8.27536089652166
2024-06-27,Beograd,PM2.5,10.0,10.482,9.581769263999368
2024-06-28,Beograd,PM2.5,16.0,14.04,12.615167698574256
2024-06-29,Beograd,PM2.5,20.0,16.4,14.290517952125402
2024-06-30,Beograd,PM2.5,14.0,14.74,11.090610441165772
2024-07-01,Beograd,PM2.5,8.0,14.08,10.262390220532463
2024-07-02,Beograd,PM2.5,11.0,10.508,10.123051557982263
2024-07-03,Beograd,PM2.5,10.0,9.11,9.875362926977513
2024-07-04,Beograd,PM2.5,11.0,12.22,11.450965011679385
2024-07-05,Beograd,PM2.5,11.0,7.347999999999999,11.692091604904396
2024-07-06,Beograd,PM2.5,9.0,6.252000000000001,9.16336033497041
2024-07-07,Beograd,PM2.5,20.0,10.086,14.06803011106917
2024-07-08,Beograd,PM2.5,18.0,11.256,13.42605558779748
2024-07-09,Beograd,PM2.5,22.0,12.204,14.737787545594957
2024-07-10,Beograd,PM2.5,19.0,12.56,13.501842810463067
2024-07-11,Beograd,PM2.5,16.0,11.68,12.062138047785698
2024-07-12,Beograd,PM2.5,16.0,10.618,11.563411982734095
2024-07-13,Beograd,PM2.5,19.0,14.9,13.501842810463067
2024-07-14,Beograd,PM2.5,19.0,17.54,13.501842810463067
2024-07-15,Beograd,PM2.5,35.0,16.84,19.825786538071103
2024-07-16,Beograd,PM2.5,27.0,12.76,14.618186566661034
2024-07-17,Beograd,PM2.5,28.0,20.22,16.638982390103134
2024-07-18,Beograd,PM2.5,17.0,16.74,12.792238256847924
2024-07-19,Beograd,PM2.5,10.0,10.856,10.727375901116709
2024-07-20,Beograd,PM2.5,22.0,12.86,14.120247451262983
2024-07-21,Beograd,PM2.5,19.0,15.12,13.769422284907892
2024-07-22,Beograd,PM2.5,21.0,12.58,14.88455568330568
2024-07-23,Beograd,PM2.5,23.0,14.18,15.494040096755352
2024-07-24,Beograd,PM2.5,4.0,10.864,9.343600592330604
2024-07-25,Beograd,PM2.5,8.0,5.610000000000001,9.05166053261076
2024-07-26,Beograd,PM2.5,14.0,8.456,12.225620425741967
2024-07-27,Beograd,PM2.5,15.0,8.468,12.497848649642316
2024-07-28,Beograd,PM2.5,5.0,7.068,9.708641381616651
2024-07-29,Beograd,PM2.5,6.0,4.795999999999999,8.153990297421345
2024-07-30,Beograd,PM2.5,11.0,6.678,11.024787062342376
2024-07-31,Beograd,PM2.5,15.0,7.944,12.598965891598231
2024-08-01,Beograd,PM2.5,12.0,8.501999999999999,11.756944398441536
2024-08-02,Beograd,PM2.5,19.0,11.498,13.577562513808578
2024-08-03,Beograd,PM2.5,6.0,9.372000000000002,8.95415845062266
2024-08-04,Beograd,PM2.5,7.0,5.71,9.902825150511148
2024-08-05,Beograd,PM2.5,7.0,8.52,9.902825150511148
2024-08-06,Beograd,PM2.5,6.0,6.118,8.98257227085687
2024-08-07,Beograd,PM2.5,13.0,5.773999999999999,12.2136968164447
2024-08-08,Beograd,PM2.5,9.0,7.340000000000001,10.635469973261522
2024-08-09,Beograd,PM2.5,9.0,7.475999999999999,9.23908003831592
2024-08-10,Beograd,PM2.5,14.0,7.744000000000002,11.618603669613265
2024-08-11,Beograd,PM2.5,15.0,8.448,12.573568352987824
2024-08-12,Beograd,PM2.5,14.0,9.348,12.588117618067292
2024-08-13,Beograd,PM2.5,13.0,8.728,12.112579574488782
2024-08-14,Beograd,PM2.5,13.0,10.842,11.54639227388268
2024-08-15,Beograd,PM2.5,29.0,13.86,17.42328194558308
2024-08-16,Beograd,PM2.5,24.0,17.18,16.08519373583317
2024-08-17,Beograd,PM2.5,15.0,14.42,12.387908105963929
2024-08-18,Beograd,PM2.5,28.0,13.14,15.846305386950522
2024-08-19,Beograd,PM2.5,15.0,12.72,11.546642096279664
2024-08-20,Beograd,PM2.5,17.0,10.814,13.248485013775635
2024-08-21,Beograd,PM2.5,16.0,13.68,12.849861374001309
2024-08-22,Beograd,PM2.5,16.0,12.34,11.639131686079605
2024-08-23,Beograd,PM2.5,17.0,9.976,13.434145260799536
2024-08-24,Beograd,PM2.5,24.0,12.018,16.08519373583317
2024-08-25,Beograd,PM2.5,24.0,13.76,16.191413446908083
2024-08-26,Beograd,PM2.5,23.0,17.7,16.191413446908083
2024-08-27,Beograd,PM2.5,24.0,19.4,16.191413446908083
2024-08-28,Beograd,PM2.5,25.0,17.14,15.952170678539096
2024-08-29,Beograd,PM2.5,11.0,16.66,11.100506765687886
2024-08-30,Beograd,PM2.5,20.0,11.53,14.138647345295675
2024-08-31,Beograd,PM2.5,19.0,14.68,13.577562513808578
2024-09-01,Beograd,PM2.5,27.0,16.66,16.796821035788742
2024-09-02,Beograd,PM2.5,26.0,20.0,16.982481282812643
2024-09-03,Beograd,PM2.5,27.0,21.22,17.083598524768554
2024-09-04,Beograd,PM2.5,27.0,22.12,16.982481282812643
2024-09-05,Beograd,PM2.5,27.0,22.98,16.084817412918635
2024-09-06,Beograd,PM2.5,18.0,23.5,13.68195674613337
2024-09-07,Beograd,PM2.5,18.0,15.38,12.534359580321617
2024-09-08,Beograd,PM2.5,9.0,13.22,9.327629150549432
2024-09-09,Beograd,PM2.5,12.0,14.56,9.578548291380487
2024-09-10,Beograd,PM2.5,27.0,16.66,16.437265960347133
2024-09-11,Beograd,PM2.5,18.0,15.18,13.306807214470314
2024-09-12,Beograd,PM2.5,6.0,10.386,10.676546162822644
2024-09-13,Beograd,PM2.5,6.0,9.166,8.956551474609393
2024-09-14,Beograd,PM2.5,7.0,4.181999999999999,9.890883134933937
2024-09-15,Beograd,PM2.5,5.0,3.122,7.6133120144321635
2024-09-16,Beograd,PM2.5,16.0,5.93,12.07922713997788
2024-09-17,Beograd,PM2.5,13.0,10.23,13.704310092461064
2024-09-18,Beograd,PM2.5,19.0,21.12,15.107937651485884
2024-09-19,Beograd,PM2.5,8.0,17.82,10.347639679700112
2024-09-20,Beograd,PM2.5,20.0,12.12,12.915096507473754
2024-09-21,Beograd,PM2.5,24.0,15.86,16.114084576314525
2024-09-22,Beograd,PM2.5,31.0,22.56,18.82265096408946
2024-09-23,Beograd,PM2.5,16.0,18.04,13.36151939827959
2024-09-24,Beograd,PM2.5,8.0,12.14,9.572119185558916
2024-09-25,Beograd,PM2.5,12.0,12.546,12.84941096179607
2024-09-26,Beograd,PM2.5,12.0,11.466,11.780732769803908
2024-09-27,Beograd,PM2.5,13.0,9.89,11.60837471740366
2024-09-28,Beograd,PM2.5,4.0,11.154,10.111451206299057
2024-09-29,Beograd,PM2.5,5.0,6.352000000000001,8.390275696882066
2024-09-30,Beograd,PM2.5,14.0,7.714,12.232423200502144
2024-10-01,Beograd,PM2.5,12.0,13.94,15.729350995488598
2024-10-02,Beograd,PM2.5,8.0,10.3,11.9224761499739
2024-10-03,Beograd,PM2.5,9.0,11.092,11.610921402897766
2024-10-04,Beograd,PM2.5,15.0,11.1,12.131091430886755
2024-10-05,Beograd,PM2.5,19.0,16.52,17.285400872426415
2024-10-06,Beograd,PM2.5,26.0,17.1,19.044696921249773
2024-10-07,Beograd,PM2.5,12.0,16.86,15.817754886353576
2024-10-08,Beograd,PM2.5,5.0,9.714,11.749254364640294
2024-10-09,Beograd,PM2.5,7.0,7.590000000000001,11.31279794388336
2024-10-10,Beograd,PM2.5,9.0,8.459999999999999,12.034175952333552
2024-10-11,Beograd,PM2.5,10.0,10.804,12.243318735677128
2024-10-12,Beograd,PM2.5,27.0,15.56,19.68911807936033
2024-10-13,Beograd,PM2.5,28.0,19.1,21.63025008437604
2024-10-14,Beograd,PM2.5,7.0,9.77,13.516097426915788
2024-10-15,Beograd,PM2.5,15.0,12.68,17.63737246369908
2024-10-16,Beograd,PM2.5,26.0,14.42,23.43259058012984
2024-10-17,Beograd,PM2.5,8.0,16.34,14.650679248995017
2024-10-18,Beograd,PM2.5,11.0,9.13,15.213195748426708
2024-10-19,Beograd,PM2.5,6.0,8.39,13.897050067700986
2024-10-20,Beograd,PM2.5,14.0,9.92,16.500291841913956
2024-10-21,Beograd,PM2.5,41.0,21.82,29.67464388729612
2024-10-22,Beograd,PM2.5,47.0,32.72,34.50734525628231
2024-10-23,Beograd,PM2.5,53.0,41.9,39.721700807669365
2024-10-24,Beograd,PM2.5,36.0,36.40000000000001,27.896147970390224
2024-10-25,Beograd,PM2.5,27.0,24.5,20.907223636381705
2024-10-26,Beograd,PM2.5,22.0,24.22,18.77745251876121
2024-10-27,Beograd,PM2.5,42.0,23.14,28.33927663010396
2024-10-28,Beograd,PM2.5,46.0,34.84,33.97655870173375
2024-10-29,Beograd,PM2.5,53.0,43.62,40.05510880026442
2024-10-30,Beograd,PM2.5,65.0,44.4,48.22684322721389
2024-10-31,Beograd,PM2.5,40.0,42.82,29.10795305178021
2024-11-01,Beograd,PM2.5,38.0,30.86,31.513177402560363
2024-11-02,Beograd,PM2.5,25.0,29.24,21.443238634660027
2024-11-03,Beograd,PM2.5,54.0,24.18,41.71098765307002
2024-11-04,Beograd,PM2.5,55.0,45.58000000000001,42.48170079232657
2024-11-05,Beograd,PM2.5,23.0,39.56,24.247427045554968
2024-11-06,Beograd,PM2.5,88.0,36.62,59.43473454024503
2024-11-07,Beograd,PM2.5,53.0,42.77999999999999,39.54798260811504
2024-11-08,Beograd,PM2.5,106.0,80.7,69.75725278319867
2024-11-09,Beograd,PM2.5,81.0,79.78,59.361383950514565
2024-11-10,Beograd,PM2.5,80.0,51.6,56.39431246455671
2024-11-11,Beograd,PM2.5,37.0,47.66,28.691374230825275
2024-11-12,Beograd,PM2.5,46.0,34.32,35.09547193809428
2024-11-13,Beograd,PM2.5,37.0,31.54,31.061561804477584
2024-11-14,Beograd,PM2.5,28.0,21.6,25.28325920457934
2024-11-15,Beograd,PM2.5,41.0,26.7,32.33948603089759
2024-11-16,Beograd,PM2.5,51.0,42.54000000000001,40.073787061479656
2024-11-17,Beograd,PM2.5,102.0,46.73999999999999,68.03721575890681
2024-11-18,Beograd,PM2.5,100.0,82.16,68.22446610062092
2024-11-19,Beograd,PM2.5,24.0,55.58,20.15367237038953
2024-11-20,Beograd,PM2.5,9.0,9.134,12.586096617276535
2024-11-21,Beograd,PM2.5,6.0,13.48,13.904270750248957
2024-11-22,Beograd,PM2.5,13.0,8.506,13.165064388944712
2024-11-23,Beograd,PM2.5,42.0,22.34,29.35756212809903
2024-11-24,Beograd,PM2.5,53.0,37.38000000000001,40.055217309179206
2024-11-25,Beograd,PM2.5,37.0,46.34,27.792352727465605
2024-11-26,Beograd,PM2.5,43.0,35.2,31.483048516598632
2024-11-27,Beograd,PM2.5,67.0,43.72000000000001,52.25510118735258
2024-11-28,Beograd,PM2.5,15.0,56.8,19.40317369222776
2024-11-29,Beograd,PM2.5,37.0,12.56,24.23470181942785
2024-11-30,Beograd,PM2.5,39.0,29.92,25.523087553354305
2024-12-01,Beograd,PM2.5,15.0,16.12,16.498930349602865
2024-12-02,Beograd,PM2.5,33.0,15.04,23.45480967063779
2024-12-03,Beograd,PM2.5,50.0,21.3,39.38963320427064
2024-12-04,Beograd,PM2.5,51.0,34.0,42.3868664709908
2024-12-05,Beograd,PM2.5,16.0,31.42,21.55401030216064
2024-12-06,Beograd,PM2.5,45.0,19.52,31.4357419838927
2024-12-07,Beograd,PM2.5,41.0,32.76000000000001,31.738684469677548
2024-12-08,Beograd,PM2.5,18.0,20.66,16.233329822138025
2024-12-09,Beograd,PM2.5,56.0,27.8,37.40815898644901
2024-12-10,Beograd,PM2.5,29.0,30.1,29.74631251526553
2024-12-11,Beograd,PM2.5,26.0,23.04,24.99275689325796
2024-12-12,Beograd,PM2.5,48.0,28.48,39.30316805589525
2024-12-13,Beograd,PM2.5,46.0,38.64,36.52676433759513
2024-12-14,Beograd,PM2.5,55.0,33.28,33.1069651602381
2024-12-15,Beograd,PM2.5,39.0,41.27999999999999,27.19724042844527
2024-12-16,Beograd,PM2.5,44.0,24.92,36.010137108192815
2024-12-17,Beograd,PM2.5,74.0,43.38,50.96309846402463
2024-12-18,Beograd,PM2.5,98.0,63.88000000000001,70.18035459019599
2024-12-19,Beograd,PM2.5,84.0,92.4,62.86294956752672
2024-12-20,Beograd,PM2.5,10.0,43.34,18.07235676196056
2024-12-21,Beograd,PM2.5,42.0,16.42,25.078308970895453
2024-12-22,Beograd,PM2.5,57.0,35.14,44.46819036250255
2024-12-23,Beograd,PM2.5,22.0,22.76,16.464471623117237
2024-12-24,Beograd,PM2.5,27.0,19.8,17.284152213276144
2024-12-25,Beograd,PM2.5,16.0,22.48,16.541854733324655
2024-12-26,Beograd,PM2.5,47.0,22.6,39.30316805589525
2024-12-27,Beograd,PM2.5,48.0,39.84,35.51034305511777
2024-12-28,Beograd,PM2.5,100.0,57.3,70.53754551013206
2024-12-29,Beograd,PM2.5,136.0,90.56,88.53697111725819
2024-12-30,Beograd,PM2.5,100.0,105.06,70.35029516841796
2024-12-31,Beograd,PM2.5,110.0,94.82,73.79098990954968
2021-01-01,Beočin,PM2.5,2.0,14.5,20.27498402885931
2021-01-02,Beočin,PM2.5,6.0,11.1,16.121346130499834
2021-01-03,Beočin,PM2.5,5.0,13.2,12.680908786006436
2021-01-04,Beočin,PM2.5,10.0,15.3,15.93041947243884
2021-01-05,Beočin,PM2.5,10.0,30.9,14.957224939767588
2021-01-08,Beočin,PM2.5,16.0,22.3,18.376128922269643
2021-01-09,Beočin,PM2.5,35.0,61.8,31.218812776236216
2021-01-10,Beočin,PM2.5,33.0,40.2,22.10710964995388
2021-01-11,Beočin,PM2.5,35.0,51.1,26.00024770201642
2021-01-12,Beočin,PM2.5,30.0,55.8,27.80587068334186
2021-01-13,Beočin,PM2.5,8.0,34.0,16.8967422290978
2021-01-14,Beočin,PM2.5,5.0,17.8,13.178112112210108
2021-01-15,Beočin,PM2.5,9.0,23.4,16.99129170130805
2021-01-16,Beočin,PM2.5,13.0,33.9,20.426943339298365
2021-01-17,Beočin,PM2.5,17.0,31.7,19.28392320497776
2021-01-18,Beočin,PM2.5,8.0,33.0,19.11698279257726
2021-01-19,Beočin,PM2.5,4.0,19.8,18.882748747634
2021-01-20,Beočin,PM2.5,3.0,8.02,13.081324135719171
2021-01-21,Beočin,PM2.5,3.0,9.7,16.83395169517663
2021-01-22,Beočin,PM2.5,5.0,12.2,16.121346130499834
2021-01-23,Beočin,PM2.5,5.0,9.95,15.32436744930619
2021-01-24,Beočin,PM2.5,3.0,9.8,15.063668010089264
2021-01-27,Beočin,PM2.5,0.0,23.6,20.70836617317048
2021-01-28,Beočin,PM2.5,5.0,27.7,17.564314467069043
2021-01-29,Beočin,PM2.5,3.0,8.87,13.75269384755988
2021-01-30,Beočin,PM2.5,2.0,15.0,20.525561159400574
2021-01-31,Beočin,PM2.5,16.0,22.4,14.337947524648808
2021-02-01,Beočin,PM2.5,23.0,37.4,23.06228708295316
2021-02-02,Beočin,PM2.5,25.0,57.9,25.809045088672967
2021-02-03,Beočin,PM2.5,7.0,34.9,19.64710896209617
2021-02-04,Beočin,PM2.5,1.0,21.9,16.41761603726076
2021-02-13,Beočin,PM2.5,8.0,38.7,19.299743855063973
2021-02-14,Beočin,PM2.5,14.0,39.4,20.51688208596732
2021-02-15,Beočin,PM2.5,5.0,29.7,17.805718657026272
2021-02-16,Beočin,PM2.5,6.0,47.3,20.841664716963088
2021-02-17,Beočin,PM2.5,15.0,40.9,16.21465091906203
2021-02-18,Beočin,PM2.5,4.0,25.2,14.847945176640431
2021-02-19,Beočin,PM2.5,9.0,18.1,17.408477637558818
2021-02-20,Beočin,PM2.5,19.0,47.7,21.051268415400436
2021-02-21,Beočin,PM2.5,14.0,50.5,18.147877902570904
2021-02-22,Beočin,PM2.5,18.0,54.5,23.837625570424844
2021-02-23,Beočin,PM2.5,14.0,45.9,20.51688208596732
2021-02-24,Beočin,PM2.5,37.0,73.0,32.929578994334946
2021-02-25,Beočin,PM2.5,15.0,55.9,22.207901927538877
2021-02-26,Beočin,PM2.5,23.0,61.7,26.53571131294265
2021-02-27,Beočin,PM2.5,15.0,38.2,17.986253085096344
2021-02-28,Beočin,PM2.5,7.0,29.9,20.81227416560914
2021-03-01,Beočin,PM2.5,9.0,32.9,17.022790349922715
2021-03-02,Beočin,PM2.5,6.0,29.9,18.098305418741905
2021-03-03,Beočin,PM2.5,10.0,43.8,18.19304571977295
2021-03-04,Beočin,PM2.5,10.0,45.6,17.022790349922715
2021-03-05,Beočin,PM2.5,11.0,34.1,13.372300304283383
2021-03-06,Beočin,PM2.5,6.0,22.5,13.79173876572808
2021-03-07,Beočin,PM2.5,6.0,34.0,17.739662666593603
2021-03-08,Beočin,PM2.5,9.0,38.0,18.19304571977295
2021-03-09,Beočin,PM2.5,8.0,29.9,16.92805004889167
2021-03-13,Beočin,PM2.5,9.0,16.8,16.449950003382828
2021-03-14,Beočin,PM2.5,5.0,9.7,13.600713596430271
2021-03-15,Beočin,PM2.5,9.0,15.0,12.137184828742727
2021-03-16,Beočin,PM2.5,6.0,16.5,13.714226370097522
2021-03-17,Beočin,PM2.5,7.0,20.2,12.77328916371719
2021-03-18,Beočin,PM2.5,8.0,22.5,14.14068769202059
2021-03-19,Beočin,PM2.5,7.0,30.8,16.758995808138906
2021-03-20,Beočin,PM2.5,11.0,36.6,17.056188648225042
2021-03-21,Beočin,PM2.5,14.0,39.1,17.353479044747733
2021-03-22,Beočin,PM2.5,11.0,29.1,14.181693845451116
2021-03-23,Beočin,PM2.5,7.0,19.5,14.511205051291167
2021-03-24,Beočin,PM2.5,10.0,25.7,13.0494022401092
2021-03-25,Beočin,PM2.5,6.0,29.7,18.06891486738796
2021-03-26,Beočin,PM2.5,6.0,28.6,18.15674210037766
2021-03-27,Beočin,PM2.5,7.0,26.0,16.92805004889167
2021-03-28,Beočin,PM2.5,2.0,15.2,17.55592511565481
2021-03-29,Beočin,PM2.5,3.0,19.3,18.098305418741905
2021-03-30,Beočin,PM2.5,6.0,28.6,18.218750943861
2021-03-31,Beočin,PM2.5,6.0,22.8,18.186799475328403
2021-04-01,Beočin,PM2.5,11.0,17.7,16.812047851139965
2021-04-02,Beočin,PM2.5,7.0,23.9,13.908107275360493
2021-04-03,Beočin,PM2.5,8.0,18.9,13.157411040626693
2021-04-04,Beočin,PM2.5,7.0,16.8,13.369437747290451
2021-04-05,Beočin,PM2.5,6.0,17.5,14.723801547852004
2021-04-06,Beočin,PM2.5,3.0,11.2,12.691020454004216
2021-04-07,Beočin,PM2.5,3.0,12.5,12.691020454004216
2021-04-08,Beočin,PM2.5,2.0,14.4,14.974190285734934
2021-04-09,Beočin,PM2.5,3.0,13.1,14.97437867839328
2021-04-10,Beočin,PM2.5,2.0,13.2,15.852830875697688
2021-04-11,Beočin,PM2.5,3.0,20.5,14.248078337253206
2021-04-12,Beočin,PM2.5,3.0,15.7,15.582533212455434
2021-04-13,Beočin,PM2.5,5.0,12.8,12.683972872558686
2021-04-14,Beočin,PM2.5,4.0,13.6,12.683972872558686
2021-04-15,Beočin,PM2.5,4.0,19.7,12.787808430495147
2021-04-16,Beočin,PM2.5,5.0,20.9,12.210131620843136
2021-04-17,Beočin,PM2.5,9.0,21.2,12.272232369381964
2021-04-18,Beočin,PM2.5,7.0,21.1,12.182698863297189
2021-04-19,Beočin,PM2.5,7.0,21.1,12.332716726477612
2021-04-20,Beočin,PM2.5,9.0,24.7,12.339629794518949
2021-04-21,Beočin,PM2.5,7.0,19.2,11.858879672217462
2021-04-22,Beočin,PM2.5,3.0,10.3,12.210131620843136
2021-04-23,Beočin,PM2.5,5.0,20.3,10.430168857816636
2021-04-24,Beočin,PM2.5,5.0,19.4,12.874401858137048
2021-04-25,Beočin,PM2.5,4.0,15.9,12.874401858137048
2021-04-26,Beočin,PM2.5,6.0,15.1,11.098267585895451
2021-04-27,Beočin,PM2.5,13.0,22.1,12.429381431921028
2021-04-28,Beočin,PM2.5,14.0,29.6,13.317461943902586
2021-04-29,Beočin,PM2.5,5.0,18.3,12.006673537203362
2021-04-30,Beočin,PM2.5,3.0,11.6,11.87771379086664
2021-05-01,Beočin,PM2.5,6.0,15.2,10.886166654312175
2021-05-02,Beočin,PM2.5,1.0,8.98,11.93590972566858
2021-05-03,Beočin,PM2.5,4.0,9.21,10.004014514615054
2021-05-04,Beočin,PM2.5,4.0,10.6,10.84846683318725
2021-05-06,Beočin,PM2.5,1.0,5.27,13.402842096221868
2021-05-07,Beočin,PM2.5,3.0,4.65,9.293053057438875
2021-05-08,Beočin,PM2.5,6.0,2.93,9.480728847625526
2021-05-13,Beočin,PM2.5,1.0,3.54,12.094569259032262
2021-05-14,Beočin,PM2.5,1.0,3.78,12.455745135089442
2021-05-15,Beočin,PM2.5,2.0,2.73,11.282436971548464
2021-05-16,Beočin,PM2.5,4.0,3.6,10.523753687971723
2021-05-19,Beočin,PM2.5,3.0,7.29,10.79782253572768
2021-05-20,Beočin,PM2.5,4.0,9.86,8.398951651709499
2021-05-21,Beočin,PM2.5,2.0,6.18,10.379734691820447
2021-05-22,Beočin,PM2.5,2.0,5.55,11.224187010392642
2021-05-23,Beočin,PM2.5,1.0,4.35,12.094569259032262
2021-05-24,Beočin,PM2.5,1.0,5.18,12.094569259032262
2021-05-25,Beočin,PM2.5,5.0,8.9,8.703117169347722
2021-05-26,Beočin,PM2.5,0.0,4.0,15.554570567839953
2021-05-27,Beočin,PM2.5,0.0,4.57,15.525180016486004
2021-05-28,Beočin,PM2.5,1.0,6.41,11.381963694355466
2021-05-29,Beočin,PM2.5,3.0,6.66,9.087950866298485
2021-05-30,Beočin,PM2.5,1.0,5.12,11.970097997059138
2021-06-04,Beočin,PM2.5,4.0,8.84,10.565591306616902
2021-06-05,Beočin,PM2.5,4.0,9.7,10.59498185797085
2021-06-06,Beočin,PM2.5,7.0,13.2,10.625039232921594
2021-06-07,Beočin,PM2.5,6.0,11.3,10.415476835239277
2021-06-08,Beočin,PM2.5,5.0,11.1,9.901321069322991
2021-06-09,Beočin,PM2.5,7.0,13.6,9.901321069322991
2021-06-10,Beočin,PM2.5,12.0,15.4,11.273900763808316
2021-06-11,Beočin,PM2.5,3.0,10.8,10.59498185797085
2021-06-12,Beočin,PM2.5,7.0,10.6,9.901321069322991
2021-06-13,Beočin,PM2.5,4.0,10.1,8.121768526011994
2021-06-14,Beočin,PM2.5,3.0,8.33,8.594840316615276
2021-06-15,Beočin,PM2.5,2.0,7.44,10.48049933016816
2021-06-16,Beočin,PM2.5,4.0,7.08,10.151898199864268
2021-06-17,Beočin,PM2.5,4.0,4.37,10.59498185797085
2021-06-18,Beočin,PM2.5,5.0,6.33,10.656990701454186
2021-06-19,Beočin,PM2.5,6.0,9.07,9.307445881292072
2021-06-20,Beočin,PM2.5,4.0,7.78,10.415476835239277
2021-06-21,Beočin,PM2.5,5.0,12.5,10.59498185797085
2021-06-22,Beočin,PM2.5,5.0,26.0,10.656990701454186
2021-06-24,Beočin,PM2.5,3.0,24.9,10.114616549252489
2021-06-25,Beočin,PM2.5,3.0,21.2,10.378195184627495
2021-06-26,Beočin,PM2.5,3.0,7.49,10.00642540052519
2021-06-27,Beočin,PM2.5,3.0,5.95,10.59498185797085
2021-06-28,Beočin,PM2.5,5.0,6.86,10.415476835239277
2021-06-29,Beočin,PM2.5,10.0,11.7,10.345647158232426
2021-06-30,Beočin,PM2.5,4.0,14.6,10.59498185797085
2021-07-01,Beočin,PM2.5,7.0,5.41,9.20743890297677
2021-07-02,Beočin,PM2.5,1.0,4.64,10.965368369084407
2021-07-03,Beočin,PM2.5,2.0,6.8,8.990171366894957
2021-07-04,Beočin,PM2.5,3.0,7.41,10.4731434908887
2021-07-05,Beočin,PM2.5,9.0,12.1,10.476484397082457
2021-07-06,Beočin,PM2.5,8.0,13.1,10.4731434908887
2021-07-07,Beočin,PM2.5,17.0,14.5,13.607675341872865
2021-07-08,Beočin,PM2.5,6.0,12.1,9.717473858757504
2021-07-09,Beočin,PM2.5,7.0,12.7,8.410993106049789
2021-07-11,Beočin,PM2.5,6.0,13.4,9.123598670726585
2021-07-12,Beočin,PM2.5,10.0,13.5,10.604883605773525
2021-07-13,Beočin,PM2.5,15.0,16.0,11.936709702920444
2021-07-14,Beočin,PM2.5,10.0,13.1,9.283159357704186
2021-07-15,Beočin,PM2.5,3.0,10.4,9.717473858757504
2021-07-16,Beočin,PM2.5,7.0,12.8,10.064838965789711
2021-07-17,Beočin,PM2.5,10.0,14.6,10.258587924157872
2021-07-18,Beočin,PM2.5,6.0,9.47,10.478532072542349
2021-07-19,Beočin,PM2.5,7.0,10.5,10.507922623896295
2021-07-20,Beočin,PM2.5,8.0,13.3,9.18619837582696
2021-07-21,Beočin,PM2.5,6.0,11.8,9.123598670726585
2021-07-22,Beočin,PM2.5,5.0,9.72,10.441192022356107
2021-07-23,Beočin,PM2.5,5.0,11.9,10.4731434908887
2021-07-24,Beočin,PM2.5,8.0,12.3,10.411134647405364
2021-07-25,Beočin,PM2.5,12.0,14.0,10.496178365211906
2021-07-26,Beočin,PM2.5,8.0,12.6,9.717473858757504
2021-10-14,Beočin,PM2.5,4.0,11.5,12.871839716407369
2021-10-15,Beočin,PM2.5,8.0,12.2,15.988577386501603
2021-10-16,Beočin,PM2.5,9.0,10.5,15.092200047099142
2021-10-17,Beočin,PM2.5,15.0,9.94,18.80398196638245
2021-10-18,Beočin,PM2.5,4.0,9.49,16.835323252760777
2021-10-19,Beočin,PM2.5,10.0,10.6,17.02907221112894
2021-10-20,Beočin,PM2.5,13.0,16.1,17.177088075265978
2021-10-21,Beočin,PM2.5,10.0,9.59,15.8207210690854
2021-10-22,Beočin,PM2.5,12.0,8.16,17.078187584564258
2021-10-23,Beočin,PM2.5,10.0,6.02,15.065102835868108
2021-10-24,Beočin,PM2.5,6.0,7.09,16.588699199796807
2021-10-25,Beočin,PM2.5,7.0,7.2,14.06991422746825
2021-10-26,Beočin,PM2.5,16.0,9.97,17.69739974963584
2021-10-27,Beočin,PM2.5,21.0,16.7,21.554990574155592
2021-10-28,Beočin,PM2.5,18.0,17.7,20.00757653357289
2021-10-29,Beočin,PM2.5,13.0,13.5,15.620030192016973
2021-10-30,Beočin,PM2.5,11.0,7.17,14.122734398715224
2021-10-31,Beočin,PM2.5,10.0,7.17,14.263663185836409
2021-11-01,Beočin,PM2.5,19.0,11.8,18.604181153441345
2021-11-02,Beočin,PM2.5,19.0,7.5,16.318728633358514
2021-11-03,Beočin,PM2.5,12.0,4.11,14.986340710206516
2021-11-04,Beočin,PM2.5,7.0,2.65,12.5880330172451
2021-11-05,Beočin,PM2.5,27.0,2.88,20.985657473379646
2021-11-06,Beočin,PM2.5,27.0,5.27,22.452759140690272
2021-11-07,Beočin,PM2.5,39.0,8.61,29.44706459223965
2021-11-08,Beočin,PM2.5,32.0,9.02,25.294088080302195
2021-11-09,Beočin,PM2.5,15.0,16.8,18.380154413921403
2021-11-10,Beočin,PM2.5,11.0,15.0,15.386950851535328
2021-11-11,Beočin,PM2.5,29.0,26.9,22.339810179464
2021-11-12,Beočin,PM2.5,23.0,27.9,24.399687421093468
2021-11-13,Beočin,PM2.5,42.0,42.4,33.12980243014463
2021-11-14,Beočin,PM2.5,28.0,40.5,22.339810179464
2021-11-15,Beočin,PM2.5,26.0,29.7,22.85840939558287
2021-11-16,Beočin,PM2.5,21.0,10.9,18.42473666456818
2021-11-17,Beočin,PM2.5,17.0,21.0,19.961644562384656
2021-11-18,Beočin,PM2.5,34.0,14.4,26.75549701944828
2021-11-19,Beočin,PM2.5,20.0,10.7,19.70262355186956
2021-11-20,Beočin,PM2.5,35.0,11.6,26.48813831689688
2021-11-21,Beočin,PM2.5,16.0,15.1,20.776361845041677
2021-11-22,Beočin,PM2.5,34.0,19.3,25.67444221552891
2021-11-23,Beočin,PM2.5,25.0,13.7,21.676914675884248
2021-11-24,Beočin,PM2.5,14.0,5.13,19.922779056017248
2021-12-03,Beočin,PM2.5,32.0,22.2,20.87082030953524
2021-12-04,Beočin,PM2.5,35.0,29.4,31.039307753504648
2021-12-05,Beočin,PM2.5,52.0,20.1,36.012817082523995
2021-12-06,Beočin,PM2.5,20.0,20.7,16.1523641073005
2021-12-07,Beočin,PM2.5,13.0,23.5,14.208523619953576
2021-12-08,Beočin,PM2.5,6.0,30.0,19.11698279257726
2021-12-09,Beočin,PM2.5,10.0,21.8,12.893135457569809
2021-12-10,Beočin,PM2.5,10.0,21.7,18.05160768134015
2021-12-11,Beočin,PM2.5,13.0,23.7,13.076535601440488
2021-12-12,Beočin,PM2.5,11.0,15.9,12.242654068209053
2021-12-13,Beočin,PM2.5,9.0,25.7,13.05816821922086
2021-12-14,Beočin,PM2.5,19.0,47.4,26.49867715894934
2021-12-15,Beočin,PM2.5,12.0,43.1,21.08831925549257
2021-12-16,Beočin,PM2.5,13.0,35.3,18.883110482678173
2021-12-17,Beočin,PM2.5,9.0,15.1,14.23007991299468
2021-12-18,Beočin,PM2.5,6.0,18.3,16.218134106990764
2021-12-19,Beočin,PM2.5,5.0,15.2,16.218134106990764
2021-12-20,Beočin,PM2.5,2.0,8.47,16.502595001600575
2021-12-21,Beočin,PM2.5,2.0,21.8,19.85798892142934
2021-12-22,Beočin,PM2.5,6.0,41.3,21.05889821857311
2021-12-23,Beočin,PM2.5,10.0,51.6,19.074277025155972
2021-12-24,Beočin,PM2.5,1.0,4.79,16.877640210810622
2021-12-25,Beočin,PM2.5,2.0,11.2,14.092800051623254
2021-12-26,Beočin,PM2.5,5.0,10.5,16.22737001164416
2021-12-27,Beočin,PM2.5,6.0,17.4,17.51871374300201
2021-12-28,Beočin,PM2.5,12.0,27.9,20.788368707641915
2021-12-29,Beočin,PM2.5,21.0,34.2,20.985640201040724
2021-12-30,Beočin,PM2.5,7.0,29.0,20.23544401781249
2021-12-31,Beočin,PM2.5,4.0,47.0,20.75894767072245
2022-01-01,Beočin,PM2.5,3.0,22.6,16.896551400277005
2022-01-02,Beočin,PM2.5,4.0,33.9,20.75894767072245
2022-01-03,Beočin,PM2.5,9.0,36.5,19.74184926312721
2022-01-04,Beočin,PM2.5,6.0,15.9,19.64710896209617
2022-01-05,Beočin,PM2.5,5.0,8.43,15.819712138490084
2022-01-06,Beočin,PM2.5,4.0,9.93,13.178112112210108
2022-01-07,Beočin,PM2.5,4.0,30.8,20.938452693454018
2022-01-08,Beočin,PM2.5,25.0,40.5,22.238832882192547
2022-01-09,Beočin,PM2.5,12.0,24.8,19.70853343610697
2022-01-10,Beočin,PM2.5,24.0,27.9,19.32318131014686
2022-01-11,Beočin,PM2.5,10.0,19.4,13.169016855304683
2022-01-12,Beočin,PM2.5,10.0,35.9,16.928691996207675
2022-01-13,Beočin,PM2.5,12.0,38.8,20.49998419977625
2022-01-14,Beočin,PM2.5,3.0,13.8,16.634086804770842
2022-01-15,Beočin,PM2.5,5.0,25.9,18.97953672412493
2022-01-16,Beočin,PM2.5,6.0,38.9,20.938452693454018
2022-01-17,Beočin,PM2.5,8.0,24.7,14.13533961196364
2022-01-18,Beočin,PM2.5,3.0,18.3,16.121346130499834
2022-01-19,Beočin,PM2.5,4.0,46.3,20.938452693454018
2022-01-20,Beočin,PM2.5,7.0,42.2,16.50325140937904
2022-01-21,Beočin,PM2.5,2.0,9.07,14.42586918891756
2022-01-22,Beočin,PM2.5,6.0,26.0,13.074276554273643
2022-01-23,Beočin,PM2.5,6.0,25.1,18.41254158929794
2022-01-24,Beočin,PM2.5,8.0,43.4,19.299743855063973
2022-01-25,Beočin,PM2.5,9.0,35.4,19.74184926312721
2022-01-26,Beočin,PM2.5,12.0,30.2,19.832411961805004
2022-01-27,Beočin,PM2.5,8.0,36.6,20.75894767072245
2022-01-28,Beočin,PM2.5,2.0,21.0,14.472517007294591
2022-01-29,Beočin,PM2.5,2.0,12.5,17.71240389248104
2022-01-30,Beočin,PM2.5,2.0,8.97,14.84182188669764
2022-01-31,Beočin,PM2.5,4.0,13.0,14.69914275492093
2022-02-01,Beočin,PM2.5,10.0,26.0,16.70182726834655
2022-02-02,Beočin,PM2.5,2.0,13.2,14.056564309514512
2022-02-03,Beočin,PM2.5,2.0,15.4,16.999798327804243
2022-02-04,Beočin,PM2.5,2.0,23.0,20.428773182909648
2022-02-05,Beočin,PM2.5,6.0,31.4,16.607086967315503
2022-02-06,Beočin,PM2.5,3.0,11.4,19.299743855063973
2022-02-07,Beočin,PM2.5,4.0,6.89,12.180509896589063
2022-02-08,Beočin,PM2.5,3.0,9.84,15.32436744930619
2022-02-09,Beočin,PM2.5,2.0,17.9,18.68417085433068
2022-02-10,Beočin,PM2.5,9.0,27.5,21.033192994485063
2022-02-11,Beočin,PM2.5,4.0,15.7,19.299743855063973
2022-02-12,Beočin,PM2.5,4.0,13.6,18.31575361280701
2022-02-13,Beočin,PM2.5,8.0,18.9,14.71696892875894
2022-02-14,Beočin,PM2.5,11.0,28.4,16.26036511805856
2022-02-15,Beočin,PM2.5,3.0,9.12,15.980172821305665
2022-02-16,Beočin,PM2.5,5.0,16.0,18.018876223792443
2022-02-17,Beočin,PM2.5,2.0,12.8,15.595421126063348
2022-02-18,Beočin,PM2.5,2.0,6.28,15.488471959853396
2022-02-19,Beočin,PM2.5,3.0,8.89,14.7511572001495
2022-02-20,Beočin,PM2.5,3.0,16.1,17.772252170828473
2022-02-21,Beočin,PM2.5,3.0,12.9,14.884574588845322
2022-02-22,Beočin,PM2.5,3.0,8.37,16.121346130499834
2022-02-23,Beočin,PM2.5,1.0,15.6,20.170243596718212
2022-02-24,Beočin,PM2.5,3.0,21.8,20.81227416560914
2022-02-25,Beočin,PM2.5,6.0,14.3,16.799763423786075
2022-02-26,Beočin,PM2.5,6.0,9.84,14.038551635472706
2022-02-27,Beočin,PM2.5,8.0,15.5,13.074276554273643
2022-02-28,Beočin,PM2.5,10.0,17.7,16.45125013780528
2022-03-01,Beočin,PM2.5,8.0,21.5,16.6774729183504
2022-03-02,Beočin,PM2.5,6.0,26.6,16.92805004889167
2022-03-03,Beočin,PM2.5,11.0,33.6,17.095111283555628
2022-03-04,Beočin,PM2.5,20.0,40.4,20.15644504426288
2022-03-05,Beočin,PM2.5,15.0,40.0,18.52623227704115
2022-03-06,Beočin,PM2.5,15.0,29.7,15.40052683925508
2022-03-07,Beočin,PM2.5,19.0,29.2,18.783998858991648
2022-03-08,Beočin,PM2.5,11.0,27.5,14.863344986514996
2022-03-09,Beočin,PM2.5,8.0,31.8,15.73653571197006
2022-03-10,Beočin,PM2.5,7.0,15.9,13.526130066154442
2022-03-11,Beočin,PM2.5,5.0,26.8,15.189622344577405
2022-03-12,Beočin,PM2.5,9.0,31.4,18.19304571977295
2022-03-13,Beočin,PM2.5,14.0,37.1,19.464671620978308
2022-03-14,Beočin,PM2.5,9.0,23.1,16.205218084554456
2022-03-15,Beočin,PM2.5,11.0,23.2,18.336438761215565
2022-03-16,Beočin,PM2.5,10.0,19.3,13.623983975458977
2022-03-18,Beočin,PM2.5,10.0,23.8,15.02189805010229
2022-03-19,Beočin,PM2.5,14.0,28.5,18.294416251128077
2022-03-20,Beočin,PM2.5,8.0,19.8,14.511205051291167
2022-03-21,Beočin,PM2.5,14.0,31.2,19.10602886883001
2022-03-22,Beočin,PM2.5,14.0,31.2,18.294416251128077
2022-03-23,Beočin,PM2.5,12.0,27.6,19.10040862775504
2022-03-24,Beočin,PM2.5,9.0,21.1,15.318550916999005
2022-03-25,Beočin,PM2.5,8.0,19.7,16.92805004889167
2022-03-26,Beočin,PM2.5,7.0,17.9,18.15674210037766
2022-03-27,Beočin,PM2.5,12.0,17.5,17.930153257904806
2022-03-30,Beočin,PM2.5,7.0,18.7,16.002249733522795
2022-03-31,Beočin,PM2.5,3.0,11.1,12.245431906210728
2022-04-22,Beočin,PM2.5,3.0,8.65,10.092349087708062
2022-04-23,Beočin,PM2.5,13.0,8.13,13.505783613257105
2022-04-24,Beočin,PM2.5,8.0,7.44,11.753242528893516
2022-04-25,Beočin,PM2.5,2.0,3.49,12.36228347700747
2022-04-26,Beočin,PM2.5,5.0,4.05,12.316771712119191
2022-04-27,Beočin,PM2.5,15.0,6.52,13.10551849270768
2022-04-28,Beočin,PM2.5,23.0,12.2,17.045861324438256
2022-04-29,Beočin,PM2.5,15.0,8.11,13.57696125529785
2022-04-30,Beočin,PM2.5,19.0,4.82,15.420588841538596
2022-05-01,Beočin,PM2.5,10.0,4.17,9.281699824666642
2022-05-02,Beočin,PM2.5,6.0,3.2,9.087950866298485
2022-05-03,Beočin,PM2.5,14.0,3.5,12.121489002278423
2022-05-04,Beočin,PM2.5,12.0,3.45,12.460672102139378
2022-05-05,Beočin,PM2.5,17.0,3.89,14.28463310212156
2022-05-06,Beočin,PM2.5,12.0,2.8,10.878585419092405
2022-05-07,Beočin,PM2.5,13.0,2.3,11.944547583554913
2022-05-08,Beočin,PM2.5,8.0,1.83,9.76636815958472
2022-05-09,Beočin,PM2.5,7.0,5.18,11.088092407654058
2022-05-10,Beočin,PM2.5,15.0,9.44,12.796388686298084
2022-05-11,Beočin,PM2.5,11.0,6.22,11.615844823353838
2022-05-12,Beočin,PM2.5,13.0,7.71,12.608817820848818
2022-05-13,Beočin,PM2.5,14.0,7.63,11.870911871737151
2022-05-14,Beočin,PM2.5,6.0,4.46,9.659418993374764
2022-05-15,Beočin,PM2.5,5.0,3.58,10.908587384922484
2022-05-16,Beočin,PM2.5,8.0,4.42,11.20853793277315
2022-05-17,Beočin,PM2.5,13.0,6.27,10.657304880820758
2022-05-18,Beočin,PM2.5,5.0,3.8,8.533024500531504
2022-05-19,Beočin,PM2.5,3.0,2.25,11.20853793277315
2022-05-20,Beočin,PM2.5,7.0,2.98,10.645008749547472
2022-05-21,Beočin,PM2.5,7.0,3.42,9.624034228247828
2022-05-22,Beočin,PM2.5,4.0,2.9,9.540193995997642
2022-05-23,Beočin,PM2.5,4.0,2.17,10.798339421322472
2022-05-24,Beočin,PM2.5,10.0,3.16,10.32781814239672
2022-05-25,Beočin,PM2.5,15.0,5.0,12.082667715012729
2022-05-26,Beočin,PM2.5,2.0,1.67,10.973609879851365
2022-05-27,Beočin,PM2.5,7.0,2.08,10.908587384922484
2022-05-28,Beočin,PM2.5,8.0,2.1,10.039831991221687
2022-05-29,Beočin,PM2.5,10.0,2.66,10.531877868806628
2022-05-30,Beočin,PM2.5,16.0,3.27,13.749114916075548
2022-05-31,Beočin,PM2.5,36.0,7.2,22.80014283688249
2022-06-01,Beočin,PM2.5,16.0,4.49,13.544050086852168
2022-06-02,Beočin,PM2.5,19.0,3.64,14.10165726653353
2022-06-03,Beočin,PM2.5,6.0,1.54,10.656990701454186
2022-06-04,Beočin,PM2.5,16.0,2.37,13.100966428745584
2022-06-05,Beočin,PM2.5,9.0,1.54,10.689722159001892
2022-06-06,Beočin,PM2.5,8.0,1.67,9.793093019322376
2022-06-07,Beočin,PM2.5,12.0,2.21,11.52447789434959
2022-06-08,Beočin,PM2.5,7.0,1.2,10.114616549252489
2022-06-09,Beočin,PM2.5,10.0,1.18,10.345647158232426
2022-06-10,Beočin,PM2.5,14.0,1.52,11.0101002976101
2022-06-11,Beočin,PM2.5,13.0,1.29,10.144956281163989
2022-06-12,Beočin,PM2.5,12.0,1.09,9.967420011100598
2022-06-23,Beočin,PM2.5,14.0,1.59,11.64676097714507
2022-06-24,Beočin,PM2.5,11.0,1.76,11.35370615729432
2022-06-25,Beočin,PM2.5,12.0,1.9,11.842545358195464
2022-06-28,Beočin,PM2.5,15.0,1.08,12.120556913485933
2022-06-29,Beočin,PM2.5,10.0,1.29,8.788589274983435
2022-07-11,Beočin,PM2.5,4.0,3.94,8.410993106049789
2022-07-12,Beočin,PM2.5,2.0,4.09,9.702776931571751
2022-07-13,Beočin,PM2.5,2.0,3.51,8.990171366894957
2022-07-14,Beočin,PM2.5,4.0,3.92,9.717473858757504
2022-07-15,Beočin,PM2.5,7.0,5.44,9.20743890297677
2022-07-16,Beočin,PM2.5,9.0,6.45,10.56788379191974
2022-07-17,Beočin,PM2.5,5.0,4.07,9.123598670726585
2022-07-18,Beočin,PM2.5,2.0,4.19,10.990312908250532
2022-07-19,Beočin,PM2.5,2.0,3.59,11.020370283201276
2022-07-20,Beočin,PM2.5,5.0,4.29,10.4731434908887
2022-07-21,Beočin,PM2.5,8.0,5.54,10.23162962467379
2022-07-22,Beočin,PM2.5,7.0,6.8,10.411134647405364
2022-07-23,Beočin,PM2.5,13.0,7.57,11.961250611954076
2022-07-24,Beočin,PM2.5,18.0,9.7,12.542476004502651
2022-07-25,Beočin,PM2.5,14.0,7.72,12.147977335113952
2022-07-26,Beočin,PM2.5,13.0,8.29,11.267589823306215
2022-07-27,Beočin,PM2.5,17.0,9.24,13.16459168376628
2022-07-28,Beočin,PM2.5,11.0,7.84,11.019744475351208
2022-07-29,Beočin,PM2.5,22.0,10.4,15.13080196880018
2022-07-30,Beočin,PM2.5,23.0,14.1,14.910995069748123
2022-07-31,Beočin,PM2.5,5.0,4.76,8.410993106049789
2022-08-01,Beočin,PM2.5,9.0,6.06,9.996061370354033
2022-08-02,Beočin,PM2.5,6.0,5.34,10.59498185797085
2022-08-03,Beočin,PM2.5,9.0,6.49,10.719779533952636
2022-08-04,Beočin,PM2.5,10.0,5.89,10.609225793607436
2022-08-05,Beočin,PM2.5,12.0,8.17,11.967561552456171
2022-08-06,Beočin,PM2.5,9.0,7.92,10.246638500895308
2022-08-07,Beočin,PM2.5,9.0,6.16,8.689580617646318
2022-08-08,Beočin,PM2.5,10.0,6.32,9.585035071910417
2022-08-09,Beočin,PM2.5,17.0,9.85,12.817444170498131
2022-08-10,Beočin,PM2.5,7.0,7.29,9.307445881292072
2022-08-11,Beočin,PM2.5,5.0,5.05,9.391286113542256
2022-08-12,Beočin,PM2.5,8.0,4.79,10.59498185797085
2022-08-13,Beočin,PM2.5,16.0,9.47,12.507198518948334
2022-08-14,Beočin,PM2.5,15.0,8.47,12.120556913485933
2022-08-15,Beočin,PM2.5,12.0,6.94,11.938171001102225
2022-08-16,Beočin,PM2.5,9.0,6.32,9.367997910932557
2022-08-17,Beočin,PM2.5,8.0,6.0,9.901321069322991
2022-08-18,Beočin,PM2.5,10.0,7.9,10.78873081633901
2022-08-19,Beočin,PM2.5,12.0,12.5,11.273900763808316
2022-08-20,Beočin,PM2.5,20.0,17.3,13.899031885965773
2022-08-21,Beočin,PM2.5,12.0,9.44,11.149648912027883
2022-08-22,Beočin,PM2.5,4.0,5.36,10.2486861763552
2022-08-23,Beočin,PM2.5,9.0,6.79,10.703046179637084
2022-08-24,Beočin,PM2.5,16.0,10.8,13.297647284087123
2022-08-25,Beočin,PM2.5,17.0,11.4,13.888310528929283
2022-08-26,Beočin,PM2.5,14.0,13.0,12.33182454567944
2022-08-27,Beočin,PM2.5,16.0,13.1,13.606058930335502
2022-08-28,Beočin,PM2.5,22.0,14.7,15.135144156634093
2022-08-29,Beočin,PM2.5,13.0,9.51,11.556822230476126
2022-08-30,Beočin,PM2.5,9.0,7.99,10.77928585983179
2022-08-31,Beočin,PM2.5,13.0,9.78,12.30389464249383
2022-09-01,Beočin,PM2.5,10.0,8.01,10.045684215586435
2022-09-02,Beočin,PM2.5,8.0,6.99,10.337619296521902
2022-09-03,Beočin,PM2.5,12.0,7.53,12.86080327341106
2022-09-04,Beočin,PM2.5,33.0,16.8,20.41282701323994
2022-09-05,Beočin,PM2.5,17.0,9.72,14.587976296902305
2022-09-06,Beočin,PM2.5,28.0,14.7,18.154445624642943
2022-09-07,Beočin,PM2.5,22.0,14.0,16.22162928233423
2022-09-08,Beočin,PM2.5,12.0,17.7,12.724427184047096
2022-09-19,Beočin,PM2.5,1.0,4.53,13.231928720175915
2022-09-20,Beočin,PM2.5,1.0,4.8,12.491311959540182
2022-09-21,Beočin,PM2.5,8.0,8.28,10.4642579772118
2022-09-22,Beočin,PM2.5,8.0,8.1,11.224472673184344
2022-09-23,Beočin,PM2.5,6.0,9.23,11.447900452651686
2022-09-24,Beočin,PM2.5,12.0,11.2,12.66430663231186
2022-09-25,Beočin,PM2.5,19.0,13.3,15.188142392233654
2022-09-26,Beočin,PM2.5,16.0,14.6,13.78263033413418
2022-09-27,Beočin,PM2.5,12.0,13.3,12.362307541250116
2022-09-28,Beočin,PM2.5,5.0,7.0,10.941132092516307
2022-09-29,Beočin,PM2.5,3.0,8.6,10.800223133726938
2022-09-30,Beočin,PM2.5,2.0,6.04,11.282613418081173
2022-10-01,Beočin,PM2.5,5.0,6.84,12.148211249230672
2022-10-02,Beočin,PM2.5,3.0,6.86,11.742011851386398
2022-10-03,Beočin,PM2.5,2.0,6.35,11.604560598687252
2022-10-04,Beočin,PM2.5,3.0,8.98,11.342684633590322
2022-10-05,Beočin,PM2.5,10.0,13.1,13.84692277667405
2022-10-06,Beočin,PM2.5,19.0,16.3,17.30996369824621
2022-10-07,Beočin,PM2.5,19.0,19.1,17.33935424960016
2022-10-08,Beočin,PM2.5,20.0,17.9,16.67381674408749
2022-10-09,Beočin,PM2.5,29.0,22.4,20.29857932586384
2022-10-10,Beočin,PM2.5,28.0,22.7,19.987881643587333
2022-10-11,Beočin,PM2.5,44.0,37.7,31.515705142960982
2022-10-12,Beočin,PM2.5,44.0,41.8,29.210598033812275
2022-10-13,Beočin,PM2.5,46.0,40.0,31.61005874671455
2022-10-14,Beočin,PM2.5,19.0,23.7,16.896270591493582
2022-10-15,Beočin,PM2.5,16.0,13.7,17.018982456349605
2022-10-16,Beočin,PM2.5,18.0,17.8,18.79527231395207
2022-10-17,Beočin,PM2.5,15.0,17.8,16.75117850576674
2022-10-18,Beočin,PM2.5,19.0,20.9,18.46870022343933
2022-10-19,Beočin,PM2.5,23.0,24.2,21.566488484332645
2022-10-20,Beočin,PM2.5,8.0,17.8,15.626972110717237
2022-10-21,Beočin,PM2.5,13.0,15.8,16.332635756693783
2022-10-22,Beočin,PM2.5,8.0,15.8,15.855589767901415
2022-10-23,Beočin,PM2.5,6.0,8.58,16.331914621270343
2022-10-24,Beočin,PM2.5,12.0,22.9,17.883999338487246
2022-10-25,Beočin,PM2.5,8.0,17.4,15.72376008720817
2022-10-26,Beočin,PM2.5,5.0,13.9,16.2413957173229
2022-10-27,Beočin,PM2.5,13.0,20.6,18.181981133669726
2022-10-28,Beočin,PM2.5,28.0,28.9,23.80168302320672
2022-10-29,Beočin,PM2.5,33.0,37.6,26.825716404291917
2022-10-30,Beočin,PM2.5,40.0,45.6,30.448502704529616
2022-10-31,Beočin,PM2.5,36.0,49.5,29.257659953860475
2022-11-01,Beočin,PM2.5,22.0,36.9,23.026049214822557
2022-11-02,Beočin,PM2.5,36.0,42.1,30.72871859452744
2022-11-03,Beočin,PM2.5,28.0,45.5,25.03479995950636
2022-11-04,Beočin,PM2.5,28.0,31.5,20.17956539461483
2022-11-05,Beočin,PM2.5,26.0,19.7,20.85810680626186
2022-11-06,Beočin,PM2.5,33.0,30.2,25.07056514127771
2022-11-07,Beočin,PM2.5,34.0,31.2,25.94874955397508
2022-11-08,Beočin,PM2.5,31.0,37.7,26.24667693928932
2022-11-09,Beočin,PM2.5,28.0,43.2,25.214304982237927
2022-11-10,Beočin,PM2.5,28.0,40.1,23.82850416140486
2022-11-11,Beočin,PM2.5,31.0,34.3,26.096562467911696
2022-11-12,Beočin,PM2.5,19.0,34.6,21.872116799602917
2022-11-13,Beočin,PM2.5,16.0,34.1,18.226321523025494
2022-11-14,Beočin,PM2.5,39.0,54.2,31.799115820077485
2022-11-15,Beočin,PM2.5,58.0,64.2,42.22974291980425
2022-11-16,Beočin,PM2.5,11.0,36.5,17.28428199748264
2022-11-17,Beočin,PM2.5,19.0,25.6,18.735573630959
2022-11-18,Beočin,PM2.5,15.0,21.5,15.979746841493569
2022-11-19,Beočin,PM2.5,18.0,15.7,16.47943917944852
2022-11-20,Beočin,PM2.5,36.0,25.0,23.85433934135144
2022-11-21,Beočin,PM2.5,20.0,22.6,19.47368766080553
2022-11-22,Beočin,PM2.5,12.0,9.01,13.36431495686786
2022-11-23,Beočin,PM2.5,7.0,9.8,13.308933816180634
2022-11-24,Beočin,PM2.5,11.0,16.1,13.954879001295447
2022-11-25,Beočin,PM2.5,14.0,33.3,18.752523686167013
2022-11-26,Beočin,PM2.5,50.0,60.8,38.55557639619956
2022-11-27,Beočin,PM2.5,43.0,46.0,31.576871131272565
2022-11-28,Beočin,PM2.5,35.0,27.3,26.11150610512217
2022-11-29,Beočin,PM2.5,26.0,19.6,20.69214152852366
2022-11-30,Beočin,PM2.5,22.0,19.0,18.377566115872405
2022-12-01,Beočin,PM2.5,3.0,4.59,14.21567309518037
2022-12-02,Beočin,PM2.5,13.0,19.7,16.40293110226074
2022-12-03,Beočin,PM2.5,33.0,32.0,26.367240095002888
2022-12-04,Beočin,PM2.5,9.0,8.17,12.475873732047503
2022-12-05,Beočin,PM2.5,12.0,14.0,17.071009344670852
2022-12-06,Beočin,PM2.5,30.0,29.3,22.59398775412972
2022-12-07,Beočin,PM2.5,32.0,35.2,25.16182202129748
2022-12-08,Beočin,PM2.5,26.0,36.7,22.882782060221597
2022-12-09,Beočin,PM2.5,24.0,28.0,19.43013047635681
2022-12-10,Beočin,PM2.5,16.0,17.5,17.644297713215824
2022-12-11,Beočin,PM2.5,22.0,17.1,16.018844793939156
2022-12-12,Beočin,PM2.5,20.0,26.6,19.90045290299313
2022-12-13,Beočin,PM2.5,26.0,27.3,26.33254874158292
2022-12-14,Beočin,PM2.5,29.0,24.8,19.42141767761297
2022-12-15,Beočin,PM2.5,52.0,49.0,38.13679711918472
2022-12-16,Beočin,PM2.5,20.0,29.3,16.83468087046061
2022-12-17,Beočin,PM2.5,44.0,33.5,27.12821252209664
2022-12-18,Beočin,PM2.5,48.0,43.3,40.48843771668902
2022-12-19,Beočin,PM2.5,45.0,46.5,33.12307669184119
2022-12-20,Beočin,PM2.5,30.0,45.7,23.788560772520132
2022-12-21,Beočin,PM2.5,50.0,108.0,40.63855218806664
2022-12-22,Beočin,PM2.5,103.0,99.9,65.62261123374533
2022-12-23,Beočin,PM2.5,9.0,47.9,17.993170999704397
2022-12-24,Beočin,PM2.5,9.0,22.5,16.70182726834655
2022-12-25,Beočin,PM2.5,13.0,23.1,21.968864201197487
2022-12-26,Beočin,PM2.5,8.0,15.2,19.64710896209617
2022-12-27,Beočin,PM2.5,11.0,12.6,16.920889774584268
2022-12-28,Beočin,PM2.5,7.0,24.1,20.4587215797981
2022-12-29,Beočin,PM2.5,7.0,18.0,19.64710896209617
2022-12-30,Beočin,PM2.5,6.0,11.0,16.510298990824573
2022-12-31,Beočin,PM2.5,7.0,18.3,19.64710896209617
2023-01-01,Beočin,PM2.5,7.0,26.6,20.90906214210007
2023-01-02,Beočin,PM2.5,14.0,38.5,22.15559092435736
2023-01-03,Beočin,PM2.5,23.0,24.0,25.22071003295664
2023-01-04,Beočin,PM2.5,22.0,37.5,25.13841555804358
2023-01-05,Beočin,PM2.5,11.0,26.2,17.314380594303028
2023-01-06,Beočin,PM2.5,10.0,28.7,19.491272132585948
2023-01-07,Beočin,PM2.5,35.0,46.5,31.218812776236216
2023-01-08,Beočin,PM2.5,25.0,23.6,24.553137794985403
2023-01-09,Beočin,PM2.5,24.0,17.4,17.092707645220102
2023-01-10,Beočin,PM2.5,14.0,10.3,13.137231029081144
2023-01-11,Beočin,PM2.5,15.0,16.2,13.765039512369698
2023-01-12,Beočin,PM2.5,11.0,24.3,21.476536583778337
2023-01-13,Beočin,PM2.5,28.0,34.5,26.1557731192202
2023-01-14,Beočin,PM2.5,44.0,54.8,32.83100349033581
2023-01-15,Beočin,PM2.5,20.0,19.0,20.425584989422443
2023-01-16,Beočin,PM2.5,20.0,18.6,16.67295742996499
2023-01-17,Beočin,PM2.5,8.0,6.85,13.178112112210108
2023-01-18,Beočin,PM2.5,0.0,5.84,19.736406898843768
2023-01-19,Beočin,PM2.5,29.0,14.3,19.7242785557091
2023-01-20,Beočin,PM2.5,39.0,25.1,25.65849434452591
2023-01-21,Beočin,PM2.5,39.0,42.5,27.96115412077457
2023-01-22,Beočin,PM2.5,36.0,28.1,28.973603358810387
2023-01-23,Beočin,PM2.5,8.0,10.8,12.277297873079998
2023-01-24,Beočin,PM2.5,10.0,11.4,13.688805111021228
2023-01-25,Beočin,PM2.5,21.0,15.2,23.596494696144457
2023-01-26,Beočin,PM2.5,23.0,11.1,18.751713183070574
2023-01-27,Beočin,PM2.5,50.0,29.8,30.14455693958478
2023-01-28,Beočin,PM2.5,55.0,39.0,36.15469787472912
2023-01-29,Beočin,PM2.5,47.0,28.3,39.37659900806275
2023-01-31,Beočin,PM2.5,13.0,11.9,14.177413149643884
2023-02-01,Beočin,PM2.5,8.0,13.9,19.55032098560524
2023-02-02,Beočin,PM2.5,12.0,11.0,13.77740840482146
2023-02-03,Beočin,PM2.5,7.0,6.67,13.074276554273643
2023-02-04,Beočin,PM2.5,16.0,7.57,14.375366145686607
2023-02-05,Beočin,PM2.5,15.0,9.15,16.77332170612263
2023-02-06,Beočin,PM2.5,29.0,32.7,22.63001028762387
2023-02-07,Beočin,PM2.5,37.0,46.4,31.54974120639061
2023-02-08,Beočin,PM2.5,50.0,53.9,39.37659900806275
2023-02-09,Beočin,PM2.5,30.0,36.5,24.37019008931544
2023-02-10,Beočin,PM2.5,36.0,43.6,32.864742486376606
2023-02-11,Beočin,PM2.5,45.0,51.8,36.85449671440516
2023-02-12,Beočin,PM2.5,41.0,40.9,29.231132126285974
2023-02-13,Beočin,PM2.5,28.0,46.0,27.447116850578045
2023-02-14,Beočin,PM2.5,28.0,26.8,25.905195988678923
2023-02-15,Beočin,PM2.5,36.0,46.8,32.8995216193842
2023-02-16,Beočin,PM2.5,37.0,54.7,32.84108493774845
2023-02-17,Beočin,PM2.5,31.0,32.2,26.87017052059333
2023-02-18,Beočin,PM2.5,18.0,21.4,16.93772451244354
2023-02-19,Beočin,PM2.5,28.0,16.1,20.28185720087558
2023-02-20,Beočin,PM2.5,7.0,10.4,18.207525562806392
2023-02-21,Beočin,PM2.5,11.0,21.4,17.251590060381858
2023-02-22,Beočin,PM2.5,8.0,20.8,20.841664716963088
2023-02-23,Beočin,PM2.5,19.0,24.9,20.383425334525853
2023-02-24,Beočin,PM2.5,24.0,25.8,20.339297733106083
2023-02-25,Beočin,PM2.5,11.0,10.8,13.718050042688937
2023-02-26,Beočin,PM2.5,34.0,19.1,22.13354554108118
2023-02-27,Beočin,PM2.5,26.0,25.8,21.10337111362407
2023-02-28,Beočin,PM2.5,34.0,30.3,25.04046184258248
2023-03-01,Beočin,PM2.5,33.0,31.4,26.394177560900268
2023-03-02,Beočin,PM2.5,19.0,15.4,16.670014739487293
2023-03-03,Beočin,PM2.5,44.0,50.7,34.65710391185862
2023-03-04,Beočin,PM2.5,34.0,35.5,27.635505038560204
2023-03-05,Beočin,PM2.5,20.0,24.6,20.32154620743834
2023-03-06,Beočin,PM2.5,17.0,24.9,18.562599920965376
2023-03-07,Beočin,PM2.5,15.0,20.5,18.22843859126486
2023-03-08,Beočin,PM2.5,5.0,6.96,15.245401068110503
2023-03-09,Beočin,PM2.5,2.0,5.0,14.145231276226182
2023-03-10,Beočin,PM2.5,7.0,7.07,15.11388222469185
2023-03-11,Beočin,PM2.5,7.0,7.94,13.626031650918868
2023-03-12,Beočin,PM2.5,14.0,14.4,18.043839120586803
2023-03-13,Beočin,PM2.5,9.0,10.2,15.284362645608445
2023-03-14,Beočin,PM2.5,11.0,10.6,14.928843416496392
2023-03-15,Beočin,PM2.5,21.0,11.4,15.90932546264881
2023-03-16,Beočin,PM2.5,16.0,19.2,15.657724944460425
2023-03-17,Beočin,PM2.5,11.0,21.6,18.515943783947133
2023-03-18,Beočin,PM2.5,16.0,16.8,17.08979679470032
2023-03-19,Beočin,PM2.5,15.0,19.1,18.27565514649988
2023-03-20,Beočin,PM2.5,16.0,18.7,19.556454933039127
2023-03-21,Beočin,PM2.5,18.0,21.8,19.03551369081521
2023-03-22,Beočin,PM2.5,13.0,16.9,18.15750266870652
2023-03-23,Beočin,PM2.5,17.0,19.3,20.56572687558892
2023-03-24,Beočin,PM2.5,13.0,19.9,17.90423144432842
2023-03-25,Beočin,PM2.5,6.0,7.65,13.667267503754957
2023-03-26,Beočin,PM2.5,1.0,4.12,16.911079062437754
2023-03-27,Beočin,PM2.5,7.0,6.92,11.945656551220754
2023-03-28,Beočin,PM2.5,8.0,8.56,12.282154519857638
2023-03-29,Beočin,PM2.5,10.0,10.4,16.772213219381445
2023-03-30,Beočin,PM2.5,9.0,11.8,15.8312760130011
2023-03-31,Beočin,PM2.5,4.0,11.2,14.173360459388642
2023-04-01,Beočin,PM2.5,3.0,7.38,13.37222752075837
2023-04-02,Beočin,PM2.5,3.0,5.91,14.34486631374414
2023-04-03,Beočin,PM2.5,15.0,10.1,13.924384488195448
2023-04-04,Beočin,PM2.5,27.0,16.7,17.579033338198972
2023-04-05,Beočin,PM2.5,23.0,21.3,19.35579410874624
2023-04-06,Beočin,PM2.5,30.0,25.6,20.830621831093023
2023-04-07,Beočin,PM2.5,42.0,32.1,27.78385852337996
2023-04-08,Beočin,PM2.5,41.0,35.5,29.484341900388813
2023-04-09,Beočin,PM2.5,48.0,39.2,32.35160892058855
2023-04-10,Beočin,PM2.5,30.0,28.0,22.70570462018602
2023-04-11,Beočin,PM2.5,19.0,20.3,18.0587300305206
2023-04-12,Beočin,PM2.5,3.0,7.67,13.988788922220571
2023-04-13,Beočin,PM2.5,8.0,7.97,13.493909009263575
2023-04-14,Beočin,PM2.5,4.0,7.15,13.882262476539104
2023-04-15,Beočin,PM2.5,4.0,8.14,15.78599129609522
2023-04-16,Beočin,PM2.5,15.0,14.9,13.54927796981566
2023-04-17,Beočin,PM2.5,13.0,12.4,13.2312702705695
2023-04-18,Beočin,PM2.5,6.0,6.45,11.580619256193996
2023-04-19,Beočin,PM2.5,13.0,15.2,13.130735220742704
2023-04-20,Beočin,PM2.5,21.0,18.9,17.18037607277924
2023-04-21,Beočin,PM2.5,13.0,17.2,14.01082471593312
2023-04-22,Beočin,PM2.5,14.0,14.6,14.640635097199583
2023-04-23,Beočin,PM2.5,14.0,14.7,14.257671990828236
2023-04-24,Beočin,PM2.5,16.0,16.8,14.634098564410936
2023-04-25,Beočin,PM2.5,6.0,8.05,10.170302945549818
2023-04-26,Beočin,PM2.5,11.0,14.0,11.089936639645888
2023-04-27,Beočin,PM2.5,11.0,14.4,12.48821151573982
2023-04-28,Beočin,PM2.5,8.0,10.6,11.987226741065628
2023-04-29,Beočin,PM2.5,13.0,11.8,13.284524374793046
2023-04-30,Beočin,PM2.5,18.0,12.9,15.416864379395426
2023-05-01,Beočin,PM2.5,21.0,10.8,15.104313635964653
2023-05-02,Beočin,PM2.5,10.0,9.94,8.80862803406336
2023-05-03,Beočin,PM2.5,7.0,8.14,9.087950866298485
2023-05-04,Beočin,PM2.5,16.0,15.2,13.740820996171111
2023-05-05,Beočin,PM2.5,12.0,12.3,12.320755192280837
2023-05-06,Beočin,PM2.5,10.0,11.7,10.838757707915631
2023-05-07,Beočin,PM2.5,7.0,7.67,10.908587384922484
2023-05-08,Beočin,PM2.5,8.0,9.27,9.38984103392981
2023-05-09,Beočin,PM2.5,8.0,7.86,10.494159264768824
2023-05-10,Beočin,PM2.5,8.0,8.21,8.818337159334975
2023-05-11,Beočin,PM2.5,9.0,8.87,8.093924854462545
2023-05-12,Beočin,PM2.5,8.0,8.38,7.833749641095272
2023-05-16,Beočin,PM2.5,13.0,16.9,9.876949319784083
2023-05-17,Beočin,PM2.5,7.0,10.0,10.408514957798896
2023-05-18,Beočin,PM2.5,4.0,6.85,10.38968083914972
2023-05-19,Beočin,PM2.5,15.0,14.8,12.86378611143507
2023-05-20,Beočin,PM2.5,15.0,14.2,11.735026873206383
2023-05-21,Beočin,PM2.5,16.0,14.9,12.489262224878956
2023-05-22,Beočin,PM2.5,10.0,10.5,10.32781814239672
2023-05-23,Beočin,PM2.5,15.0,12.2,12.916834211417177
2023-05-24,Beočin,PM2.5,14.0,15.1,12.299757162816018
2023-05-25,Beočin,PM2.5,14.0,12.5,12.093805716796236
2023-05-26,Beočin,PM2.5,19.0,15.9,13.896977409176252
2023-05-27,Beočin,PM2.5,20.0,14.0,13.961768117067118
2023-05-28,Beočin,PM2.5,11.0,10.5,11.30482095720361
2023-05-29,Beočin,PM2.5,9.0,9.82,10.894786988225272
2023-05-30,Beočin,PM2.5,9.0,9.4,10.790951430288809
2023-05-31,Beočin,PM2.5,15.0,10.4,12.479406239354327
2023-06-01,Beočin,PM2.5,14.0,14.1,12.490621365653707
2023-06-02,Beočin,PM2.5,15.0,12.6,12.379246612310808
2023-06-03,Beočin,PM2.5,14.0,11.3,11.63816375703158
2023-06-04,Beočin,PM2.5,6.0,7.05,9.273257609901512
2023-06-05,Beočin,PM2.5,12.0,7.71,10.645837304386834
2023-06-06,Beočin,PM2.5,19.0,14.1,12.713035238430724
2023-06-07,Beočin,PM2.5,15.0,13.5,12.379246612310808
2023-06-08,Beočin,PM2.5,15.0,15.2,12.116134021148676
2023-06-09,Beočin,PM2.5,11.0,11.2,11.541893528622536
2023-06-10,Beočin,PM2.5,8.0,6.55,10.71649702733334
2023-06-11,Beočin,PM2.5,7.0,9.83,10.608305878606044
2023-06-12,Beočin,PM2.5,6.0,7.35,9.332763935780669
2023-06-13,Beočin,PM2.5,6.0,6.04,9.901321069322991
2023-06-14,Beočin,PM2.5,6.0,7.05,9.901321069322991
2023-06-15,Beočin,PM2.5,14.0,10.9,11.814950559301671
2023-06-16,Beočin,PM2.5,15.0,13.7,10.7451098710801
2023-06-17,Beočin,PM2.5,13.0,12.0,11.798802140903913
2023-06-18,Beočin,PM2.5,9.0,8.37,9.996061370354033
2023-06-19,Beočin,PM2.5,13.0,9.99,12.115707271165611
2023-06-20,Beočin,PM2.5,20.0,13.2,14.671540476014316
2023-06-21,Beočin,PM2.5,29.0,23.3,17.623350471900146
2023-06-22,Beočin,PM2.5,32.0,24.2,20.142291351395425
2023-06-23,Beočin,PM2.5,18.0,17.7,12.72632321506814
2023-06-24,Beočin,PM2.5,6.0,7.66,8.962108191547212
2023-06-25,Beočin,PM2.5,9.0,8.48,10.092849346844966
2023-06-26,Beočin,PM2.5,9.0,8.42,10.660331607647944
2023-06-27,Beočin,PM2.5,10.0,8.52,10.308365507620646
2023-06-28,Beočin,PM2.5,5.0,7.08,10.21140452574342
2023-06-29,Beočin,PM2.5,5.0,5.96,9.901321069322991
2023-06-30,Beočin,PM2.5,13.0,8.54,11.965592799787988
2023-07-01,Beočin,PM2.5,16.0,14.1,13.422211719770017
2023-07-02,Beočin,PM2.5,12.0,10.1,11.262288902317506
2023-07-03,Beočin,PM2.5,7.0,6.85,10.381744096051415
2023-07-04,Beočin,PM2.5,10.0,11.7,10.575493054419574
2023-07-05,Beočin,PM2.5,18.0,12.2,13.892020824664767
2023-07-06,Beočin,PM2.5,13.0,12.1,11.51816695384749
2023-07-07,Beočin,PM2.5,111.0,10.0,54.89909215623809
2023-07-08,Beočin,PM2.5,42.0,8.57,22.63443501155825
2023-07-09,Beočin,PM2.5,42.0,7.09,23.139527513148163
2023-07-10,Beočin,PM2.5,27.0,9.17,16.188907184082318
2023-07-11,Beočin,PM2.5,25.0,12.0,16.06135651696453
2023-07-12,Beočin,PM2.5,58.0,14.6,31.945851680938382
2023-07-13,Beočin,PM2.5,55.0,13.2,29.211735452103937
2023-07-14,Beočin,PM2.5,78.0,9.33,40.25342491629176
2023-07-15,Beočin,PM2.5,62.0,9.36,37.54702738769083
2023-07-16,Beočin,PM2.5,39.0,16.9,22.233601204568718
2023-07-17,Beočin,PM2.5,31.0,13.6,18.501265769739994
2023-07-18,Beočin,PM2.5,16.0,12.1,13.330812324932731
2023-07-19,Beočin,PM2.5,4.0,8.06,10.381744096051415
2023-07-20,Beočin,PM2.5,7.0,7.89,10.23162962467379
2023-07-21,Beočin,PM2.5,5.0,8.39,9.717473858757504
2023-07-22,Beočin,PM2.5,9.0,9.02,10.57327237357339
2023-07-23,Beočin,PM2.5,9.0,6.52,10.60266292492734
2023-07-24,Beočin,PM2.5,18.0,13.1,13.800621429827483
2023-07-25,Beočin,PM2.5,9.0,11.7,9.302179204007812
2023-07-26,Beočin,PM2.5,6.0,5.69,8.507781082540722
2023-07-27,Beočin,PM2.5,2.0,5.15,9.406124064675035
2023-07-28,Beočin,PM2.5,5.0,5.76,10.381744096051415
2023-07-29,Beočin,PM2.5,9.0,6.61,10.56788379191974
2023-07-30,Beočin,PM2.5,8.0,7.58,10.507922623896295
2023-07-31,Beočin,PM2.5,4.0,5.6,9.123598670726585
2023-08-01,Beočin,PM2.5,4.0,4.8,9.901321069322991
2023-08-02,Beočin,PM2.5,2.0,2.88,10.731076460709437
2023-08-03,Beočin,PM2.5,9.0,7.54,10.689722159001892
2023-08-04,Beočin,PM2.5,20.0,13.3,14.580141081177032
2023-08-05,Beočin,PM2.5,13.0,9.01,11.272230309407531
2023-08-06,Beočin,PM2.5,6.0,5.09,8.962108191547212
2023-08-07,Beočin,PM2.5,0.0,1.97,14.581094709438382
2023-08-08,Beočin,PM2.5,1.0,5.25,12.969852098273895
2023-08-09,Beočin,PM2.5,2.0,4.07,11.17416011881602
2023-08-10,Beočin,PM2.5,4.0,4.72,10.151898199864268
2023-08-11,Beočin,PM2.5,7.0,5.2,10.415476835239277
2023-08-12,Beočin,PM2.5,8.0,7.46,10.59498185797085
2023-08-13,Beočin,PM2.5,9.0,7.35,10.689722159001892
2023-08-14,Beočin,PM2.5,12.0,9.81,11.52447789434959
2023-08-15,Beočin,PM2.5,12.0,10.8,10.383372708880678
2023-08-16,Beočin,PM2.5,16.0,13.9,13.009951112628254
2023-08-17,Beočin,PM2.5,24.0,15.9,16.81513273707827
2023-08-18,Beočin,PM2.5,32.0,22.9,19.828218188732365
2023-08-19,Beočin,PM2.5,24.0,16.3,16.658896834282647
2023-08-20,Beočin,PM2.5,27.0,16.1,16.636333030022815
2023-08-21,Beočin,PM2.5,24.0,16.4,16.508782362905027
2023-08-22,Beočin,PM2.5,25.0,16.9,16.688287385636595
2023-08-31,Beočin,PM2.5,9.0,10.4,10.81123732836438
2023-09-01,Beočin,PM2.5,5.0,7.19,11.65179803741244
2023-09-02,Beočin,PM2.5,7.0,7.34,11.53135251229335
2023-09-03,Beočin,PM2.5,19.0,11.4,14.55198335507708
2023-09-04,Beočin,PM2.5,7.0,8.7,8.797776745356856
2023-09-05,Beočin,PM2.5,9.0,9.09,10.162034633918156
2023-09-06,Beočin,PM2.5,11.0,11.6,11.87638370486418
2023-09-07,Beočin,PM2.5,10.0,11.9,11.031440682013647
2023-09-08,Beočin,PM2.5,12.0,13.1,12.210271418130814
2023-09-09,Beočin,PM2.5,11.0,13.3,11.87638370486418
2023-09-10,Beočin,PM2.5,12.0,12.8,12.99242626336517
2023-09-11,Beočin,PM2.5,10.0,12.6,11.282017812554924
2023-09-12,Beočin,PM2.5,11.0,15.7,11.87638370486418
2023-09-13,Beočin,PM2.5,19.0,18.9,15.337978468706694
2023-09-14,Beočin,PM2.5,14.0,14.6,11.804137020595707
2023-09-15,Beočin,PM2.5,4.0,8.22,10.827906419209128
2023-09-16,Beočin,PM2.5,14.0,10.9,13.0078327650243
2023-09-17,Beočin,PM2.5,20.0,15.7,14.591879063227983
2023-09-18,Beočin,PM2.5,15.0,13.7,11.11503598760868
2023-09-19,Beočin,PM2.5,5.0,12.6,9.720959009336784
2023-09-20,Beočin,PM2.5,3.0,5.63,11.088268854186763
2023-09-21,Beočin,PM2.5,8.0,13.0,10.703435157236004
2023-09-22,Beočin,PM2.5,9.0,16.9,11.183009155217803
2023-09-23,Beočin,PM2.5,5.0,13.8,11.146518815342588
2023-09-24,Beočin,PM2.5,4.0,8.45,11.089716766805518
2023-09-25,Beočin,PM2.5,9.0,9.38,10.68293672809422
2023-09-26,Beočin,PM2.5,15.0,13.5,12.806350437267154
2023-09-29,Beočin,PM2.5,13.0,15.7,13.20191400196115
2023-09-30,Beočin,PM2.5,16.0,17.8,14.19066775484308
2023-10-01,Beočin,PM2.5,11.0,14.9,12.819318360783258
2023-10-02,Beočin,PM2.5,7.0,11.1,13.35292775817518
2023-10-03,Beočin,PM2.5,9.0,11.1,12.754007270558365
2023-10-04,Beočin,PM2.5,1.0,12.3,14.919040980990257
2023-10-05,Beočin,PM2.5,3.0,7.42,13.473373283294272
2023-10-06,Beočin,PM2.5,5.0,10.2,13.173422735443609
2023-10-07,Beočin,PM2.5,9.0,11.3,13.651126142846
2023-10-08,Beočin,PM2.5,6.0,11.3,10.47604601373794
2023-10-09,Beočin,PM2.5,14.0,14.7,15.351665211159302
2023-10-10,Beočin,PM2.5,11.0,11.6,13.7615057319746
2023-10-11,Beočin,PM2.5,12.0,15.3,14.282423794553916
2023-10-12,Beočin,PM2.5,23.0,21.8,19.00314962773435
2023-10-14,Beočin,PM2.5,21.0,23.7,17.893090056838442
2023-10-15,Beočin,PM2.5,11.0,10.1,14.22851671349653
2023-10-16,Beočin,PM2.5,3.0,6.69,15.626972110717237
2023-10-17,Beočin,PM2.5,14.0,14.6,18.42232986399634
2023-10-18,Beočin,PM2.5,27.0,27.1,22.90634337107125
2023-10-19,Beočin,PM2.5,14.0,13.1,15.777707985972196
2023-10-20,Beočin,PM2.5,13.0,14.9,14.943500317773914
2023-10-21,Beočin,PM2.5,11.0,14.3,14.10494144881168
2023-10-22,Beočin,PM2.5,1.0,5.46,17.137014263371327
2023-10-23,Beočin,PM2.5,9.0,5.84,16.62981749366112
2023-10-24,Beočin,PM2.5,7.0,13.8,15.064708846535575
2023-10-25,Beočin,PM2.5,3.0,7.9,13.362448004977354
2023-10-26,Beočin,PM2.5,3.0,5.21,15.043977150199469
2023-10-27,Beočin,PM2.5,4.0,2.98,13.25861244704089
2023-10-28,Beočin,PM2.5,3.0,5.56,14.919505888226343
2023-10-29,Beočin,PM2.5,3.0,5.48,15.423514027077465
2023-10-30,Beočin,PM2.5,7.0,5.35,14.579061708505266
2023-10-31,Beočin,PM2.5,4.0,5.29,13.362448004977354
2023-11-01,Beočin,PM2.5,3.0,4.39,14.398171592632128
2023-11-02,Beočin,PM2.5,5.0,8.45,15.585130074515966
2023-11-03,Beočin,PM2.5,1.0,6.85,15.361982284985324
2023-11-04,Beočin,PM2.5,2.0,7.59,18.314422821973345
2023-11-05,Beočin,PM2.5,2.0,2.95,14.090598036994107
2023-11-06,Beočin,PM2.5,2.0,9.28,18.21763484548241
2023-11-07,Beočin,PM2.5,9.0,13.4,17.03957628184043
2023-11-08,Beočin,PM2.5,1.0,9.98,17.74581870925139
2023-11-09,Beočin,PM2.5,18.0,9.18,19.508758016865624
2023-11-10,Beočin,PM2.5,15.0,14.3,14.601206915685916
2023-11-11,Beočin,PM2.5,1.0,13.7,16.353092166810843
2023-11-12,Beočin,PM2.5,4.0,9.77,17.38615748393061
2023-11-13,Beočin,PM2.5,5.0,15.7,18.556412853780845
2023-11-14,Beočin,PM2.5,10.0,8.87,15.924354672748636
2023-11-15,Beočin,PM2.5,2.0,7.99,15.168432641209238
2023-11-16,Beočin,PM2.5,5.0,8.05,16.56858521856235
2023-11-17,Beočin,PM2.5,15.0,6.33,14.316614994617323
2023-11-18,Beočin,PM2.5,6.0,9.04,12.643473978405645
2023-11-19,Beočin,PM2.5,4.0,17.7,17.38615748393061
2023-11-20,Beočin,PM2.5,6.0,18.5,15.829614371717591
2023-11-21,Beočin,PM2.5,37.0,31.1,26.55577626002052
2023-11-22,Beočin,PM2.5,25.0,21.1,18.725853729729977
2023-11-23,Beočin,PM2.5,21.0,35.4,22.964040371339216
2023-11-24,Beočin,PM2.5,10.0,40.4,17.27751798620775
2023-11-25,Beočin,PM2.5,12.0,8.09,14.414872583130231
2023-11-26,Beočin,PM2.5,7.0,10.4,12.615790692923452
2023-11-27,Beočin,PM2.5,4.0,4.39,15.585130074515966
2023-11-28,Beočin,PM2.5,4.0,8.2,13.200742667453335
2023-11-29,Beočin,PM2.5,10.0,17.2,14.344586501798055
2023-11-30,Beočin,PM2.5,5.0,12.0,14.028375279949772
2023-12-01,Beočin,PM2.5,3.0,6.84,13.929038685273715
2023-12-02,Beočin,PM2.5,22.0,13.9,17.281287000308733
2023-12-03,Beočin,PM2.5,13.0,25.2,17.15175763824331
2023-12-04,Beočin,PM2.5,30.0,27.6,27.217535627625534
2023-12-05,Beočin,PM2.5,23.0,24.4,19.612152706333188
2023-12-06,Beočin,PM2.5,24.0,23.8,21.10337111362407
2023-12-07,Beočin,PM2.5,43.0,19.3,26.869834099630012
2023-12-08,Beočin,PM2.5,24.0,32.7,26.51205376431449
2023-12-09,Beočin,PM2.5,63.0,46.6,50.67083830936764
2023-12-10,Beočin,PM2.5,5.0,37.4,15.679797208618428
2023-12-11,Beočin,PM2.5,9.0,19.7,16.70182726834655
2023-12-12,Beočin,PM2.5,10.0,16.9,17.963780448350448
2023-12-13,Beočin,PM2.5,7.0,14.3,16.22737001164416
2023-12-14,Beočin,PM2.5,36.0,15.2,26.653894714766466
2023-12-15,Beočin,PM2.5,24.0,20.7,22.47015247113748
2023-12-16,Beočin,PM2.5,12.0,26.8,17.78361490934764
2023-12-17,Beočin,PM2.5,10.0,32.8,21.033192994485063
2023-12-18,Beočin,PM2.5,1.0,50.7,24.274744594995603
2023-12-19,Beočin,PM2.5,3.0,56.0,20.938452693454018
2023-12-20,Beočin,PM2.5,8.0,65.5,19.64710896209617
2023-12-21,Beočin,PM2.5,15.0,10.8,20.428490980941348
2023-12-25,Beočin,PM2.5,4.0,17.3,18.31575361280701
2023-12-29,Beočin,PM2.5,5.0,16.5,19.64710896209617
2023-12-30,Beočin,PM2.5,6.0,21.3,19.64710896209617
2024-01-02,Beočin,PM2.5,10.0,17.6,19.74184926312721
2024-01-03,Beočin,PM2.5,2.0,7.74,14.672381897700376
2024-01-04,Beočin,PM2.5,4.0,14.9,13.78688211895044
2024-01-05,Beočin,PM2.5,14.0,20.2,20.864247192999517
2024-01-06,Beočin,PM2.5,14.0,13.2,14.298462366622523
2024-01-07,Beočin,PM2.5,38.0,15.1,23.82644763484565
2024-01-08,Beočin,PM2.5,41.0,28.5,26.27657538991627
2024-01-09,Beočin,PM2.5,37.0,35.9,28.85571875086994
2024-01-11,Beočin,PM2.5,42.0,51.1,35.451108355071234
2024-01-12,Beočin,PM2.5,40.0,42.0,29.74183582128872
2024-01-15,Beočin,PM2.5,1.0,16.0,19.17197107294938
2024-01-16,Beočin,PM2.5,13.0,15.3,17.63749847505897
2024-01-17,Beočin,PM2.5,13.0,16.6,14.624476317733656
2024-01-18,Beočin,PM2.5,3.0,14.6,13.178112112210108
2024-01-19,Beočin,PM2.5,31.0,13.6,19.4228404504149
2024-01-20,Beočin,PM2.5,27.0,26.0,24.68068846210319
2024-01-21,Beočin,PM2.5,8.0,31.6,20.938452693454018
2024-01-22,Beočin,PM2.5,26.0,38.4,22.504340742528036
2024-01-23,Beočin,PM2.5,7.0,26.6,16.25267427883777
2024-01-24,Beočin,PM2.5,7.0,20.8,16.607086967315503
2024-01-25,Beočin,PM2.5,6.0,18.0,13.081324135719171
2024-01-26,Beočin,PM2.5,7.0,15.7,16.121346130499834
2024-01-27,Beočin,PM2.5,4.0,9.34,12.284345454525528
2024-01-29,Beočin,PM2.5,10.0,27.6,21.033192994485063
2024-01-30,Beočin,PM2.5,19.0,41.6,22.813584936585183
2024-01-31,Beočin,PM2.5,45.0,46.2,37.25123523874674
2024-02-01,Beočin,PM2.5,35.0,55.7,28.34051016558428
2024-02-02,Beočin,PM2.5,5.0,18.8,14.813756905249877
2024-02-03,Beočin,PM2.5,3.0,16.7,16.83395169517663
2024-02-04,Beočin,PM2.5,26.0,17.0,24.456349818494477
2024-02-05,Beočin,PM2.5,13.0,26.9,17.8643632029201
2024-02-06,Beočin,PM2.5,17.0,14.0,18.798182368162102
2024-02-07,Beočin,PM2.5,15.0,12.3,20.331703004450414
2024-02-08,Beočin,PM2.5,14.0,14.9,20.099886978537345
2024-02-09,Beočin,PM2.5,10.0,12.5,16.928691996207675
2024-02-10,Beočin,PM2.5,15.0,10.6,15.487505892289128
2024-02-11,Beočin,PM2.5,5.0,11.1,13.394282892907237
2024-02-12,Beočin,PM2.5,3.0,10.3,16.07696079779659
2024-02-13,Beočin,PM2.5,21.0,11.2,16.880871650595996
2024-02-14,Beočin,PM2.5,8.0,19.7,19.02019481608633
2024-02-15,Beočin,PM2.5,14.0,23.3,22.058802947866432
2024-02-16,Beočin,PM2.5,19.0,29.0,22.716796960094253
2024-02-17,Beočin,PM2.5,55.0,41.3,40.443340201555074
2024-02-18,Beočin,PM2.5,14.0,27.1,18.53087556743112
2024-02-19,Beočin,PM2.5,26.0,30.3,24.45291681791553
2024-02-20,Beočin,PM2.5,15.0,22.2,18.056041224131924
2024-02-21,Beočin,PM2.5,3.0,14.4,16.607086967315503
2024-02-22,Beočin,PM2.5,7.0,8.95,17.805718657026272
2024-02-23,Beočin,PM2.5,3.0,9.09,13.547416991613153
2024-03-03,Beočin,PM2.5,18.0,13.9,19.03551369081521
2024-03-04,Beočin,PM2.5,32.0,19.1,24.843727282026915
2024-03-05,Beočin,PM2.5,34.0,32.8,25.370196593817045
2024-03-06,Beočin,PM2.5,36.0,29.3,27.736105563048238
2024-03-07,Beočin,PM2.5,34.0,19.2,24.753263599022617
2024-03-08,Beočin,PM2.5,35.0,26.4,24.98192932654093
2024-03-09,Beočin,PM2.5,24.0,15.3,18.801962243244827
2024-03-10,Beočin,PM2.5,2.0,9.78,13.95758539835569
2024-03-12,Beočin,PM2.5,13.0,5.46,15.462512888664156
2024-03-13,Beočin,PM2.5,29.0,18.6,19.443983452305023
2024-03-14,Beočin,PM2.5,8.0,20.4,15.245401068110503
2024-03-15,Beočin,PM2.5,14.0,16.5,19.523108302614062
2024-03-16,Beočin,PM2.5,23.0,22.6,22.264591348722416
2024-03-17,Beočin,PM2.5,4.0,14.2,14.28287340958763
2024-03-18,Beočin,PM2.5,10.0,13.8,17.3725540385117
2024-03-19,Beočin,PM2.5,13.0,16.1,16.4034500950445
2024-03-20,Beočin,PM2.5,9.0,17.9,18.19304571977295
2024-03-21,Beočin,PM2.5,16.0,19.5,20.647506610797087
2024-03-22,Beočin,PM2.5,21.0,22.2,22.44749625466452
2024-03-23,Beočin,PM2.5,2.0,15.0,17.55592511565481
2024-03-24,Beočin,PM2.5,2.0,8.36,14.504483848223272
2024-03-25,Beočin,PM2.5,4.0,9.79,15.73653571197006
2024-03-26,Beočin,PM2.5,7.0,7.2,14.341112382474948
2024-03-27,Beočin,PM2.5,11.0,16.0,12.837544511916905
2024-03-28,Beočin,PM2.5,1.0,4.76,14.963110360274513
2024-03-29,Beočin,PM2.5,3.0,6.1,15.396984744102886
2024-03-30,Beočin,PM2.5,1.0,7.65,19.352797618102016
2024-03-31,Beočin,PM2.5,7.0,20.8,17.425313308314614
2024-04-01,Beočin,PM2.5,3.0,33.0,16.16133638335151
2024-04-05,Beočin,PM2.5,1.0,4.86,17.62456979424738
2024-04-06,Beočin,PM2.5,4.0,6.25,14.520343464212228
2024-04-07,Beočin,PM2.5,4.0,6.07,14.770920594753504
2024-04-08,Beočin,PM2.5,3.0,5.18,13.213862711504513
2024-04-09,Beočin,PM2.5,5.0,7.22,14.770920594753504
2024-04-10,Beočin,PM2.5,5.0,8.68,13.92646827618131
2024-04-11,Beočin,PM2.5,15.0,14.4,16.73957930837519
2024-04-12,Beočin,PM2.5,17.0,16.2,17.967461289221028
2024-04-13,Beočin,PM2.5,6.0,10.2,14.770920594753504
2024-04-14,Beočin,PM2.5,6.0,6.14,15.582533212455434
2024-04-15,Beočin,PM2.5,12.0,8.73,14.586442405989844
2024-04-16,Beočin,PM2.5,2.0,10.2,11.008082935624248
2024-04-17,Beočin,PM2.5,8.0,5.03,10.740529090108758
2024-04-18,Beočin,PM2.5,11.0,13.0,11.740670647449935
2024-04-19,Beočin,PM2.5,3.0,9.13,12.10190357084252
2024-04-20,Beočin,PM2.5,1.0,9.32,15.728051057630909
2024-04-21,Beočin,PM2.5,7.0,6.26,10.846121555596715
2024-04-22,Beočin,PM2.5,7.0,11.1,11.736649610524353
2024-04-23,Beočin,PM2.5,8.0,8.93,9.538843824055837
2024-04-24,Beočin,PM2.5,15.0,15.1,12.242797217107942
2024-04-25,Beočin,PM2.5,10.0,14.0,13.217986892978246
2024-04-26,Beočin,PM2.5,12.0,13.3,13.674543024809363
2024-04-27,Beočin,PM2.5,6.0,6.74,12.70033432585122
2024-04-28,Beočin,PM2.5,6.0,6.87,11.378610077781882
2024-04-29,Beočin,PM2.5,5.0,6.1,10.700192784495648
2024-04-30,Beočin,PM2.5,8.0,6.65,10.227120993892363
2024-05-01,Beočin,PM2.5,5.0,6.41,8.614879075695201
2024-05-02,Beočin,PM2.5,4.0,7.11,7.993887136480293
2024-05-03,Beočin,PM2.5,3.0,4.3,10.569185861881293
2024-05-04,Beočin,PM2.5,5.0,7.44,9.998157848545755
2024-05-06,Beočin,PM2.5,2.0,5.87,11.224187010392642
2024-05-07,Beočin,PM2.5,4.0,4.65,10.009597922055438
2024-05-08,Beočin,PM2.5,2.0,8.79,11.16719824137564
2024-05-09,Beočin,PM2.5,2.0,5.52,10.11937225684281
2024-05-10,Beočin,PM2.5,7.0,5.83,10.13406918402856
2024-05-11,Beočin,PM2.5,6.0,6.67,11.088092407654058
2024-05-12,Beočin,PM2.5,7.0,6.93,10.948175497795512
2024-05-13,Beočin,PM2.5,1.0,4.74,13.642467670688676
2024-05-14,Beočin,PM2.5,7.0,9.13,11.05870185630011
2024-05-15,Beočin,PM2.5,3.0,5.71,9.087950866298485
2024-05-16,Beočin,PM2.5,8.0,6.42,8.163491471419757
2024-05-17,Beočin,PM2.5,13.0,10.4,9.471627525540685
2024-05-18,Beočin,PM2.5,6.0,6.23,11.088092407654058
2024-05-19,Beočin,PM2.5,6.0,9.08,10.394431619006198
2024-05-20,Beočin,PM2.5,10.0,8.31,9.505636134456214
2024-05-21,Beočin,PM2.5,7.0,13.4,8.01801867208068
2024-05-22,Beočin,PM2.5,1.0,7.04,13.352714684357093
2024-05-23,Beočin,PM2.5,1.0,2.94,12.699311585458506
2024-05-24,Beočin,PM2.5,3.0,3.83,10.708465505649562
2024-05-25,Beočin,PM2.5,6.0,7.26,8.827588431320846
2024-05-26,Beočin,PM2.5,8.0,7.21,9.884396663225465
2024-05-27,Beočin,PM2.5,5.0,8.92,11.146529089289814
2024-05-28,Beočin,PM2.5,9.0,6.63,10.742965250975889
2024-05-29,Beočin,PM2.5,5.0,6.91,9.39905655839713
2024-05-30,Beočin,PM2.5,5.0,6.05,10.260175052596711
2024-05-31,Beočin,PM2.5,1.0,5.58,12.455745135089442
2024-06-02,Beočin,PM2.5,4.0,3.67,10.656990701454186
2024-06-03,Beočin,PM2.5,1.0,5.28,13.07128174680338
2024-06-04,Beočin,PM2.5,7.0,5.85,9.107580990886287
2024-06-05,Beočin,PM2.5,3.0,6.63,10.656990701454186
2024-06-06,Beočin,PM2.5,8.0,5.59,10.59498185797085
2024-06-07,Beočin,PM2.5,14.0,7.35,12.33182454567944
2024-06-08,Beočin,PM2.5,16.0,7.53,13.100966428745584
2024-06-09,Beočin,PM2.5,14.0,10.5,11.529935707030964
2024-06-10,Beočin,PM2.5,9.0,9.93,9.958779719742251
2024-06-11,Beočin,PM2.5,6.0,9.19,10.51226481173021
2024-06-12,Beočin,PM2.5,8.0,10.6,10.103213377016123
2024-06-13,Beočin,PM2.5,7.0,11.4,10.47498316111843
2024-06-14,Beočin,PM2.5,7.0,10.8,9.901321069322991
2024-06-15,Beočin,PM2.5,7.0,6.92,10.656990701454186
2024-06-16,Beočin,PM2.5,9.0,7.9,10.689722159001892
2024-06-17,Beočin,PM2.5,14.0,9.55,12.361881920630182
2024-06-18,Beočin,PM2.5,24.0,15.2,16.750296229119932
2024-06-19,Beočin,PM2.5,9.0,11.7,10.689722159001892
2024-06-20,Beočin,PM2.5,12.0,13.6,11.967561552456171
2024-06-21,Beočin,PM2.5,13.0,22.9,12.145097822519562
2024-06-22,Beočin,PM2.5,2.0,22.3,10.48049933016816
2024-06-23,Beočin,PM2.5,5.0,10.5,9.998109045813925
2024-06-24,Beočin,PM2.5,7.0,9.53,8.594840316615276
2024-06-25,Beočin,PM2.5,16.0,12.3,13.514659535498218
2024-06-26,Beočin,PM2.5,2.0,12.7,9.589971275240524
2024-06-27,Beočin,PM2.5,5.0,10.9,10.625097632496056
2024-06-28,Beočin,PM2.5,15.0,10.2,12.62564941507585
2024-06-29,Beočin,PM2.5,13.0,11.0,12.207106666002897
2024-06-30,Beočin,PM2.5,10.0,10.6,9.501194839660233
2024-07-01,Beočin,PM2.5,5.0,11.7,9.717473858757504
2024-07-02,Beočin,PM2.5,4.0,7.35,9.814261835248438
2024-07-03,Beočin,PM2.5,8.0,6.76,9.96805098929878
2024-07-04,Beočin,PM2.5,2.0,10.6,10.810807885518958
2024-07-05,Beočin,PM2.5,1.0,4.04,13.02751875392332
2024-07-06,Beočin,PM2.5,8.0,5.12,9.123598670726585
2024-07-07,Beočin,PM2.5,24.0,10.5,16.566449018554444
2024-07-08,Beočin,PM2.5,11.0,12.8,11.019744475351208
2024-07-09,Beočin,PM2.5,13.0,11.5,11.51816695384749
2024-07-10,Beočin,PM2.5,12.0,12.2,11.340630683784102
2024-07-11,Beočin,PM2.5,15.0,12.3,11.936709702920444
2024-07-12,Beočin,PM2.5,24.0,15.0,15.702551336422635
2024-07-13,Beočin,PM2.5,26.0,16.3,16.504440175071107
2024-07-14,Beočin,PM2.5,29.0,17.4,17.1741446696135
2024-07-15,Beočin,PM2.5,36.0,24.5,19.825869757984048
2024-07-16,Beočin,PM2.5,29.0,15.1,16.731061011506924
2024-07-17,Beočin,PM2.5,29.0,20.5,17.1741446696135
2024-07-18,Beočin,PM2.5,17.0,15.7,13.16459168376628
2024-07-19,Beočin,PM2.5,8.0,10.2,9.123598670726585
2024-07-20,Beočin,PM2.5,14.0,10.6,11.141390236649473
2024-07-21,Beočin,PM2.5,15.0,13.2,12.409850735977772
2024-07-22,Beočin,PM2.5,17.0,11.1,13.6696841853562
2024-07-23,Beočin,PM2.5,17.0,13.3,13.607675341872865
2024-07-24,Beočin,PM2.5,3.0,10.8,9.717473858757504
2024-07-25,Beočin,PM2.5,6.0,7.22,8.826945803829869
2024-07-26,Beočin,PM2.5,6.0,8.24,10.411134647405364
2024-07-27,Beočin,PM2.5,6.0,9.83,10.23162962467379
2024-07-28,Beočin,PM2.5,4.0,7.86,9.96805098929878
2024-07-29,Beočin,PM2.5,4.0,6.43,8.826945803829869
2024-07-30,Beočin,PM2.5,3.0,6.76,9.96805098929878
2024-07-31,Beočin,PM2.5,5.0,7.03,10.4731434908887
2024-08-01,Beočin,PM2.5,4.0,8.73,10.415476835239277
2024-08-02,Beočin,PM2.5,11.0,11.6,10.581207869999792
2024-08-03,Beočin,PM2.5,3.0,8.48,8.973511363783576
2024-08-04,Beočin,PM2.5,6.0,6.26,10.59498185797085
2024-08-05,Beočin,PM2.5,5.0,8.78,9.901321069322991
2024-08-06,Beočin,PM2.5,2.0,7.35,10.48049933016816
2024-08-07,Beočin,PM2.5,3.0,5.69,10.565591306616902
2024-08-08,Beočin,PM2.5,6.0,8.68,10.415476835239277
2024-08-09,Beočin,PM2.5,6.0,7.72,9.307445881292072
2024-08-10,Beočin,PM2.5,5.0,7.76,9.901321069322991
2024-08-11,Beočin,PM2.5,6.0,7.13,10.656990701454186
2024-08-12,Beočin,PM2.5,5.0,8.19,10.59498185797085
2024-08-13,Beočin,PM2.5,6.0,8.79,10.59498185797085
2024-08-14,Beočin,PM2.5,15.0,11.1,11.869979782944656
2024-08-15,Beočin,PM2.5,25.0,17.4,16.688287385636595
2024-08-16,Beočin,PM2.5,14.0,15.3,12.152319522947865
2024-08-17,Beočin,PM2.5,22.0,13.9,14.620988390717809
2024-08-18,Beočin,PM2.5,19.0,16.1,14.251771737911156
2024-08-19,Beočin,PM2.5,11.0,17.5,11.35370615729432
2024-08-20,Beočin,PM2.5,8.0,10.9,10.415476835239277
2024-08-21,Beočin,PM2.5,29.0,13.7,16.664331091531142
2024-08-22,Beočin,PM2.5,8.0,15.6,9.901321069322991
2024-08-23,Beočin,PM2.5,9.0,11.7,10.51021713627032
2024-08-24,Beočin,PM2.5,14.0,16.3,11.888740887572856
2024-08-25,Beočin,PM2.5,12.0,11.1,11.938171001102225
2024-08-26,Beočin,PM2.5,16.0,14.3,13.364545064120591
2024-08-27,Beočin,PM2.5,21.0,17.8,15.314649179365666
2024-08-28,Beočin,PM2.5,22.0,15.9,14.871565521259082
2024-08-29,Beočin,PM2.5,11.0,18.4,10.689435920000408
2024-08-30,Beočin,PM2.5,11.0,14.4,10.689435920000408
2024-08-31,Beočin,PM2.5,14.0,15.5,11.888740887572856
2024-09-01,Beočin,PM2.5,11.0,15.1,11.87638370486418
2024-09-02,Beočin,PM2.5,17.0,16.1,14.548388184029276
2024-09-03,Beočin,PM2.5,17.0,19.0,14.72789320676085
2024-09-04,Beočin,PM2.5,14.0,18.6,13.088690177270363
2024-09-05,Beočin,PM2.5,30.0,23.1,19.178399976521405
2024-09-06,Beočin,PM2.5,26.0,22.1,17.364295604981457
2024-09-07,Beočin,PM2.5,14.0,15.9,12.081472664402703
2024-09-08,Beočin,PM2.5,11.0,12.9,10.319325821615193
2024-09-09,Beočin,PM2.5,9.0,15.2,8.640078690877921
2024-09-10,Beočin,PM2.5,7.0,12.6,10.4458104452492
2024-09-11,Beočin,PM2.5,6.0,9.45,10.577329288667851
2024-09-12,Beočin,PM2.5,2.0,8.14,11.407084680054297
2024-09-15,Beočin,PM2.5,2.0,3.37,8.856188006579732
2024-09-16,Beočin,PM2.5,4.0,4.43,9.055037071367748
2024-09-17,Beočin,PM2.5,12.0,9.53,12.51051747826152
2024-09-18,Beočin,PM2.5,7.0,14.7,11.748586013903374
2024-09-19,Beočin,PM2.5,17.0,18.0,14.03423241811299
2024-09-20,Beočin,PM2.5,7.0,11.7,9.531210970937774
2024-09-21,Beočin,PM2.5,15.0,16.8,13.056927567808428
2024-09-22,Beočin,PM2.5,36.0,15.2,24.447402302725525
2024-09-23,Beočin,PM2.5,10.0,22.3,11.282017812554924
2024-09-24,Beočin,PM2.5,6.0,12.1,10.452858026694727
2024-09-25,Beočin,PM2.5,23.0,11.2,17.721446016450024
2024-09-26,Beočin,PM2.5,13.0,11.4,11.877772732413469
2024-09-27,Beočin,PM2.5,11.0,10.6,11.87638370486418
2024-09-28,Beočin,PM2.5,5.0,10.6,9.646956132000046
2024-09-29,Beočin,PM2.5,2.0,7.0,9.094279359806508
2024-09-30,Beočin,PM2.5,2.0,8.11,11.026452880099509
2024-10-01,Beočin,PM2.5,2.0,9.63,14.555283564238454
2024-10-02,Beočin,PM2.5,12.0,10.7,13.641429559621498
2024-10-03,Beočin,PM2.5,20.0,23.5,16.08641573999431
2024-10-04,Beočin,PM2.5,6.0,11.6,11.91295793185358
2024-10-05,Beočin,PM2.5,5.0,13.9,13.179691807987108
2024-10-06,Beočin,PM2.5,3.0,12.9,12.985310158801571
2024-10-07,Beočin,PM2.5,6.0,8.71,13.473668795574318
2024-10-08,Beočin,PM2.5,7.0,12.8,12.65926696952732
2024-10-09,Beočin,PM2.5,2.0,6.36,13.026663446535078
2024-10-10,Beočin,PM2.5,5.0,7.97,12.279730092649324
2024-10-11,Beočin,PM2.5,3.0,9.53,12.252046807167137
2024-10-12,Beočin,PM2.5,12.0,12.3,14.99636296143726
2024-10-13,Beočin,PM2.5,5.0,15.3,13.623783266951945
2024-10-14,Beočin,PM2.5,2.0,9.42,14.49327472075512
2024-10-15,Beočin,PM2.5,6.0,13.0,15.268166930175347
2024-10-16,Beočin,PM2.5,13.0,14.1,17.273876051756908
2024-10-17,Beočin,PM2.5,8.0,17.2,14.485866925248333
2024-10-18,Beočin,PM2.5,11.0,15.3,14.122734398715224
2024-10-19,Beočin,PM2.5,5.0,10.3,13.572710901264578
2024-10-20,Beočin,PM2.5,8.0,12.9,14.485866925248333
2024-10-21,Beočin,PM2.5,21.0,27.9,20.34663943211207
2024-10-22,Beočin,PM2.5,17.0,33.6,19.731913399377632
2024-10-23,Beočin,PM2.5,28.0,36.9,23.70489504671579
2024-10-24,Beočin,PM2.5,28.0,38.3,22.752128701137465
2024-10-25,Beočin,PM2.5,21.0,32.0,19.5143522412514
2024-10-26,Beočin,PM2.5,31.0,40.2,23.717103233051876
2024-10-27,Beočin,PM2.5,7.0,32.2,16.235126644779413
2024-10-28,Beočin,PM2.5,31.0,29.9,23.813891209542803
2024-10-29,Beočin,PM2.5,22.0,33.2,21.554990574155592
2024-10-30,Beočin,PM2.5,27.0,35.2,23.05617944754429
2024-10-31,Beočin,PM2.5,19.0,27.0,19.40994051850245
2024-11-01,Beočin,PM2.5,17.0,19.9,21.50292258789525
2024-11-02,Beočin,PM2.5,51.0,28.0,37.949162675102414
2024-11-03,Beočin,PM2.5,5.0,14.5,18.280119854558347
2024-11-04,Beočin,PM2.5,25.0,26.4,24.182453919483446
2024-11-05,Beočin,PM2.5,25.0,36.5,24.099736873242808
2024-11-06,Beočin,PM2.5,22.0,37.1,21.638560343362297
2024-11-07,Beočin,PM2.5,40.0,56.7,30.53207247373632
2024-11-08,Beočin,PM2.5,84.0,71.9,60.22658490505228
2024-11-09,Beočin,PM2.5,68.0,67.7,51.84563494419473
2024-11-10,Beočin,PM2.5,61.0,65.2,48.04483321826044
2024-11-11,Beočin,PM2.5,61.0,56.6,44.13593065922403
2024-11-12,Beočin,PM2.5,37.0,44.3,28.25622184157051
2024-11-13,Beočin,PM2.5,36.0,36.8,30.5788825180544
2024-11-14,Beočin,PM2.5,33.0,23.0,27.006074149989548
2024-11-15,Beočin,PM2.5,33.0,27.5,25.149183302865303
2024-11-16,Beočin,PM2.5,59.0,52.3,46.54128606611372
2024-11-17,Beočin,PM2.5,56.0,54.6,43.00245984003906
2024-11-18,Beočin,PM2.5,39.0,65.1,31.919561345196577
2024-11-19,Beočin,PM2.5,13.0,66.4,18.61561010374546
2024-11-20,Beočin,PM2.5,3.0,10.1,13.200742667453335
2024-11-21,Beočin,PM2.5,7.0,12.1,13.412769374117095
2024-11-22,Beočin,PM2.5,4.0,9.8,12.403763986259692
2024-11-23,Beočin,PM2.5,1.0,14.8,17.597518139180234
2024-11-24,Beočin,PM2.5,2.0,9.01,17.91724457420282
2024-11-25,Beočin,PM2.5,22.0,32.6,21.638560343362297
2024-11-26,Beočin,PM2.5,17.0,23.5,20.21222169292593
2024-11-27,Beočin,PM2.5,51.0,38.2,35.69144569247256
2024-11-28,Beočin,PM2.5,13.0,54.7,17.691470380160307
2024-11-29,Beočin,PM2.5,39.0,11.4,26.04237957776597
2024-11-30,Beočin,PM2.5,39.0,31.9,26.41793599295608
2024-12-01,Beočin,PM2.5,11.0,31.0,16.237350503695307
2024-12-02,Beočin,PM2.5,13.0,26.4,19.33472504704079
2024-12-03,Beočin,PM2.5,60.0,32.8,42.400042886880215
2024-12-04,Beočin,PM2.5,26.0,39.8,23.59247729465292
2024-12-05,Beočin,PM2.5,34.0,44.9,27.53083877752796
2024-12-06,Beočin,PM2.5,23.0,25.6,22.180688038175976
2024-12-07,Beočin,PM2.5,17.0,26.4,20.57526693633561
2024-12-08,Beočin,PM2.5,18.0,21.4,15.66754030260028
2024-12-09,Beočin,PM2.5,50.0,30.0,35.40470350500342
2024-12-10,Beočin,PM2.5,36.0,32.0,32.84108493774845
2024-12-11,Beočin,PM2.5,34.0,22.1,26.57361127777442
2024-12-12,Beočin,PM2.5,26.0,31.0,24.429259269287364
2024-12-13,Beočin,PM2.5,47.0,26.8,40.78838826453968
2024-12-14,Beočin,PM2.5,45.0,43.5,29.26486721869925
2024-12-15,Beočin,PM2.5,12.0,26.9,16.672587376170156
2024-12-16,Beočin,PM2.5,3.0,13.4,16.93073967166756
2024-12-17,Beočin,PM2.5,4.0,40.8,18.676153175695323
2024-12-18,Beočin,PM2.5,8.0,45.0,20.938452693454018
2024-12-19,Beočin,PM2.5,11.0,45.8,21.414527740295
2024-12-20,Beočin,PM2.5,21.0,16.0,17.228653684819612
2024-12-21,Beočin,PM2.5,5.0,17.5,13.644204968104086
2024-12-22,Beočin,PM2.5,17.0,38.8,20.2411507047313
2024-12-23,Beočin,PM2.5,28.0,27.4,18.55939082095613
2024-12-24,Beočin,PM2.5,42.0,20.9,24.203860337885843
2024-12-25,Beočin,PM2.5,16.0,28.0,15.60747588428618
2024-12-26,Beočin,PM2.5,24.0,24.2,25.22071003295664
2024-12-27,Beočin,PM2.5,42.0,33.5,34.07127056712689
2024-12-28,Beočin,PM2.5,54.0,64.8,44.145658993604734
2024-12-29,Beočin,PM2.5,5.0,81.5,20.23544401781249
2024-12-30,Beočin,PM2.5,105.0,92.9,72.10552325388598
2024-12-31,Beočin,PM2.5,60.0,54.5,50.98539205685772
2021-07-21,Bor,PM2.5,13.0,12.5,10.262137125627468
2021-07-22,Bor,PM2.5,10.0,7.37,10.652866992403707
2021-07-23,Bor,PM2.5,18.0,10.9,14.133666791703904
2021-07-24,Bor,PM2.5,25.0,13.6,16.468728258898665
2021-07-25,Bor,PM2.5,23.0,14.4,15.752710184274612
2021-07-26,Bor,PM2.5,20.0,12.1,14.472185428402913
2021-07-27,Bor,PM2.5,27.0,18.5,16.468728258898665
2021-07-28,Bor,PM2.5,23.0,21.1,16.468728258898665
2021-07-29,Bor,PM2.5,25.0,20.7,16.468728258898665
2021-07-30,Bor,PM2.5,22.0,16.6,15.1942868357746
2021-07-31,Bor,PM2.5,19.0,15.3,14.430044091775546
2021-08-01,Bor,PM2.5,13.0,11.2,12.080177289035692
2021-08-02,Bor,PM2.5,9.0,13.5,9.985944796729276
2021-08-03,Bor,PM2.5,9.0,6.39,10.647847848757465
2021-08-04,Bor,PM2.5,11.0,7.27,11.758548903531503
2021-08-05,Bor,PM2.5,20.0,14.4,14.72558622110876
2021-08-06,Bor,PM2.5,5.0,4.34,9.22284576964476
2021-08-07,Bor,PM2.5,4.0,3.95,10.476947069771349
2021-08-08,Bor,PM2.5,10.0,8.73,10.856768116663522
2021-08-09,Bor,PM2.5,20.0,13.5,14.98407018238454
2021-08-10,Bor,PM2.5,17.0,11.7,13.86799400783959
2021-08-11,Bor,PM2.5,14.0,9.65,12.68510525773788
2021-08-12,Bor,PM2.5,7.0,6.05,9.829298922874536
2021-08-13,Bor,PM2.5,17.0,11.4,13.828678473821656
2021-08-14,Bor,PM2.5,20.0,12.1,15.019432426701616
2021-08-15,Bor,PM2.5,23.0,14.3,16.67262938315848
2021-08-16,Bor,PM2.5,24.0,18.1,16.525084319694486
2021-08-17,Bor,PM2.5,17.0,13.6,13.22414096975904
2021-08-18,Bor,PM2.5,4.0,4.98,9.06435479815689
2021-08-19,Bor,PM2.5,4.0,4.61,10.168963440049534
2021-08-20,Bor,PM2.5,7.0,12.7,10.638747038366718
2021-08-21,Bor,PM2.5,5.0,4.56,10.36476425062443
2021-08-22,Bor,PM2.5,8.0,7.55,10.638747038366718
2021-08-23,Bor,PM2.5,21.0,16.4,14.796413604266354
2021-08-24,Bor,PM2.5,23.0,13.4,16.525084319694486
2021-08-25,Bor,PM2.5,20.0,9.98,14.69881216770962
2021-08-26,Bor,PM2.5,17.0,10.9,13.949053028504816
2021-08-27,Bor,PM2.5,25.0,15.4,16.920482135326523
2021-08-28,Bor,PM2.5,21.0,10.1,15.99738900303519
2021-08-29,Bor,PM2.5,10.0,6.45,10.719317952645572
2021-08-30,Bor,PM2.5,12.0,6.98,11.170183915257075
2021-08-31,Bor,PM2.5,14.0,9.94,12.721169750640456
2021-09-01,Bor,PM2.5,11.0,7.5,10.50188964002202
2021-09-02,Bor,PM2.5,13.0,7.94,11.155480275394655
2021-09-03,Bor,PM2.5,20.0,11.4,15.83984863157754
2021-09-04,Bor,PM2.5,13.0,9.08,13.214801902902105
2021-09-05,Bor,PM2.5,15.0,11.9,13.203963097210012
2021-09-06,Bor,PM2.5,11.0,13.2,11.175120484189138
2021-09-07,Bor,PM2.5,15.0,14.7,12.237252309606296
2021-09-08,Bor,PM2.5,13.0,14.3,11.23151439709238
2021-09-09,Bor,PM2.5,13.0,15.6,11.76684738697057
2021-09-10,Bor,PM2.5,18.0,12.5,14.656199786697789
2021-09-11,Bor,PM2.5,11.0,11.9,12.485177145831743
2021-09-12,Bor,PM2.5,14.0,11.8,13.447797992940698
2021-09-13,Bor,PM2.5,11.0,9.61,12.337632082367753
2021-09-14,Bor,PM2.5,16.0,10.0,14.203706550456133
2021-09-15,Bor,PM2.5,18.0,13.6,15.028131665361384
2021-09-16,Bor,PM2.5,16.0,12.6,14.239807094097042
2021-09-17,Bor,PM2.5,16.0,19.6,13.896461220058152
2021-09-18,Bor,PM2.5,15.0,9.13,11.734347614131776
2021-09-19,Bor,PM2.5,10.0,6.25,11.547331866061189
2021-09-20,Bor,PM2.5,18.0,12.8,14.33393994831652
2021-09-21,Bor,PM2.5,21.0,11.4,16.46601616212965
2021-09-22,Bor,PM2.5,25.0,11.4,16.858060407428056
2021-09-23,Bor,PM2.5,15.0,6.97,12.433674266773783
2021-09-24,Bor,PM2.5,15.0,8.49,13.519670184995748
2021-09-25,Bor,PM2.5,10.0,6.91,11.1291670666597
2021-09-26,Bor,PM2.5,9.0,9.08,11.5220211545217
2021-09-27,Bor,PM2.5,28.0,17.1,18.38492206520342
2021-09-28,Bor,PM2.5,37.0,24.1,22.900350372439178
2021-09-29,Bor,PM2.5,34.0,14.8,20.0806120035914
2021-09-30,Bor,PM2.5,37.0,20.1,23.38248573503011
2021-10-01,Bor,PM2.5,29.0,21.5,20.391203972989324
2021-10-02,Bor,PM2.5,30.0,20.8,20.95930962029235
2021-10-03,Bor,PM2.5,31.0,20.2,21.478333260759147
2021-10-04,Bor,PM2.5,30.0,18.5,21.77406518208711
2021-10-05,Bor,PM2.5,36.0,25.6,26.016364075939958
2021-10-06,Bor,PM2.5,36.0,20.5,25.32766258633809
2021-10-07,Bor,PM2.5,29.0,20.3,15.52256575280725
2021-10-08,Bor,PM2.5,29.0,21.9,15.48200068299414
2021-10-09,Bor,PM2.5,31.0,10.2,16.246153681984595
2021-10-10,Bor,PM2.5,44.0,20.9,25.71305208510413
2021-10-11,Bor,PM2.5,47.0,18.4,30.00145095116995
2021-10-12,Bor,PM2.5,43.0,7.26,27.839470761719337
2021-10-13,Bor,PM2.5,42.0,17.6,27.32004379241701
2021-10-14,Bor,PM2.5,31.0,12.5,19.25448918039377
2021-10-15,Bor,PM2.5,32.0,19.3,21.984057603148138
2021-10-16,Bor,PM2.5,32.0,9.19,23.99117584714398
2021-10-17,Bor,PM2.5,54.0,21.9,41.97174843015724
2021-10-18,Bor,PM2.5,39.0,22.3,32.955342772427194
2021-10-19,Bor,PM2.5,35.0,18.5,30.24882453674263
2021-10-20,Bor,PM2.5,42.0,23.0,34.16359988313308
2021-10-21,Bor,PM2.5,40.0,21.3,32.47237858042998
2021-10-22,Bor,PM2.5,40.0,16.3,32.17262035064534
2021-10-23,Bor,PM2.5,38.0,11.3,27.06812417252578
2021-10-24,Bor,PM2.5,30.0,10.3,24.23564599550572
2021-10-25,Bor,PM2.5,43.0,24.9,31.47064416298002
2021-10-26,Bor,PM2.5,38.0,22.2,29.822503036145505
2021-10-27,Bor,PM2.5,42.0,19.9,34.43862314408196
2021-10-28,Bor,PM2.5,40.0,21.7,33.28907528584615
2021-10-29,Bor,PM2.5,43.0,33.4,32.18961835997779
2021-10-30,Bor,PM2.5,52.0,36.0,39.612525223423134
2021-10-31,Bor,PM2.5,51.0,28.4,34.02580432900564
2021-11-01,Bor,PM2.5,53.0,26.1,39.71001072074411
2021-11-02,Bor,PM2.5,47.0,18.3,35.216875209954935
2021-11-03,Bor,PM2.5,40.0,17.3,31.969914305758756
2021-11-04,Bor,PM2.5,52.0,23.8,39.99144647226534
2021-11-05,Bor,PM2.5,46.0,20.3,36.454318005234406
2021-11-06,Bor,PM2.5,27.0,7.69,25.323088366645788
2021-11-07,Bor,PM2.5,55.0,23.1,45.43232313207197
2021-11-08,Bor,PM2.5,43.0,20.0,33.305649613949534
2021-11-10,Bor,PM2.5,38.0,18.9,29.10645028305062
2021-11-11,Bor,PM2.5,50.0,20.1,38.44280632557824
2021-11-12,Bor,PM2.5,50.0,21.1,41.43719046466786
2021-11-13,Bor,PM2.5,69.0,27.7,52.69829652471722
2021-11-14,Bor,PM2.5,64.0,26.2,48.02797001787827
2021-11-15,Bor,PM2.5,56.0,24.4,36.47280526187817
2021-11-16,Bor,PM2.5,60.0,34.7,35.99795915103827
2021-11-17,Bor,PM2.5,60.0,24.0,41.39366152386287
2021-11-18,Bor,PM2.5,47.0,18.6,37.82699105458455
2021-11-19,Bor,PM2.5,48.0,15.8,35.19191007518977
2021-11-20,Bor,PM2.5,40.0,11.9,29.31821601618676
2021-11-21,Bor,PM2.5,40.0,17.0,35.17075578915401
2021-11-22,Bor,PM2.5,36.0,20.8,30.97584270435494
2021-11-23,Bor,PM2.5,38.0,13.5,28.930504610345206
2021-11-24,Bor,PM2.5,51.0,21.0,41.60190242313895
2021-11-25,Bor,PM2.5,52.0,27.0,41.95942166710456
2021-11-26,Bor,PM2.5,64.0,28.9,43.934922873587446
2021-11-27,Bor,PM2.5,49.0,29.2,36.91527718261326
2021-11-28,Bor,PM2.5,63.0,31.5,45.68893365275789
2021-11-29,Bor,PM2.5,28.0,9.84,24.10352023980793
2021-11-30,Bor,PM2.5,27.0,11.4,18.90232294035969
2021-12-01,Bor,PM2.5,22.0,7.84,20.103824348301632
2021-12-02,Bor,PM2.5,18.0,13.4,23.777094400887417
2021-12-03,Bor,PM2.5,23.0,9.55,24.0068087321521
2021-12-04,Bor,PM2.5,29.0,17.4,31.65993665244205
2021-12-05,Bor,PM2.5,31.0,14.9,26.80183976688495
2021-12-06,Bor,PM2.5,28.0,11.9,26.099076183558196
2021-12-07,Bor,PM2.5,16.0,8.99,15.79438235257231
2021-12-08,Bor,PM2.5,42.0,15.8,28.2673090762724
2021-12-09,Bor,PM2.5,41.0,21.2,33.84180908667815
2021-12-10,Bor,PM2.5,40.0,19.7,33.03219965668245
2021-12-11,Bor,PM2.5,23.0,11.7,23.64443627777695
2021-12-12,Bor,PM2.5,15.0,3.13,15.16995157266582
2021-12-13,Bor,PM2.5,18.0,7.02,23.65360893828524
2021-12-14,Bor,PM2.5,31.0,15.4,30.194667290570425
2021-12-15,Bor,PM2.5,31.0,14.7,27.4197321022313
2021-12-16,Bor,PM2.5,29.0,14.4,25.777665091249307
2021-12-17,Bor,PM2.5,19.0,9.24,17.16542255658572
2021-12-18,Bor,PM2.5,20.0,9.65,20.01863326921452
2021-12-19,Bor,PM2.5,29.0,13.5,24.92523908592448
2021-12-20,Bor,PM2.5,18.0,7.39,17.346851393963618
2021-12-21,Bor,PM2.5,26.0,9.97,23.054435277804973
2021-12-22,Bor,PM2.5,46.0,18.8,46.392447133615896
2021-12-23,Bor,PM2.5,49.0,25.0,46.679757929945545
2021-12-24,Bor,PM2.5,35.0,20.9,28.36214634026334
2021-12-25,Bor,PM2.5,17.0,8.79,17.620402688062416
2021-12-26,Bor,PM2.5,36.0,17.5,29.93188236273724
2021-12-27,Bor,PM2.5,25.0,13.7,25.22079640788736
2021-12-28,Bor,PM2.5,54.0,21.7,47.0569630932506
2021-12-29,Bor,PM2.5,37.0,14.2,31.030614398645515
2021-12-30,Bor,PM2.5,27.0,11.4,30.60210717615386
2021-12-31,Bor,PM2.5,38.0,19.0,34.17095153775554
2022-01-01,Bor,PM2.5,33.0,13.8,28.111920697530184
2022-01-02,Bor,PM2.5,33.0,11.9,33.46694308960904
2022-01-03,Bor,PM2.5,28.0,12.6,29.993758299594976
2022-01-04,Bor,PM2.5,31.0,13.8,31.54746507306481
2022-01-05,Bor,PM2.5,25.0,13.6,27.95096224811955
2022-01-06,Bor,PM2.5,25.0,10.3,20.85850749169613
2022-01-07,Bor,PM2.5,26.0,15.1,25.22068754286306
2022-01-08,Bor,PM2.5,29.0,10.8,21.215060821571974
2022-01-09,Bor,PM2.5,58.0,23.2,44.13778006455969
2022-01-10,Bor,PM2.5,33.0,19.1,27.333648586072016
2022-01-11,Bor,PM2.5,33.0,16.7,27.805908007204977
2022-01-12,Bor,PM2.5,37.0,18.0,33.845572278039015
2022-01-13,Bor,PM2.5,44.0,22.6,36.47607542656602
2022-01-14,Bor,PM2.5,24.0,11.9,25.222976114714072
2022-01-15,Bor,PM2.5,35.0,17.3,28.858811773292267
2022-01-16,Bor,PM2.5,41.0,15.5,41.28152704252296
2022-01-17,Bor,PM2.5,21.0,10.5,18.24268482631173
2022-01-18,Bor,PM2.5,13.0,6.97,15.649702139249856
2022-01-19,Bor,PM2.5,37.0,14.1,34.75477520529761
2022-01-20,Bor,PM2.5,22.0,9.32,23.903071878534085
2022-01-21,Bor,PM2.5,16.0,6.91,16.797796561451918
2022-01-22,Bor,PM2.5,22.0,7.95,18.37589158812486
2022-01-23,Bor,PM2.5,27.0,12.5,21.95925739796453
2022-01-24,Bor,PM2.5,43.0,18.0,34.60364775417183
2022-01-25,Bor,PM2.5,37.0,19.1,32.34866847846036
2022-01-26,Bor,PM2.5,40.0,18.3,33.80511873341822
2022-01-27,Bor,PM2.5,36.0,14.6,27.51255076254679
2022-01-28,Bor,PM2.5,26.0,13.6,21.47295382126204
2022-01-29,Bor,PM2.5,27.0,10.2,19.74020090391864
2022-01-30,Bor,PM2.5,13.0,11.2,15.70432019827903
2022-01-31,Bor,PM2.5,23.0,11.1,23.872766894062803
2022-02-01,Bor,PM2.5,27.0,11.5,26.474898470436216
2022-02-02,Bor,PM2.5,28.0,16.3,24.25001144428592
2022-02-03,Bor,PM2.5,24.0,12.1,20.61538737048507
2022-02-04,Bor,PM2.5,43.0,17.8,40.013504760984965
2022-02-05,Bor,PM2.5,41.0,23.6,37.60572451291176
2022-02-06,Bor,PM2.5,25.0,12.4,27.95096224811955
2022-02-07,Bor,PM2.5,19.0,9.41,17.241456678283445
2022-02-08,Bor,PM2.5,13.0,7.74,17.2784048884197
2022-02-09,Bor,PM2.5,24.0,12.0,23.664046854552044
2022-02-10,Bor,PM2.5,35.0,12.3,34.85326615363192
2022-02-11,Bor,PM2.5,35.0,18.7,34.74108333448501
2022-02-12,Bor,PM2.5,23.0,11.7,23.872766894062803
2022-02-13,Bor,PM2.5,34.0,18.2,22.63529781793104
2022-02-14,Bor,PM2.5,42.0,20.9,33.56593735069323
2022-02-15,Bor,PM2.5,55.0,25.5,47.4293410223982
2022-02-16,Bor,PM2.5,60.0,33.1,43.58018189028982
2022-02-17,Bor,PM2.5,28.0,20.8,29.993758299594976
2022-02-18,Bor,PM2.5,16.0,5.45,16.313335285088673
2022-02-19,Bor,PM2.5,26.0,11.9,29.76468566443062
2022-02-20,Bor,PM2.5,30.0,11.1,27.70443456165648
2022-02-21,Bor,PM2.5,31.0,14.8,27.70443456165648
2022-02-22,Bor,PM2.5,17.0,8.37,17.171777786209564
2022-02-23,Bor,PM2.5,21.0,14.3,21.712133447169226
2022-02-24,Bor,PM2.5,18.0,8.88,27.28207913377188
2022-02-25,Bor,PM2.5,31.0,15.7,31.44065548553971
2022-02-26,Bor,PM2.5,39.0,23.5,30.978815223739588
2022-02-27,Bor,PM2.5,27.0,13.0,17.39088023308988
2022-02-28,Bor,PM2.5,31.0,10.7,27.12965307092295
2022-03-01,Bor,PM2.5,34.0,14.9,32.15429849269592
2022-03-02,Bor,PM2.5,32.0,18.7,25.402706627098382
2022-03-03,Bor,PM2.5,45.0,23.1,31.581174765130363
2022-03-04,Bor,PM2.5,51.0,26.4,39.54995351616287
2022-03-05,Bor,PM2.5,53.0,29.9,38.47535751021426
2022-03-06,Bor,PM2.5,35.0,19.3,21.16738279335787
2022-03-07,Bor,PM2.5,35.0,15.0,30.174670569792926
2022-03-08,Bor,PM2.5,47.0,27.4,35.74208208503085
2022-03-09,Bor,PM2.5,37.0,19.7,27.61196541618557
2022-03-10,Bor,PM2.5,37.0,16.0,32.23269520500027
2022-03-11,Bor,PM2.5,30.0,15.9,25.531617873733563
2022-03-12,Bor,PM2.5,40.0,20.2,36.5271098603361
2022-03-13,Bor,PM2.5,40.0,14.2,35.812857826978934
2022-03-14,Bor,PM2.5,46.0,22.2,38.86181959601834
2022-03-15,Bor,PM2.5,38.0,18.0,32.356323549151874
2022-03-16,Bor,PM2.5,56.0,29.1,40.31103941693781
2022-03-17,Bor,PM2.5,41.0,19.4,28.68642923770853
2022-03-18,Bor,PM2.5,36.0,22.3,28.08395927483556
2022-03-19,Bor,PM2.5,42.0,23.7,34.622013216558805
2022-03-20,Bor,PM2.5,39.0,20.3,30.580008740125976
2022-03-21,Bor,PM2.5,45.0,25.6,36.2082027056298
2022-03-22,Bor,PM2.5,40.0,26.2,32.97126181871395
2022-03-23,Bor,PM2.5,25.0,16.2,26.135440755381644
2022-03-24,Bor,PM2.5,31.0,18.2,23.272447769901795
2022-03-25,Bor,PM2.5,26.0,19.2,21.29513493367277
2022-03-26,Bor,PM2.5,34.0,20.1,29.527525837950712
2022-03-27,Bor,PM2.5,24.0,13.0,21.461058788869025
2022-03-28,Bor,PM2.5,33.0,21.4,29.602905864871214
2022-03-29,Bor,PM2.5,53.0,32.8,41.40167670073409
2022-03-30,Bor,PM2.5,28.0,25.2,23.172215730893363
2022-03-31,Bor,PM2.5,22.0,22.1,20.563396103410252
2022-04-01,Bor,PM2.5,15.0,14.8,15.69345802811659
2022-04-02,Bor,PM2.5,11.0,3.74,14.130195740349809
2022-04-03,Bor,PM2.5,26.0,11.5,19.1601501977494
2022-04-04,Bor,PM2.5,32.0,15.0,27.045735706188008
2022-04-05,Bor,PM2.5,25.0,11.9,23.58617448759873
2022-04-06,Bor,PM2.5,21.0,14.1,21.73325682778099
2022-04-07,Bor,PM2.5,29.0,14.2,21.63067421244508
2022-04-08,Bor,PM2.5,13.0,7.11,17.083541322034538
2022-04-09,Bor,PM2.5,14.0,8.72,15.23742018891094
2022-04-10,Bor,PM2.5,17.0,8.92,14.726396680937416
2022-04-11,Bor,PM2.5,18.0,9.2,16.744367875439657
2022-04-12,Bor,PM2.5,17.0,9.19,20.4271699701393
2022-04-13,Bor,PM2.5,13.0,10.5,19.54926382850612
2022-04-14,Bor,PM2.5,20.0,13.0,21.502046357912185
2022-04-15,Bor,PM2.5,17.0,13.7,19.98629082784332
2022-04-16,Bor,PM2.5,24.0,13.1,17.146868429156864
2022-04-17,Bor,PM2.5,19.0,11.9,15.32380378813428
2022-04-18,Bor,PM2.5,15.0,8.12,15.645047038390397
2022-04-19,Bor,PM2.5,22.0,9.56,17.755729716624465
2022-04-20,Bor,PM2.5,33.0,12.2,21.1743447855554
2022-04-21,Bor,PM2.5,28.0,15.4,21.46281302162833
2022-04-22,Bor,PM2.5,28.0,17.8,17.911226522681233
2022-04-23,Bor,PM2.5,21.0,7.31,16.81197030958106
2022-04-24,Bor,PM2.5,21.0,8.61,16.742725869901424
2022-04-25,Bor,PM2.5,10.0,4.66,11.930246829200492
2022-04-26,Bor,PM2.5,15.0,8.17,14.506390588456895
2022-04-27,Bor,PM2.5,19.0,6.83,16.20941842631731
2022-04-28,Bor,PM2.5,23.0,9.29,16.317057106848527
2022-04-29,Bor,PM2.5,25.0,8.25,18.753233923674163
2022-04-30,Bor,PM2.5,25.0,10.4,17.64782423672812
2022-05-01,Bor,PM2.5,20.0,16.4,14.017312774931296
2022-05-02,Bor,PM2.5,19.0,10.6,13.63182556426504
2022-05-03,Bor,PM2.5,20.0,8.84,14.80049064027557
2022-05-04,Bor,PM2.5,21.0,8.37,15.990223096754717
2022-05-05,Bor,PM2.5,22.0,10.4,15.98366194049082
2022-05-06,Bor,PM2.5,24.0,14.5,15.87119393490236
2022-05-07,Bor,PM2.5,20.0,12.8,14.217996978445514
2022-05-08,Bor,PM2.5,18.0,9.87,13.628415109319183
2022-05-09,Bor,PM2.5,14.0,8.99,13.369660749315903
2022-05-10,Bor,PM2.5,20.0,8.43,15.485642428208708
2022-05-11,Bor,PM2.5,19.0,7.91,14.803885986998765
2022-05-12,Bor,PM2.5,18.0,9.93,14.449082968668517
2022-05-13,Bor,PM2.5,22.0,14.1,15.509703012739212
2022-05-14,Bor,PM2.5,17.0,8.36,12.741617435445267
2022-05-15,Bor,PM2.5,14.0,6.2,12.489338929306363
2022-05-16,Bor,PM2.5,13.0,7.27,12.599688713306662
2022-05-17,Bor,PM2.5,16.0,9.27,13.6246939045016
2022-05-18,Bor,PM2.5,14.0,7.97,10.737298682935233
2022-05-19,Bor,PM2.5,15.0,4.93,14.017098395197518
2022-05-20,Bor,PM2.5,10.0,4.28,11.115828232832316
2022-05-21,Bor,PM2.5,15.0,6.64,12.3304214258854
2022-05-22,Bor,PM2.5,13.0,4.36,11.25356755876148
2022-05-23,Bor,PM2.5,8.0,4.98,9.998179523544907
2022-05-24,Bor,PM2.5,13.0,10.6,12.155627848837916
2022-05-25,Bor,PM2.5,21.0,14.1,15.326093456372645
2022-05-26,Bor,PM2.5,16.0,8.57,12.72784177830636
2022-05-27,Bor,PM2.5,13.0,7.04,12.599688713306662
2022-05-28,Bor,PM2.5,14.0,8.6,12.237041283404382
2022-05-29,Bor,PM2.5,20.0,8.33,15.101800536162136
2022-05-30,Bor,PM2.5,15.0,9.21,13.199610869121756
2022-05-31,Bor,PM2.5,23.0,10.6,17.179542251495317
2022-06-01,Bor,PM2.5,19.0,10.6,14.75431977071852
2022-06-02,Bor,PM2.5,20.0,10.2,15.139806981384776
2022-06-03,Bor,PM2.5,24.0,12.2,16.525084319694486
2022-06-04,Bor,PM2.5,26.0,12.5,16.720838901298155
2022-06-05,Bor,PM2.5,20.0,8.89,14.871887363237622
2022-06-06,Bor,PM2.5,19.0,12.3,13.931382727152432
2022-06-07,Bor,PM2.5,15.0,15.3,12.01123261345648
2022-06-08,Bor,PM2.5,13.0,9.96,11.642661052207108
2022-06-09,Bor,PM2.5,11.0,11.7,11.20428056544432
2022-06-10,Bor,PM2.5,16.0,7.22,12.1031993221145
2022-06-11,Bor,PM2.5,20.0,7.54,14.121069127243793
2022-06-12,Bor,PM2.5,22.0,9.26,14.24139617884742
2022-06-13,Bor,PM2.5,19.0,9.48,14.078927790616426
2022-06-14,Bor,PM2.5,13.0,6.69,11.040219144670328
2022-06-15,Bor,PM2.5,20.0,7.33,15.019432426701616
2022-06-16,Bor,PM2.5,13.0,8.25,12.488173660601865
2022-06-17,Bor,PM2.5,16.0,9.91,13.365633788332806
2022-06-18,Bor,PM2.5,12.0,6.26,11.796022474382688
2022-06-19,Bor,PM2.5,10.0,6.02,10.660967306088626
2022-06-20,Bor,PM2.5,9.0,5.79,10.795392912221455
2022-06-21,Bor,PM2.5,15.0,8.3,11.975168120553905
2022-06-22,Bor,PM2.5,12.0,5.87,11.046715411651444
2022-06-23,Bor,PM2.5,15.0,7.81,12.118118240065732
2022-06-24,Bor,PM2.5,14.0,7.11,12.721169750640456
2022-06-25,Bor,PM2.5,15.0,11.4,12.263704890830324
2022-06-26,Bor,PM2.5,16.0,8.26,12.994225919280442
2022-06-27,Bor,PM2.5,21.0,10.2,15.518562514717573
2022-06-28,Bor,PM2.5,21.0,11.3,15.25188681790555
2022-06-29,Bor,PM2.5,15.0,11.1,12.41268435738249
2022-06-30,Bor,PM2.5,17.0,10.1,13.37444918151759
2022-07-01,Bor,PM2.5,19.0,10.8,14.394681847458468
2022-07-02,Bor,PM2.5,27.0,15.1,16.358491609672374
2022-07-03,Bor,PM2.5,26.0,13.5,16.468728258898665
2022-07-04,Bor,PM2.5,33.0,17.1,19.334224026170705
2022-07-05,Bor,PM2.5,26.0,15.7,16.29773548947643
2022-07-06,Bor,PM2.5,19.0,8.94,12.698913295235108
2022-07-07,Bor,PM2.5,13.0,5.56,11.351355917244236
2022-07-08,Bor,PM2.5,18.0,8.95,13.565047593342078
2022-07-09,Bor,PM2.5,23.0,10.7,15.60057846288378
2022-07-10,Bor,PM2.5,10.0,5.2,9.352457539936168
2022-07-11,Bor,PM2.5,8.0,3.46,8.412710503392324
2022-07-12,Bor,PM2.5,12.0,3.85,10.966282790997264
2022-07-13,Bor,PM2.5,12.0,3.68,10.966282790997264
2022-07-14,Bor,PM2.5,9.0,3.74,10.183495416395472
2022-07-15,Bor,PM2.5,13.0,10.3,12.28427253634205
2022-07-16,Bor,PM2.5,11.0,5.69,10.95287342350363
2022-07-17,Bor,PM2.5,12.0,5.08,10.966282790997264
2022-07-18,Bor,PM2.5,9.0,6.21,10.183495416395472
2022-07-19,Bor,PM2.5,14.0,9.17,12.369723562916649
2022-07-20,Bor,PM2.5,15.0,9.99,12.616779604688848
2022-07-21,Bor,PM2.5,15.0,8.52,11.807331489196669
2022-07-22,Bor,PM2.5,19.0,11.7,14.430044091775546
2022-07-23,Bor,PM2.5,25.0,13.9,16.468728258898665
2022-07-24,Bor,PM2.5,25.0,11.8,15.756717253904302
2022-07-25,Bor,PM2.5,23.0,8.47,16.433366014581587
2022-07-26,Bor,PM2.5,21.0,9.4,15.1942868357746
2022-07-27,Bor,PM2.5,19.0,7.56,13.620595976283363
2022-07-28,Bor,PM2.5,15.0,9.27,12.145319612895577
2022-07-29,Bor,PM2.5,29.0,12.7,16.5073421133417
2022-07-30,Bor,PM2.5,26.0,11.7,15.653922393066496
2022-07-31,Bor,PM2.5,16.0,7.52,12.035285558796955
2022-08-01,Bor,PM2.5,8.0,4.25,9.328690376724111
2022-08-02,Bor,PM2.5,7.0,3.3,9.886664470840108
2022-08-03,Bor,PM2.5,11.0,6.12,11.758548903531503
2022-08-04,Bor,PM2.5,13.0,7.61,12.488173660601865
2022-08-05,Bor,PM2.5,14.0,8.9,12.721169750640456
2022-08-06,Bor,PM2.5,15.0,9.26,12.82068072894866
2022-08-07,Bor,PM2.5,21.0,9.79,15.106317099970036
2022-08-08,Bor,PM2.5,19.0,10.7,13.996106367364725
2022-08-09,Bor,PM2.5,17.0,8.19,13.572169858074355
2022-08-10,Bor,PM2.5,25.0,11.8,16.64545887437765
2022-08-11,Bor,PM2.5,20.0,10.4,14.911202897255556
2022-08-12,Bor,PM2.5,16.0,9.48,13.16983297775791
2022-08-13,Bor,PM2.5,19.0,9.81,14.37743660028806
2022-08-14,Bor,PM2.5,28.0,11.7,16.564222183748754
2022-08-15,Bor,PM2.5,24.0,11.2,16.385007566275466
2022-08-16,Bor,PM2.5,17.0,9.62,13.37444918151759
2022-08-17,Bor,PM2.5,14.0,8.19,12.075164927419436
2022-08-18,Bor,PM2.5,13.0,8.24,12.340628597137869
2022-08-19,Bor,PM2.5,17.0,12.3,13.940159044383076
2022-08-20,Bor,PM2.5,22.0,15.3,14.99413428082312
2022-08-21,Bor,PM2.5,21.0,13.7,14.695625471151484
2022-08-22,Bor,PM2.5,18.0,11.9,14.072757908376444
2022-08-23,Bor,PM2.5,14.0,9.5,12.276388974447809
2022-08-24,Bor,PM2.5,17.0,9.93,14.299456316374204
2022-08-25,Bor,PM2.5,16.0,14.1,13.909278916014337
2022-08-26,Bor,PM2.5,20.0,14.7,14.98336793379904
2022-08-27,Bor,PM2.5,27.0,16.9,16.636564890255904
2022-08-28,Bor,PM2.5,27.0,16.2,16.636564890255904
2022-08-29,Bor,PM2.5,15.0,8.23,12.193498266986245
2022-08-30,Bor,PM2.5,20.0,10.5,15.379467998016576
2022-08-31,Bor,PM2.5,22.0,12.9,14.843170534615478
2022-09-01,Bor,PM2.5,31.0,17.2,17.70508917262667
2022-09-02,Bor,PM2.5,10.0,7.33,11.250798401918033
2022-09-03,Bor,PM2.5,15.0,7.28,13.870541750337456
2022-09-04,Bor,PM2.5,16.0,10.8,14.52372433916766
2022-09-05,Bor,PM2.5,14.0,8.48,14.194039568726613
2022-09-06,Bor,PM2.5,14.0,9.89,13.715213080408994
2022-09-07,Bor,PM2.5,18.0,11.0,15.810437734049874
2022-09-08,Bor,PM2.5,20.0,11.4,16.308458919776236
2022-09-09,Bor,PM2.5,21.0,13.3,16.520214017966705
2022-09-10,Bor,PM2.5,19.0,11.1,14.805556032916666
2022-09-11,Bor,PM2.5,8.0,4.03,10.91677229351122
2022-09-12,Bor,PM2.5,11.0,5.5,11.157597184583372
2022-09-13,Bor,PM2.5,9.0,5.14,10.748198070539573
2022-09-14,Bor,PM2.5,8.0,5.0,11.02202940662807
2022-09-15,Bor,PM2.5,7.0,7.12,10.55592716517478
2022-09-16,Bor,PM2.5,8.0,6.45,10.71937045744594
2022-09-17,Bor,PM2.5,15.0,6.27,13.13216133111891
2022-09-18,Bor,PM2.5,7.0,2.37,9.5786554791167
2022-09-19,Bor,PM2.5,7.0,3.06,10.405254823007487
2022-09-20,Bor,PM2.5,7.0,3.69,10.653976512204796
2022-09-21,Bor,PM2.5,13.0,6.11,12.58053762056945
2022-09-22,Bor,PM2.5,12.0,6.86,12.713835701585122
2022-09-23,Bor,PM2.5,12.0,5.36,12.744795688782006
2022-09-24,Bor,PM2.5,19.0,8.09,16.37009604495916
2022-09-25,Bor,PM2.5,20.0,9.75,16.727928481723456
2022-09-26,Bor,PM2.5,25.0,11.5,16.530031791049282
2022-09-27,Bor,PM2.5,19.0,10.8,14.947310143104314
2022-09-28,Bor,PM2.5,12.0,7.14,13.627733878441434
2022-09-29,Bor,PM2.5,13.0,9.54,12.818185172094116
2022-09-30,Bor,PM2.5,12.0,8.28,13.30546131605028
2022-10-01,Bor,PM2.5,15.0,10.1,15.263031670254447
2022-10-02,Bor,PM2.5,8.0,3.41,10.970332276377896
2022-10-03,Bor,PM2.5,10.0,3.53,12.054449228401936
2022-10-04,Bor,PM2.5,11.0,5.3,13.158508361091718
2022-10-05,Bor,PM2.5,13.0,7.03,17.039849003667737
2022-10-06,Bor,PM2.5,14.0,8.12,17.125804560921196
2022-10-07,Bor,PM2.5,22.0,12.0,19.80231823963629
2022-10-08,Bor,PM2.5,24.0,14.2,20.575916464733098
2022-10-09,Bor,PM2.5,31.0,17.2,23.102104893123222
2022-10-10,Bor,PM2.5,31.0,20.4,20.989873189845987
2022-10-11,Bor,PM2.5,31.0,17.3,20.999159095102574
2022-10-12,Bor,PM2.5,40.0,21.5,30.418358692185645
2022-10-13,Bor,PM2.5,38.0,23.4,28.513774925427168
2022-10-14,Bor,PM2.5,30.0,18.4,22.18841202385214
2022-10-15,Bor,PM2.5,24.0,12.5,22.937722278337738
2022-10-16,Bor,PM2.5,32.0,13.2,28.106705165566776
2022-10-17,Bor,PM2.5,39.0,17.6,32.41142282886287
2022-10-18,Bor,PM2.5,34.0,19.6,27.870524889195156
2022-10-19,Bor,PM2.5,33.0,16.7,26.10837615864233
2022-10-20,Bor,PM2.5,22.0,14.7,21.388257594264815
2022-10-21,Bor,PM2.5,27.0,13.1,24.98087646039645
2022-10-22,Bor,PM2.5,36.0,17.8,30.583445035289248
2022-10-23,Bor,PM2.5,14.0,5.32,18.23869274421796
2022-10-24,Bor,PM2.5,26.0,11.2,23.680292485832155
2022-10-25,Bor,PM2.5,19.0,14.0,21.42857074434014
2022-10-26,Bor,PM2.5,16.0,8.07,21.4260547180288
2022-10-27,Bor,PM2.5,14.0,7.73,19.370216846227358
2022-10-28,Bor,PM2.5,26.0,13.1,23.9153819998489
2022-10-29,Bor,PM2.5,20.0,14.1,23.171771591658786
2022-10-30,Bor,PM2.5,15.0,7.79,19.52105499192103
2022-10-31,Bor,PM2.5,18.0,12.0,21.68713012017925
2022-11-01,Bor,PM2.5,24.0,15.5,26.24424274482688
2022-11-02,Bor,PM2.5,20.0,16.0,23.13908088638524
2022-11-03,Bor,PM2.5,31.0,22.2,28.55427132257497
2022-11-04,Bor,PM2.5,46.0,28.0,36.6279663862836
2022-11-05,Bor,PM2.5,55.0,33.5,40.88887640709071
2022-11-06,Bor,PM2.5,48.0,29.2,33.79054446163443
2022-11-07,Bor,PM2.5,35.0,20.7,28.167590558953236
2022-11-08,Bor,PM2.5,28.0,13.6,26.18409299828166
2022-11-09,Bor,PM2.5,39.0,21.8,35.09859075261053
2022-11-10,Bor,PM2.5,47.0,31.2,40.82137519367416
2022-11-11,Bor,PM2.5,31.0,16.6,24.41698462456555
2022-11-12,Bor,PM2.5,31.0,20.3,24.998549761764792
2022-11-13,Bor,PM2.5,40.0,19.5,34.49596155657612
2022-11-14,Bor,PM2.5,37.0,19.2,33.845661042696975
2022-11-15,Bor,PM2.5,21.0,11.2,24.98120649018309
2022-11-16,Bor,PM2.5,27.0,17.7,26.05867621678561
2022-11-17,Bor,PM2.5,22.0,9.0,23.521397774407845
2022-11-18,Bor,PM2.5,28.0,15.2,25.845078619575517
2022-11-19,Bor,PM2.5,16.0,6.75,19.935377938345116
2022-11-20,Bor,PM2.5,24.0,8.78,24.433466743156742
2022-11-21,Bor,PM2.5,16.0,6.15,17.210301933312113
2022-11-22,Bor,PM2.5,25.0,11.4,23.7928648243233
2022-11-23,Bor,PM2.5,36.0,17.7,29.25401700998343
2022-11-24,Bor,PM2.5,11.0,5.62,16.45320800612405
2022-11-25,Bor,PM2.5,21.0,11.1,19.551235041628697
2022-11-26,Bor,PM2.5,21.0,9.53,26.31031904319926
2022-11-27,Bor,PM2.5,39.0,19.3,32.37581185572118
2022-11-28,Bor,PM2.5,34.0,16.6,22.839841726256005
2022-11-29,Bor,PM2.5,31.0,17.7,22.025339253216572
2022-11-30,Bor,PM2.5,13.0,4.64,15.456525390385949
2022-12-01,Bor,PM2.5,17.0,7.85,16.50770087783601
2022-12-02,Bor,PM2.5,19.0,12.1,23.90262566219188
2022-12-03,Bor,PM2.5,19.0,8.79,23.560774335266924
2022-12-04,Bor,PM2.5,14.0,4.25,15.438917862114833
2022-12-05,Bor,PM2.5,16.0,6.06,20.9750017914363
2022-12-06,Bor,PM2.5,27.0,11.6,26.014838411924128
2022-12-07,Bor,PM2.5,30.0,13.7,26.949384830348944
2022-12-08,Bor,PM2.5,30.0,13.9,26.914022586031862
2022-12-09,Bor,PM2.5,26.0,13.2,26.715064017746872
2022-12-10,Bor,PM2.5,31.0,18.8,26.55165013165672
2022-12-11,Bor,PM2.5,17.0,8.58,17.57405885914749
2022-12-12,Bor,PM2.5,22.0,13.0,26.9536179563753
2022-12-13,Bor,PM2.5,34.0,21.5,36.94984786741728
2022-12-14,Bor,PM2.5,35.0,20.2,24.93447909929383
2022-12-15,Bor,PM2.5,52.0,24.7,39.03363626595648
2022-12-16,Bor,PM2.5,70.0,46.1,49.95972892856378
2022-12-17,Bor,PM2.5,34.0,20.0,27.63137054291988
2022-12-18,Bor,PM2.5,38.0,21.1,30.93107119955629
2022-12-19,Bor,PM2.5,46.0,30.2,43.03275409690425
2022-12-20,Bor,PM2.5,46.0,27.4,39.12969231695458
2022-12-21,Bor,PM2.5,69.0,40.3,58.87094207727048
2022-12-22,Bor,PM2.5,51.0,27.2,44.69141416951297
2022-12-23,Bor,PM2.5,34.0,12.1,33.46694308960904
2022-12-24,Bor,PM2.5,40.0,22.8,31.59858734750756
2022-12-25,Bor,PM2.5,26.0,8.34,29.999477980119455
2022-12-26,Bor,PM2.5,37.0,13.1,36.82298996992408
2022-12-27,Bor,PM2.5,21.0,11.2,23.13543152059772
2022-12-28,Bor,PM2.5,27.0,13.8,30.327083915204987
2022-12-29,Bor,PM2.5,52.0,23.8,47.0569630932506
2022-12-30,Bor,PM2.5,42.0,14.7,39.04256023029239
2022-12-31,Bor,PM2.5,42.0,16.0,39.04256023029239
2023-01-01,Bor,PM2.5,39.0,12.1,38.11272247206405
2023-01-02,Bor,PM2.5,39.0,13.3,38.11272247206405
2023-01-03,Bor,PM2.5,30.0,12.6,30.30074503487601
2023-01-04,Bor,PM2.5,28.0,10.9,31.132687483328155
2023-01-05,Bor,PM2.5,25.0,12.4,28.51869746946133
2023-01-06,Bor,PM2.5,21.0,8.14,19.41698006905875
2023-01-07,Bor,PM2.5,31.0,10.5,32.35024203380644
2023-01-08,Bor,PM2.5,58.0,25.3,50.99020981940205
2023-01-09,Bor,PM2.5,49.0,39.2,35.59899754811956
2023-01-10,Bor,PM2.5,28.0,10.6,24.091046503786167
2023-01-11,Bor,PM2.5,27.0,10.5,25.764648776695896
2023-01-12,Bor,PM2.5,27.0,7.37,26.16238347538812
2023-01-13,Bor,PM2.5,45.0,21.3,35.77725361880145
2023-01-14,Bor,PM2.5,31.0,18.2,32.35024203380644
2023-01-15,Bor,PM2.5,45.0,24.9,40.75024915332253
2023-01-16,Bor,PM2.5,42.0,21.6,33.997399659227845
2023-01-17,Bor,PM2.5,45.0,23.0,34.47244044431756
2023-01-18,Bor,PM2.5,18.0,10.9,18.47729764859897
2023-01-19,Bor,PM2.5,23.0,16.7,23.64443627777695
2023-01-20,Bor,PM2.5,17.0,8.68,19.81183126853382
2023-01-21,Bor,PM2.5,33.0,15.6,27.28285333481132
2023-01-22,Bor,PM2.5,38.0,18.2,32.581504923659736
2023-01-23,Bor,PM2.5,13.0,5.51,14.874820930472138
2023-01-24,Bor,PM2.5,20.0,8.39,18.267985643454168
2023-01-25,Bor,PM2.5,25.0,11.2,23.320315860257644
2023-01-26,Bor,PM2.5,28.0,14.0,20.18762686837829
2023-01-27,Bor,PM2.5,22.0,8.36,24.914934453085177
2023-01-28,Bor,PM2.5,20.0,8.75,22.955287289556
2023-01-29,Bor,PM2.5,26.0,13.9,22.23119741770456
2023-01-30,Bor,PM2.5,34.0,16.5,32.201505285724174
2023-01-31,Bor,PM2.5,21.0,11.4,18.51770808726061
2023-02-01,Bor,PM2.5,20.0,9.98,20.383485508687315
2023-02-02,Bor,PM2.5,17.0,7.33,17.16567297282749
2023-02-03,Bor,PM2.5,17.0,7.43,16.74031547767495
2023-02-04,Bor,PM2.5,9.0,5.42,13.099485721529089
2023-02-05,Bor,PM2.5,15.0,7.2,14.317840028012505
2023-02-06,Bor,PM2.5,24.0,15.2,29.49654225518736
2023-02-07,Bor,PM2.5,32.0,19.5,33.403759857854986
2023-02-08,Bor,PM2.5,42.0,25.2,29.63235841247077
2023-02-09,Bor,PM2.5,33.0,22.7,28.805074699273167
2023-02-10,Bor,PM2.5,40.0,22.6,39.76240320706387
2023-02-11,Bor,PM2.5,43.0,25.5,37.17406032038893
2023-02-12,Bor,PM2.5,59.0,40.3,41.15464580683151
2023-02-13,Bor,PM2.5,48.0,26.8,41.821635732109385
2023-02-14,Bor,PM2.5,35.0,21.6,28.20537490721859
2023-02-15,Bor,PM2.5,44.0,25.2,36.08440396257039
2023-02-16,Bor,PM2.5,50.0,20.3,44.10413388662902
2023-02-17,Bor,PM2.5,37.0,20.6,31.303375922525504
2023-02-18,Bor,PM2.5,24.0,15.2,23.872766894062803
2023-02-19,Bor,PM2.5,28.0,14.5,25.0059763972715
2023-02-20,Bor,PM2.5,21.0,9.38,19.037466366990152
2023-02-21,Bor,PM2.5,19.0,12.2,21.834082726939695
2023-02-22,Bor,PM2.5,20.0,8.97,26.297765291662703
2023-02-23,Bor,PM2.5,30.0,17.6,30.40853588933163
2023-02-24,Bor,PM2.5,40.0,22.6,32.99539686445605
2023-02-25,Bor,PM2.5,27.0,17.8,23.51034504321956
2023-02-26,Bor,PM2.5,18.0,11.1,26.75482996465798
2023-02-27,Bor,PM2.5,24.0,12.4,24.0068087321521
2023-02-28,Bor,PM2.5,20.0,11.5,24.422435073029213
2023-03-01,Bor,PM2.5,25.0,12.8,21.06096210364756
2023-03-02,Bor,PM2.5,40.0,18.5,25.828857551142413
2023-03-03,Bor,PM2.5,49.0,27.4,35.29044094546189
2023-03-04,Bor,PM2.5,38.0,22.4,30.667937860507312
2023-03-05,Bor,PM2.5,33.0,19.5,24.76260004316235
2023-03-06,Bor,PM2.5,32.0,18.5,29.064927166364097
2023-03-07,Bor,PM2.5,28.0,10.6,25.31116588120078
2023-03-08,Bor,PM2.5,13.0,8.51,17.22027991421142
2023-03-09,Bor,PM2.5,11.0,7.06,17.181081552789287
2023-03-10,Bor,PM2.5,30.0,13.3,25.236624045512727
2023-03-11,Bor,PM2.5,10.0,6.22,14.955733153885191
2023-03-12,Bor,PM2.5,18.0,9.54,18.371061934409724
2023-03-13,Bor,PM2.5,26.0,12.8,26.207605791925133
2023-03-14,Bor,PM2.5,32.0,19.7,27.86134748510364
2023-03-15,Bor,PM2.5,27.0,18.1,24.116862363232944
2023-03-16,Bor,PM2.5,10.0,8.64,12.951038858494126
2023-03-17,Bor,PM2.5,26.0,9.07,25.315580299026436
2023-03-18,Bor,PM2.5,28.0,16.3,25.52709187882276
2023-03-19,Bor,PM2.5,30.0,15.8,27.73603054957023
2023-03-20,Bor,PM2.5,30.0,17.6,27.305099376340536
2023-03-21,Bor,PM2.5,26.0,17.0,24.5433622106784
2023-03-22,Bor,PM2.5,36.0,20.9,28.979965539546924
2023-03-23,Bor,PM2.5,36.0,23.4,32.584989286507295
2023-03-24,Bor,PM2.5,31.0,19.9,27.305099376340536
2023-03-25,Bor,PM2.5,21.0,11.5,23.048476664709625
2023-03-26,Bor,PM2.5,14.0,6.88,18.449167723782097
2023-03-27,Bor,PM2.5,13.0,7.2,16.46508845823643
2023-03-28,Bor,PM2.5,18.0,7.71,15.538432053972336
2023-03-29,Bor,PM2.5,15.0,6.94,16.778140625696942
2023-03-30,Bor,PM2.5,22.0,11.8,23.737659295531515
2023-03-31,Bor,PM2.5,25.0,12.1,24.0161130415645
2023-04-01,Bor,PM2.5,14.0,9.78,15.43336527003353
2023-04-02,Bor,PM2.5,11.0,5.05,15.747671974954862
2023-04-03,Bor,PM2.5,18.0,10.2,17.797567748353018
2023-04-04,Bor,PM2.5,11.0,5.43,14.366276769384646
2023-04-05,Bor,PM2.5,18.0,8.84,17.10011199150352
2023-04-06,Bor,PM2.5,30.0,18.7,22.01924434760644
2023-04-07,Bor,PM2.5,44.0,28.0,29.82289370112582
2023-04-08,Bor,PM2.5,49.0,32.0,34.345623030369
2023-04-09,Bor,PM2.5,48.0,31.5,32.569208028295634
2023-04-10,Bor,PM2.5,30.0,21.0,23.460059627050533
2023-04-11,Bor,PM2.5,23.0,16.5,19.9595950217251
2023-04-12,Bor,PM2.5,12.0,6.98,14.655230557739973
2023-04-13,Bor,PM2.5,11.0,10.1,17.631019099691464
2023-04-14,Bor,PM2.5,14.0,8.96,16.268107657365643
2023-04-15,Bor,PM2.5,8.0,5.13,14.29589241871034
2023-04-16,Bor,PM2.5,12.0,7.58,13.291566376707944
2023-04-17,Bor,PM2.5,16.0,7.99,12.831298614014305
2023-04-18,Bor,PM2.5,20.0,10.2,15.832759502406171
2023-04-19,Bor,PM2.5,26.0,15.3,18.48702830372158
2023-04-20,Bor,PM2.5,24.0,14.5,18.177373351857486
2023-04-21,Bor,PM2.5,19.0,12.8,15.644417839694231
2023-04-22,Bor,PM2.5,21.0,12.0,17.249454393583648
2023-04-23,Bor,PM2.5,19.0,12.5,16.54882480370873
2023-04-24,Bor,PM2.5,27.0,16.5,18.07784194357206
2023-04-25,Bor,PM2.5,17.0,9.06,14.83011568280332
2023-04-26,Bor,PM2.5,18.0,8.77,14.021976926284172
2023-04-27,Bor,PM2.5,16.0,7.37,13.309686476717555
2023-04-28,Bor,PM2.5,15.0,6.89,16.261544739661353
2023-04-29,Bor,PM2.5,20.0,11.7,17.091142983095573
2023-04-30,Bor,PM2.5,17.0,10.6,16.24490579020113
2023-05-01,Bor,PM2.5,14.0,9.42,13.054776405631582
2023-05-02,Bor,PM2.5,14.0,11.9,11.38473028741372
2023-05-03,Bor,PM2.5,15.0,12.6,11.97207532399399
2023-05-04,Bor,PM2.5,20.0,12.1,15.633762614443729
2023-05-05,Bor,PM2.5,22.0,14.9,16.64800987304655
2023-05-06,Bor,PM2.5,19.0,9.87,14.462173386307882
2023-05-07,Bor,PM2.5,16.0,9.2,13.346549988413686
2023-05-08,Bor,PM2.5,20.0,14.3,15.611718054001276
2023-05-09,Bor,PM2.5,13.0,7.7,11.55265935691916
2023-05-10,Bor,PM2.5,27.0,13.8,15.38344560274149
2023-05-11,Bor,PM2.5,16.0,11.0,11.841136324653574
2023-05-12,Bor,PM2.5,19.0,11.1,13.117746295459913
2023-05-13,Bor,PM2.5,21.0,12.1,14.641865196691311
2023-05-14,Bor,PM2.5,30.0,19.1,16.67583753611346
2023-05-15,Bor,PM2.5,27.0,19.8,16.203677077723047
2023-05-16,Bor,PM2.5,28.0,19.0,16.70209651274762
2023-05-17,Bor,PM2.5,28.0,25.6,15.843963913308212
2023-05-18,Bor,PM2.5,18.0,12.2,14.170077332828116
2023-05-19,Bor,PM2.5,26.0,12.0,17.319412036784257
2023-05-20,Bor,PM2.5,31.0,17.9,16.805225553903497
2023-05-21,Bor,PM2.5,28.0,9.5,16.041072554913043
2023-05-22,Bor,PM2.5,24.0,7.85,16.441619193013118
2023-05-23,Bor,PM2.5,22.0,8.2,15.36340187061035
2023-05-24,Bor,PM2.5,24.0,11.0,16.59149946481949
2023-05-25,Bor,PM2.5,18.0,8.22,13.858703298932504
2023-05-26,Bor,PM2.5,19.0,9.65,15.03062143514591
2023-05-27,Bor,PM2.5,30.0,13.8,18.31814043995149
2023-05-28,Bor,PM2.5,25.0,16.0,16.537742363931176
2023-05-29,Bor,PM2.5,20.0,9.55,14.924570939270394
2023-05-30,Bor,PM2.5,17.0,7.99,14.244917028232456
2023-05-31,Bor,PM2.5,15.0,7.69,12.377178356234529
2023-06-01,Bor,PM2.5,19.0,9.54,14.771561318977117
2023-06-02,Bor,PM2.5,21.0,11.0,14.843170534615478
2023-06-03,Bor,PM2.5,17.0,10.8,13.349041075323232
2023-06-04,Bor,PM2.5,16.0,10.2,12.606403532184023
2023-06-05,Bor,PM2.5,16.0,12.0,13.205430841425022
2023-06-06,Bor,PM2.5,10.0,6.73,10.68369292113552
2023-06-07,Bor,PM2.5,21.0,10.5,15.077567701042415
2023-06-08,Bor,PM2.5,24.0,10.3,16.113789746776433
2023-06-09,Bor,PM2.5,18.0,9.65,13.747188246227704
2023-06-10,Bor,PM2.5,18.0,8.75,14.144922944919928
2023-06-11,Bor,PM2.5,17.0,9.63,13.783578566241864
2023-06-12,Bor,PM2.5,23.0,14.0,15.970066894275549
2023-06-13,Bor,PM2.5,17.0,7.36,13.708620960619651
2023-06-14,Bor,PM2.5,17.0,9.82,14.226022459374324
2023-06-15,Bor,PM2.5,25.0,15.6,16.045446921196053
2023-06-16,Bor,PM2.5,9.0,6.07,10.27183331750403
2023-06-17,Bor,PM2.5,12.0,7.86,10.224794592914003
2023-06-18,Bor,PM2.5,18.0,12.5,13.53825770592841
2023-06-19,Bor,PM2.5,14.0,8.55,12.119395394872395
2023-06-20,Bor,PM2.5,25.0,14.6,16.636564890255904
2023-06-21,Bor,PM2.5,26.0,16.0,16.67262938315848
2023-06-22,Bor,PM2.5,26.0,15.2,16.793003937841643
2023-06-23,Bor,PM2.5,28.0,16.6,17.658293822903183
2023-06-24,Bor,PM2.5,27.0,18.8,16.07198804054851
2023-06-25,Bor,PM2.5,30.0,19.8,17.452535699939848
2023-06-26,Bor,PM2.5,15.0,8.68,11.975168120553905
2023-06-27,Bor,PM2.5,15.0,7.37,12.637071172582091
2023-06-28,Bor,PM2.5,17.0,11.0,13.009755482259733
2023-06-29,Bor,PM2.5,13.0,8.05,11.736091093075252
2023-06-30,Bor,PM2.5,13.0,7.5,12.452811416284783
2023-07-01,Bor,PM2.5,14.0,10.2,12.517268626380645
2023-07-02,Bor,PM2.5,24.0,12.9,16.262481514911983
2023-07-03,Bor,PM2.5,14.0,8.48,11.801250551756608
2023-07-04,Bor,PM2.5,15.0,8.46,12.616779604688848
2023-07-05,Bor,PM2.5,19.0,12.2,14.008969956877715
2023-07-06,Bor,PM2.5,20.0,15.8,14.39445716754397
2023-07-07,Bor,PM2.5,23.0,15.1,15.528324700760407
2023-07-08,Bor,PM2.5,11.0,7.82,9.571360273461964
2023-07-09,Bor,PM2.5,10.0,5.01,9.990963940375522
2023-07-10,Bor,PM2.5,17.0,7.96,13.170548057257776
2023-07-11,Bor,PM2.5,20.0,10.3,14.099513227817768
2023-07-12,Bor,PM2.5,21.0,13.8,15.158924591457522
2023-07-13,Bor,PM2.5,17.0,9.02,13.624777349561842
2023-07-14,Bor,PM2.5,10.0,6.44,10.084393981243668
2023-07-15,Bor,PM2.5,15.0,9.39,12.469234541224854
2023-07-16,Bor,PM2.5,21.0,12.1,15.046741772310606
2023-07-17,Bor,PM2.5,28.0,19.2,17.60193776210736
2023-07-18,Bor,PM2.5,21.0,14.3,14.478268761150565
2023-07-19,Bor,PM2.5,16.0,8.39,13.345342220439562
2023-07-20,Bor,PM2.5,13.0,6.28,11.734033149277591
2023-07-21,Bor,PM2.5,15.0,8.86,12.544614568145365
2023-07-22,Bor,PM2.5,13.0,9.48,12.341593964659827
2023-07-23,Bor,PM2.5,14.0,7.82,12.120360762394355
2023-07-24,Bor,PM2.5,29.0,16.7,17.60193776210736
2023-07-25,Bor,PM2.5,23.0,17.7,16.396563222355176
2023-07-26,Bor,PM2.5,18.0,16.0,12.200330879903618
2023-07-27,Bor,PM2.5,8.0,6.54,7.692836071394074
2023-07-28,Bor,PM2.5,7.0,4.91,10.399483669789827
2023-07-29,Bor,PM2.5,8.0,6.26,10.434845914106903
2023-07-30,Bor,PM2.5,19.0,11.6,14.259051322353312
2023-07-31,Bor,PM2.5,9.0,7.97,9.281435126319035
2023-08-01,Bor,PM2.5,10.0,7.22,10.856768116663522
2023-08-02,Bor,PM2.5,16.0,11.8,14.03626156855324
2023-08-03,Bor,PM2.5,18.0,11.6,14.337567915963715
2023-08-04,Bor,PM2.5,27.0,14.6,16.264633011592302
2023-08-05,Bor,PM2.5,16.0,12.4,11.682210844938432
2023-08-06,Bor,PM2.5,11.0,6.56,10.59775005271482
2023-08-07,Bor,PM2.5,8.0,4.11,10.15734723728182
2023-08-08,Bor,PM2.5,8.0,4.45,9.596105464192409
2023-08-09,Bor,PM2.5,8.0,6.05,10.455137482000149
2023-08-10,Bor,PM2.5,8.0,4.98,10.484173680005734
2023-08-11,Bor,PM2.5,8.0,5.34,10.230750666800548
2023-08-12,Bor,PM2.5,6.0,5.55,10.47624482118585
2023-08-13,Bor,PM2.5,14.0,9.64,12.537560194273889
2023-08-14,Bor,PM2.5,14.0,11.1,11.911721635148275
2023-08-15,Bor,PM2.5,20.0,14.2,13.154358339640076
2023-08-16,Bor,PM2.5,22.0,16.2,14.396094873498445
2023-08-17,Bor,PM2.5,19.0,15.9,13.944871655226338
2023-08-18,Bor,PM2.5,19.0,13.7,13.824497100543178
2023-08-19,Bor,PM2.5,17.0,14.3,12.666166875643045
2023-08-20,Bor,PM2.5,20.0,12.6,14.30341435207758
2023-08-21,Bor,PM2.5,25.0,16.4,16.793003937841643
2023-08-22,Bor,PM2.5,24.0,18.8,16.637267138841402
2023-08-23,Bor,PM2.5,29.0,21.6,17.805838886367177
2023-08-24,Bor,PM2.5,25.0,18.6,16.270534116646587
2023-08-25,Bor,PM2.5,17.0,12.0,13.97622353728565
2023-08-26,Bor,PM2.5,21.0,14.8,15.398187960034411
2023-08-27,Bor,PM2.5,23.0,18.2,16.070855027390408
2023-08-28,Bor,PM2.5,15.0,11.2,11.510624067306054
2023-08-29,Bor,PM2.5,20.0,15.2,14.119110714544387
2023-08-30,Bor,PM2.5,12.0,10.9,12.06464434111534
2023-08-31,Bor,PM2.5,14.0,9.2,12.537560194273889
2023-09-01,Bor,PM2.5,22.0,14.8,16.097645693553837
2023-09-02,Bor,PM2.5,12.0,10.0,12.7062602730495
2023-09-03,Bor,PM2.5,13.0,9.35,13.17873740999953
2023-09-04,Bor,PM2.5,6.0,4.79,9.846472572928558
2023-09-05,Bor,PM2.5,12.0,8.91,11.516578166090056
2023-09-06,Bor,PM2.5,17.0,11.0,13.392795117943283
2023-09-07,Bor,PM2.5,12.0,9.94,11.396203611406891
2023-09-08,Bor,PM2.5,15.0,10.6,12.237252309606296
2023-09-09,Bor,PM2.5,10.0,7.93,11.583396358963764
2023-09-10,Bor,PM2.5,12.0,10.1,12.558715209585506
2023-09-11,Bor,PM2.5,15.0,10.4,13.475143934705418
2023-09-12,Bor,PM2.5,13.0,9.22,13.214801902902105
2023-09-13,Bor,PM2.5,17.0,11.7,14.702851779585892
2023-09-14,Bor,PM2.5,18.0,13.3,15.028131665361384
2023-09-15,Bor,PM2.5,13.0,9.56,12.88044263460234
2023-09-16,Bor,PM2.5,21.0,14.6,15.918439662198637
2023-09-17,Bor,PM2.5,20.0,14.6,14.589268887814866
2023-09-18,Bor,PM2.5,17.0,12.2,14.231056548147794
2023-09-19,Bor,PM2.5,19.0,14.2,14.762677381248814
2023-09-20,Bor,PM2.5,14.0,9.42,13.56817254762386
2023-09-21,Bor,PM2.5,19.0,11.9,15.020383423827818
2023-09-22,Bor,PM2.5,20.0,14.9,16.069293448090413
2023-09-23,Bor,PM2.5,18.0,12.7,14.916651094799963
2023-09-24,Bor,PM2.5,17.0,11.1,14.950704531753937
2023-09-25,Bor,PM2.5,18.0,14.1,13.238087090696242
2023-09-26,Bor,PM2.5,14.0,12.7,11.388476365433249
2023-09-27,Bor,PM2.5,16.0,13.4,12.216549959492168
2023-09-28,Bor,PM2.5,13.0,10.1,12.405353787409924
2023-09-29,Bor,PM2.5,12.0,8.49,12.558715209585506
2023-09-30,Bor,PM2.5,15.0,10.7,13.547308971248905
2023-10-01,Bor,PM2.5,26.0,17.8,17.677445465336767
2023-10-02,Bor,PM2.5,9.0,6.93,12.587728925747456
2023-10-03,Bor,PM2.5,15.0,11.0,16.590752251911542
2023-10-04,Bor,PM2.5,20.0,13.3,17.484891236112965
2023-10-05,Bor,PM2.5,20.0,12.8,17.575133665883357
2023-10-06,Bor,PM2.5,10.0,8.05,13.33403017057057
2023-10-07,Bor,PM2.5,12.0,7.48,15.24835582500604
2023-10-08,Bor,PM2.5,12.0,8.56,12.53331427611714
2023-10-09,Bor,PM2.5,5.0,4.41,13.716382610817924
2023-10-10,Bor,PM2.5,10.0,7.33,12.414140611309271
2023-10-11,Bor,PM2.5,13.0,6.73,16.11070012010074
2023-10-12,Bor,PM2.5,19.0,11.4,18.40401673899823
2023-10-13,Bor,PM2.5,20.0,10.8,17.63243629957696
2023-10-14,Bor,PM2.5,30.0,19.5,21.18299575823296
2023-10-15,Bor,PM2.5,18.0,12.9,18.092401347778697
2023-10-16,Bor,PM2.5,15.0,9.06,17.856671220568142
2023-10-17,Bor,PM2.5,29.0,16.0,26.18946599052565
2023-10-18,Bor,PM2.5,24.0,12.4,24.346313173078595
2023-10-19,Bor,PM2.5,36.0,16.8,28.82738771413993
2023-10-20,Bor,PM2.5,29.0,17.8,22.597560805652467
2023-10-21,Bor,PM2.5,25.0,15.8,22.241521971850677
2023-10-22,Bor,PM2.5,7.0,5.29,15.08897555243461
2023-10-23,Bor,PM2.5,9.0,5.93,16.974865841400035
2023-10-24,Bor,PM2.5,22.0,11.5,21.50549585266951
2023-10-25,Bor,PM2.5,17.0,15.1,19.4597932637844
2023-10-26,Bor,PM2.5,6.0,5.1,15.690531156342322
2023-10-27,Bor,PM2.5,1.0,4.36,13.613566150702654
2023-10-28,Bor,PM2.5,9.0,3.68,16.770923314974137
2023-10-29,Bor,PM2.5,13.0,4.95,19.2583796366394
2023-10-30,Bor,PM2.5,31.0,9.02,25.81274450204805
2023-10-31,Bor,PM2.5,7.0,13.9,16.799666068731987
2023-11-01,Bor,PM2.5,17.0,4.58,22.893531862935635
2023-11-02,Bor,PM2.5,41.0,17.3,32.457207000322455
2023-11-03,Bor,PM2.5,63.0,26.8,42.28288582912317
2023-11-04,Bor,PM2.5,13.0,14.2,21.039858667949225
2023-11-05,Bor,PM2.5,16.0,5.08,17.613239457500367
2023-11-06,Bor,PM2.5,19.0,4.34,23.15814836913537
2023-11-07,Bor,PM2.5,34.0,10.1,27.80861000038201
2023-11-08,Bor,PM2.5,17.0,11.3,20.402923200744496
2023-11-09,Bor,PM2.5,18.0,7.9,24.787100327541943
2023-11-10,Bor,PM2.5,61.0,19.5,43.843025151647886
2023-11-11,Bor,PM2.5,15.0,14.9,18.261928182435195
2023-11-12,Bor,PM2.5,33.0,3.63,29.61538985843226
2023-11-13,Bor,PM2.5,37.0,9.44,33.75304055885031
2023-11-14,Bor,PM2.5,13.0,10.2,21.459103129970757
2023-11-15,Bor,PM2.5,10.0,3.79,15.689711863311135
2023-11-16,Bor,PM2.5,38.0,4.62,30.886639147924416
2023-11-17,Bor,PM2.5,3.0,11.5,19.73666312921992
2023-11-18,Bor,PM2.5,13.0,3.49,14.368043808517289
2023-11-19,Bor,PM2.5,21.0,11.7,20.605324333696
2023-11-20,Bor,PM2.5,35.0,7.65,28.317714288631468
2023-11-21,Bor,PM2.5,27.0,17.0,25.07289873141756
2023-11-22,Bor,PM2.5,14.0,8.03,20.65689425739231
2023-11-23,Bor,PM2.5,45.0,12.3,35.01333853697965
2023-11-24,Bor,PM2.5,16.0,12.5,21.31008070469765
2023-11-25,Bor,PM2.5,15.0,7.78,16.481739317561402
2023-11-26,Bor,PM2.5,13.0,9.07,15.803862925449948
2023-11-27,Bor,PM2.5,26.0,9.76,21.32123659119991
2023-11-28,Bor,PM2.5,11.0,16.2,18.71177685624065
2023-11-29,Bor,PM2.5,56.0,10.2,36.58304191110446
2023-11-30,Bor,PM2.5,56.0,18.0,47.129946903250215
2023-12-01,Bor,PM2.5,13.0,24.7,19.441001329318635
2023-12-02,Bor,PM2.5,13.0,20.0,18.303089691943622
2023-12-03,Bor,PM2.5,21.0,10.7,22.44155403789401
2023-12-04,Bor,PM2.5,44.0,13.3,40.21019168987242
2023-12-05,Bor,PM2.5,43.0,24.4,33.34824293363977
2023-12-06,Bor,PM2.5,51.0,19.1,34.85959699031501
2023-12-07,Bor,PM2.5,30.0,18.2,27.70443456165648
2023-12-08,Bor,PM2.5,46.0,16.5,37.4672614950259
2023-12-09,Bor,PM2.5,50.0,19.3,46.03997812652973
2023-12-10,Bor,PM2.5,60.0,24.6,44.70208775699265
2023-12-11,Bor,PM2.5,60.0,17.4,45.6533083452568
2023-12-12,Bor,PM2.5,36.0,12.5,31.63028433539557
2023-12-13,Bor,PM2.5,79.0,35.3,57.61009042900452
2023-12-14,Bor,PM2.5,17.0,20.4,22.428810942562265
2023-12-15,Bor,PM2.5,10.0,11.8,16.24438647250975
2023-12-16,Bor,PM2.5,40.0,12.1,32.809780188309254
2023-12-17,Bor,PM2.5,50.0,16.1,42.56543373126684
2023-12-18,Bor,PM2.5,38.0,13.9,32.212962470792235
2023-12-19,Bor,PM2.5,42.0,9.43,37.101358616496434
2023-12-20,Bor,PM2.5,52.0,37.5,47.0569630932506
2023-12-21,Bor,PM2.5,32.0,12.5,24.15587856901873
2023-12-22,Bor,PM2.5,13.0,7.63,15.956419280448086
2023-12-23,Bor,PM2.5,6.0,6.2,14.284252609407377
2023-12-24,Bor,PM2.5,42.0,10.1,28.0284146523196
2023-12-25,Bor,PM2.5,23.0,7.72,26.47291175782428
2023-12-26,Bor,PM2.5,14.0,15.1,25.66568096844862
2023-12-27,Bor,PM2.5,33.0,9.4,31.858179850787167
2023-12-28,Bor,PM2.5,38.0,14.3,36.69500724176034
2023-12-29,Bor,PM2.5,34.0,14.4,33.99419225872294
2023-12-30,Bor,PM2.5,34.0,13.5,32.328013905875856
2023-12-31,Bor,PM2.5,71.0,18.1,56.32145657542599
2024-01-01,Bor,PM2.5,14.0,19.2,22.798966629545937
2024-01-02,Bor,PM2.5,36.0,6.57,31.975033198214664
2024-01-03,Bor,PM2.5,26.0,7.83,24.594851518827927
2024-01-04,Bor,PM2.5,24.0,8.85,22.509853679039665
2024-01-05,Bor,PM2.5,42.0,9.86,34.948620247492
2024-01-06,Bor,PM2.5,72.0,28.4,56.32145657542599
2024-01-07,Bor,PM2.5,15.0,29.4,22.27507257686124
2024-01-08,Bor,PM2.5,26.0,10.2,19.90809225064516
2024-01-09,Bor,PM2.5,43.0,17.4,30.752370442959467
2024-01-10,Bor,PM2.5,70.0,17.2,58.0064995547429
2024-01-11,Bor,PM2.5,41.0,16.9,38.01237533624641
2024-01-12,Bor,PM2.5,41.0,26.4,33.85344267084263
2024-01-13,Bor,PM2.5,44.0,19.4,36.47607542656602
2024-01-14,Bor,PM2.5,50.0,13.4,41.36262081003056
2024-01-15,Bor,PM2.5,38.0,33.4,30.04134667471404
2024-01-16,Bor,PM2.5,47.0,6.06,36.60360453168167
2024-01-17,Bor,PM2.5,45.0,14.9,38.69356600316437
2024-01-18,Bor,PM2.5,69.0,36.0,49.352646767229146
2024-01-19,Bor,PM2.5,14.0,11.6,16.907047859178125
2024-01-20,Bor,PM2.5,12.0,9.33,17.191498176047975
2024-01-21,Bor,PM2.5,56.0,14.0,49.77232475858584
2024-01-22,Bor,PM2.5,35.0,25.3,38.04470546794214
2024-01-23,Bor,PM2.5,33.0,18.5,29.50888812075347
2024-01-24,Bor,PM2.5,10.0,15.1,24.010654194580543
2024-01-25,Bor,PM2.5,10.0,6.39,14.64404940197964
2024-01-26,Bor,PM2.5,32.0,6.74,26.19653964421496
2024-01-27,Bor,PM2.5,11.0,5.57,13.81982539205951
2024-01-28,Bor,PM2.5,19.0,10.4,22.6057714209175
2024-01-29,Bor,PM2.5,41.0,17.3,35.09616531095599
2024-01-30,Bor,PM2.5,53.0,17.3,49.97675192694902
2024-01-31,Bor,PM2.5,44.0,14.2,42.99596144777851
2024-02-01,Bor,PM2.5,49.0,19.3,40.804258329387046
2024-02-02,Bor,PM2.5,32.0,23.3,22.79173686551677
2024-02-03,Bor,PM2.5,15.0,9.9,20.020818239853
2024-02-04,Bor,PM2.5,25.0,6.88,22.882443034449054
2024-02-05,Bor,PM2.5,15.0,12.6,19.88292038556408
2024-02-06,Bor,PM2.5,39.0,12.9,33.578632128356205
2024-02-07,Bor,PM2.5,34.0,13.2,31.41842735760913
2024-02-08,Bor,PM2.5,39.0,12.4,35.389412507486256
2024-02-09,Bor,PM2.5,12.0,12.8,21.625031427239826
2024-02-10,Bor,PM2.5,22.0,13.2,22.381607748571344
2024-02-11,Bor,PM2.5,12.0,12.0,20.13033356964572
2024-02-12,Bor,PM2.5,14.0,7.75,20.193611749767705
2024-02-13,Bor,PM2.5,14.0,7.29,14.389835841622842
2024-02-14,Bor,PM2.5,16.0,9.43,18.47284645775832
2024-02-15,Bor,PM2.5,27.0,11.6,27.95096224811955
2024-02-16,Bor,PM2.5,42.0,15.6,38.28051874548965
2024-02-17,Bor,PM2.5,56.0,22.0,48.24630708681826
2024-02-18,Bor,PM2.5,48.0,29.9,38.0348682670474
2024-02-19,Bor,PM2.5,63.0,30.4,52.78366011709936
2024-02-20,Bor,PM2.5,56.0,23.7,42.0493649603462
2024-02-21,Bor,PM2.5,48.0,19.4,35.9408488750445
2024-02-22,Bor,PM2.5,41.0,11.8,38.842916996264016
2024-02-23,Bor,PM2.5,30.0,14.2,29.654958070135965
2024-02-24,Bor,PM2.5,44.0,33.2,34.95243282921018
2024-02-25,Bor,PM2.5,42.0,24.9,37.66668026447888
2024-02-26,Bor,PM2.5,42.0,31.3,37.06255655142769
2024-02-27,Bor,PM2.5,38.0,22.0,34.0429688095918
2024-02-28,Bor,PM2.5,44.0,19.1,38.73366751260607
2024-02-29,Bor,PM2.5,42.0,30.3,33.28244189464494
2024-03-01,Bor,PM2.5,35.0,17.2,23.24664287337152
2024-03-02,Bor,PM2.5,19.0,2.52,21.00311265708017
2024-03-03,Bor,PM2.5,39.0,3.47,34.40809753609457
2024-03-04,Bor,PM2.5,43.0,8.34,33.47745067801487
2024-03-05,Bor,PM2.5,46.0,27.4,35.83012078755976
2024-03-06,Bor,PM2.5,57.0,32.9,39.58523361445252
2024-03-07,Bor,PM2.5,32.0,17.1,23.98489065408029
2024-03-08,Bor,PM2.5,52.0,25.0,37.61145158742996
2024-03-09,Bor,PM2.5,52.0,21.2,39.09489753114865
2024-03-10,Bor,PM2.5,44.0,30.4,33.66761342318605
2024-03-11,Bor,PM2.5,49.0,32.1,34.181897664019495
2024-03-12,Bor,PM2.5,8.0,21.5,19.613843264995506
2024-03-13,Bor,PM2.5,12.0,9.17,15.173049162762592
2024-03-14,Bor,PM2.5,39.0,12.8,25.690959696853483
2024-03-15,Bor,PM2.5,47.0,20.0,35.75061977288209
2024-03-16,Bor,PM2.5,49.0,20.7,40.13409696753522
2024-03-17,Bor,PM2.5,16.0,15.8,21.58458913859125
2024-03-18,Bor,PM2.5,21.0,7.36,23.119440952490017
2024-03-19,Bor,PM2.5,13.0,7.63,17.11067921111617
2024-03-20,Bor,PM2.5,22.0,10.4,20.660800094484763
2024-03-21,Bor,PM2.5,22.0,10.3,22.777589625565064
2024-03-22,Bor,PM2.5,28.0,15.9,27.34081529513383
2024-03-23,Bor,PM2.5,25.0,12.1,25.48158449176745
2024-03-24,Bor,PM2.5,25.0,12.0,20.839774753937785
2024-03-25,Bor,PM2.5,39.0,7.93,25.984193014856217
2024-03-26,Bor,PM2.5,18.0,6.46,20.86331583514974
2024-03-27,Bor,PM2.5,34.0,19.3,22.224728536660564
2024-03-28,Bor,PM2.5,5.0,11.9,14.4910407823026
2024-03-29,Bor,PM2.5,15.0,4.79,18.239277443413627
2024-03-30,Bor,PM2.5,9.0,8.7,18.958446291899243
2024-03-31,Bor,PM2.5,7.0,9.96,15.29052953876134
2024-04-01,Bor,PM2.5,7.0,9.33,15.543450312130725
2024-04-02,Bor,PM2.5,1.0,3.85,12.777393343525064
2024-04-03,Bor,PM2.5,5.0,3.67,16.847378181834994
2024-04-04,Bor,PM2.5,4.0,4.57,14.94925282221066
2024-04-05,Bor,PM2.5,6.0,5.13,15.912232869595488
2024-04-06,Bor,PM2.5,5.0,10.8,15.69031053174746
2024-04-07,Bor,PM2.5,7.0,10.1,15.057581262466178
2024-04-08,Bor,PM2.5,9.0,11.7,14.52110777231954
2024-04-09,Bor,PM2.5,12.0,8.09,15.798776931715484
2024-04-10,Bor,PM2.5,7.0,11.4,14.422266907822891
2024-04-11,Bor,PM2.5,18.0,14.4,19.802983982375693
2024-04-12,Bor,PM2.5,14.0,19.4,17.529923653852798
2024-04-13,Bor,PM2.5,20.0,15.6,18.709522255289645
2024-04-14,Bor,PM2.5,7.0,11.2,15.816748256025754
2024-04-15,Bor,PM2.5,11.0,10.8,15.54206877298768
2024-04-16,Bor,PM2.5,8.0,20.5,9.977720421614569
2024-04-17,Bor,PM2.5,16.0,7.1,13.463964388368316
2024-04-18,Bor,PM2.5,20.0,13.2,15.211337867254406
2024-04-19,Bor,PM2.5,17.0,15.3,15.8031293119594
2024-04-20,Bor,PM2.5,11.0,10.9,14.225448175000729
2024-04-21,Bor,PM2.5,9.0,10.9,13.165210819639944
2024-04-22,Bor,PM2.5,22.0,13.1,16.712612273865705
2024-04-23,Bor,PM2.5,9.0,14.7,10.922021794657253
2024-04-24,Bor,PM2.5,7.0,6.84,12.719351578882408
2024-04-25,Bor,PM2.5,18.0,9.37,16.595935999172077
2024-04-26,Bor,PM2.5,17.0,13.5,16.24490579020113
2024-04-27,Bor,PM2.5,19.0,14.8,16.97800749587134
2024-04-28,Bor,PM2.5,13.0,12.7,13.964321924696902
2024-04-29,Bor,PM2.5,15.0,11.4,13.363489254701516
2024-04-30,Bor,PM2.5,19.0,15.1,14.488037602498828
2024-05-01,Bor,PM2.5,11.0,15.6,9.284849243741109
2024-05-02,Bor,PM2.5,4.0,9.74,8.604472368080923
2024-05-03,Bor,PM2.5,14.0,8.84,12.913774509327263
2024-05-04,Bor,PM2.5,9.0,10.9,10.638310753078098
2024-05-06,Bor,PM2.5,6.0,10.3,10.587759873890649
2024-05-07,Bor,PM2.5,4.0,7.85,10.440214810426657
2024-05-08,Bor,PM2.5,8.0,9.61,10.667853769254018
2024-05-09,Bor,PM2.5,11.0,9.94,10.955882311273475
2024-05-10,Bor,PM2.5,9.0,10.6,10.2913042672523
2024-05-11,Bor,PM2.5,5.0,8.23,11.780892016880768
2024-05-12,Bor,PM2.5,28.0,10.4,16.65028730373226
2024-05-13,Bor,PM2.5,12.0,15.4,13.22945394376138
2024-05-14,Bor,PM2.5,9.0,12.3,11.199350336541972
2024-05-15,Bor,PM2.5,20.0,12.9,14.492052681055272
2024-05-16,Bor,PM2.5,17.0,15.0,12.775612947472183
2024-05-17,Bor,PM2.5,23.0,16.9,15.45427271440754
2024-05-18,Bor,PM2.5,19.0,17.7,14.6372307392941
2024-05-19,Bor,PM2.5,24.0,18.3,15.875481390195434
2024-05-20,Bor,PM2.5,29.0,18.6,16.11972242725587
2024-05-21,Bor,PM2.5,7.0,15.4,9.69770539077202
2024-05-22,Bor,PM2.5,17.0,13.5,13.747548555482668
2024-05-23,Bor,PM2.5,14.0,11.9,12.52777381244155
2024-05-24,Bor,PM2.5,10.0,9.84,11.127207873590498
2024-05-25,Bor,PM2.5,11.0,12.4,10.580600411792638
2024-05-26,Bor,PM2.5,5.0,11.8,8.640536860983499
2024-05-27,Bor,PM2.5,10.0,9.78,11.07976373992974
2024-05-28,Bor,PM2.5,17.0,10.3,14.228852296614525
2024-05-29,Bor,PM2.5,5.0,12.0,9.850744145664663
2024-05-30,Bor,PM2.5,9.0,10.8,11.154760717094302
2024-05-31,Bor,PM2.5,12.0,13.5,11.868175764098329
2024-06-01,Bor,PM2.5,5.0,10.0,9.258910262547335
2024-06-02,Bor,PM2.5,7.0,9.45,10.455137482000149
2024-06-03,Bor,PM2.5,12.0,13.9,11.861861464614678
2024-06-04,Bor,PM2.5,4.0,7.0,10.597321624454509
2024-06-05,Bor,PM2.5,14.0,7.54,12.693999241859622
2024-06-06,Bor,PM2.5,21.0,7.53,15.214578403667844
2024-06-07,Bor,PM2.5,11.0,9.5,11.758548903531503
2024-06-08,Bor,PM2.5,13.0,9.16,12.452109167699287
2024-06-09,Bor,PM2.5,17.0,17.6,13.940159044383076
2024-06-10,Bor,PM2.5,7.0,15.8,9.886664470840108
2024-06-11,Bor,PM2.5,6.0,13.7,9.666796705693669
2024-06-12,Bor,PM2.5,29.0,9.99,16.688863204858038
2024-06-13,Bor,PM2.5,13.0,11.2,11.89584782094522
2024-06-14,Bor,PM2.5,10.0,9.72,8.984961181415215
2024-06-15,Bor,PM2.5,9.0,6.7,10.723227875677972
2024-06-16,Bor,PM2.5,16.0,9.45,13.5131788517968
2024-06-17,Bor,PM2.5,12.0,10.7,11.943567537846684
2024-06-18,Bor,PM2.5,15.0,10.9,12.82068072894866
2024-06-19,Bor,PM2.5,17.0,13.3,13.97622353728565
2024-06-20,Bor,PM2.5,12.0,17.2,11.832086967285264
2024-06-21,Bor,PM2.5,13.0,12.6,12.080177289035692
2024-06-22,Bor,PM2.5,11.0,18.8,11.006466336004893
2024-06-23,Bor,PM2.5,2.0,12.9,10.328699757721855
2024-06-24,Bor,PM2.5,14.0,10.2,12.27710888617171
2024-06-25,Bor,PM2.5,14.0,13.7,12.537560194273889
2024-06-26,Bor,PM2.5,3.0,12.0,9.112638296026324
2024-06-27,Bor,PM2.5,16.0,10.9,12.392451563512385
2024-06-28,Bor,PM2.5,19.0,8.92,14.078927790616426
2024-06-29,Bor,PM2.5,25.0,10.5,16.940044470626777
2024-06-30,Bor,PM2.5,28.0,23.3,17.658293822903183
2024-07-01,Bor,PM2.5,11.0,18.4,11.55464777927169
2024-07-02,Bor,PM2.5,17.0,7.7,12.63523020350397
2024-07-03,Bor,PM2.5,9.0,8.52,8.53946536047609
2024-07-04,Bor,PM2.5,16.0,7.64,12.035285558796955
2024-07-05,Bor,PM2.5,10.0,6.46,10.198637700099644
2024-07-06,Bor,PM2.5,16.0,7.35,12.937345848873392
2024-07-07,Bor,PM2.5,12.0,14.0,11.05971283186541
2024-07-08,Bor,PM2.5,25.0,11.4,16.060731887332487
2024-07-09,Bor,PM2.5,26.0,13.9,15.858787928580204
2024-07-10,Bor,PM2.5,21.0,13.2,14.59251248000654
2024-07-11,Bor,PM2.5,18.0,17.3,13.324218676211723
2024-07-12,Bor,PM2.5,24.0,16.4,15.215329207357565
2024-07-13,Bor,PM2.5,14.0,15.4,11.801250551756608
2024-07-14,Bor,PM2.5,16.0,14.0,12.937345848873392
2024-07-15,Bor,PM2.5,17.0,16.7,13.428976538986946
2024-07-16,Bor,PM2.5,31.0,19.5,17.112691709556714
2024-07-17,Bor,PM2.5,25.0,18.6,15.752710184274612
2024-07-18,Bor,PM2.5,25.0,19.0,16.396563222355176
2024-07-19,Bor,PM2.5,25.0,14.0,16.32118319543467
2024-07-20,Bor,PM2.5,13.0,13.7,11.880170542107214
2024-07-21,Bor,PM2.5,34.0,20.6,19.33712879622231
2024-07-22,Bor,PM2.5,22.0,16.7,14.85094096173571
2024-07-23,Bor,PM2.5,25.0,13.2,16.32118319543467
2024-07-24,Bor,PM2.5,17.0,14.0,13.203703214664012
2024-07-25,Bor,PM2.5,7.0,8.39,8.501510002306619
2024-07-26,Bor,PM2.5,7.0,6.51,9.501929295009091
2024-07-27,Bor,PM2.5,9.0,13.1,10.591491787961644
2024-07-28,Bor,PM2.5,7.0,9.08,10.28730085064291
2024-07-29,Bor,PM2.5,3.0,5.79,8.325120684018886
2024-07-30,Bor,PM2.5,4.0,5.59,9.055009138287522
2024-07-31,Bor,PM2.5,6.0,7.35,10.308408189828612
2024-08-01,Bor,PM2.5,10.0,9.39,11.004313180127516
2024-08-02,Bor,PM2.5,13.0,12.6,12.452109167699287
2024-08-03,Bor,PM2.5,6.0,11.8,9.666796705693669
2024-08-04,Bor,PM2.5,5.0,5.05,9.06435479815689
2024-08-05,Bor,PM2.5,7.0,8.3,10.491201974902724
2024-08-06,Bor,PM2.5,5.0,7.4,9.166188159543244
2024-08-07,Bor,PM2.5,3.0,5.16,10.512309314088425
2024-08-08,Bor,PM2.5,10.0,9.97,11.004313180127516
2024-08-09,Bor,PM2.5,5.0,7.8,9.764262991799354
2024-08-10,Bor,PM2.5,12.0,7.62,11.263613956125225
2024-08-11,Bor,PM2.5,9.0,8.23,10.647847848757465
2024-08-12,Bor,PM2.5,9.0,10.1,10.795392912221455
2024-08-13,Bor,PM2.5,13.0,9.29,12.488173660601865
2024-08-14,Bor,PM2.5,15.0,12.9,11.887764109850847
2024-08-15,Bor,PM2.5,16.0,12.6,13.365633788332806
2024-08-16,Bor,PM2.5,23.0,18.9,16.67262938315848
2024-08-17,Bor,PM2.5,23.0,16.1,16.636564890255904
2024-08-18,Bor,PM2.5,23.0,13.3,15.827116774763711
2024-08-19,Bor,PM2.5,22.0,21.3,14.588739844542232
2024-08-20,Bor,PM2.5,10.0,11.9,10.78587617706302
2024-08-21,Bor,PM2.5,10.0,9.49,10.968950935810438
2024-08-22,Bor,PM2.5,10.0,10.9,9.69425651848491
2024-08-23,Bor,PM2.5,21.0,11.2,15.398187960034411
2024-08-24,Bor,PM2.5,13.0,15.0,12.488173660601865
2024-08-25,Bor,PM2.5,9.0,15.0,10.387396540655288
2024-08-26,Bor,PM2.5,10.0,15.6,10.402538824359455
2024-08-27,Bor,PM2.5,53.0,19.4,31.833610948863196
2024-08-28,Bor,PM2.5,23.0,25.4,16.636564890255904
2024-08-29,Bor,PM2.5,16.0,20.5,13.292734728952077
2024-08-30,Bor,PM2.5,11.0,11.7,11.270889475671003
2024-08-31,Bor,PM2.5,25.0,15.1,16.636564890255904
2024-09-01,Bor,PM2.5,14.0,16.9,13.447797992940698
2024-09-02,Bor,PM2.5,18.0,18.2,15.06419615826396
2024-09-03,Bor,PM2.5,16.0,20.3,14.239807094097042
2024-09-04,Bor,PM2.5,33.0,22.5,21.35070576884482
2024-09-05,Bor,PM2.5,22.0,26.7,15.315368086842474
2024-09-06,Bor,PM2.5,16.0,23.4,13.43035897860486
2024-09-07,Bor,PM2.5,17.0,18.3,12.683499780873593
2024-09-08,Bor,PM2.5,7.0,15.1,10.055318619024352
2024-09-09,Bor,PM2.5,9.0,15.4,10.175899999976515
2024-09-10,Bor,PM2.5,2.0,10.8,10.93821869694243
2024-09-11,Bor,PM2.5,14.0,10.4,12.555941555631016
2024-09-12,Bor,PM2.5,12.0,10.8,12.10448591728144
2024-09-13,Bor,PM2.5,1.0,12.2,11.295404126536978
2024-09-14,Bor,PM2.5,5.0,3.63,10.71027940726381
2024-09-15,Bor,PM2.5,6.0,5.92,11.956085422520545
2024-09-16,Bor,PM2.5,7.0,3.57,11.868190415704271
2024-09-17,Bor,PM2.5,7.0,6.82,12.374897867290509
2024-09-18,Bor,PM2.5,17.0,17.9,14.230490417903567
2024-09-19,Bor,PM2.5,13.0,20.6,12.405353787409924
2024-09-20,Bor,PM2.5,19.0,15.7,13.377285952525876
2024-09-21,Bor,PM2.5,12.0,14.1,12.846130058338442
2024-09-22,Bor,PM2.5,18.0,15.8,15.06419615826396
2024-09-23,Bor,PM2.5,19.0,18.4,15.325211214018523
2024-09-24,Bor,PM2.5,11.0,16.4,12.301567589465176
2024-09-25,Bor,PM2.5,15.0,17.7,13.94270678688094
2024-09-26,Bor,PM2.5,12.0,11.4,12.670898028732422
2024-09-27,Bor,PM2.5,29.0,10.3,18.38492206520342
2024-09-28,Bor,PM2.5,3.0,10.4,11.238937556388668
2024-09-29,Bor,PM2.5,11.0,3.27,9.806448647723055
2024-09-30,Bor,PM2.5,4.0,6.79,8.688804229707117
2024-10-01,Bor,PM2.5,5.0,4.73,11.935644360790912
2024-10-02,Bor,PM2.5,10.0,10.3,14.626839639626397
2024-10-03,Bor,PM2.5,15.0,12.4,15.118984210472773
2024-10-04,Bor,PM2.5,32.0,16.6,21.227289329636395
2024-10-05,Bor,PM2.5,19.0,9.51,17.161668916303967
2024-10-06,Bor,PM2.5,12.0,12.4,14.275135689290767
2024-10-07,Bor,PM2.5,11.0,8.76,15.678430764325851
2024-10-08,Bor,PM2.5,12.0,10.9,15.602158490248137
2024-10-09,Bor,PM2.5,14.0,11.1,15.426801936166228
2024-10-10,Bor,PM2.5,6.0,9.66,12.717316815397584
2024-10-11,Bor,PM2.5,23.0,12.0,19.012967476465047
2024-10-12,Bor,PM2.5,11.0,10.7,14.70283761007664
2024-10-13,Bor,PM2.5,15.0,8.83,17.464976555861195
2024-10-14,Bor,PM2.5,9.0,9.35,13.805688224749067
2024-10-15,Bor,PM2.5,7.0,9.83,17.733954591593157
2024-10-16,Bor,PM2.5,18.0,11.3,22.06733875650801
2024-10-17,Bor,PM2.5,5.0,14.3,16.889899469576516
2024-10-18,Bor,PM2.5,8.0,11.8,15.845540328876476
2024-10-19,Bor,PM2.5,10.0,11.1,16.21110647063728
2024-10-20,Bor,PM2.5,29.0,18.5,23.37806295564712
2024-10-21,Bor,PM2.5,33.0,13.6,28.333123560781768
2024-10-22,Bor,PM2.5,36.0,19.4,31.161921271982937
2024-10-23,Bor,PM2.5,34.0,18.3,27.902192387552077
2024-10-24,Bor,PM2.5,31.0,24.6,26.350989793481705
2024-10-25,Bor,PM2.5,36.0,22.1,31.04758400753619
2024-10-26,Bor,PM2.5,32.0,18.7,28.333123560781768
2024-10-27,Bor,PM2.5,26.0,17.5,23.9153819998489
2024-10-28,Bor,PM2.5,34.0,21.7,27.75464732408808
2024-10-29,Bor,PM2.5,47.0,32.4,37.82323975516549
2024-10-30,Bor,PM2.5,26.0,22.8,24.82496854811563
2024-10-31,Bor,PM2.5,22.0,26.9,22.09856222300679
2024-11-01,Bor,PM2.5,19.0,15.5,23.32132889706076
2024-11-02,Bor,PM2.5,44.0,18.8,31.887224133319023
2024-11-03,Bor,PM2.5,32.0,12.4,28.17033609383096
2024-11-04,Bor,PM2.5,13.0,13.6,19.98622482679541
2024-11-05,Bor,PM2.5,21.0,17.6,24.938133823345915
2024-11-06,Bor,PM2.5,52.0,23.9,43.057864798609856
2024-11-07,Bor,PM2.5,49.0,28.0,39.76424358194345
2024-11-08,Bor,PM2.5,49.0,27.9,39.87642640109036
2024-11-09,Bor,PM2.5,29.0,44.8,27.808383421265276
2024-11-10,Bor,PM2.5,30.0,17.2,27.59455193458532
2024-11-11,Bor,PM2.5,12.0,8.85,21.21813380091241
2024-11-12,Bor,PM2.5,24.0,9.98,25.911131153321616
2024-11-13,Bor,PM2.5,45.0,18.4,35.085503573523134
2024-11-14,Bor,PM2.5,28.0,19.7,25.55487120174385
2024-11-15,Bor,PM2.5,31.0,18.6,24.633702346932964
2024-11-16,Bor,PM2.5,61.0,21.4,49.84169343418933
2024-11-17,Bor,PM2.5,45.0,21.7,37.88044750695597
2024-11-18,Bor,PM2.5,47.0,15.5,38.66580045043815
2024-11-19,Bor,PM2.5,60.0,22.3,44.39021671601692
2024-11-20,Bor,PM2.5,2.0,32.0,17.232169760515355
2024-11-21,Bor,PM2.5,34.0,9.54,21.67452576382591
2024-11-22,Bor,PM2.5,11.0,10.7,15.75092726858829
2024-11-23,Bor,PM2.5,38.0,9.97,25.302993408591032
2024-11-24,Bor,PM2.5,54.0,12.6,44.9421271742268
2024-11-25,Bor,PM2.5,77.0,27.3,53.455225594380295
2024-11-26,Bor,PM2.5,21.0,34.2,26.110675809170893
2024-11-27,Bor,PM2.5,50.0,21.0,40.82704672961725
2024-11-28,Bor,PM2.5,64.0,56.0,45.76698521718524
2024-11-29,Bor,PM2.5,16.0,19.9,19.935377938345116
2024-11-30,Bor,PM2.5,14.0,8.52,16.492464988479487
2024-12-01,Bor,PM2.5,15.0,9.77,13.538931578880078
2024-12-02,Bor,PM2.5,27.0,18.1,21.81991633048881
2024-12-03,Bor,PM2.5,23.0,9.73,26.07563202948606
2024-12-04,Bor,PM2.5,46.0,21.9,37.4672614950259
2024-12-05,Bor,PM2.5,22.0,14.9,22.711846181577855
2024-12-06,Bor,PM2.5,50.0,10.5,34.51641084645493
2024-12-07,Bor,PM2.5,44.0,12.9,33.93130658267914
2024-12-08,Bor,PM2.5,16.0,15.0,24.5274842688516
2024-12-09,Bor,PM2.5,36.0,19.7,30.58519904352257
2024-12-10,Bor,PM2.5,33.0,19.6,29.096576751122388
2024-12-11,Bor,PM2.5,24.0,10.6,26.07563202948606
2024-12-12,Bor,PM2.5,32.0,12.7,27.25949469220536
2024-12-13,Bor,PM2.5,51.0,15.8,42.535839426276965
2024-12-14,Bor,PM2.5,70.0,30.9,49.277792205228096
2024-12-15,Bor,PM2.5,23.0,17.5,20.610372988180917
2024-12-16,Bor,PM2.5,14.0,13.6,17.583245186493407
2024-12-17,Bor,PM2.5,36.0,10.8,30.819493099438414
2024-12-18,Bor,PM2.5,46.0,13.7,42.86588734520394
2024-12-19,Bor,PM2.5,45.0,14.6,40.82241418986601
2024-12-20,Bor,PM2.5,15.0,19.3,22.27507257686124
2024-12-21,Bor,PM2.5,22.0,6.95,18.495752973232182
2024-12-22,Bor,PM2.5,50.0,13.9,42.22358240434188
2024-12-23,Bor,PM2.5,25.0,21.6,22.178410346589512
2024-12-24,Bor,PM2.5,5.0,11.8,20.326673268151573
2024-12-25,Bor,PM2.5,38.0,10.0,29.404633193623344
2024-12-26,Bor,PM2.5,35.0,16.0,29.32807911220873
2024-12-27,Bor,PM2.5,56.0,24.7,40.95108854967993
2024-12-28,Bor,PM2.5,61.0,35.5,52.78366011709936
2024-12-29,Bor,PM2.5,51.0,35.5,47.77454797569221
2024-12-30,Bor,PM2.5,31.0,15.8,30.194667290570425
2024-12-31,Bor,PM2.5,56.0,17.1,48.90581254555457
2022-02-24,Kosjerić,PM2.5,23.0,58.7,26.747921403430468
2022-02-25,Kosjerić,PM2.5,42.0,41.4,35.123299832759585
2022-02-26,Kosjerić,PM2.5,35.0,14.4,25.763884482268864
2022-02-27,Kosjerić,PM2.5,17.0,20.8,16.07480166281839
2022-02-28,Kosjerić,PM2.5,10.0,23.5,20.887435106655087
2022-03-01,Kosjerić,PM2.5,27.0,30.3,22.17692457802493
2022-03-02,Kosjerić,PM2.5,44.0,42.4,32.906489332942826
2022-03-03,Kosjerić,PM2.5,46.0,58.3,36.43507585989637
2022-03-04,Kosjerić,PM2.5,52.0,56.2,41.30817340186836
2022-03-05,Kosjerić,PM2.5,48.0,59.0,34.897772032492284
2022-03-06,Kosjerić,PM2.5,7.0,25.4,16.87910040690544
2022-03-07,Kosjerić,PM2.5,28.0,36.3,23.7659609189136
2022-03-08,Kosjerić,PM2.5,47.0,47.9,32.63024615874011
2022-03-09,Kosjerić,PM2.5,45.0,60.8,28.89718950016489
2022-03-10,Kosjerić,PM2.5,34.0,29.5,23.593500161988583
2022-03-11,Kosjerić,PM2.5,31.0,33.6,25.18939504359414
2022-03-12,Kosjerić,PM2.5,41.0,38.1,33.426442766938074
2022-03-13,Kosjerić,PM2.5,52.0,32.7,41.65758505722425
2022-03-14,Kosjerić,PM2.5,41.0,44.6,32.61829747494323
2022-03-15,Kosjerić,PM2.5,46.0,45.8,36.514045593221006
2022-03-16,Kosjerić,PM2.5,55.0,46.0,37.395689999537765
2022-03-17,Kosjerić,PM2.5,28.0,35.7,23.7409154148622
2022-03-18,Kosjerić,PM2.5,21.0,35.2,21.61600387908346
2022-03-19,Kosjerić,PM2.5,30.0,46.4,25.91002853657537
2022-03-20,Kosjerić,PM2.5,17.0,45.9,19.789006406273703
2022-03-21,Kosjerić,PM2.5,40.0,57.4,31.36633559624017
2022-03-22,Kosjerić,PM2.5,49.0,78.9,36.995647016543366
2022-03-23,Kosjerić,PM2.5,19.0,58.0,22.223730503094
2022-03-24,Kosjerić,PM2.5,44.0,53.9,34.16575603219604
2022-03-25,Kosjerić,PM2.5,36.0,53.8,28.830638053907894
2022-03-26,Kosjerić,PM2.5,30.0,41.1,25.92181134107723
2022-03-27,Kosjerić,PM2.5,26.0,45.5,23.92006467420598
2022-03-28,Kosjerić,PM2.5,34.0,38.4,27.63387979816318
2022-03-29,Kosjerić,PM2.5,40.0,55.3,31.36633559624017
2022-03-30,Kosjerić,PM2.5,23.0,47.1,20.181171723227216
2022-03-31,Kosjerić,PM2.5,20.0,22.1,18.55264222876072
2022-04-01,Kosjerić,PM2.5,15.0,15.1,16.208124247700322
2022-04-02,Kosjerić,PM2.5,4.0,10.5,13.2491302877347
2022-04-03,Kosjerić,PM2.5,25.0,21.4,19.445027076868996
2022-04-04,Kosjerić,PM2.5,34.0,38.9,25.64949772347192
2022-04-05,Kosjerić,PM2.5,22.0,33.2,20.684422097554112
2022-04-06,Kosjerić,PM2.5,15.0,23.7,18.11504038662255
2022-04-07,Kosjerić,PM2.5,20.0,22.9,18.363416827911543
2022-04-08,Kosjerić,PM2.5,8.0,21.2,14.741789355785022
2022-04-09,Kosjerić,PM2.5,11.0,14.0,13.733816588574324
2022-04-10,Kosjerić,PM2.5,16.0,8.03,15.525489926154473
2022-04-11,Kosjerić,PM2.5,17.0,13.6,17.717463247851544
2022-04-12,Kosjerić,PM2.5,19.0,22.7,19.958366643880183
2022-04-13,Kosjerić,PM2.5,16.0,18.6,18.921958856336047
2022-04-14,Kosjerić,PM2.5,17.0,19.0,19.318687044501807
2022-04-15,Kosjerić,PM2.5,14.0,20.9,17.687750129974177
2022-04-16,Kosjerić,PM2.5,21.0,13.4,15.959448719029552
2022-04-17,Kosjerić,PM2.5,15.0,9.88,12.216423600547786
2022-04-18,Kosjerić,PM2.5,6.0,10.9,11.26004523350324
2022-04-19,Kosjerić,PM2.5,18.0,19.5,15.700470766711517
2022-04-20,Kosjerić,PM2.5,33.0,18.3,20.79734944036376
2022-04-21,Kosjerić,PM2.5,34.0,30.4,21.72603801547653
2022-04-22,Kosjerić,PM2.5,15.0,21.6,12.445014961224008
2022-04-23,Kosjerić,PM2.5,8.0,11.5,12.36548033692441
2022-04-24,Kosjerić,PM2.5,5.0,16.4,11.743401131622972
2022-04-25,Kosjerić,PM2.5,3.0,12.0,11.540136916220687
2022-04-26,Kosjerić,PM2.5,4.0,9.15,12.110809037043298
2022-04-27,Kosjerić,PM2.5,9.0,10.2,12.492100177125472
2022-04-28,Kosjerić,PM2.5,18.0,14.8,14.824725080176584
2022-04-29,Kosjerić,PM2.5,18.0,20.0,15.178724662102413
2022-04-30,Kosjerić,PM2.5,16.0,18.9,16.049452028055644
2022-11-08,Kosjerić,PM2.5,67.0,36.5,52.23540108291176
2022-11-09,Kosjerić,PM2.5,56.0,40.7,43.26123932361568
2022-11-10,Kosjerić,PM2.5,56.0,40.3,43.26123932361568
2022-11-11,Kosjerić,PM2.5,44.0,22.4,31.857176807534707
2022-11-12,Kosjerić,PM2.5,68.0,48.0,47.72006868849122
2022-11-13,Kosjerić,PM2.5,67.0,45.8,52.07467869650949
2022-11-14,Kosjerić,PM2.5,74.0,54.4,53.566496812160665
2022-11-15,Kosjerić,PM2.5,73.0,52.3,49.62476621288604
2022-11-16,Kosjerić,PM2.5,72.0,68.7,47.04260513711765
2022-11-17,Kosjerić,PM2.5,51.0,31.6,34.63783764255477
2022-11-18,Kosjerić,PM2.5,57.0,31.0,40.210045663306005
2022-11-19,Kosjerić,PM2.5,54.0,29.8,36.6116196257251
2022-11-20,Kosjerić,PM2.5,31.0,7.73,23.42721673161805
2022-11-21,Kosjerić,PM2.5,40.0,14.8,28.10591423672494
2022-11-22,Kosjerić,PM2.5,56.0,29.9,35.16798811439139
2022-11-23,Kosjerić,PM2.5,59.0,34.7,41.98805873997807
2022-11-24,Kosjerić,PM2.5,60.0,34.9,41.18859930982179
2022-11-25,Kosjerić,PM2.5,58.0,31.2,42.63588615902883
2022-11-26,Kosjerić,PM2.5,76.0,46.7,53.566496812160665
2022-11-27,Kosjerić,PM2.5,74.0,43.1,48.46723632394604
2022-11-28,Kosjerić,PM2.5,48.0,27.0,35.498806412768175
2022-11-29,Kosjerić,PM2.5,41.0,22.5,32.41959470893169
2022-11-30,Kosjerić,PM2.5,34.0,19.4,24.786615723212275
2022-12-01,Kosjerić,PM2.5,27.0,12.7,23.894466325875957
2022-12-02,Kosjerić,PM2.5,54.0,25.6,40.1862313257346
2022-12-03,Kosjerić,PM2.5,81.0,62.8,60.329153027667125
2022-12-04,Kosjerić,PM2.5,82.0,48.5,52.17689402595721
2022-12-05,Kosjerić,PM2.5,88.0,72.6,62.49038273615785
2022-12-06,Kosjerić,PM2.5,92.0,59.9,57.41408513940939
2022-12-07,Kosjerić,PM2.5,69.0,39.3,47.4750330140085
2022-12-08,Kosjerić,PM2.5,64.0,42.8,44.78940911780619
2022-12-09,Kosjerić,PM2.5,106.0,51.1,65.10388625997884
2022-12-10,Kosjerić,PM2.5,122.0,69.4,58.17132623296449
2022-12-11,Kosjerić,PM2.5,28.0,12.4,21.65426166249652
2022-12-12,Kosjerić,PM2.5,42.0,17.6,32.17473135379937
2022-12-13,Kosjerić,PM2.5,59.0,40.2,45.54292201092885
2022-12-14,Kosjerić,PM2.5,83.0,49.6,53.59185837834892
2022-12-15,Kosjerić,PM2.5,64.0,45.5,43.94149347807178
2022-12-16,Kosjerić,PM2.5,66.0,34.1,45.51623416837503
2022-12-17,Kosjerić,PM2.5,43.0,18.5,31.07900171542135
2022-12-18,Kosjerić,PM2.5,50.0,34.9,41.276623133541285
2022-12-19,Kosjerić,PM2.5,67.0,40.4,55.101081535521786
2022-12-20,Kosjerić,PM2.5,78.0,61.6,56.43217726477069
2022-12-21,Kosjerić,PM2.5,93.0,75.7,63.85775611046444
2022-12-22,Kosjerić,PM2.5,190.0,129.0,104.4013616070353
2022-12-23,Kosjerić,PM2.5,152.0,114.0,92.114864357284
2022-12-24,Kosjerić,PM2.5,167.0,120.0,92.03586765355688
2022-12-25,Kosjerić,PM2.5,61.0,49.3,50.58525266981049
2022-12-26,Kosjerić,PM2.5,40.0,56.7,34.46445984433927
2022-12-27,Kosjerić,PM2.5,111.0,67.7,67.43542513084165
2022-12-28,Kosjerić,PM2.5,55.0,44.1,41.25258398083129
2022-12-29,Kosjerić,PM2.5,143.0,71.5,87.92804219919145
2022-12-30,Kosjerić,PM2.5,164.0,108.0,97.47588125221272
2022-12-31,Kosjerić,PM2.5,77.0,91.1,55.612249168274
2023-01-01,Kosjerić,PM2.5,101.0,86.8,69.97154525135583
2023-01-02,Kosjerić,PM2.5,113.0,98.9,74.11372485741984
2023-01-03,Kosjerić,PM2.5,101.0,90.0,69.94190911903301
2023-01-04,Kosjerić,PM2.5,101.0,91.9,70.0354445766125
2023-01-05,Kosjerić,PM2.5,125.0,68.8,75.65487506495685
2023-01-06,Kosjerić,PM2.5,196.0,92.2,100.36907328591478
2023-01-07,Kosjerić,PM2.5,74.0,67.2,55.70578462585349
2023-01-08,Kosjerić,PM2.5,78.0,74.9,55.70578462585349
2023-01-09,Kosjerić,PM2.5,144.0,118.0,80.50968689509497
2023-01-10,Kosjerić,PM2.5,26.0,10.4,19.037978025313112
2023-01-11,Kosjerić,PM2.5,28.0,16.6,19.354107802005597
2023-01-12,Kosjerić,PM2.5,61.0,35.8,45.136734730256656
2023-01-13,Kosjerić,PM2.5,38.0,24.8,33.344297032769084
2023-01-14,Kosjerić,PM2.5,56.0,35.7,39.19610967272163
2023-01-15,Kosjerić,PM2.5,60.0,33.7,49.29379397070829
2023-01-16,Kosjerić,PM2.5,114.0,75.8,72.48790410931447
2023-01-17,Kosjerić,PM2.5,53.0,34.3,33.84556986749977
2023-01-18,Kosjerić,PM2.5,40.0,22.2,25.11395334593511
2023-01-19,Kosjerić,PM2.5,28.0,16.1,22.72672192413462
2023-01-20,Kosjerić,PM2.5,31.0,15.6,24.67807897401145
2023-01-21,Kosjerić,PM2.5,47.0,27.4,35.05481424691612
2023-01-22,Kosjerić,PM2.5,49.0,34.6,41.276623133541285
2023-01-23,Kosjerić,PM2.5,47.0,31.7,32.35002157298243
2023-01-24,Kosjerić,PM2.5,42.0,28.7,30.170606774101344
2023-01-25,Kosjerić,PM2.5,40.0,26.9,31.61333900791164
2023-01-26,Kosjerić,PM2.5,33.0,21.1,25.741799062640357
2023-01-27,Kosjerić,PM2.5,27.0,21.6,23.6479951098146
2023-01-28,Kosjerić,PM2.5,33.0,20.7,25.44310321032844
2023-01-29,Kosjerić,PM2.5,49.0,32.6,35.72003308800517
2023-01-30,Kosjerić,PM2.5,50.0,34.4,37.12867997706407
2023-01-31,Kosjerić,PM2.5,25.0,15.8,18.31208205578057
2023-02-01,Kosjerić,PM2.5,58.0,44.5,43.33372919254658
2023-02-02,Kosjerić,PM2.5,45.0,40.2,32.53535463960187
2023-02-03,Kosjerić,PM2.5,37.0,19.7,26.57520568305709
2023-02-04,Kosjerić,PM2.5,13.0,8.78,13.43684255263542
2023-02-05,Kosjerić,PM2.5,12.0,12.7,16.276204687101664
2023-02-06,Kosjerić,PM2.5,31.0,21.9,21.5155681105603
2023-02-07,Kosjerić,PM2.5,32.0,24.0,27.05691049411977
2023-02-08,Kosjerić,PM2.5,51.0,44.6,34.83610338082658
2023-02-09,Kosjerić,PM2.5,51.0,53.8,40.44793487820286
2023-02-10,Kosjerić,PM2.5,59.0,56.5,50.1159910562768
2023-02-11,Kosjerić,PM2.5,68.0,58.6,55.02159787151596
2023-02-12,Kosjerić,PM2.5,95.0,99.7,58.39166804877717
2023-02-13,Kosjerić,PM2.5,81.0,87.4,60.329153027667125
2023-02-14,Kosjerić,PM2.5,66.0,54.0,48.11813905027318
2023-02-15,Kosjerić,PM2.5,60.0,50.0,49.01487409352265
2023-02-16,Kosjerić,PM2.5,52.0,59.2,43.08400020101448
2023-02-17,Kosjerić,PM2.5,57.0,56.9,45.95382542515691
2023-02-18,Kosjerić,PM2.5,62.0,59.5,48.58440563350571
2023-02-19,Kosjerić,PM2.5,91.0,57.6,61.94216591175606
2023-02-20,Kosjerić,PM2.5,74.0,51.6,49.71937131893505
2023-02-21,Kosjerić,PM2.5,53.0,43.4,43.65929993885143
2023-02-22,Kosjerić,PM2.5,56.0,46.6,44.97163181794679
2023-02-23,Kosjerić,PM2.5,64.0,56.6,46.0109850917061
2023-02-24,Kosjerić,PM2.5,60.0,38.4,44.18008270881927
2023-02-25,Kosjerić,PM2.5,55.0,38.1,34.94691430553414
2023-02-26,Kosjerić,PM2.5,30.0,9.7,24.368191941726558
2023-02-27,Kosjerić,PM2.5,39.0,28.2,29.130515920583797
2023-02-28,Kosjerić,PM2.5,52.0,31.7,38.10819112400305
2023-03-01,Kosjerić,PM2.5,76.0,50.6,48.57684400796917
2023-03-02,Kosjerić,PM2.5,88.0,68.5,55.274862685172
2023-03-03,Kosjerić,PM2.5,57.0,36.9,40.58540789410902
2023-03-04,Kosjerić,PM2.5,58.0,35.5,42.35192426798296
2023-03-05,Kosjerić,PM2.5,58.0,48.2,42.94430554833708
2023-03-06,Kosjerić,PM2.5,54.0,46.7,38.11495890782231
2023-03-07,Kosjerić,PM2.5,50.0,38.6,33.10633282905894
2023-03-08,Kosjerić,PM2.5,62.0,51.2,45.61033127119187
2023-03-09,Kosjerić,PM2.5,38.0,23.4,24.91492255807353
2023-03-10,Kosjerić,PM2.5,57.0,35.5,39.11753396680711
2023-03-11,Kosjerić,PM2.5,47.0,30.3,32.56423316829145
2023-03-12,Kosjerić,PM2.5,33.0,24.5,26.36732741563037
2023-03-13,Kosjerić,PM2.5,47.0,36.1,37.565924616654655
2023-03-14,Kosjerić,PM2.5,52.0,46.8,38.7049836124316
2023-03-15,Kosjerić,PM2.5,32.0,26.1,21.674641491856907
2023-03-16,Kosjerić,PM2.5,34.0,24.9,21.453067022493823
2023-03-17,Kosjerić,PM2.5,46.0,39.0,36.50226278871915
2023-03-18,Kosjerić,PM2.5,46.0,36.9,36.50226278871915
2023-03-19,Kosjerić,PM2.5,43.0,36.3,33.16753056586783
2023-03-20,Kosjerić,PM2.5,37.0,35.0,30.1526373270905
2023-03-21,Kosjerić,PM2.5,51.0,40.8,34.65041102924326
2023-03-22,Kosjerić,PM2.5,36.0,31.9,28.760617421267984
2023-03-23,Kosjerić,PM2.5,33.0,28.9,27.63387979816318
2023-03-24,Kosjerić,PM2.5,35.0,34.6,28.21984677926404
2023-03-25,Kosjerić,PM2.5,32.0,28.1,25.353657045095897
2023-03-26,Kosjerić,PM2.5,29.0,22.6,25.628118747054224
2023-03-27,Kosjerić,PM2.5,18.0,14.0,15.577481217997953
2023-03-28,Kosjerić,PM2.5,17.0,8.73,14.976389119806198
2023-03-29,Kosjerić,PM2.5,32.0,16.4,24.938283713265967
2023-03-30,Kosjerić,PM2.5,38.0,25.2,30.1526373270905
2023-03-31,Kosjerić,PM2.5,17.0,16.2,19.9820702713202
2023-04-01,Kosjerić,PM2.5,28.0,14.3,20.09477360313796
2023-04-02,Kosjerić,PM2.5,32.0,21.1,23.933447664514134
2023-04-03,Kosjerić,PM2.5,26.0,22.9,18.702204743577777
2023-04-04,Kosjerić,PM2.5,17.0,11.3,15.52274163325838
2023-04-05,Kosjerić,PM2.5,31.0,24.3,21.410235503805566
2023-04-06,Kosjerić,PM2.5,44.0,36.4,28.995271636350388
2023-04-07,Kosjerić,PM2.5,54.0,48.7,34.885802397475445
2023-04-08,Kosjerić,PM2.5,58.0,44.4,40.67821604446892
2023-04-09,Kosjerić,PM2.5,56.0,43.2,36.32343415364512
2023-04-10,Kosjerić,PM2.5,46.0,26.2,30.874198806998372
2023-04-11,Kosjerić,PM2.5,44.0,33.2,29.179517444431102
2023-04-12,Kosjerić,PM2.5,27.0,20.9,19.672084038010848
2023-04-13,Kosjerić,PM2.5,19.0,17.9,18.434261595119967
2023-04-14,Kosjerić,PM2.5,18.0,11.5,16.85448270424504
2023-04-15,Kosjerić,PM2.5,22.0,11.0,19.559720360559695
2023-04-16,Kosjerić,PM2.5,26.0,19.3,17.64912692978524
2023-04-17,Kosjerić,PM2.5,41.0,16.9,26.09999217554949
2023-04-18,Kosjerić,PM2.5,31.0,13.2,19.873148155113203
2023-04-19,Kosjerić,PM2.5,37.0,24.1,23.7817644775187
2023-04-20,Kosjerić,PM2.5,38.0,29.4,24.689730577217595
2023-04-21,Kosjerić,PM2.5,35.0,32.1,22.61070959919266
2023-04-22,Kosjerić,PM2.5,30.0,25.8,19.617122885772044
2023-04-23,Kosjerić,PM2.5,28.0,20.3,19.32343029174904
2023-04-24,Kosjerić,PM2.5,25.0,20.5,17.564075051815305
2023-04-25,Kosjerić,PM2.5,22.0,10.6,16.821463953614792
2023-04-26,Kosjerić,PM2.5,25.0,17.8,16.181785440237608
2023-04-27,Kosjerić,PM2.5,23.0,18.8,18.09918665474406
2023-04-28,Kosjerić,PM2.5,19.0,18.4,17.097642620101624
2023-04-29,Kosjerić,PM2.5,24.0,17.1,18.10815593170452
2023-04-30,Kosjerić,PM2.5,22.0,19.4,16.960984531557763
2023-05-01,Kosjerić,PM2.5,19.0,18.2,14.57896410872937
2023-05-02,Kosjerić,PM2.5,24.0,16.2,15.549421203631496
2023-05-03,Kosjerić,PM2.5,21.0,15.6,14.310897118885046
2023-05-04,Kosjerić,PM2.5,28.0,20.7,17.298922575647893
2023-05-05,Kosjerić,PM2.5,30.0,22.8,17.898886209234657
2023-05-06,Kosjerić,PM2.5,14.0,14.3,12.500315436372976
2023-05-07,Kosjerić,PM2.5,10.0,9.1,10.831775319791769
2023-05-08,Kosjerić,PM2.5,17.0,13.8,13.97385074687053
2023-05-09,Kosjerić,PM2.5,13.0,12.4,13.016787522102192
2023-05-10,Kosjerić,PM2.5,13.0,12.2,11.306906892236972
2023-05-11,Kosjerić,PM2.5,21.0,20.1,12.886738062244865
2023-05-12,Kosjerić,PM2.5,22.0,18.5,13.738273902511958
2023-05-13,Kosjerić,PM2.5,14.0,12.6,12.622895191555727
2023-05-14,Kosjerić,PM2.5,18.0,14.9,12.151471606152432
2023-05-15,Kosjerić,PM2.5,22.0,16.8,14.188789986523629
2023-05-16,Kosjerić,PM2.5,17.0,14.8,12.665825635539958
2023-05-17,Kosjerić,PM2.5,9.0,9.56,10.676930380629226
2023-05-18,Kosjerić,PM2.5,14.0,6.17,11.534582952816018
2023-05-19,Kosjerić,PM2.5,27.0,19.5,16.843735204604414
2023-05-20,Kosjerić,PM2.5,21.0,18.2,14.4205146857063
2023-05-21,Kosjerić,PM2.5,15.0,14.0,11.313437349811746
2023-05-22,Kosjerić,PM2.5,12.0,11.8,11.80261151186923
2023-05-23,Kosjerić,PM2.5,10.0,10.5,10.975855933283194
2023-05-24,Kosjerić,PM2.5,24.0,17.4,15.919928700608098
2023-05-25,Kosjerić,PM2.5,12.0,12.1,11.401692339650726
2023-05-26,Kosjerić,PM2.5,14.0,13.6,12.03300073197344
2023-05-27,Kosjerić,PM2.5,17.0,14.1,13.11030593902773
2023-05-28,Kosjerić,PM2.5,19.0,17.2,13.950073759089754
2023-05-29,Kosjerić,PM2.5,14.0,12.6,12.03300073197344
2023-05-30,Kosjerić,PM2.5,11.0,11.8,11.27801171082712
2023-05-31,Kosjerić,PM2.5,14.0,12.7,12.233088952657091
2023-06-01,Kosjerić,PM2.5,19.0,16.5,13.835913123836203
2023-06-02,Kosjerić,PM2.5,11.0,10.4,11.27040383867773
2023-06-03,Kosjerić,PM2.5,20.0,16.6,13.863024020786968
2023-06-04,Kosjerić,PM2.5,8.0,9.72,10.74554326622338
2023-06-05,Kosjerić,PM2.5,7.0,7.85,10.78497138432492
2023-06-06,Kosjerić,PM2.5,10.0,11.3,10.956893188510806
2023-06-07,Kosjerić,PM2.5,11.0,11.7,11.470492059361383
2023-06-08,Kosjerić,PM2.5,12.0,12.0,11.984364338632789
2023-06-09,Kosjerić,PM2.5,10.0,10.2,10.613067448157008
2023-06-10,Kosjerić,PM2.5,15.0,13.1,12.00436967108044
2023-06-11,Kosjerić,PM2.5,10.0,10.3,10.613067448157008
2023-06-12,Kosjerić,PM2.5,8.0,9.09,10.40171752586958
2023-06-13,Kosjerić,PM2.5,8.0,9.73,10.25820403998332
2023-06-14,Kosjerić,PM2.5,7.0,9.13,10.78497138432492
2023-06-15,Kosjerić,PM2.5,8.0,7.81,10.039268071908047
2023-06-16,Kosjerić,PM2.5,14.0,8.97,10.215576527519875
2023-06-17,Kosjerić,PM2.5,19.0,16.7,13.875278958117589
2023-06-18,Kosjerić,PM2.5,8.0,9.99,9.975763570753408
2023-06-19,Kosjerić,PM2.5,11.0,10.8,11.499415709587527
2023-06-20,Kosjerić,PM2.5,20.0,14.6,14.517553894503456
2023-06-21,Kosjerić,PM2.5,26.0,18.9,16.35595693993006
2023-06-22,Kosjerić,PM2.5,28.0,21.0,17.281245250814568
2023-06-23,Kosjerić,PM2.5,21.0,19.9,15.198233569005072
2023-06-24,Kosjerić,PM2.5,19.0,17.8,13.699214882386364
2023-06-25,Kosjerić,PM2.5,23.0,18.8,16.35945577968519
2023-06-26,Kosjerić,PM2.5,14.0,13.8,12.331567518461886
2023-06-27,Kosjerić,PM2.5,13.0,11.3,12.090649252165663
2023-06-28,Kosjerić,PM2.5,6.0,7.47,10.36942317313209
2023-06-29,Kosjerić,PM2.5,11.0,10.0,11.666425200261555
2023-06-30,Kosjerić,PM2.5,12.0,11.1,11.783242612940413
2023-07-01,Kosjerić,PM2.5,10.0,10.7,10.730841014675832
2023-07-02,Kosjerić,PM2.5,13.0,11.9,12.171037066104418
2023-07-03,Kosjerić,PM2.5,9.0,10.4,10.650949185140432
2023-07-04,Kosjerić,PM2.5,12.0,11.1,11.641284160714164
2023-07-05,Kosjerić,PM2.5,19.0,16.5,14.3802557118137
2023-07-06,Kosjerić,PM2.5,23.0,18.0,15.83626071108557
2023-07-07,Kosjerić,PM2.5,9.0,10.2,10.040554220982402
2023-07-08,Kosjerić,PM2.5,7.0,8.21,9.789139515019974
2023-07-09,Kosjerić,PM2.5,6.0,8.12,10.1722575546168
2023-07-10,Kosjerić,PM2.5,9.0,8.99,10.483939694466404
2023-07-11,Kosjerić,PM2.5,14.0,13.3,12.176716026926297
2023-07-12,Kosjerić,PM2.5,13.0,12.5,11.958132535910185
2023-07-13,Kosjerić,PM2.5,13.0,12.2,11.958132535910185
2023-07-14,Kosjerić,PM2.5,9.0,9.43,10.588027122824151
2023-07-15,Kosjerić,PM2.5,18.0,13.7,13.71166763032383
2023-07-16,Kosjerić,PM2.5,24.0,16.9,16.11935279531683
2023-07-17,Kosjerić,PM2.5,32.0,20.3,19.785008228116656
2023-07-18,Kosjerić,PM2.5,17.0,15.3,13.527671582241098
2023-07-19,Kosjerić,PM2.5,10.0,11.7,10.62325474656295
2023-07-20,Kosjerić,PM2.5,6.0,7.43,10.194592329896912
2023-07-21,Kosjerić,PM2.5,8.0,9.08,10.36612522975847
2023-07-22,Kosjerić,PM2.5,15.0,12.7,12.548712259057938
2023-07-23,Kosjerić,PM2.5,15.0,13.7,12.548712259057938
2023-07-24,Kosjerić,PM2.5,17.0,14.6,13.539454386742957
2023-07-25,Kosjerić,PM2.5,13.0,15.1,11.294550432403447
2023-07-26,Kosjerić,PM2.5,7.0,8.94,9.868632416796515
2023-07-27,Kosjerić,PM2.5,6.0,6.49,9.369099193589568
2023-07-28,Kosjerić,PM2.5,6.0,6.37,10.184040359118658
2023-07-29,Kosjerić,PM2.5,13.0,10.1,11.969915340412042
2023-07-30,Kosjerić,PM2.5,22.0,15.5,15.065716852749592
2023-07-31,Kosjerić,PM2.5,7.0,9.01,10.255382932235996
2023-08-01,Kosjerić,PM2.5,6.0,7.95,10.316557075374138
2023-08-02,Kosjerić,PM2.5,5.0,6.33,10.327109046152392
2023-08-03,Kosjerić,PM2.5,9.0,8.82,10.616456410721884
2023-08-04,Kosjerić,PM2.5,10.0,10.1,10.743988658316573
2023-08-05,Kosjerić,PM2.5,6.0,6.54,10.219632655229768
2023-08-06,Kosjerić,PM2.5,4.0,5.85,10.333413019665048
2023-08-07,Kosjerić,PM2.5,3.0,4.8,10.42694847724454
2023-08-08,Kosjerić,PM2.5,2.0,4.37,10.327109046152392
2023-08-09,Kosjerić,PM2.5,4.0,6.68,10.483566566048166
2023-08-10,Kosjerić,PM2.5,7.0,6.8,10.481320663301068
2023-08-11,Kosjerić,PM2.5,6.0,7.71,10.30477427087228
2023-08-12,Kosjerić,PM2.5,6.0,6.72,10.30477427087228
2023-08-13,Kosjerić,PM2.5,9.0,8.55,10.616456410721884
2023-08-14,Kosjerić,PM2.5,12.0,11.3,11.771459808438555
2023-08-15,Kosjerić,PM2.5,13.0,12.4,12.045797098623002
2023-08-16,Kosjerić,PM2.5,30.0,21.1,17.6719721421722
2023-08-17,Kosjerić,PM2.5,36.0,25.6,21.817190239390243
2023-08-18,Kosjerić,PM2.5,38.0,28.1,21.23775880516345
2023-08-19,Kosjerić,PM2.5,30.0,20.9,18.51210089281628
2023-08-20,Kosjerić,PM2.5,22.0,17.0,14.6802809475018
2023-08-21,Kosjerić,PM2.5,24.0,18.2,16.195234553527794
2023-08-22,Kosjerić,PM2.5,24.0,18.4,16.25186951157231
2023-08-23,Kosjerić,PM2.5,27.0,22.0,16.35595693993006
2023-08-24,Kosjerić,PM2.5,21.0,17.3,15.141793584408486
2023-08-25,Kosjerić,PM2.5,16.0,13.8,13.442252405506707
2023-08-26,Kosjerić,PM2.5,17.0,14.7,13.671971102998436
2023-08-27,Kosjerić,PM2.5,12.0,12.7,11.771459808438555
2023-08-28,Kosjerić,PM2.5,17.0,15.1,13.229289056853103
2023-08-29,Kosjerić,PM2.5,7.0,9.37,10.43275180203414
2023-08-30,Kosjerić,PM2.5,3.0,5.1,10.30477427087228
2023-08-31,Kosjerić,PM2.5,4.0,5.12,10.266185223489098
2023-09-01,Kosjerić,PM2.5,13.0,10.7,12.99469751824125
2023-09-02,Kosjerić,PM2.5,16.0,11.8,14.097663619180029
2023-09-03,Kosjerić,PM2.5,16.0,11.7,13.569258870587452
2023-09-04,Kosjerić,PM2.5,7.0,6.49,9.639222140309204
2023-09-05,Kosjerić,PM2.5,13.0,11.6,12.413822834421696
2023-09-06,Kosjerić,PM2.5,10.0,10.0,11.512026078866574
2023-09-07,Kosjerić,PM2.5,9.0,10.6,10.9961950689239
2023-09-08,Kosjerić,PM2.5,8.0,9.19,10.878380604215968
2023-09-09,Kosjerić,PM2.5,12.0,9.15,12.593880512785905
2023-09-10,Kosjerić,PM2.5,8.0,8.73,11.3210626503613
2023-09-11,Kosjerić,PM2.5,7.0,11.4,11.266955310883343
2023-09-12,Kosjerić,PM2.5,9.0,13.6,11.438877115069232
2023-09-13,Kosjerić,PM2.5,9.0,15.6,11.438877115069232
2023-09-14,Kosjerić,PM2.5,14.0,19.5,12.626692409222557
2023-09-15,Kosjerić,PM2.5,15.0,27.1,13.37237271119477
2023-09-16,Kosjerić,PM2.5,17.0,24.8,14.01906949619889
2023-09-17,Kosjerić,PM2.5,17.0,21.8,14.564236564572164
2023-09-18,Kosjerić,PM2.5,16.0,14.0,14.073972918826913
2023-09-19,Kosjerić,PM2.5,14.0,14.1,12.648140610881452
2023-09-20,Kosjerić,PM2.5,11.0,11.9,12.391681171161254
2023-09-21,Kosjerić,PM2.5,11.0,12.1,12.230958784758986
2023-09-22,Kosjerić,PM2.5,9.0,13.7,10.830741902212296
2023-09-23,Kosjerić,PM2.5,5.0,13.5,11.060008046396854
2023-09-24,Kosjerić,PM2.5,4.0,3.67,10.842380406287171
2023-09-25,Kosjerić,PM2.5,11.0,8.24,11.564261572473107
2023-09-26,Kosjerić,PM2.5,12.0,15.4,12.548240250932992
2023-09-27,Kosjerić,PM2.5,8.0,11.1,10.645697742352704
2023-09-28,Kosjerić,PM2.5,9.0,11.2,11.3599073817446
2023-09-29,Kosjerić,PM2.5,9.0,11.2,11.438877115069232
2023-09-30,Kosjerić,PM2.5,14.0,12.8,13.144457092554552
2023-10-01,Kosjerić,PM2.5,23.0,20.3,17.3015280140382
2023-10-02,Kosjerić,PM2.5,16.0,14.8,16.08930306118493
2023-10-03,Kosjerić,PM2.5,17.0,15.2,17.01939389479184
2023-10-04,Kosjerić,PM2.5,15.0,13.3,14.54011832722262
2023-10-05,Kosjerić,PM2.5,13.0,9.27,15.077214589422043
2023-10-06,Kosjerić,PM2.5,16.0,15.7,16.910545509210795
2023-10-07,Kosjerić,PM2.5,16.0,13.1,16.84338420213954
2023-10-08,Kosjerić,PM2.5,15.0,13.9,13.517819771657368
2023-10-09,Kosjerić,PM2.5,18.0,12.9,16.301408555191397
2023-10-10,Kosjerić,PM2.5,15.0,11.6,14.970466430311088
2023-10-11,Kosjerić,PM2.5,17.0,14.8,17.075648955114666
2023-10-12,Kosjerić,PM2.5,19.0,17.7,17.230178174808504
2023-10-13,Kosjerić,PM2.5,25.0,21.0,19.226836968600605
2023-10-14,Kosjerić,PM2.5,27.0,21.7,19.17039698400402
2023-10-15,Kosjerić,PM2.5,13.0,11.1,16.24440848506295
2023-10-16,Kosjerić,PM2.5,21.0,11.6,21.80193132891838
2023-10-17,Kosjerić,PM2.5,34.0,22.5,26.775285574819296
2023-10-18,Kosjerić,PM2.5,36.0,30.0,29.30582590824848
2023-10-19,Kosjerić,PM2.5,67.0,37.8,44.57358550979336
2023-10-20,Kosjerić,PM2.5,24.0,22.0,19.175446639825505
2023-10-21,Kosjerić,PM2.5,6.0,13.5,13.223540603454834
2023-10-22,Kosjerić,PM2.5,9.0,7.15,15.612783088426822
2023-10-23,Kosjerić,PM2.5,16.0,11.2,19.05449441104293
2023-10-24,Kosjerić,PM2.5,28.0,19.4,22.69956197901656
2023-10-25,Kosjerić,PM2.5,20.0,19.2,18.60154259132006
2023-10-26,Kosjerić,PM2.5,27.0,12.5,21.248196189277277
2023-10-27,Kosjerić,PM2.5,33.0,27.4,22.37994835945985
2023-10-28,Kosjerić,PM2.5,10.0,20.2,16.114635451922787
2023-10-29,Kosjerić,PM2.5,12.0,14.7,18.17501245104292
2023-10-30,Kosjerić,PM2.5,60.0,25.1,44.746436952977774
2023-10-31,Kosjerić,PM2.5,28.0,21.2,22.09148662359911
2023-11-01,Kosjerić,PM2.5,65.0,18.0,46.85584764596792
2023-11-02,Kosjerić,PM2.5,19.0,17.1,21.138887340717684
2023-11-03,Kosjerić,PM2.5,63.0,12.2,39.99231941009327
2023-11-04,Kosjerić,PM2.5,69.0,18.8,47.783968013747895
2023-11-05,Kosjerić,PM2.5,57.0,17.7,35.62665062020726
2023-11-06,Kosjerić,PM2.5,70.0,21.0,51.645783377147765
2023-11-07,Kosjerić,PM2.5,62.0,31.4,43.90099632937431
2023-11-08,Kosjerić,PM2.5,62.0,18.0,43.08271682196272
2023-11-09,Kosjerić,PM2.5,58.0,37.6,47.24804161459496
2023-11-10,Kosjerić,PM2.5,63.0,49.4,42.75523993345837
2023-11-11,Kosjerić,PM2.5,40.0,30.9,27.247513590919805
2023-11-12,Kosjerić,PM2.5,57.0,30.2,44.422225226001686
2023-11-13,Kosjerić,PM2.5,90.0,44.0,60.44463038004452
2023-11-14,Kosjerić,PM2.5,152.0,44.7,90.73274475927322
2023-11-16,Kosjerić,PM2.5,69.0,28.0,52.141865625332265
2023-11-17,Kosjerić,PM2.5,7.0,28.9,14.340565137983262
2023-11-18,Kosjerić,PM2.5,12.0,4.44,13.554679682476417
2023-11-19,Kosjerić,PM2.5,68.0,21.8,51.645783377147765
2023-11-20,Kosjerić,PM2.5,128.0,47.1,75.39127803151172
2023-11-23,Kosjerić,PM2.5,42.0,25.1,31.014055458911685
2023-11-25,Kosjerić,PM2.5,6.0,9.05,14.779364655986456
2023-11-26,Kosjerić,PM2.5,21.0,7.9,17.33375970658552
2023-11-27,Kosjerić,PM2.5,93.0,47.9,60.10672110851105
2023-11-28,Kosjerić,PM2.5,89.0,56.8,53.78368398398143
2023-11-29,Kosjerić,PM2.5,54.0,28.0,36.83695070990737
2023-11-30,Kosjerić,PM2.5,126.0,77.8,70.7882330791918
2023-12-01,Kosjerić,PM2.5,4.0,32.0,12.912039112952352
2023-12-02,Kosjerić,PM2.5,16.0,10.5,17.037130690852592
2023-12-03,Kosjerić,PM2.5,52.0,16.3,35.31587201118788
2023-12-04,Kosjerić,PM2.5,65.0,47.3,53.97114988308318
2023-12-05,Kosjerić,PM2.5,82.0,69.0,60.23561757008763
2023-12-06,Kosjerić,PM2.5,65.0,83.2,46.36992196467738
2023-12-07,Kosjerić,PM2.5,18.0,26.6,21.553968089705705
2023-12-08,Kosjerić,PM2.5,70.0,27.6,49.89395677607969
2023-12-09,Kosjerić,PM2.5,70.0,72.2,55.53224584395532
2023-12-10,Kosjerić,PM2.5,76.0,55.0,49.262113654798426
2023-12-11,Kosjerić,PM2.5,92.0,57.4,57.93817120227088
2023-12-12,Kosjerić,PM2.5,86.0,59.0,56.05084842324996
2023-12-13,Kosjerić,PM2.5,57.0,81.7,40.72038694999991
2023-12-14,Kosjerić,PM2.5,8.0,21.5,18.784317785922305
2023-12-15,Kosjerić,PM2.5,13.0,20.6,14.697454528005911
2023-12-16,Kosjerić,PM2.5,68.0,35.7,44.54844834934609
2023-12-17,Kosjerić,PM2.5,68.0,66.5,54.37468889660458
2023-12-18,Kosjerić,PM2.5,64.0,77.5,50.58525266981049
2023-12-19,Kosjerić,PM2.5,81.0,84.0,60.23561757008763
2023-12-20,Kosjerić,PM2.5,149.0,87.1,97.4322960427584
2023-12-21,Kosjerić,PM2.5,93.0,78.4,63.76422065288495
2023-12-22,Kosjerić,PM2.5,93.0,56.9,55.50223289335226
2023-12-23,Kosjerić,PM2.5,100.0,52.2,63.49823814797805
2023-12-24,Kosjerić,PM2.5,100.0,99.1,69.94190911903301
2023-12-25,Kosjerić,PM2.5,79.0,83.3,55.17260690468608
2023-12-26,Kosjerić,PM2.5,126.0,83.8,75.65487506495685
2023-12-27,Kosjerić,PM2.5,80.0,101.0,59.030022072331725
2023-12-28,Kosjerić,PM2.5,71.0,89.0,54.37468889660458
2023-12-29,Kosjerić,PM2.5,82.0,107.0,60.329153027667125
2023-12-30,Kosjerić,PM2.5,83.0,114.0,60.329153027667125
2023-12-31,Kosjerić,PM2.5,90.0,88.3,62.58391819373734
2024-01-01,Kosjerić,PM2.5,59.0,75.6,41.40052359328948
2024-01-02,Kosjerić,PM2.5,83.0,61.7,54.53330947566282
2024-01-03,Kosjerić,PM2.5,89.0,64.9,54.00702634944008
2024-01-04,Kosjerić,PM2.5,99.0,74.8,61.88318557490269
2024-01-05,Kosjerić,PM2.5,156.0,88.5,97.4322960427584
2024-01-06,Kosjerić,PM2.5,117.0,92.7,72.0482190793977
2024-01-07,Kosjerić,PM2.5,5.0,74.9,18.60223291528249
2024-01-08,Kosjerić,PM2.5,58.0,28.3,38.66454348115633
2024-01-09,Kosjerić,PM2.5,26.0,40.9,24.26034910701064
2024-01-10,Kosjerić,PM2.5,59.0,26.5,50.17243104087338
2024-01-11,Kosjerić,PM2.5,82.0,62.2,61.48670997501786
2024-01-12,Kosjerić,PM2.5,61.0,69.1,45.2747081961663
2024-01-13,Kosjerić,PM2.5,74.0,41.5,51.430212900061015
2024-01-14,Kosjerić,PM2.5,85.0,90.7,62.31929445930049
2024-01-15,Kosjerić,PM2.5,11.0,124.0,20.175013067458718
2024-01-16,Kosjerić,PM2.5,102.0,45.6,63.96595067634779
2024-01-17,Kosjerić,PM2.5,191.0,101.0,94.0749004028538
2024-01-18,Kosjerić,PM2.5,88.0,43.4,51.591745466942086
2024-01-19,Kosjerić,PM2.5,52.0,45.2,33.269025541643366
2024-01-20,Kosjerić,PM2.5,69.0,50.5,46.31786153180431
2024-01-21,Kosjerić,PM2.5,68.0,70.7,55.53224584395532
2024-01-22,Kosjerić,PM2.5,84.0,76.6,62.75045876773402
2024-01-23,Kosjerić,PM2.5,168.0,143.0,92.51467839654984
2024-01-24,Kosjerić,PM2.5,164.0,145.0,97.94463916741948
2024-01-25,Kosjerić,PM2.5,104.0,103.0,64.87120339811557
2024-01-26,Kosjerić,PM2.5,98.0,61.6,66.88194094955445
2024-01-27,Kosjerić,PM2.5,14.0,31.0,14.437158827634788
2024-01-28,Kosjerić,PM2.5,45.0,16.4,30.38378664891789
2024-01-29,Kosjerić,PM2.5,59.0,46.7,44.906597307762894
2024-01-30,Kosjerić,PM2.5,68.0,59.4,54.37468889660458
2024-01-31,Kosjerić,PM2.5,83.0,64.8,59.9002577083054
2024-02-01,Kosjerić,PM2.5,102.0,83.6,69.43953976657676
2024-02-02,Kosjerić,PM2.5,69.0,50.8,45.984598232406974
2024-02-03,Kosjerić,PM2.5,70.0,63.3,53.78507119084059
2024-02-04,Kosjerić,PM2.5,87.0,68.9,62.061487416796126
2024-02-05,Kosjerić,PM2.5,68.0,66.4,52.226415836032935
2024-02-06,Kosjerić,PM2.5,81.0,69.0,58.09562312949909
2024-02-07,Kosjerić,PM2.5,75.0,66.6,53.6247412604335
2024-02-08,Kosjerić,PM2.5,76.0,66.3,53.7901944271451
2024-02-09,Kosjerić,PM2.5,13.0,64.1,18.16622721282848
2024-02-10,Kosjerić,PM2.5,14.0,17.4,17.04047991448833
2024-02-11,Kosjerić,PM2.5,52.0,15.8,32.68525058014598
2024-02-12,Kosjerić,PM2.5,64.0,33.8,44.04804624117594
2024-02-13,Kosjerić,PM2.5,11.0,25.4,14.512828067197912
2024-02-14,Kosjerić,PM2.5,65.0,31.9,44.11677097182241
2024-02-15,Kosjerić,PM2.5,44.0,45.8,37.33106720911789
2024-02-16,Kosjerić,PM2.5,48.0,48.0,40.74580151783137
2024-02-17,Kosjerić,PM2.5,73.0,57.0,54.97832807263171
2024-02-18,Kosjerić,PM2.5,42.0,47.1,33.51386679529769
2024-02-19,Kosjerić,PM2.5,62.0,54.8,50.21279733504535
2024-02-20,Kosjerić,PM2.5,66.0,57.8,48.51494601934361
2024-02-21,Kosjerić,PM2.5,61.0,55.8,44.695873660226695
2024-02-22,Kosjerić,PM2.5,146.0,60.8,82.9168203023687
2024-02-23,Kosjerić,PM2.5,2.0,42.3,13.342754192108403
2024-02-24,Kosjerić,PM2.5,45.0,14.7,30.20092744128696
2024-02-25,Kosjerić,PM2.5,42.0,30.1,31.44487119305393
2024-02-26,Kosjerić,PM2.5,40.0,39.0,34.035564524977545
2024-02-27,Kosjerić,PM2.5,64.0,46.4,50.06282189286927
2024-02-28,Kosjerić,PM2.5,41.0,53.6,35.27574359917875
2024-02-29,Kosjerić,PM2.5,82.0,67.6,55.78452158188556
2024-03-01,Kosjerić,PM2.5,48.0,41.1,31.93355284625444
2024-03-02,Kosjerić,PM2.5,61.0,35.8,44.17932426284269
2024-03-03,Kosjerić,PM2.5,70.0,32.2,47.86467306127904
2024-03-04,Kosjerić,PM2.5,75.0,1.86,52.53219482894853
2024-03-07,Kosjerić,PM2.5,34.0,12.8,25.001421176914235
2024-03-08,Kosjerić,PM2.5,17.0,31.2,20.2357286954038
2024-03-09,Kosjerić,PM2.5,56.0,39.6,38.56378117073381
2024-03-10,Kosjerić,PM2.5,3.0,18.6,15.449599703135336
2024-03-11,Kosjerić,PM2.5,65.0,22.1,42.19147562830172
2024-03-12,Kosjerić,PM2.5,13.0,21.3,18.007513793117482
2024-03-13,Kosjerić,PM2.5,31.0,13.9,20.40536135891674
2024-03-14,Kosjerić,PM2.5,57.0,31.9,37.55457870960775
2024-03-15,Kosjerić,PM2.5,43.0,35.2,33.334540056541854
2024-03-16,Kosjerić,PM2.5,57.0,31.3,39.818302530699306
2024-03-17,Kosjerić,PM2.5,58.0,31.9,41.61056139135271
2024-03-18,Kosjerić,PM2.5,60.0,30.4,42.35192426798296
2024-03-19,Kosjerić,PM2.5,29.0,23.6,22.49359501767968
2024-03-20,Kosjerić,PM2.5,54.0,33.0,41.1542975810351
2024-03-21,Kosjerić,PM2.5,72.0,34.7,51.183029190926014
2024-03-22,Kosjerić,PM2.5,51.0,35.9,38.35193727473598
2024-03-23,Kosjerić,PM2.5,42.0,27.2,31.28451539725876
2024-03-24,Kosjerić,PM2.5,31.0,23.1,23.63860558639457
2024-03-25,Kosjerić,PM2.5,41.0,27.1,30.17510368614364
2024-03-26,Kosjerić,PM2.5,48.0,34.9,32.9387834127409
2024-03-27,Kosjerić,PM2.5,64.0,46.2,39.985470137659874
2024-03-28,Kosjerić,PM2.5,15.0,17.1,14.751680044599738
2024-03-29,Kosjerić,PM2.5,35.0,19.8,27.606329685518165
2024-03-30,Kosjerić,PM2.5,17.0,14.4,19.139392591398536
2024-03-31,Kosjerić,PM2.5,13.0,24.4,18.556930226897137
2024-04-01,Kosjerić,PM2.5,6.0,25.6,16.369855226005726
2024-04-02,Kosjerić,PM2.5,14.0,9.26,14.871352710422755
2024-04-03,Kosjerić,PM2.5,15.0,17.0,18.12682319112441
2024-04-04,Kosjerić,PM2.5,6.0,17.7,14.901039339698212
2024-04-05,Kosjerić,PM2.5,6.0,15.1,15.369914262325176
2024-04-06,Kosjerić,PM2.5,16.0,13.3,18.27234504146088
2024-04-07,Kosjerić,PM2.5,12.0,11.7,16.079172574140937
2024-04-08,Kosjerić,PM2.5,13.0,14.0,16.398362017868045
2024-04-09,Kosjerić,PM2.5,12.0,15.5,16.768561935066753
2024-04-10,Kosjerić,PM2.5,6.0,14.9,14.447033869863068
2024-04-11,Kosjerić,PM2.5,34.0,21.9,25.358769420032917
2024-04-12,Kosjerić,PM2.5,22.0,27.9,19.45301867282776
2024-04-13,Kosjerić,PM2.5,14.0,19.8,17.361385808796594
2024-04-14,Kosjerić,PM2.5,5.0,11.4,15.313659202002349
2024-04-15,Kosjerić,PM2.5,10.0,12.1,14.207904853119196
2024-04-16,Kosjerić,PM2.5,2.0,17.7,10.01552822863569
2024-04-17,Kosjerić,PM2.5,16.0,7.57,14.693948534704496
2024-04-18,Kosjerić,PM2.5,14.0,14.1,13.260961968542864
2024-04-19,Kosjerić,PM2.5,12.0,21.2,13.872880124188107
2024-04-20,Kosjerić,PM2.5,26.0,18.3,19.037861429297138
2024-04-21,Kosjerić,PM2.5,24.0,16.6,17.0818370714602
2024-04-22,Kosjerić,PM2.5,49.0,25.6,35.391345885635275
2024-04-23,Kosjerić,PM2.5,17.0,24.9,14.814422869396315
2024-04-24,Kosjerić,PM2.5,13.0,12.9,13.436972372190624
2024-04-25,Kosjerić,PM2.5,18.0,19.7,15.901592492403893
2024-04-26,Kosjerić,PM2.5,10.0,13.5,13.54176338054326
2024-04-27,Kosjerić,PM2.5,14.0,11.4,15.10700746540846
2024-04-28,Kosjerić,PM2.5,15.0,14.2,14.537515619146063
2024-04-29,Kosjerić,PM2.5,8.0,15.3,11.7222217868605
2024-04-30,Kosjerić,PM2.5,6.0,10.5,10.413909430139013
2024-05-01,Kosjerić,PM2.5,13.0,9.37,10.384889612791392
2024-05-02,Kosjerić,PM2.5,22.0,13.5,14.676129212763689
2024-05-03,Kosjerić,PM2.5,12.0,13.8,11.03264263219654
2024-05-04,Kosjerić,PM2.5,8.0,12.6,10.641395281240124
2024-05-05,Kosjerić,PM2.5,6.0,22.5,10.61839419891654
2024-05-06,Kosjerić,PM2.5,3.0,11.9,10.00870266209718
2024-05-07,Kosjerić,PM2.5,4.0,8.27,10.496648360705224
2024-05-08,Kosjerić,PM2.5,11.0,12.2,11.712641966996568
2024-05-09,Kosjerić,PM2.5,18.0,14.5,13.338774242931434
2024-05-10,Kosjerić,PM2.5,6.0,9.76,10.699370218013131
2024-05-11,Kosjerić,PM2.5,11.0,9.9,12.00602990978686
2024-05-12,Kosjerić,PM2.5,9.0,14.6,10.64542938151278
2024-05-13,Kosjerić,PM2.5,4.0,9.26,10.680693542872296
2024-05-14,Kosjerić,PM2.5,20.0,16.5,14.647597267677634
2024-05-15,Kosjerić,PM2.5,5.0,11.2,9.910500538481958
2024-05-16,Kosjerić,PM2.5,12.0,13.1,10.315495349728415
2024-05-17,Kosjerić,PM2.5,13.0,18.9,11.525405780912378
2024-05-18,Kosjerić,PM2.5,10.0,12.4,10.878816291184943
2024-05-19,Kosjerić,PM2.5,3.0,14.3,10.43274903544855
2024-05-20,Kosjerić,PM2.5,4.0,9.52,10.320775984958653
2024-05-21,Kosjerić,PM2.5,15.0,18.1,11.996243257786183
2024-05-22,Kosjerić,PM2.5,6.0,10.5,10.320775984958653
2024-05-23,Kosjerić,PM2.5,4.0,6.23,10.397275952137266
2024-05-24,Kosjerić,PM2.5,8.0,7.16,10.616641220033744
2024-05-25,Kosjerić,PM2.5,3.0,9.59,10.392365958899545
2024-05-26,Kosjerić,PM2.5,8.0,7.53,10.678733231345037
2024-05-27,Kosjerić,PM2.5,7.0,10.1,10.746371730078398
2024-05-28,Kosjerić,PM2.5,7.0,10.2,10.560726566610407
2024-05-29,Kosjerić,PM2.5,10.0,13.6,10.452022361664593
2024-05-30,Kosjerić,PM2.5,8.0,12.6,10.915082580776213
2024-05-31,Kosjerić,PM2.5,3.0,8.68,9.577619766818389
2024-06-01,Kosjerić,PM2.5,6.0,7.11,9.03007845832904
2024-06-02,Kosjerić,PM2.5,7.0,8.4,10.548622034893745
2024-06-03,Kosjerić,PM2.5,2.0,8.62,10.563458395583568
2024-06-04,Kosjerić,PM2.5,2.0,6.08,10.419667240791492
2024-06-05,Kosjerić,PM2.5,5.0,6.72,10.42694847724454
2024-06-06,Kosjerić,PM2.5,5.0,7.68,10.483566566048166
2024-06-07,Kosjerić,PM2.5,14.0,9.01,12.42510297604138
2024-06-08,Kosjerić,PM2.5,16.0,12.5,13.379330343190428
2024-06-09,Kosjerić,PM2.5,9.0,18.3,10.720543839079632
2024-06-10,Kosjerić,PM2.5,5.0,14.3,8.709876867170651
2024-06-11,Kosjerić,PM2.5,16.0,13.4,12.85440399912757
2024-06-12,Kosjerić,PM2.5,2.0,12.2,10.249268787552587
2024-06-13,Kosjerić,PM2.5,1.0,6.67,10.654242123164943
2024-06-14,Kosjerić,PM2.5,6.0,8.25,10.259922117329618
2024-06-15,Kosjerić,PM2.5,5.0,8.48,10.483566566048166
2024-06-16,Kosjerić,PM2.5,10.0,9.23,10.859858891176176
2024-06-17,Kosjerić,PM2.5,14.0,14.1,12.42510297604138
2024-06-18,Kosjerić,PM2.5,15.0,15.9,12.565364087217434
2024-06-19,Kosjerić,PM2.5,8.0,13.4,10.49864194601395
2024-06-20,Kosjerić,PM2.5,11.0,19.1,11.666425200261555
2024-06-21,Kosjerić,PM2.5,4.0,23.9,10.483566566048166
2024-06-22,Kosjerić,PM2.5,6.0,26.9,10.420644503731886
2024-06-23,Kosjerić,PM2.5,12.0,19.2,11.594172688184988
2024-06-24,Kosjerić,PM2.5,11.0,19.5,11.60700197770041
2024-06-25,Kosjerić,PM2.5,5.0,13.0,10.65699385316306
2024-06-26,Kosjerić,PM2.5,3.0,12.1,10.076119169343508
2024-06-27,Kosjerić,PM2.5,4.0,9.93,10.313168112809262
2024-06-28,Kosjerić,PM2.5,9.0,12.4,10.956893188510806
2024-06-29,Kosjerić,PM2.5,21.0,16.7,15.238827881743116
2024-06-30,Kosjerić,PM2.5,11.0,17.5,11.629329727278648
2024-07-01,Kosjerić,PM2.5,4.0,15.8,10.206375134398767
2024-07-02,Kosjerić,PM2.5,9.0,5.42,10.040554220982402
2024-07-03,Kosjerić,PM2.5,3.0,7.41,9.763693088253438
2024-07-04,Kosjerić,PM2.5,8.0,8.54,10.526652642712804
2024-07-05,Kosjerić,PM2.5,7.0,8.28,10.479027380954545
2024-07-06,Kosjerić,PM2.5,9.0,7.46,10.557413727560938
2024-07-07,Kosjerić,PM2.5,15.0,9.54,12.347590533365562
2024-07-08,Kosjerić,PM2.5,14.0,15.1,12.273755669024544
2024-07-09,Kosjerić,PM2.5,14.0,13.1,12.176716026926297
2024-07-10,Kosjerić,PM2.5,12.0,14.5,11.638943092183077
2024-07-11,Kosjerić,PM2.5,11.0,13.7,11.35511618883019
2024-07-12,Kosjerić,PM2.5,13.0,14.7,11.958132535910185
2024-07-13,Kosjerić,PM2.5,35.0,21.2,19.44819487676782
2024-07-14,Kosjerić,PM2.5,14.0,22.0,12.2925862597859
2024-07-15,Kosjerić,PM2.5,33.0,16.6,19.87026506571305
2024-07-16,Kosjerić,PM2.5,16.0,17.6,13.063756465252569
2024-07-17,Kosjerić,PM2.5,32.0,24.3,19.256679075014706
2024-07-18,Kosjerić,PM2.5,15.0,17.9,12.414582488740402
2024-07-19,Kosjerić,PM2.5,22.0,16.4,15.04241184023096
2024-07-20,Kosjerić,PM2.5,7.0,16.1,10.508502023356082
2024-07-21,Kosjerić,PM2.5,19.0,13.8,14.3802557118137
2024-07-22,Kosjerić,PM2.5,21.0,19.1,15.072198930469286
2024-07-23,Kosjerić,PM2.5,19.0,16.7,14.10660536355319
2024-07-24,Kosjerić,PM2.5,13.0,14.4,11.721635367873391
2024-07-25,Kosjerić,PM2.5,4.0,8.17,9.346764418309457
2024-07-26,Kosjerić,PM2.5,4.0,6.47,10.14205165600703
2024-07-27,Kosjerić,PM2.5,6.0,8.01,10.184040359118658
2024-07-28,Kosjerić,PM2.5,8.0,6.99,10.36612522975847
2024-07-29,Kosjerić,PM2.5,4.0,6.02,8.919031827055912
2024-07-30,Kosjerić,PM2.5,4.0,5.17,9.575905146261723
2024-07-31,Kosjerić,PM2.5,3.0,6.9,10.184040359118658
2024-08-01,Kosjerić,PM2.5,7.0,8.21,10.444534606535996
2024-08-02,Kosjerić,PM2.5,17.0,10.7,13.671971102998436
2024-08-03,Kosjerić,PM2.5,5.0,11.6,10.38354903074898
2024-08-04,Kosjerić,PM2.5,4.0,6.75,10.30477427087228
2024-08-05,Kosjerić,PM2.5,5.0,7.5,10.316557075374138
2024-08-06,Kosjerić,PM2.5,3.0,5.38,9.873875029228808
2024-08-07,Kosjerić,PM2.5,4.0,5.26,10.316557075374138
2024-08-08,Kosjerić,PM2.5,8.0,5.74,10.49864194601395
2024-08-09,Kosjerić,PM2.5,3.0,7.95,10.30477427087228
2024-08-10,Kosjerić,PM2.5,5.0,6.16,9.873875029228808
2024-08-11,Kosjerić,PM2.5,17.0,8.07,13.660188298496578
2024-08-12,Kosjerić,PM2.5,12.0,10.3,11.783242612940413
2024-08-13,Kosjerić,PM2.5,13.0,9.14,12.102432056667524
2024-08-14,Kosjerić,PM2.5,8.0,9.71,10.486859141512094
2024-08-15,Kosjerić,PM2.5,22.0,12.5,15.03770615605074
2024-08-16,Kosjerić,PM2.5,22.0,21.2,15.02592335154888
2024-08-17,Kosjerić,PM2.5,31.0,22.3,17.909275466868113
2024-08-18,Kosjerić,PM2.5,27.0,25.6,15.8685378515197
2024-08-19,Kosjerić,PM2.5,12.0,19.3,11.793794583718666
2024-08-20,Kosjerić,PM2.5,7.0,15.0,10.78497138432492
2024-08-21,Kosjerić,PM2.5,10.0,12.4,10.766323433596684
2024-08-22,Kosjerić,PM2.5,11.0,13.6,11.056733663442197
2024-08-23,Kosjerić,PM2.5,10.0,13.2,10.75577146281843
2024-08-24,Kosjerić,PM2.5,10.0,11.6,10.75577146281843
2024-08-25,Kosjerić,PM2.5,12.0,12.5,11.783242612940413
2024-08-26,Kosjerić,PM2.5,17.0,17.5,13.660188298496578
2024-08-27,Kosjerić,PM2.5,20.0,20.2,14.432297056907064
2024-08-28,Kosjerić,PM2.5,20.0,20.4,14.011949786041844
2024-08-29,Kosjerić,PM2.5,13.0,20.5,11.659750010522192
2024-08-30,Kosjerić,PM2.5,10.0,14.7,10.3130894166731
2024-08-31,Kosjerić,PM2.5,15.0,15.4,12.40113751629641
2024-09-01,Kosjerić,PM2.5,14.0,17.2,12.70075420588565
2024-09-02,Kosjerić,PM2.5,10.0,17.2,11.578192167165778
2024-09-03,Kosjerić,PM2.5,32.0,20.5,20.739945648719495
2024-09-04,Kosjerić,PM2.5,24.0,26.0,17.015466440024635
2024-09-05,Kosjerić,PM2.5,40.0,28.9,23.87921054480975
2024-09-06,Kosjerić,PM2.5,20.0,30.9,15.195893985359378
2024-09-07,Kosjerić,PM2.5,9.0,22.7,11.36827053467234
2024-09-08,Kosjerić,PM2.5,16.0,22.4,14.08588081467817
2024-09-09,Kosjerić,PM2.5,5.0,21.8,10.73173556982258
2024-09-10,Kosjerić,PM2.5,3.0,7.88,9.576662214153052
2024-09-11,Kosjerić,PM2.5,2.0,11.2,10.534580043361592
2024-09-12,Kosjerić,PM2.5,7.0,8.92,11.200789222584142
2024-09-13,Kosjerić,PM2.5,1.0,6.03,10.508837117753696
2024-09-14,Kosjerić,PM2.5,3.0,2.17,10.960669925073043
2024-09-15,Kosjerić,PM2.5,1.0,2.16,10.51334627210429
2024-09-16,Kosjerić,PM2.5,4.0,4.64,11.007263360685547
2024-09-17,Kosjerić,PM2.5,9.0,7.24,12.75125759950574
2024-09-18,Kosjerić,PM2.5,17.0,15.6,15.074098485133398
2024-09-19,Kosjerić,PM2.5,8.0,14.4,11.231781098941756
2024-09-20,Kosjerić,PM2.5,4.0,14.5,11.187415202642145
2024-09-21,Kosjerić,PM2.5,8.0,14.7,11.377317710684126
2024-09-22,Kosjerić,PM2.5,8.0,13.8,12.06523276333954
2024-09-23,Kosjerić,PM2.5,16.0,19.8,14.24847497760592
2024-09-24,Kosjerić,PM2.5,25.0,30.1,17.504206375804955
2024-09-25,Kosjerić,PM2.5,14.0,15.4,13.21328100925736
2024-09-26,Kosjerić,PM2.5,16.0,16.8,13.43510235619686
2024-09-27,Kosjerić,PM2.5,8.0,16.6,10.891184249241396
2024-09-28,Kosjerić,PM2.5,2.0,11.6,10.951065853210968
2024-09-29,Kosjerić,PM2.5,3.0,5.48,8.466145858773567
2024-09-30,Kosjerić,PM2.5,16.0,15.8,13.78980273647784
2024-10-01,Kosjerić,PM2.5,23.0,20.7,19.87645078347577
2024-10-02,Kosjerić,PM2.5,25.0,20.1,19.458276786588733
2024-10-03,Kosjerić,PM2.5,34.0,22.2,21.79877255612113
2024-10-04,Kosjerić,PM2.5,8.0,15.6,12.619271392477202
2024-10-05,Kosjerić,PM2.5,12.0,11.5,13.99980572613198
2024-10-06,Kosjerić,PM2.5,22.0,18.7,17.710254180783323
2024-10-07,Kosjerić,PM2.5,12.0,17.3,15.780279219609003
2024-10-08,Kosjerić,PM2.5,33.0,24.6,23.22766733890889
2024-10-09,Kosjerić,PM2.5,16.0,24.5,15.428610876574488
2024-10-10,Kosjerić,PM2.5,15.0,20.3,13.916200973160688
2024-10-11,Kosjerić,PM2.5,30.0,16.9,19.75145857416605
2024-10-12,Kosjerić,PM2.5,29.0,24.5,19.756170389609927
2024-10-13,Kosjerić,PM2.5,21.0,23.9,19.034742762719315
2024-10-14,Kosjerić,PM2.5,15.0,25.9,15.442641323513646
2024-10-15,Kosjerić,PM2.5,16.0,23.9,20.133003545279816
2024-10-16,Kosjerić,PM2.5,23.0,23.5,23.109630142019466
2024-10-17,Kosjerić,PM2.5,38.0,34.3,29.2419265829918
2024-10-18,Kosjerić,PM2.5,33.0,28.8,26.30929478247467
2024-10-19,Kosjerić,PM2.5,34.0,29.3,25.330782575089
2024-10-20,Kosjerić,PM2.5,37.0,38.9,29.18208455205921
2024-10-21,Kosjerić,PM2.5,57.0,42.9,42.52304191517391
2024-10-22,Kosjerić,PM2.5,57.0,40.5,42.52304191517391
2024-10-23,Kosjerić,PM2.5,50.0,46.1,37.23815200902069
2024-10-24,Kosjerić,PM2.5,51.0,55.6,37.50512585589395
2024-10-25,Kosjerić,PM2.5,58.0,52.7,45.3488583037672
2024-10-26,Kosjerić,PM2.5,60.0,51.8,45.3488583037672
2024-10-27,Kosjerić,PM2.5,43.0,52.2,32.04073778781295
2024-10-28,Kosjerić,PM2.5,45.0,45.7,33.117932987465814
2024-10-29,Kosjerić,PM2.5,52.0,50.7,39.64143388652963
2024-10-30,Kosjerić,PM2.5,42.0,41.8,31.759703251599344
2024-10-31,Kosjerić,PM2.5,36.0,37.7,29.21229045066898
2024-11-01,Kosjerić,PM2.5,55.0,36.9,43.26123932361568
2024-11-02,Kosjerić,PM2.5,22.0,24.6,22.7510831907564
2024-11-03,Kosjerić,PM2.5,37.0,26.7,29.448412127520136
2024-11-04,Kosjerić,PM2.5,45.0,42.1,35.28531485300456
2024-11-05,Kosjerić,PM2.5,51.0,57.6,39.40430916672173
2024-11-06,Kosjerić,PM2.5,75.0,65.5,53.566496812160665
2024-11-07,Kosjerić,PM2.5,57.0,77.5,44.422225226001686
2024-11-08,Kosjerić,PM2.5,70.0,79.7,52.23540108291176
2024-11-09,Kosjerić,PM2.5,71.0,85.1,52.23540108291176
2024-11-10,Kosjerić,PM2.5,72.0,77.8,52.23540108291176
2024-11-11,Kosjerić,PM2.5,35.0,73.9,26.60132417219196
2024-11-12,Kosjerić,PM2.5,61.0,40.3,48.44596485611766
2024-11-13,Kosjerić,PM2.5,50.0,40.4,39.13733531984846
2024-11-14,Kosjerić,PM2.5,16.0,31.1,20.283684784686184
2024-11-15,Kosjerić,PM2.5,67.0,32.6,47.6904325561684
2024-11-16,Kosjerić,PM2.5,63.0,52.4,44.72104283762546
2024-11-17,Kosjerić,PM2.5,65.0,66.5,50.67430512203962
2024-11-18,Kosjerić,PM2.5,68.0,89.1,52.23540108291176
2024-11-19,Kosjerić,PM2.5,62.0,99.4,48.35242939853817
2024-11-21,Kosjerić,PM2.5,67.0,42.3,45.66416587933845
2024-11-22,Kosjerić,PM2.5,11.0,38.1,13.842106747069446
2024-11-23,Kosjerić,PM2.5,24.0,46.5,24.091229361153964
2024-11-24,Kosjerić,PM2.5,36.0,64.4,31.93140185799345
2024-11-25,Kosjerić,PM2.5,63.0,89.7,48.35242939853817
2024-11-26,Kosjerić,PM2.5,118.0,107.0,71.88090158614754
2024-11-27,Kosjerić,PM2.5,52.0,65.9,41.540617197357406
2024-11-28,Kosjerić,PM2.5,4.0,82.1,18.69469593331016
2024-11-29,Kosjerić,PM2.5,25.0,23.8,20.819779327332487
2024-11-30,Kosjerić,PM2.5,18.0,15.1,19.557850558255385
2024-12-01,Kosjerić,PM2.5,38.0,24.1,26.86983121316586
2024-12-02,Kosjerić,PM2.5,43.0,26.1,36.28350814178788
2024-12-03,Kosjerić,PM2.5,37.0,40.9,33.344297032769084
2024-12-04,Kosjerić,PM2.5,36.0,32.0,29.060793496159835
2024-12-05,Kosjerić,PM2.5,35.0,52.2,26.85103443467108
2024-12-06,Kosjerić,PM2.5,18.0,43.3,21.102336478911937
2024-12-07,Kosjerić,PM2.5,27.0,30.7,23.51002164390496
2024-12-08,Kosjerić,PM2.5,74.0,49.4,49.13837229860916
2024-12-09,Kosjerić,PM2.5,36.0,50.7,33.344297032769084
2024-12-10,Kosjerić,PM2.5,49.0,29.5,35.357583634043635
2024-12-11,Kosjerić,PM2.5,21.0,21.7,21.83987337684234
2024-12-12,Kosjerić,PM2.5,41.0,31.7,32.853518082112856
2024-12-13,Kosjerić,PM2.5,43.0,37.1,36.34740746704455
2024-12-14,Kosjerić,PM2.5,77.0,59.5,49.81640561626969
2024-12-15,Kosjerić,PM2.5,30.0,56.4,24.63546709123297
2024-12-16,Kosjerić,PM2.5,39.0,77.1,34.39727291551649
2024-12-17,Kosjerić,PM2.5,72.0,67.4,54.21396651020231
2024-12-18,Kosjerić,PM2.5,54.0,74.1,44.24063902463232
2024-12-19,Kosjerić,PM2.5,39.0,88.2,34.46445984433927
2024-12-20,Kosjerić,PM2.5,5.0,74.0,16.919950647055483
2024-12-21,Kosjerić,PM2.5,33.0,36.3,20.772312030285327
2024-12-22,Kosjerić,PM2.5,73.0,49.7,51.2134043192786
2024-12-23,Kosjerić,PM2.5,8.0,47.7,18.907799510405667
2024-12-24,Kosjerić,PM2.5,6.0,13.7,14.837429649180644
2024-12-25,Kosjerić,PM2.5,24.0,16.4,18.58199311377209
2024-12-26,Kosjerić,PM2.5,36.0,30.2,29.356056021298592
2024-12-27,Kosjerić,PM2.5,36.0,55.6,33.25076157518959
2024-12-28,Kosjerić,PM2.5,34.0,48.3,30.720221241760385
2024-12-29,Kosjerić,PM2.5,48.0,65.5,41.9033584651821
2024-12-30,Kosjerić,PM2.5,47.0,80.4,41.9033584651821
2024-12-31,Kosjerić,PM2.5,125.0,72.6,76.90596746988707
2023-01-01,Kragujevac,PM2.5,91.0,64.2,65.94270427356014
2023-01-02,Kragujevac,PM2.5,99.0,73.7,71.11453557104262
2023-01-03,Kragujevac,PM2.5,99.0,60.5,71.11453557104262
2023-01-04,Kragujevac,PM2.5,102.0,80.0,71.14652199854854
2023-01-05,Kragujevac,PM2.5,84.0,53.9,58.97326384030085
2023-01-06,Kragujevac,PM2.5,69.0,35.9,47.47771838121662
2023-01-07,Kragujevac,PM2.5,94.0,61.8,67.1500908734066
2023-01-08,Kragujevac,PM2.5,84.0,62.8,64.10008663621427
2023-01-09,Kragujevac,PM2.5,36.0,32.2,23.932064522393866
2023-01-10,Kragujevac,PM2.5,25.0,14.8,18.88678255274414
2023-01-11,Kragujevac,PM2.5,37.0,21.5,23.38868676556833
2023-01-12,Kragujevac,PM2.5,62.0,40.3,44.96955408794149
2023-01-13,Kragujevac,PM2.5,67.0,50.2,49.867339898834665
2023-01-14,Kragujevac,PM2.5,87.0,64.6,58.13371543825496
2023-01-15,Kragujevac,PM2.5,71.0,50.3,53.224654868666114
2023-01-16,Kragujevac,PM2.5,36.0,32.3,24.96608050553015
2023-01-17,Kragujevac,PM2.5,26.0,23.4,18.574135251927817
2023-01-18,Kragujevac,PM2.5,17.0,15.6,16.364754641960488
2023-01-19,Kragujevac,PM2.5,19.0,18.0,16.91654354138936
2023-01-20,Kragujevac,PM2.5,45.0,37.6,30.532602524110683
2023-01-21,Kragujevac,PM2.5,54.0,38.9,38.27653116095584
2023-01-22,Kragujevac,PM2.5,58.0,51.1,49.74840877506869
2023-01-23,Kragujevac,PM2.5,19.0,20.8,16.496709133867103
2023-01-24,Kragujevac,PM2.5,20.0,13.5,22.086541027544246
2023-01-25,Kragujevac,PM2.5,29.0,25.7,29.521860732806072
2023-01-26,Kragujevac,PM2.5,25.0,19.0,22.629553547185797
2023-01-27,Kragujevac,PM2.5,40.0,29.4,27.194614244614165
2023-01-28,Kragujevac,PM2.5,49.0,43.2,31.23313489507192
2023-01-29,Kragujevac,PM2.5,45.0,32.8,28.879533606511643
2023-01-30,Kragujevac,PM2.5,55.0,43.2,40.90942281196217
2023-01-31,Kragujevac,PM2.5,20.0,17.2,16.6675639738738
2023-02-01,Kragujevac,PM2.5,32.0,26.9,26.92888352703194
2023-02-02,Kragujevac,PM2.5,35.0,27.8,25.848311246667077
2023-02-03,Kragujevac,PM2.5,25.0,15.2,19.5850622641775
2023-02-04,Kragujevac,PM2.5,11.0,9.33,12.455187618208884
2023-02-05,Kragujevac,PM2.5,14.0,13.3,19.87220758820478
2023-02-06,Kragujevac,PM2.5,37.0,30.1,28.86281429019964
2023-02-07,Kragujevac,PM2.5,52.0,45.0,40.86459144744968
2023-02-08,Kragujevac,PM2.5,47.0,44.4,34.73218972620512
2023-02-09,Kragujevac,PM2.5,52.0,52.3,41.46707611272135
2023-02-10,Kragujevac,PM2.5,80.0,62.9,60.98802258850875
2023-02-11,Kragujevac,PM2.5,100.0,75.7,71.69632112808148
2023-02-12,Kragujevac,PM2.5,94.0,67.5,59.30715338555044
2023-02-13,Kragujevac,PM2.5,99.0,65.2,71.11453557104262
2023-02-14,Kragujevac,PM2.5,46.0,37.5,37.201428639315175
2023-02-15,Kragujevac,PM2.5,62.0,43.5,50.6618692270263
2023-02-16,Kragujevac,PM2.5,83.0,60.5,62.85775993522178
2023-02-17,Kragujevac,PM2.5,81.0,58.1,62.44014850082399
2023-02-18,Kragujevac,PM2.5,24.0,39.9,27.57533627292785
2023-02-19,Kragujevac,PM2.5,65.0,42.7,46.607052570304496
2023-02-20,Kragujevac,PM2.5,36.0,27.3,27.81476881218348
2023-02-21,Kragujevac,PM2.5,43.0,34.3,36.34171160571524
2023-02-22,Kragujevac,PM2.5,55.0,42.1,45.62211943163454
2023-02-23,Kragujevac,PM2.5,47.0,43.2,40.87534979553018
2023-02-24,Kragujevac,PM2.5,62.0,55.2,45.17997855453781
2023-02-25,Kragujevac,PM2.5,25.0,25.0,21.409139558642863
2023-02-26,Kragujevac,PM2.5,23.0,15.0,19.04979268735042
2023-02-27,Kragujevac,PM2.5,38.0,27.7,27.905740891553755
2023-02-28,Kragujevac,PM2.5,46.0,33.6,36.89893998425844
2023-03-01,Kragujevac,PM2.5,33.0,27.2,26.5038823533244
2023-03-02,Kragujevac,PM2.5,25.0,22.8,21.713175424878177
2023-03-03,Kragujevac,PM2.5,52.0,42.1,37.04152583781542
2023-03-04,Kragujevac,PM2.5,70.0,50.7,47.83151791246017
2023-03-05,Kragujevac,PM2.5,45.0,38.1,33.04402811987281
2023-03-06,Kragujevac,PM2.5,50.0,46.5,37.98223169825064
2023-03-07,Kragujevac,PM2.5,40.0,31.9,31.54806915039449
2023-03-08,Kragujevac,PM2.5,21.0,21.6,22.0250100541153
2023-03-09,Kragujevac,PM2.5,16.0,14.0,18.592690466182795
2023-03-10,Kragujevac,PM2.5,40.0,35.8,27.307164709838307
2023-03-11,Kragujevac,PM2.5,18.0,16.5,18.170172158021195
2023-03-12,Kragujevac,PM2.5,27.0,23.8,20.91837957451702
2023-03-13,Kragujevac,PM2.5,36.0,35.4,29.212296006003584
2023-03-14,Kragujevac,PM2.5,29.0,28.8,22.60190551781268
2023-03-15,Kragujevac,PM2.5,27.0,24.6,18.98271190165121
2023-03-16,Kragujevac,PM2.5,14.0,13.4,13.43012992315235
2023-03-17,Kragujevac,PM2.5,39.0,31.2,31.499805069002004
2023-03-18,Kragujevac,PM2.5,27.0,27.8,22.59761097442522
2023-03-19,Kragujevac,PM2.5,40.0,29.7,30.13999444862224
2023-03-20,Kragujevac,PM2.5,53.0,46.5,41.42724719992566
2023-03-21,Kragujevac,PM2.5,48.0,40.4,37.98223169825064
2023-03-22,Kragujevac,PM2.5,39.0,30.6,29.6745988660784
2023-03-23,Kragujevac,PM2.5,39.0,33.9,31.766390641661776
2023-03-24,Kragujevac,PM2.5,25.0,25.2,23.160784094592604
2023-03-25,Kragujevac,PM2.5,21.0,21.6,21.00253232438607
2023-03-26,Kragujevac,PM2.5,14.0,10.9,19.41717263647571
2023-03-27,Kragujevac,PM2.5,9.0,11.5,13.234571027035114
2023-03-28,Kragujevac,PM2.5,6.0,6.96,12.39558199751455
2023-03-29,Kragujevac,PM2.5,21.0,17.6,18.425715833717128
2023-03-30,Kragujevac,PM2.5,26.0,25.5,23.68539243620813
2023-03-31,Kragujevac,PM2.5,17.0,20.9,21.70650342466031
2023-04-01,Kragujevac,PM2.5,19.0,14.8,17.1803322973837
2023-04-02,Kragujevac,PM2.5,21.0,18.3,20.082950793733456
2023-04-03,Kragujevac,PM2.5,19.0,21.1,16.584942296291125
2023-04-04,Kragujevac,PM2.5,20.0,16.0,15.25335090907264
2023-04-05,Kragujevac,PM2.5,30.0,24.3,20.151537042719276
2023-04-06,Kragujevac,PM2.5,38.0,35.1,25.292708806355105
2023-04-07,Kragujevac,PM2.5,52.0,51.5,34.990630532095594
2023-04-08,Kragujevac,PM2.5,51.0,43.6,34.31791243839036
2023-04-09,Kragujevac,PM2.5,50.0,41.5,33.26999508837338
2023-04-10,Kragujevac,PM2.5,48.0,37.7,31.142030487437577
2023-04-11,Kragujevac,PM2.5,52.0,36.7,33.773747339233
2023-04-12,Kragujevac,PM2.5,17.0,15.8,16.575925929852165
2023-04-13,Kragujevac,PM2.5,20.0,21.6,19.222216523711428
2023-04-14,Kragujevac,PM2.5,15.0,12.9,16.03273420812937
2023-04-15,Kragujevac,PM2.5,19.0,16.4,18.50548384464419
2023-04-16,Kragujevac,PM2.5,19.0,17.4,16.706700889360814
2023-04-17,Kragujevac,PM2.5,19.0,15.5,14.992395667677965
2023-04-18,Kragujevac,PM2.5,13.0,9.24,13.590551755785825
2023-04-19,Kragujevac,PM2.5,27.0,23.5,17.710176401501123
2023-04-20,Kragujevac,PM2.5,27.0,21.7,17.619303496358047
2023-04-21,Kragujevac,PM2.5,24.0,24.7,18.479462906160855
2023-04-22,Kragujevac,PM2.5,21.0,22.1,16.942421371987642
2023-04-23,Kragujevac,PM2.5,20.0,19.6,16.51274012247728
2023-04-24,Kragujevac,PM2.5,19.0,19.5,16.03893193390938
2023-04-25,Kragujevac,PM2.5,15.0,13.9,13.375489789622408
2023-04-26,Kragujevac,PM2.5,23.0,22.3,16.766032424620896
2023-04-27,Kragujevac,PM2.5,18.0,16.9,14.21888905771986
2023-04-28,Kragujevac,PM2.5,18.0,18.8,16.716002700355187
2023-04-29,Kragujevac,PM2.5,24.0,24.6,18.43497308495932
2023-04-30,Kragujevac,PM2.5,24.0,21.3,18.52211884258728
2023-05-01,Kragujevac,PM2.5,12.0,13.1,12.127573167308483
2023-05-02,Kragujevac,PM2.5,7.0,8.33,8.68514690174264
2023-05-03,Kragujevac,PM2.5,7.0,10.0,10.047721034135492
2023-05-04,Kragujevac,PM2.5,20.0,16.2,14.982646302544154
2023-05-05,Kragujevac,PM2.5,26.0,22.6,16.57755874945677
2023-05-06,Kragujevac,PM2.5,13.0,13.5,12.175456148684525
2023-05-07,Kragujevac,PM2.5,10.0,10.3,10.927093711926796
2023-05-08,Kragujevac,PM2.5,26.0,22.1,16.48809705237577
2023-05-09,Kragujevac,PM2.5,12.0,14.0,11.634825807863203
2023-05-10,Kragujevac,PM2.5,8.0,9.68,9.300871767717254
2023-05-11,Kragujevac,PM2.5,13.0,13.4,8.912465101039153
2023-05-12,Kragujevac,PM2.5,14.0,12.2,10.47758307376047
2023-05-13,Kragujevac,PM2.5,14.0,13.7,11.650875082753242
2023-05-14,Kragujevac,PM2.5,12.0,11.7,9.346647914182894
2023-05-15,Kragujevac,PM2.5,15.0,16.7,10.031806650192618
2023-05-16,Kragujevac,PM2.5,17.0,18.3,11.08682419970037
2023-05-17,Kragujevac,PM2.5,13.0,15.7,12.376625263939736
2023-05-18,Kragujevac,PM2.5,14.0,9.96,11.276470698174869
2023-05-19,Kragujevac,PM2.5,31.0,26.1,19.166609939828223
2023-05-20,Kragujevac,PM2.5,25.0,23.4,15.785911957429992
2023-05-21,Kragujevac,PM2.5,14.0,15.7,11.424744277949385
2023-05-22,Kragujevac,PM2.5,12.0,13.3,11.341679566975865
2023-05-23,Kragujevac,PM2.5,13.0,12.5,12.396393543432689
2023-05-24,Kragujevac,PM2.5,26.0,20.2,16.589776897469726
2023-05-25,Kragujevac,PM2.5,20.0,19.1,13.864316183696577
2023-05-26,Kragujevac,PM2.5,19.0,18.2,14.436697259535151
2023-05-27,Kragujevac,PM2.5,21.0,19.1,15.065238756992148
2023-05-28,Kragujevac,PM2.5,19.0,18.9,13.93103479526868
2023-05-29,Kragujevac,PM2.5,12.0,12.9,12.014053453538978
2023-05-30,Kragujevac,PM2.5,14.0,14.9,12.193549725282232
2023-05-31,Kragujevac,PM2.5,21.0,18.9,15.09722518449806
2023-06-01,Kragujevac,PM2.5,14.0,13.1,12.662371600465743
2023-06-02,Kragujevac,PM2.5,11.0,12.9,11.38681486061582
2023-06-03,Kragujevac,PM2.5,14.0,14.3,12.04065034621265
2023-06-04,Kragujevac,PM2.5,8.0,9.72,10.189340909671827
2023-06-05,Kragujevac,PM2.5,11.0,11.1,11.178962027362235
2023-06-06,Kragujevac,PM2.5,11.0,12.3,10.793878755026654
2023-06-07,Kragujevac,PM2.5,12.0,12.3,11.94522643695011
2023-06-08,Kragujevac,PM2.5,14.0,15.0,12.554731653085964
2023-06-09,Kragujevac,PM2.5,11.0,11.1,11.270756070629195
2023-06-10,Kragujevac,PM2.5,14.0,15.8,12.04065034621265
2023-06-11,Kragujevac,PM2.5,15.0,13.8,12.04065034621265
2023-06-12,Kragujevac,PM2.5,17.0,14.9,12.344588772656865
2023-06-13,Kragujevac,PM2.5,13.0,16.5,11.778834996773526
2023-06-14,Kragujevac,PM2.5,7.0,8.54,10.851747765813275
2023-06-15,Kragujevac,PM2.5,10.0,11.7,10.642717195269492
2023-06-16,Kragujevac,PM2.5,9.0,10.3,8.254524078101614
2023-06-17,Kragujevac,PM2.5,19.0,20.0,12.286535170657062
2023-06-18,Kragujevac,PM2.5,11.0,13.0,11.220103438319176
2023-06-19,Kragujevac,PM2.5,14.0,13.9,12.519412121408257
2023-06-20,Kragujevac,PM2.5,23.0,18.4,16.40997682932928
2023-06-21,Kragujevac,PM2.5,30.0,21.9,18.537749492934992
2023-06-22,Kragujevac,PM2.5,25.0,19.1,16.40997682932928
2023-06-23,Kragujevac,PM2.5,21.0,18.5,14.388010708851988
2023-06-24,Kragujevac,PM2.5,21.0,20.5,14.157612597851806
2023-06-25,Kragujevac,PM2.5,22.0,18.7,15.025201671718005
2023-06-26,Kragujevac,PM2.5,13.0,12.2,11.43716483127842
2023-06-27,Kragujevac,PM2.5,16.0,12.3,13.24835045967697
2023-06-28,Kragujevac,PM2.5,8.0,12.5,9.877492712659729
2023-06-29,Kragujevac,PM2.5,11.0,13.1,11.7495178458248
2023-06-30,Kragujevac,PM2.5,15.0,13.7,12.298474726660093
2023-07-01,Kragujevac,PM2.5,9.0,13.5,10.434270546371984
2023-07-02,Kragujevac,PM2.5,13.0,13.1,11.762389409087728
2023-07-03,Kragujevac,PM2.5,12.0,11.8,11.665895229445312
2023-07-04,Kragujevac,PM2.5,13.0,12.1,11.755102603410364
2023-07-05,Kragujevac,PM2.5,21.0,18.8,14.45100290214014
2023-07-06,Kragujevac,PM2.5,20.0,17.2,14.136029320537226
2023-07-07,Kragujevac,PM2.5,13.0,13.5,10.85961741152443
2023-07-08,Kragujevac,PM2.5,10.0,11.0,9.415338336702158
2023-07-09,Kragujevac,PM2.5,10.0,9.44,10.266398969202056
2023-07-10,Kragujevac,PM2.5,13.0,10.2,12.092439894857897
2023-07-11,Kragujevac,PM2.5,16.0,13.4,13.111978731229662
2023-07-12,Kragujevac,PM2.5,14.0,14.1,12.383040392960948
2023-07-13,Kragujevac,PM2.5,12.0,12.3,11.47694426220306
2023-07-14,Kragujevac,PM2.5,9.0,9.29,10.05281784913661
2023-07-15,Kragujevac,PM2.5,14.0,11.6,12.383040392960948
2023-07-16,Kragujevac,PM2.5,20.0,16.2,14.406060652801138
2023-07-17,Kragujevac,PM2.5,24.0,17.9,16.273605100881973
2023-07-18,Kragujevac,PM2.5,16.0,12.9,12.582564323724036
2023-07-19,Kragujevac,PM2.5,14.0,13.5,12.383040392960948
2023-07-20,Kragujevac,PM2.5,10.0,11.6,10.567030692261342
2023-07-21,Kragujevac,PM2.5,9.0,11.1,10.434270546371984
2023-07-22,Kragujevac,PM2.5,12.0,11.7,11.55638204317701
2023-07-23,Kragujevac,PM2.5,21.0,13.4,14.612164335654706
2023-07-24,Kragujevac,PM2.5,17.0,13.2,13.4380579424687
2023-07-25,Kragujevac,PM2.5,14.0,15.6,11.78065030097741
2023-07-26,Kragujevac,PM2.5,12.0,12.9,9.936250079145276
2023-07-27,Kragujevac,PM2.5,6.0,6.22,8.74081001642308
2023-07-28,Kragujevac,PM2.5,6.0,5.6,10.431811122720946
2023-07-29,Kragujevac,PM2.5,11.0,8.25,11.613146117377491
2023-07-30,Kragujevac,PM2.5,15.0,11.2,11.985683948007162
2023-07-31,Kragujevac,PM2.5,13.0,12.9,11.300793102831111
2023-08-01,Kragujevac,PM2.5,7.0,8.0,10.34724545642009
2023-08-02,Kragujevac,PM2.5,6.0,6.38,10.744107818433497
2023-08-03,Kragujevac,PM2.5,10.0,9.07,10.90019867764908
2023-08-04,Kragujevac,PM2.5,15.0,10.7,11.98999771390263
2023-08-05,Kragujevac,PM2.5,12.0,11.4,11.323505182697016
2023-08-06,Kragujevac,PM2.5,8.0,8.14,10.32238360075636
2023-08-07,Kragujevac,PM2.5,3.0,5.05,10.38733394936438
2023-08-08,Kragujevac,PM2.5,5.0,5.36,10.086371951115602
2023-08-09,Kragujevac,PM2.5,7.0,7.33,10.568182851168254
2023-08-10,Kragujevac,PM2.5,9.0,8.65,11.043158156706568
2023-08-11,Kragujevac,PM2.5,10.0,8.88,10.90019867764908
2023-08-12,Kragujevac,PM2.5,10.0,8.57,10.711247710406829
2023-08-13,Kragujevac,PM2.5,13.0,9.66,12.228811623305203
2023-08-14,Kragujevac,PM2.5,15.0,12.4,12.487425693902344
2023-08-15,Kragujevac,PM2.5,20.0,18.8,13.979516299195849
2023-08-16,Kragujevac,PM2.5,26.0,22.4,16.0472738441203
2023-08-17,Kragujevac,PM2.5,31.0,24.1,17.785560032476358
2023-08-18,Kragujevac,PM2.5,23.0,19.1,16.795601836221152
2023-08-19,Kragujevac,PM2.5,22.0,18.5,14.994027972136536
2023-08-20,Kragujevac,PM2.5,20.0,16.5,14.321494986500282
2023-08-21,Kragujevac,PM2.5,26.0,18.9,16.23664294203409
2023-08-22,Kragujevac,PM2.5,28.0,19.7,18.39158695873827
2023-08-23,Kragujevac,PM2.5,30.0,21.1,18.537749492934992
2023-08-24,Kragujevac,PM2.5,27.0,20.0,16.4772827885129
2023-08-25,Kragujevac,PM2.5,21.0,15.8,14.917425116357617
2023-08-26,Kragujevac,PM2.5,17.0,13.4,13.542443243410098
2023-08-27,Kragujevac,PM2.5,17.0,14.2,13.055332835216308
2023-08-28,Kragujevac,PM2.5,14.0,12.3,10.82841101511039
2023-08-29,Kragujevac,PM2.5,16.0,15.7,12.929466720820884
2023-08-30,Kragujevac,PM2.5,6.0,8.35,10.647321629198856
2023-08-31,Kragujevac,PM2.5,10.0,9.91,10.642717195269492
2023-09-01,Kragujevac,PM2.5,24.0,18.4,16.799838070405716
2023-09-02,Kragujevac,PM2.5,22.0,16.9,16.050006842822157
2023-09-03,Kragujevac,PM2.5,16.0,12.6,13.422860524077253
2023-09-04,Kragujevac,PM2.5,15.0,13.3,11.30161432695603
2023-09-05,Kragujevac,PM2.5,15.0,13.7,12.75287951199397
2023-09-06,Kragujevac,PM2.5,12.0,12.1,12.198462107028776
2023-09-07,Kragujevac,PM2.5,12.0,13.2,12.198462107028776
2023-09-08,Kragujevac,PM2.5,11.0,11.7,11.841176611127963
2023-09-09,Kragujevac,PM2.5,13.0,11.3,13.080130753129238
2023-09-10,Kragujevac,PM2.5,14.0,10.4,13.402717678738204
2023-09-11,Kragujevac,PM2.5,11.0,12.3,12.460150089799066
2023-09-12,Kragujevac,PM2.5,11.0,12.7,12.030433311171208
2023-09-13,Kragujevac,PM2.5,14.0,14.0,13.402717678738204
2023-09-14,Kragujevac,PM2.5,23.0,20.1,16.683779280419092
2023-09-15,Kragujevac,PM2.5,19.0,17.8,15.1204344692317
2023-09-16,Kragujevac,PM2.5,20.0,15.0,14.93229362232488
2023-09-17,Kragujevac,PM2.5,19.0,15.5,14.998703134950436
2023-09-18,Kragujevac,PM2.5,17.0,15.0,13.666088436219171
2023-09-19,Kragujevac,PM2.5,12.0,12.5,11.91568007140202
2023-09-20,Kragujevac,PM2.5,12.0,13.3,12.224114626474968
2023-09-21,Kragujevac,PM2.5,18.0,18.1,14.133586788661011
2023-09-22,Kragujevac,PM2.5,10.0,14.3,11.165652495740703
2023-09-23,Kragujevac,PM2.5,10.0,17.2,11.023843870458151
2023-09-24,Kragujevac,PM2.5,6.0,6.96,10.541662561919493
2023-09-25,Kragujevac,PM2.5,15.0,12.5,12.316337256895526
2023-09-26,Kragujevac,PM2.5,18.0,20.5,13.95449222773141
2023-09-27,Kragujevac,PM2.5,15.0,16.9,12.61107088671142
2023-09-28,Kragujevac,PM2.5,14.0,14.7,12.873303271232576
2023-09-29,Kragujevac,PM2.5,13.0,13.9,13.112117180635147
2023-09-30,Kragujevac,PM2.5,21.0,16.4,15.76874424618165
2023-10-01,Kragujevac,PM2.5,26.0,22.9,17.937770884731023
2023-10-02,Kragujevac,PM2.5,15.0,12.3,14.812981095324186
2023-10-03,Kragujevac,PM2.5,17.0,15.0,15.86799864483194
2023-10-04,Kragujevac,PM2.5,17.0,15.4,15.8031300929227
2023-10-05,Kragujevac,PM2.5,13.0,13.0,14.839858994026969
2023-10-06,Kragujevac,PM2.5,14.0,13.6,16.003655140111483
2023-10-07,Kragujevac,PM2.5,16.0,12.2,16.849229762312277
2023-10-08,Kragujevac,PM2.5,8.0,11.6,11.968088899682266
2023-10-09,Kragujevac,PM2.5,7.0,7.84,13.57245930170164
2023-10-10,Kragujevac,PM2.5,14.0,13.6,15.11069121263707
2023-10-11,Kragujevac,PM2.5,16.0,13.3,16.702224772114043
2023-10-12,Kragujevac,PM2.5,15.0,14.0,15.257102999281871
2023-10-13,Kragujevac,PM2.5,30.0,21.5,21.396671956177897
2023-10-14,Kragujevac,PM2.5,27.0,21.3,19.125787659529763
2023-10-15,Kragujevac,PM2.5,14.0,15.9,16.23332369305471
2023-10-16,Kragujevac,PM2.5,21.0,13.6,19.92918348157025
2023-10-17,Kragujevac,PM2.5,44.0,29.2,33.18302492119544
2023-10-18,Kragujevac,PM2.5,38.0,27.8,29.66394212974018
2023-10-19,Kragujevac,PM2.5,18.0,18.9,17.738322160688064
2023-10-20,Kragujevac,PM2.5,11.0,13.1,15.056995299609506
2023-10-21,Kragujevac,PM2.5,14.0,16.2,16.04975645146357
2023-10-22,Kragujevac,PM2.5,6.0,8.3,15.323888082522515
2023-10-23,Kragujevac,PM2.5,11.0,11.6,17.988150000491157
2023-10-24,Kragujevac,PM2.5,10.0,14.6,15.687890336509252
2023-10-25,Kragujevac,PM2.5,9.0,19.6,16.31312274430097
2023-10-26,Kragujevac,PM2.5,9.0,10.5,17.138830832315442
2023-10-27,Kragujevac,PM2.5,2.0,6.28,14.278311916471386
2023-10-28,Kragujevac,PM2.5,7.0,10.2,16.145256709455996
2023-10-29,Kragujevac,PM2.5,29.0,13.9,24.70359602568656
2023-10-30,Kragujevac,PM2.5,19.0,16.9,19.735698227343985
2023-10-31,Kragujevac,PM2.5,17.0,13.6,17.28455873621913
2023-11-01,Kragujevac,PM2.5,18.0,17.1,20.849683710993595
2023-11-02,Kragujevac,PM2.5,3.0,12.9,16.830979234994388
2023-11-03,Kragujevac,PM2.5,25.0,14.5,18.835997044253254
2023-11-04,Kragujevac,PM2.5,30.0,23.0,24.51871161257959
2023-11-05,Kragujevac,PM2.5,25.0,8.51,19.172299997805904
2023-11-06,Kragujevac,PM2.5,31.0,16.9,27.64430932282793
2023-11-07,Kragujevac,PM2.5,46.0,32.1,34.95281701834159
2023-11-08,Kragujevac,PM2.5,33.0,20.9,25.52743655168486
2023-11-09,Kragujevac,PM2.5,58.0,30.6,45.69014118985084
2023-11-10,Kragujevac,PM2.5,46.0,22.4,30.899982510238967
2023-11-11,Kragujevac,PM2.5,29.0,14.4,20.16219505751382
2023-11-12,Kragujevac,PM2.5,89.0,23.3,62.6290492761023
2023-11-13,Kragujevac,PM2.5,105.0,32.9,71.14974912374686
2023-11-14,Kragujevac,PM2.5,77.0,29.4,55.13655509219252
2023-11-15,Kragujevac,PM2.5,39.0,25.1,27.66705408899309
2023-11-16,Kragujevac,PM2.5,60.0,25.8,43.00557028398173
2023-11-17,Kragujevac,PM2.5,8.0,20.6,14.30051274834338
2023-11-18,Kragujevac,PM2.5,10.0,6.75,12.915289667762844
2023-11-19,Kragujevac,PM2.5,40.0,11.7,29.290501932588224
2023-11-20,Kragujevac,PM2.5,119.0,39.7,69.63177757225414
2023-11-21,Kragujevac,PM2.5,49.0,41.9,34.67234500468363
2023-11-22,Kragujevac,PM2.5,41.0,27.8,29.84480364917809
2023-11-23,Kragujevac,PM2.5,51.0,35.7,36.15650519263031
2023-11-24,Kragujevac,PM2.5,41.0,39.8,30.595882772241627
2023-11-25,Kragujevac,PM2.5,17.0,12.0,15.690392129617427
2023-11-26,Kragujevac,PM2.5,26.0,10.2,17.77248734978025
2023-11-27,Kragujevac,PM2.5,91.0,28.1,58.01907053730844
2023-11-28,Kragujevac,PM2.5,46.0,18.8,30.113545130616977
2023-11-29,Kragujevac,PM2.5,75.0,30.2,48.5466365787889
2023-11-30,Kragujevac,PM2.5,19.0,31.7,19.79264380415878
2023-12-01,Kragujevac,PM2.5,5.0,9.67,13.665452110922615
2023-12-02,Kragujevac,PM2.5,24.0,11.4,21.343872313284383
2023-12-03,Kragujevac,PM2.5,29.0,18.5,19.241139122459742
2023-12-04,Kragujevac,PM2.5,68.0,35.4,55.62310060231167
2023-12-05,Kragujevac,PM2.5,77.0,42.6,55.9289518366141
2023-12-06,Kragujevac,PM2.5,47.0,40.6,35.313675764894825
2023-12-07,Kragujevac,PM2.5,43.0,33.3,32.33097433316282
2023-12-08,Kragujevac,PM2.5,95.0,41.5,61.32660447829945
2023-12-09,Kragujevac,PM2.5,61.0,45.1,51.15513418129796
2023-12-10,Kragujevac,PM2.5,132.0,46.5,83.64621012883154
2023-12-11,Kragujevac,PM2.5,120.0,48.4,72.35981130890534
2023-12-12,Kragujevac,PM2.5,115.0,42.0,71.0530790813713
2023-12-13,Kragujevac,PM2.5,22.0,25.1,20.434897620755613
2023-12-14,Kragujevac,PM2.5,31.0,21.6,24.335310411161664
2023-12-15,Kragujevac,PM2.5,23.0,26.7,18.64978877180169
2023-12-16,Kragujevac,PM2.5,88.0,34.6,54.455206411182296
2023-12-17,Kragujevac,PM2.5,153.0,48.1,99.91241275166672
2023-12-18,Kragujevac,PM2.5,262.0,64.4,123.3698867493117
2023-12-19,Kragujevac,PM2.5,115.0,62.5,76.34262963583511
2023-12-20,Kragujevac,PM2.5,53.0,66.7,44.4678142071142
2023-12-21,Kragujevac,PM2.5,51.0,45.5,42.5647042059894
2023-12-22,Kragujevac,PM2.5,51.0,27.2,34.40536340068206
2023-12-23,Kragujevac,PM2.5,43.0,20.1,30.05986007913114
2023-12-24,Kragujevac,PM2.5,66.0,53.3,54.96217626724217
2023-12-25,Kragujevac,PM2.5,143.0,45.3,89.16720442095428
2023-12-26,Kragujevac,PM2.5,102.0,55.8,71.14652199854854
2023-12-27,Kragujevac,PM2.5,91.0,51.0,66.30479797180935
2023-12-28,Kragujevac,PM2.5,203.0,64.4,107.81434318030094
2023-12-29,Kragujevac,PM2.5,61.0,59.2,51.15513418129796
2023-12-30,Kragujevac,PM2.5,150.0,46.9,101.1054750385643
2023-12-31,Kragujevac,PM2.5,254.0,60.6,123.3698867493117
2024-01-01,Kragujevac,PM2.5,103.0,48.0,65.75656577481196
2024-01-02,Kragujevac,PM2.5,87.0,36.2,58.820821706306674
2024-01-03,Kragujevac,PM2.5,96.0,45.1,64.58567090225377
2024-01-04,Kragujevac,PM2.5,84.0,35.5,57.00718283566554
2024-01-05,Kragujevac,PM2.5,33.0,47.4,26.722693857554987
2024-01-06,Kragujevac,PM2.5,33.0,13.4,26.60977384300846
2024-01-07,Kragujevac,PM2.5,2.0,30.0,18.89829908436044
2024-01-08,Kragujevac,PM2.5,45.0,18.9,26.966480547133845
2024-01-09,Kragujevac,PM2.5,70.0,28.3,48.95226803530058
2024-01-10,Kragujevac,PM2.5,130.0,46.9,80.74893212246242
2024-01-11,Kragujevac,PM2.5,62.0,58.6,51.98959513132287
2024-01-12,Kragujevac,PM2.5,90.0,48.4,57.1176702266522
2024-01-13,Kragujevac,PM2.5,77.0,58.6,57.95033124299546
2024-01-14,Kragujevac,PM2.5,173.0,57.1,98.70500038455188
2024-01-15,Kragujevac,PM2.5,5.0,72.7,19.33402137126427
2024-01-16,Kragujevac,PM2.5,82.0,37.3,54.917638969033405
2024-01-17,Kragujevac,PM2.5,19.0,30.4,19.396641801518715
2024-01-18,Kragujevac,PM2.5,51.0,27.2,32.13316505336268
2024-01-19,Kragujevac,PM2.5,34.0,25.6,21.95026247314716
2024-01-20,Kragujevac,PM2.5,34.0,22.6,21.36756070616095
2024-01-21,Kragujevac,PM2.5,134.0,41.8,90.84286787848669
2024-01-22,Kragujevac,PM2.5,72.0,47.7,54.554908559313965
2024-01-23,Kragujevac,PM2.5,231.0,75.0,117.05562989488855
2024-01-24,Kragujevac,PM2.5,73.0,43.5,52.45105767485177
2024-01-25,Kragujevac,PM2.5,32.0,33.5,23.361152857512597
2024-01-26,Kragujevac,PM2.5,135.0,28.2,82.14615962065479
2024-01-27,Kragujevac,PM2.5,16.0,17.0,15.026319184235804
2024-01-28,Kragujevac,PM2.5,29.0,16.8,21.29866816761415
2024-01-29,Kragujevac,PM2.5,151.0,40.9,99.8804263241608
2024-01-30,Kragujevac,PM2.5,133.0,56.5,87.3248165667578
2024-01-31,Kragujevac,PM2.5,150.0,57.2,96.61744519177572
2024-02-01,Kragujevac,PM2.5,163.0,76.7,96.74558078237638
2024-02-02,Kragujevac,PM2.5,73.0,34.5,47.48274436264592
2024-02-03,Kragujevac,PM2.5,84.0,35.4,63.38783961673582
2024-02-04,Kragujevac,PM2.5,54.0,36.0,42.70297193363174
2024-02-05,Kragujevac,PM2.5,85.0,41.2,62.053401173380976
2024-02-06,Kragujevac,PM2.5,173.0,46.3,93.81750076938198
2024-02-07,Kragujevac,PM2.5,33.0,46.2,31.15838595250064
2024-02-08,Kragujevac,PM2.5,125.0,42.0,73.73142529865804
2024-02-09,Kragujevac,PM2.5,13.0,35.4,23.127585494243984
2024-02-10,Kragujevac,PM2.5,22.0,18.3,21.693007526563907
2024-02-11,Kragujevac,PM2.5,11.0,11.9,16.14558590776823
2024-02-12,Kragujevac,PM2.5,34.0,19.4,24.76135318406329
2024-02-13,Kragujevac,PM2.5,22.0,13.4,17.40651322796461
2024-02-14,Kragujevac,PM2.5,65.0,25.2,42.31082034842104
2024-02-15,Kragujevac,PM2.5,94.0,39.5,66.72034761721848
2024-02-16,Kragujevac,PM2.5,88.0,44.7,64.54512327289734
2024-02-17,Kragujevac,PM2.5,98.0,42.1,70.62127061677096
2024-02-18,Kragujevac,PM2.5,121.0,39.2,75.30131238284012
2024-02-19,Kragujevac,PM2.5,103.0,49.5,73.59107450231949
2024-02-20,Kragujevac,PM2.5,83.0,48.2,56.747833361739175
2024-02-21,Kragujevac,PM2.5,127.0,38.5,72.32418319143642
2024-02-22,Kragujevac,PM2.5,34.0,34.9,29.72735078278585
2024-02-23,Kragujevac,PM2.5,4.0,15.2,15.62126240984173
2024-02-24,Kragujevac,PM2.5,20.0,9.84,16.750410050199868
2024-02-25,Kragujevac,PM2.5,31.0,17.1,22.9728658565674
2024-02-26,Kragujevac,PM2.5,30.0,17.2,26.3474612366318
2024-02-27,Kragujevac,PM2.5,21.0,20.2,21.443731357429307
2024-02-28,Kragujevac,PM2.5,25.0,19.9,25.948940079888303
2024-02-29,Kragujevac,PM2.5,34.0,29.7,25.34394000395415
2024-03-01,Kragujevac,PM2.5,19.0,19.0,16.20307292043416
2024-03-02,Kragujevac,PM2.5,50.0,16.1,33.18928886976201
2024-03-03,Kragujevac,PM2.5,35.0,23.6,26.631909684383004
2024-03-04,Kragujevac,PM2.5,40.0,25.6,28.83870921388135
2024-03-05,Kragujevac,PM2.5,93.0,41.8,62.91841492025826
2024-03-06,Kragujevac,PM2.5,67.0,36.4,47.755864392586304
2024-03-07,Kragujevac,PM2.5,38.0,29.6,27.703030986117675
2024-03-08,Kragujevac,PM2.5,17.0,17.5,21.966161608395424
2024-03-09,Kragujevac,PM2.5,18.0,24.7,18.989669013072163
2024-03-10,Kragujevac,PM2.5,11.0,16.6,16.31860715763633
2024-03-11,Kragujevac,PM2.5,18.0,11.2,16.05929372170846
2024-03-12,Kragujevac,PM2.5,5.0,9.79,17.675861683313737
2024-03-13,Kragujevac,PM2.5,38.0,17.9,23.96191339395096
2024-03-14,Kragujevac,PM2.5,72.0,34.0,44.17935916612952
2024-03-15,Kragujevac,PM2.5,79.0,32.8,54.2234838467199
2024-03-16,Kragujevac,PM2.5,59.0,34.6,46.39401215102341
2024-03-17,Kragujevac,PM2.5,72.0,27.5,47.58468118471699
2024-03-18,Kragujevac,PM2.5,65.0,25.9,50.03079338057687
2024-03-19,Kragujevac,PM2.5,35.0,21.5,25.618935784421197
2024-03-20,Kragujevac,PM2.5,77.0,23.6,53.92491184655422
2024-03-21,Kragujevac,PM2.5,76.0,26.9,53.9731759279467
2024-03-22,Kragujevac,PM2.5,82.0,31.2,59.57901683105036
2024-03-23,Kragujevac,PM2.5,27.0,23.5,23.17110166639853
2024-03-24,Kragujevac,PM2.5,25.0,11.4,21.018256260568464
2024-03-25,Kragujevac,PM2.5,57.0,20.1,38.40753546998498
2024-03-26,Kragujevac,PM2.5,11.0,16.0,14.165714171713438
2024-03-27,Kragujevac,PM2.5,18.0,18.7,15.022884707023756
2024-03-28,Kragujevac,PM2.5,2.0,10.9,13.98179755106628
2024-03-29,Kragujevac,PM2.5,18.0,11.1,19.973838179380383
2024-03-30,Kragujevac,PM2.5,6.0,8.09,16.85980833745594
2024-03-31,Kragujevac,PM2.5,13.0,20.3,16.23328451052072
2024-04-01,Kragujevac,PM2.5,9.0,25.6,14.053476315697283
2024-04-02,Kragujevac,PM2.5,4.0,8.56,13.205814410199809
2024-04-03,Kragujevac,PM2.5,12.0,8.15,17.792632513393567
2024-04-04,Kragujevac,PM2.5,12.0,8.47,16.792694201647247
2024-04-05,Kragujevac,PM2.5,9.0,8.14,16.048592485981857
2024-04-06,Kragujevac,PM2.5,17.0,8.41,18.67972675398213
2024-04-07,Kragujevac,PM2.5,3.0,7.14,15.45254253948622
2024-04-08,Kragujevac,PM2.5,4.0,4.62,13.83007949729808
2024-04-09,Kragujevac,PM2.5,9.0,6.9,14.17170159211645
2024-04-10,Kragujevac,PM2.5,6.0,7.49,14.681140129797974
2024-04-11,Kragujevac,PM2.5,27.0,16.8,20.260701723437847
2024-04-12,Kragujevac,PM2.5,22.0,22.0,19.59646236478912
2024-04-13,Kragujevac,PM2.5,11.0,14.8,15.725725237469884
2024-04-14,Kragujevac,PM2.5,9.0,8.37,15.896876752633588
2024-04-15,Kragujevac,PM2.5,15.0,10.2,16.642686971843897
2024-04-16,Kragujevac,PM2.5,1.0,16.9,10.385381360783704
2024-04-17,Kragujevac,PM2.5,20.0,8.6,14.556629799847304
2024-04-18,Kragujevac,PM2.5,43.0,14.3,26.00026109598514
2024-04-19,Kragujevac,PM2.5,40.0,17.0,25.498693409659765
2024-04-20,Kragujevac,PM2.5,33.0,16.6,22.90978258570896
2024-04-21,Kragujevac,PM2.5,20.0,19.0,15.088674157488455
2024-04-22,Kragujevac,PM2.5,47.0,18.9,32.42123854952783
2024-04-23,Kragujevac,PM2.5,8.0,17.3,10.792711818151698
2024-04-24,Kragujevac,PM2.5,19.0,8.38,16.03092495431203
2024-04-25,Kragujevac,PM2.5,37.0,21.8,24.16845776142649
2024-04-26,Kragujevac,PM2.5,14.0,14.7,14.890077041343767
2024-04-27,Kragujevac,PM2.5,21.0,7.76,17.5984403342039
2024-04-28,Kragujevac,PM2.5,7.0,9.15,11.808609679645402
2024-04-29,Kragujevac,PM2.5,11.0,6.36,12.401116426323208
2024-04-30,Kragujevac,PM2.5,2.0,7.62,10.549638602119083
2024-05-01,Kragujevac,PM2.5,5.0,5.64,7.9566971615036
2024-05-02,Kragujevac,PM2.5,3.0,6.92,9.224548400245686
2024-05-03,Kragujevac,PM2.5,11.0,8.83,11.144475428536609
2024-05-04,Kragujevac,PM2.5,17.0,18.4,12.262629493514416
2024-05-05,Kragujevac,PM2.5,12.0,13.6,11.829161992170338
2024-05-06,Kragujevac,PM2.5,4.0,7.36,10.73576477129574
2024-05-07,Kragujevac,PM2.5,3.0,6.09,10.60502344025121
2024-05-08,Kragujevac,PM2.5,14.0,7.46,12.6992121895487
2024-05-09,Kragujevac,PM2.5,3.0,7.93,10.17507305737618
2024-05-10,Kragujevac,PM2.5,8.0,7.1,10.25966924440597
2024-05-11,Kragujevac,PM2.5,17.0,7.81,13.742011591043497
2024-05-12,Kragujevac,PM2.5,12.0,9.52,11.318704121369567
2024-05-13,Kragujevac,PM2.5,10.0,7.93,11.388232645615382
2024-05-14,Kragujevac,PM2.5,4.0,9.04,10.861502633078205
2024-05-15,Kragujevac,PM2.5,2.0,4.85,9.368936342176552
2024-05-16,Kragujevac,PM2.5,22.0,8.61,12.979048109124896
2024-05-17,Kragujevac,PM2.5,15.0,11.0,9.907926431743602
2024-05-18,Kragujevac,PM2.5,13.0,11.0,12.364407115926776
2024-05-19,Kragujevac,PM2.5,12.0,11.0,11.351997138781789
2024-05-20,Kragujevac,PM2.5,8.0,8.04,9.79827451175606
2024-05-21,Kragujevac,PM2.5,13.0,13.7,10.246868616356034
2024-05-22,Kragujevac,PM2.5,4.0,15.1,10.340102175966624
2024-05-23,Kragujevac,PM2.5,4.0,5.87,10.308115748460713
2024-05-24,Kragujevac,PM2.5,16.0,9.44,13.428150527817415
2024-05-25,Kragujevac,PM2.5,4.0,10.6,9.944117979268956
2024-05-26,Kragujevac,PM2.5,6.0,8.42,9.355289731290217
2024-05-27,Kragujevac,PM2.5,7.0,8.92,10.73576477129574
2024-05-28,Kragujevac,PM2.5,7.0,8.63,10.60502344025121
2024-05-29,Kragujevac,PM2.5,7.0,9.64,9.742645668433196
2024-05-30,Kragujevac,PM2.5,6.0,10.7,10.888588354896234
2024-05-31,Kragujevac,PM2.5,4.0,10.1,9.985816357332936
2024-06-01,Kragujevac,PM2.5,6.0,7.75,9.18770781116273
2024-06-02,Kragujevac,PM2.5,6.0,8.05,10.395509537812574
2024-06-03,Kragujevac,PM2.5,3.0,7.03,10.819761338307366
2024-06-04,Kragujevac,PM2.5,4.0,5.08,10.568182851168254
2024-06-05,Kragujevac,PM2.5,8.0,8.54,10.90285620719188
2024-06-06,Kragujevac,PM2.5,14.0,6.32,12.519412121408257
2024-06-07,Kragujevac,PM2.5,13.0,7.16,12.228811623305203
2024-06-08,Kragujevac,PM2.5,16.0,7.6,13.24835045967697
2024-06-09,Kragujevac,PM2.5,14.0,11.0,12.487425693902344
2024-06-10,Kragujevac,PM2.5,9.0,14.9,9.411104629561931
2024-06-11,Kragujevac,PM2.5,17.0,14.9,12.97203957893247
2024-06-12,Kragujevac,PM2.5,4.0,12.9,10.819761338307366
2024-06-13,Kragujevac,PM2.5,5.0,13.7,10.258811660224112
2024-06-14,Kragujevac,PM2.5,10.0,6.62,9.551710065149466
2024-06-15,Kragujevac,PM2.5,7.0,5.69,10.568182851168254
2024-06-16,Kragujevac,PM2.5,15.0,8.43,12.519412121408257
2024-06-17,Kragujevac,PM2.5,20.0,11.5,14.542432381248446
2024-06-18,Kragujevac,PM2.5,17.0,11.5,13.57442967091601
2024-06-19,Kragujevac,PM2.5,16.0,11.1,13.24835045967697
2024-06-20,Kragujevac,PM2.5,13.0,17.4,12.00787422855704
2024-06-21,Kragujevac,PM2.5,15.0,17.5,12.487425693902344
2024-06-22,Kragujevac,PM2.5,15.0,18.1,12.346738808052576
2024-06-23,Kragujevac,PM2.5,5.0,16.2,9.692312146399434
2024-06-24,Kragujevac,PM2.5,20.0,13.7,14.510445953742536
2024-06-25,Kragujevac,PM2.5,5.0,10.5,10.568182851168254
2024-06-26,Kragujevac,PM2.5,20.0,9.43,13.706966342868768
2024-06-27,Kragujevac,PM2.5,4.0,10.0,9.7103254812945
2024-06-28,Kragujevac,PM2.5,31.0,15.0,17.785560032476358
2024-06-29,Kragujevac,PM2.5,12.0,17.2,11.834253385398531
2024-06-30,Kragujevac,PM2.5,12.0,11.8,11.04260659337175
2024-07-01,Kragujevac,PM2.5,3.0,11.6,10.431811122720946
2024-07-02,Kragujevac,PM2.5,6.0,7.71,8.880784792657337
2024-07-03,Kragujevac,PM2.5,6.0,7.68,9.169561359134589
2024-07-04,Kragujevac,PM2.5,12.0,8.41,11.48072852330314
2024-07-05,Kragujevac,PM2.5,4.0,6.19,10.431811122720946
2024-07-06,Kragujevac,PM2.5,11.0,5.35,10.82149932535071
2024-07-07,Kragujevac,PM2.5,15.0,10.0,12.351053965455035
2024-07-08,Kragujevac,PM2.5,12.0,9.59,11.665895229445312
2024-07-09,Kragujevac,PM2.5,19.0,8.83,14.088539035441489
2024-07-10,Kragujevac,PM2.5,14.0,11.4,12.351053965455035
2024-07-11,Kragujevac,PM2.5,16.0,10.8,12.891041336481498
2024-07-12,Kragujevac,PM2.5,20.0,12.4,13.614413860774354
2024-07-13,Kragujevac,PM2.5,15.0,11.4,11.591393600934165
2024-07-14,Kragujevac,PM2.5,5.0,11.3,9.829421030737407
2024-07-15,Kragujevac,PM2.5,23.0,10.4,16.273605100881973
2024-07-16,Kragujevac,PM2.5,30.0,11.0,17.249001645573472
2024-07-17,Kragujevac,PM2.5,30.0,17.2,18.36939133698177
2024-07-18,Kragujevac,PM2.5,33.0,18.8,18.982776598056667
2024-07-19,Kragujevac,PM2.5,32.0,16.4,19.171727565298923
2024-07-20,Kragujevac,PM2.5,15.0,14.9,11.824765706765254
2024-07-21,Kragujevac,PM2.5,33.0,18.4,19.31468704435641
2024-07-22,Kragujevac,PM2.5,21.0,17.2,14.749066960404395
2024-07-23,Kragujevac,PM2.5,23.0,15.2,16.100271213586783
2024-07-24,Kragujevac,PM2.5,15.0,16.2,11.768530814359078
2024-07-25,Kragujevac,PM2.5,5.0,7.45,9.05133608271542
2024-07-26,Kragujevac,PM2.5,9.0,8.02,10.136111105420444
2024-07-27,Kragujevac,PM2.5,9.0,6.73,10.655207941120148
2024-07-28,Kragujevac,PM2.5,8.0,6.05,10.31024625074387
2024-07-29,Kragujevac,PM2.5,4.0,6.76,8.381193253167845
2024-07-30,Kragujevac,PM2.5,6.0,5.56,9.640164330694162
2024-07-31,Kragujevac,PM2.5,7.0,5.37,10.431811122720946
2024-08-01,Kragujevac,PM2.5,9.0,6.2,10.791579669567456
2024-08-02,Kragujevac,PM2.5,10.0,10.4,10.932185105154993
2024-08-03,Kragujevac,PM2.5,7.0,11.2,10.038768443662628
2024-08-04,Kragujevac,PM2.5,5.0,6.91,9.77653605914147
2024-08-05,Kragujevac,PM2.5,11.0,9.25,11.7495178458248
2024-08-06,Kragujevac,PM2.5,4.0,7.12,9.77653605914147
2024-08-07,Kragujevac,PM2.5,5.0,4.66,10.568182851168254
2024-08-08,Kragujevac,PM2.5,13.0,4.82,12.228811623305203
2024-08-09,Kragujevac,PM2.5,8.0,7.16,10.100194456847156
2024-08-10,Kragujevac,PM2.5,8.0,6.81,10.089876885041232
2024-08-11,Kragujevac,PM2.5,10.0,6.51,10.90019867764908
2024-08-12,Kragujevac,PM2.5,10.0,6.65,10.932185105154993
2024-08-13,Kragujevac,PM2.5,11.0,6.88,11.7495178458248
2024-08-14,Kragujevac,PM2.5,17.0,9.64,13.353492276167843
2024-08-15,Kragujevac,PM2.5,26.0,12.2,16.40997682932928
2024-08-16,Kragujevac,PM2.5,21.0,13.5,14.917425116357617
2024-08-17,Kragujevac,PM2.5,15.0,11.7,12.487425693902344
2024-08-18,Kragujevac,PM2.5,20.0,11.1,13.940042289264907
2024-08-19,Kragujevac,PM2.5,9.0,11.0,10.189189577583916
2024-08-20,Kragujevac,PM2.5,7.0,8.46,10.536196423662345
2024-08-21,Kragujevac,PM2.5,15.0,10.5,12.487425693902344
2024-08-22,Kragujevac,PM2.5,15.0,11.6,11.2571623578219
2024-08-23,Kragujevac,PM2.5,14.0,9.93,12.519412121408257
2024-08-24,Kragujevac,PM2.5,16.0,9.12,13.24835045967697
2024-08-25,Kragujevac,PM2.5,16.0,11.0,13.24835045967697
2024-08-26,Kragujevac,PM2.5,22.0,12.0,15.134714857986308
2024-08-27,Kragujevac,PM2.5,23.0,14.7,16.2373035159736
2024-08-28,Kragujevac,PM2.5,20.0,14.3,14.369759067892764
2024-08-29,Kragujevac,PM2.5,25.0,13.1,15.880562421823663
2024-08-30,Kragujevac,PM2.5,10.0,11.7,10.932185105154993
2024-08-31,Kragujevac,PM2.5,15.0,10.5,12.519412121408257
2024-09-01,Kragujevac,PM2.5,14.0,12.6,13.370731251232291
2024-09-02,Kragujevac,PM2.5,20.0,13.6,15.425737938578392
2024-09-03,Kragujevac,PM2.5,24.0,15.1,17.29328238665923
2024-09-04,Kragujevac,PM2.5,29.0,17.8,17.83139081110978
2024-09-05,Kragujevac,PM2.5,26.0,17.4,17.072344991911063
2024-09-06,Kragujevac,PM2.5,19.0,16.4,14.610788341219026
2024-09-07,Kragujevac,PM2.5,11.0,10.9,11.252348363149222
2024-09-08,Kragujevac,PM2.5,9.0,9.56,10.294410186891875
2024-09-09,Kragujevac,PM2.5,20.0,11.1,13.914521567528338
2024-09-10,Kragujevac,PM2.5,14.0,9.2,12.761228144992156
2024-09-11,Kragujevac,PM2.5,7.0,10.8,10.153053815605784
2024-09-12,Kragujevac,PM2.5,11.0,8.56,12.411886008406585
2024-09-13,Kragujevac,PM2.5,4.0,6.61,9.940272037448146
2024-09-14,Kragujevac,PM2.5,6.0,3.45,11.07020475806175
2024-09-15,Kragujevac,PM2.5,2.0,3.85,11.284253238818437
2024-09-16,Kragujevac,PM2.5,13.0,3.74,12.84710029003099
2024-09-17,Kragujevac,PM2.5,5.0,7.9,12.690633303331792
2024-09-18,Kragujevac,PM2.5,29.0,12.3,19.350546035942088
2024-09-19,Kragujevac,PM2.5,11.0,11.3,12.58122085014082
2024-09-20,Kragujevac,PM2.5,14.0,7.15,12.48032955566689
2024-09-21,Kragujevac,PM2.5,19.0,8.43,15.140202748724652
2024-09-22,Kragujevac,PM2.5,25.0,8.51,17.29328238665923
2024-09-23,Kragujevac,PM2.5,18.0,10.7,14.216724612252568
2024-09-24,Kragujevac,PM2.5,15.0,10.3,12.8836208430385
2024-09-25,Kragujevac,PM2.5,19.0,9.0,15.601481275490393
2024-09-26,Kragujevac,PM2.5,16.0,8.31,13.60224160950129
2024-09-27,Kragujevac,PM2.5,12.0,7.45,12.11516885074494
2024-09-28,Kragujevac,PM2.5,9.0,7.84,10.883238434870618
2024-09-29,Kragujevac,PM2.5,4.0,3.18,8.0761398445812
2024-09-30,Kragujevac,PM2.5,7.0,4.51,9.718487436072929
2024-10-01,Kragujevac,PM2.5,28.0,6.22,21.27628282681012
2024-10-02,Kragujevac,PM2.5,20.0,8.2,17.32764209528247
2024-10-03,Kragujevac,PM2.5,8.0,5.73,12.190904594301497
2024-10-04,Kragujevac,PM2.5,10.0,5.42,10.885233022327077
2024-10-05,Kragujevac,PM2.5,26.0,9.34,19.26166977371336
2024-10-06,Kragujevac,PM2.5,30.0,9.36,20.526279925308856
2024-10-07,Kragujevac,PM2.5,19.0,2.87,17.61698655863469
2024-10-08,Kragujevac,PM2.5,15.0,1.34,14.740005410846274
2024-10-09,Kragujevac,PM2.5,18.0,4.92,16.125986368457394
2024-10-10,Kragujevac,PM2.5,13.0,14.1,14.49144831784608
2024-10-11,Kragujevac,PM2.5,17.0,17.7,15.346132246470974
2024-10-12,Kragujevac,PM2.5,51.0,21.5,32.99636878044917
2024-10-13,Kragujevac,PM2.5,30.0,20.9,22.599907322336044
2024-10-14,Kragujevac,PM2.5,41.0,18.3,29.338757489716603
2024-10-15,Kragujevac,PM2.5,22.0,18.1,21.27618762609369
2024-10-16,Kragujevac,PM2.5,46.0,25.5,36.40566129409391
2024-10-17,Kragujevac,PM2.5,7.0,23.5,15.9636906308337
2024-10-18,Kragujevac,PM2.5,34.0,14.5,24.87014867301088
2024-10-19,Kragujevac,PM2.5,33.0,22.1,24.87014867301088
2024-10-20,Kragujevac,PM2.5,34.0,23.0,25.42013469994156
2024-10-21,Kragujevac,PM2.5,57.0,33.2,42.17001147031703
2024-10-22,Kragujevac,PM2.5,75.0,39.4,52.75961576364565
2024-10-23,Kragujevac,PM2.5,72.0,39.8,51.061385795507725
2024-10-24,Kragujevac,PM2.5,57.0,43.3,42.50011874106034
2024-10-25,Kragujevac,PM2.5,62.0,42.4,46.03038324531715
2024-10-26,Kragujevac,PM2.5,52.0,40.0,38.17620556187337
2024-10-27,Kragujevac,PM2.5,59.0,36.3,43.67932460255236
2024-10-28,Kragujevac,PM2.5,56.0,39.3,41.62374169137323
2024-10-29,Kragujevac,PM2.5,72.0,45.5,51.13703931538159
2024-10-30,Kragujevac,PM2.5,96.0,47.7,66.76600450955213
2024-10-31,Kragujevac,PM2.5,58.0,46.4,42.05710959035672
2024-11-01,Kragujevac,PM2.5,74.0,40.4,55.16854151969843
2024-11-02,Kragujevac,PM2.5,36.0,27.7,29.40740183340434
2024-11-03,Kragujevac,PM2.5,79.0,40.0,51.27961770150726
2024-11-04,Kragujevac,PM2.5,110.0,44.7,73.45293398753736
2024-11-05,Kragujevac,PM2.5,78.0,54.3,55.06090157231865
2024-11-06,Kragujevac,PM2.5,100.0,55.6,68.24391809321016
2024-11-07,Kragujevac,PM2.5,126.0,55.3,75.27570321931545
2024-11-08,Kragujevac,PM2.5,138.0,61.8,84.91547761569109
2024-11-09,Kragujevac,PM2.5,101.0,93.3,68.73718304748182
2024-11-10,Kragujevac,PM2.5,123.0,70.4,75.24002291230245
2024-11-11,Kragujevac,PM2.5,49.0,70.2,35.378602987044935
2024-11-12,Kragujevac,PM2.5,52.0,36.5,37.83898722082776
2024-11-13,Kragujevac,PM2.5,52.0,38.2,41.49217861881462
2024-11-14,Kragujevac,PM2.5,40.0,34.7,29.437341021271934
2024-11-15,Kragujevac,PM2.5,43.0,31.8,32.1372322080308
2024-11-16,Kragujevac,PM2.5,81.0,41.6,60.52407450402889
2024-11-17,Kragujevac,PM2.5,115.0,50.1,73.9332906847684
2024-11-18,Kragujevac,PM2.5,92.0,67.1,63.8954590207427
2024-11-19,Kragujevac,PM2.5,89.0,69.9,57.96544246533879
2024-11-20,Kragujevac,PM2.5,23.0,27.9,18.688078893192685
2024-11-21,Kragujevac,PM2.5,11.0,18.1,14.829417860216418
2024-11-22,Kragujevac,PM2.5,20.0,10.4,15.788884111712784
2024-11-23,Kragujevac,PM2.5,80.0,25.2,50.36663402718376
2024-11-24,Kragujevac,PM2.5,77.0,34.2,54.8064478214492
2024-11-25,Kragujevac,PM2.5,79.0,49.1,55.06090157231865
2024-11-26,Kragujevac,PM2.5,45.0,56.9,35.53982846601701
2024-11-27,Kragujevac,PM2.5,124.0,60.4,76.75459638111265
2024-11-28,Kragujevac,PM2.5,28.0,76.3,24.80626877255703
2024-11-29,Kragujevac,PM2.5,34.0,21.6,23.568383602081056
2024-11-30,Kragujevac,PM2.5,85.0,23.5,53.88299141588369
2024-12-01,Kragujevac,PM2.5,30.0,21.8,20.969047510072517
2024-12-02,Kragujevac,PM2.5,25.0,27.3,28.100587654705407
2024-12-03,Kragujevac,PM2.5,49.0,22.7,41.36861474980184
2024-12-04,Kragujevac,PM2.5,50.0,40.1,35.93586138477542
2024-12-05,Kragujevac,PM2.5,60.0,38.5,42.94064306183162
2024-12-06,Kragujevac,PM2.5,23.0,31.3,23.578814472686773
2024-12-07,Kragujevac,PM2.5,54.0,38.1,38.24454473344992
2024-12-08,Kragujevac,PM2.5,45.0,26.0,30.915186226527503
2024-12-09,Kragujevac,PM2.5,59.0,38.3,49.71642234756278
2024-12-10,Kragujevac,PM2.5,67.0,38.4,48.08948990583399
2024-12-11,Kragujevac,PM2.5,32.0,28.9,26.31743077885409
2024-12-12,Kragujevac,PM2.5,57.0,28.0,40.29029714291796
2024-12-13,Kragujevac,PM2.5,50.0,42.4,41.36861474980184
2024-12-14,Kragujevac,PM2.5,60.0,36.7,39.90242501806317
2024-12-15,Kragujevac,PM2.5,32.0,39.7,24.844646440347127
2024-12-16,Kragujevac,PM2.5,60.0,27.5,44.11318955629935
2024-12-17,Kragujevac,PM2.5,91.0,43.0,65.99096835495263
2024-12-18,Kragujevac,PM2.5,162.0,68.0,101.1054750385643
2024-12-19,Kragujevac,PM2.5,142.0,71.7,89.79980379468208
2024-12-20,Kragujevac,PM2.5,11.0,50.0,19.11838847022209
2024-12-21,Kragujevac,PM2.5,100.0,23.3,58.79411841981299
2024-12-22,Kragujevac,PM2.5,73.0,44.3,57.26405085390845
2024-12-23,Kragujevac,PM2.5,21.0,25.7,18.7596753926843
2024-12-24,Kragujevac,PM2.5,61.0,26.9,38.64041119548811
2024-12-25,Kragujevac,PM2.5,94.0,54.1,56.50716449412219
2024-12-26,Kragujevac,PM2.5,89.0,34.3,58.42927304948177
2024-12-27,Kragujevac,PM2.5,109.0,54.2,73.22898080407028
2024-12-28,Kragujevac,PM2.5,144.0,64.4,89.83179022218799
2024-12-29,Kragujevac,PM2.5,165.0,74.5,105.31660468056604
2024-12-30,Kragujevac,PM2.5,168.0,77.7,105.31660468056604
2024-12-31,Kragujevac,PM2.5,304.0,108.0,117.17440644266053
2020-04-29,Niš,PM2.5,12.0,13.2,13.262140986471762
2020-04-30,Niš,PM2.5,15.0,13.5,14.657566048044483
2020-05-01,Niš,PM2.5,18.0,12.5,13.97290762551948
2020-05-04,Niš,PM2.5,19.0,12.0,12.751402147738036
2020-05-05,Niš,PM2.5,18.0,15.7,14.882326847525563
2020-05-06,Niš,PM2.5,27.0,12.7,15.88935365122546
2020-05-07,Niš,PM2.5,23.0,17.3,15.608436883493804
2020-05-08,Niš,PM2.5,17.0,17.0,13.88148784527011
2020-05-09,Niš,PM2.5,13.0,14.0,12.545176679129035
2020-05-10,Niš,PM2.5,7.0,11.1,11.006473825308412
2020-05-11,Niš,PM2.5,9.0,8.2,10.63354687874071
2020-05-12,Niš,PM2.5,7.0,12.5,10.326922298708151
2020-05-13,Niš,PM2.5,9.0,11.7,11.182006315058905
2020-05-14,Niš,PM2.5,8.0,9.1,10.458014388990218
2020-05-15,Niš,PM2.5,13.0,17.1,11.271169100348596
2020-05-16,Niš,PM2.5,30.0,24.2,18.34828450160878
2020-05-17,Niš,PM2.5,35.0,24.8,21.747467750539197
2020-05-18,Niš,PM2.5,42.0,26.8,25.21602469126032
2020-05-19,Niš,PM2.5,27.0,27.8,16.267477522838284
2020-05-20,Niš,PM2.5,31.0,19.6,17.035946000830812
2020-05-21,Niš,PM2.5,19.0,21.3,13.68595433399602
2020-05-22,Niš,PM2.5,9.0,13.7,10.736359516693309
2020-05-23,Niš,PM2.5,11.0,10.0,11.993144337312296
2020-05-24,Niš,PM2.5,23.0,9.7,16.126934350926774
2020-05-25,Niš,PM2.5,13.0,13.5,12.128192364501404
2020-05-26,Niš,PM2.5,19.0,10.7,13.989076368684865
2020-05-27,Niš,PM2.5,30.0,11.5,17.295245310631866
2020-05-28,Niš,PM2.5,22.0,20.3,14.181039985896875
2020-05-29,Niš,PM2.5,20.0,14.7,14.12853735276756
2020-05-30,Niš,PM2.5,27.0,14.6,16.347436250924712
2020-05-31,Niš,PM2.5,20.0,16.1,14.665662306832465
2020-06-01,Niš,PM2.5,27.0,14.0,15.935235418623924
2020-06-02,Niš,PM2.5,22.0,16.7,14.79230530154494
2020-06-03,Niš,PM2.5,17.0,15.5,13.705139335274296
2020-06-04,Niš,PM2.5,8.0,12.2,10.158153148948424
2020-06-05,Niš,PM2.5,8.0,8.7,10.26096578690102
2020-06-06,Niš,PM2.5,14.0,9.3,12.488526046808069
2020-06-07,Niš,PM2.5,12.0,12.95,11.881775716844102
2020-06-08,Niš,PM2.5,10.0,11.55,10.957984096282056
2020-06-09,Niš,PM2.5,9.0,9.9,10.957984096282056
2020-06-10,Niš,PM2.5,5.0,8.85,10.72847469939961
2020-06-11,Niš,PM2.5,12.0,7.0,11.968045929078889
2020-06-12,Niš,PM2.5,17.0,9.85,13.44185146488789
2020-06-13,Niš,PM2.5,16.0,13.7,12.69904138484441
2020-06-14,Niš,PM2.5,18.0,13.1,13.743926394108207
2020-06-15,Niš,PM2.5,16.0,12.65,13.247500821162603
2020-06-16,Niš,PM2.5,17.0,11.75,13.64769428528026
2020-06-17,Niš,PM2.5,20.0,11.8,15.046051514601537
2020-06-18,Niš,PM2.5,12.0,14.35,11.931012177285911
2020-06-19,Niš,PM2.5,8.0,12.2,10.70661258526662
2020-06-20,Niš,PM2.5,13.0,10.1,11.68798073546392
2020-06-21,Niš,PM2.5,12.0,11.65,11.103802164320117
2020-06-22,Niš,PM2.5,12.0,9.9,11.762203108686515
2020-06-23,Niš,PM2.5,12.0,9.3,10.613156267530185
2020-06-24,Niš,PM2.5,28.0,10.55,16.93997842395497
2020-06-25,Niš,PM2.5,25.0,20.75,16.40296372391318
2020-06-26,Niš,PM2.5,16.0,16.25,13.237704741624723
2020-06-28,Niš,PM2.5,13.0,11.6,12.245315439087245
2020-06-29,Niš,PM2.5,19.0,11.05,14.581932910481484
2020-06-30,Niš,PM2.5,12.0,13.65,11.796140616041274
2020-07-01,Niš,PM2.5,6.0,10.95,10.42852152970267
2020-07-02,Niš,PM2.5,13.0,7.2,11.900260185872064
2020-07-03,Niš,PM2.5,20.0,11.4,14.386105560454
2020-07-04,Niš,PM2.5,21.0,12.75,14.722690799185882
2020-07-05,Niš,PM2.5,22.0,20.6,14.860761714548683
2020-07-06,Niš,PM2.5,19.0,16.05,14.52524263053192
2020-07-07,Niš,PM2.5,19.0,16.55,13.317388464688948
2020-07-08,Niš,PM2.5,11.0,23.0,11.518405409280316
2020-07-09,Niš,PM2.5,76.0,13.0,43.19748964184281
2020-07-10,Niš,PM2.5,66.0,10.4,41.11624392798595
2020-07-12,Niš,PM2.5,16.0,8.4,11.97571067613056
2020-07-13,Niš,PM2.5,18.0,14.8,12.972539962390346
2020-07-14,Niš,PM2.5,22.0,12.6,14.96155454005497
2020-07-15,Niš,PM2.5,36.0,12.35,22.3821104983661
2020-07-16,Niš,PM2.5,25.0,13.5,16.116398130665278
2020-07-17,Niš,PM2.5,25.0,20.75,16.196241294134257
2020-07-18,Niš,PM2.5,12.0,17.0,11.849823848988246
2020-07-19,Niš,PM2.5,20.0,11.35,14.605085794000908
2020-07-20,Niš,PM2.5,25.0,14.5,16.08455338887654
2020-07-21,Niš,PM2.5,23.0,20.2,16.116398130665278
2020-07-22,Niš,PM2.5,23.0,18.4,16.196241294134257
2020-07-23,Niš,PM2.5,16.0,16.95,13.188315180634184
2020-07-24,Niš,PM2.5,17.0,12.9,13.554268630341095
2020-07-25,Niš,PM2.5,14.0,13.2,12.438527295946358
2020-07-26,Niš,PM2.5,21.0,13.45,15.085465574089993
2020-07-27,Niš,PM2.5,27.0,16.05,16.08455338887654
2020-07-28,Niš,PM2.5,15.0,20.3,12.51551409320968
2020-07-29,Niš,PM2.5,17.0,15.45,13.486592080707116
2020-07-30,Niš,PM2.5,14.0,15.25,12.429340406279646
2020-07-31,Niš,PM2.5,26.0,11.6,16.196241294134257
2020-08-01,Niš,PM2.5,22.0,17.85,14.893564344972027
2020-08-02,Niš,PM2.5,12.0,15.05,11.837781437367894
2020-08-03,Niš,PM2.5,17.0,12.5,13.581626605228315
2020-08-04,Niš,PM2.5,12.0,13.95,11.770087811586375
2020-08-05,Niš,PM2.5,11.0,10.6,11.739969294172315
2020-08-06,Niš,PM2.5,7.0,10.7,10.677050447097317
2020-08-07,Niš,PM2.5,9.0,8.0,11.045442054600375
2020-08-08,Niš,PM2.5,22.0,9.25,15.426552753561577
2020-08-09,Niš,PM2.5,23.0,14.65,16.496194463831195
2020-08-10,Niš,PM2.5,24.0,16.4,16.40296372391318
2020-08-11,Niš,PM2.5,28.0,17.95,17.50183919363813
2020-08-12,Niš,PM2.5,27.0,20.05,16.3671148399204
2020-08-13,Niš,PM2.5,21.0,19.25,15.132428085841116
2020-08-14,Niš,PM2.5,24.0,15.85,16.3671148399204
2020-08-15,Niš,PM2.5,20.0,16.4,14.420889648677788
2020-08-16,Niš,PM2.5,14.0,14.05,12.78182682551876
2020-08-17,Niš,PM2.5,18.0,10.05,14.067875479411883
2020-08-18,Niš,PM2.5,16.0,13.6,13.42686527605431
2020-08-19,Niš,PM2.5,8.0,12.75,10.75822165959216
2020-08-20,Niš,PM2.5,14.0,9.5,11.822240399541805
2020-08-21,Niš,PM2.5,19.0,13.0,14.581932910481484
2020-08-22,Niš,PM2.5,21.0,15.55,15.168276969833894
2020-08-23,Niš,PM2.5,22.0,15.9,15.168276969833894
2020-08-24,Niš,PM2.5,21.0,16.65,15.052584922372128
2020-08-25,Niš,PM2.5,27.0,15.3,16.66123950764087
2020-08-26,Niš,PM2.5,15.0,18.25,12.722236522988604
2020-08-27,Niš,PM2.5,8.0,12.85,10.738457327055356
2020-08-28,Niš,PM2.5,8.0,9.8,10.818300490524344
2020-08-29,Niš,PM2.5,10.0,10.1,10.872348995479229
2020-08-30,Niš,PM2.5,11.0,10.3,11.693283097270502
2020-08-31,Niš,PM2.5,13.0,10.75,12.165472275618257
2020-09-01,Niš,PM2.5,11.0,14.25,12.235744791425375
2020-09-02,Niš,PM2.5,3.0,12.55,10.864071757785691
2020-09-03,Niš,PM2.5,7.0,5.550000000000001,11.49277508719404
2020-09-04,Niš,PM2.5,8.0,9.2,10.531181637416298
2020-09-05,Niš,PM2.5,12.0,9.5,12.7037871027643
2020-09-06,Niš,PM2.5,10.0,10.05,11.779995482202256
2020-09-07,Niš,PM2.5,14.0,10.1,13.342382174517004
2020-09-08,Niš,PM2.5,17.0,11.25,13.81932967083754
2020-09-09,Niš,PM2.5,25.0,13.75,17.189126225840603
2020-09-13,Niš,PM2.5,17.0,12.9,14.367789107155737
2020-09-14,Niš,PM2.5,22.0,15.05,15.842751566503589
2020-09-15,Niš,PM2.5,18.0,17.95,14.247466817274171
2020-09-16,Niš,PM2.5,6.0,15.55,11.182542720539926
2020-09-17,Niš,PM2.5,1.0,9.75,11.416851522556955
2020-09-18,Niš,PM2.5,7.0,8.3,10.944315650875843
2020-09-24,Niš,PM2.5,10.0,12.05,11.779995482202256
2020-09-25,Niš,PM2.5,7.0,12.45,11.365599251582676
2020-09-26,Niš,PM2.5,4.0,9.4,10.338777184781009
2020-09-27,Niš,PM2.5,2.0,5.95,10.67000071238154
2020-09-28,Niš,PM2.5,7.0,3.7,10.614190052696502
2020-09-29,Niš,PM2.5,9.0,8.850000000000001,11.426518145810007
2020-09-30,Niš,PM2.5,18.0,9.5,14.225326339979508
2020-10-01,Niš,PM2.5,22.0,18.3,18.152946198599704
2020-10-02,Niš,PM2.5,11.0,21.9,14.22833361868742
2020-10-03,Niš,PM2.5,10.0,17.1,12.661720289909027
2020-10-04,Niš,PM2.5,13.0,13.85,14.786057811319914
2020-10-05,Niš,PM2.5,15.0,14.85,15.324381969498091
2020-10-06,Niš,PM2.5,7.0,18.5,13.633812025713528
2020-10-07,Niš,PM2.5,6.0,11.45,13.370912331201792
2020-10-08,Niš,PM2.5,18.0,9.2,13.90036486710484
2020-10-09,Niš,PM2.5,13.0,7.75,13.00817973775107
2020-10-10,Niš,PM2.5,21.0,12.85,18.79314733899402
2020-10-11,Niš,PM2.5,25.0,21.85,20.15691371698412
2020-10-12,Niš,PM2.5,23.0,25.75,18.67449641536579
2020-10-13,Niš,PM2.5,23.0,17.05,18.461285605144703
2020-10-14,Niš,PM2.5,26.0,17.55,19.906350108277724
2020-10-15,Niš,PM2.5,13.0,24.5,16.177894963143228
2020-10-16,Niš,PM2.5,25.0,16.1,21.50799088562762
2020-10-17,Niš,PM2.5,30.0,21.85,23.545304448640444
2020-10-18,Niš,PM2.5,26.0,17.75,23.037854246740515
2020-10-19,Niš,PM2.5,42.0,24.85,31.93328327024096
2020-10-20,Niš,PM2.5,43.0,33.7,32.5819713057773
2020-10-21,Niš,PM2.5,51.0,36.84999999999999,37.82592872748998
2020-10-22,Niš,PM2.5,50.0,47.90000000000001,37.03682004870911
2020-10-23,Niš,PM2.5,44.0,51.6,33.8619256859114
2020-10-24,Niš,PM2.5,68.0,51.8,50.23833992753181
2020-10-25,Niš,PM2.5,107.0,61.05,60.31693162410095
2020-10-26,Niš,PM2.5,29.0,74.05000000000001,24.6366972045783
2020-10-27,Niš,PM2.5,31.0,42.7,25.007902602114584
2020-10-29,Niš,PM2.5,68.0,39.75,50.73830741564464
2020-10-30,Niš,PM2.5,41.0,56.5,30.51710285641743
2020-10-31,Niš,PM2.5,44.0,32.15,32.07791598140889
2020-11-01,Niš,PM2.5,26.0,26.8,25.739191894821012
2020-11-02,Niš,PM2.5,36.0,35.90000000000001,30.315543038200257
2020-11-03,Niš,PM2.5,63.0,59.0,44.68666415230145
2020-11-04,Niš,PM2.5,34.0,73.5,28.955446288982564
2020-11-05,Niš,PM2.5,22.0,45.5,24.504505140741717
2020-11-06,Niš,PM2.5,34.0,30.9,27.35976834044836
2020-11-07,Niš,PM2.5,39.0,28.35,33.02962577947006
2020-11-08,Niš,PM2.5,52.0,55.5,41.524151783694414
2020-11-09,Niš,PM2.5,70.0,54.4,52.41223025410088
2020-11-10,Niš,PM2.5,40.0,71.55000000000001,32.94978261600107
2020-11-11,Niš,PM2.5,33.0,39.6,29.06857772873939
2020-11-12,Niš,PM2.5,72.0,50.05,52.41223025410088
2020-11-13,Niš,PM2.5,86.0,60.7,59.61571426641194
2020-11-14,Niš,PM2.5,82.0,78.69999999999999,59.45093510882488
2020-11-15,Niš,PM2.5,89.0,86.9,59.61571426641194
2020-11-16,Niš,PM2.5,69.0,103.5,52.1583364692652
2020-11-17,Niš,PM2.5,55.0,111.25,42.97891983416744
2020-11-18,Niš,PM2.5,52.0,39.2,41.524151783694414
2020-11-19,Niš,PM2.5,42.0,42.6,33.6552310868514
2020-11-20,Niš,PM2.5,58.0,46.15000000000001,46.82043995219567
2020-11-21,Niš,PM2.5,40.0,40.2,28.70171275867313
2020-11-22,Niš,PM2.5,72.0,25.75,52.41223025410088
2020-11-23,Niš,PM2.5,76.0,55.5,54.371991983162125
2020-11-24,Niš,PM2.5,65.0,59.2,49.19614863700417
2020-11-25,Niš,PM2.5,73.0,54.09999999999999,54.371991983162125
2020-11-26,Niš,PM2.5,94.0,90.85,61.984481756160775
2020-11-27,Niš,PM2.5,118.0,118.2,70.68848549256423
2020-11-28,Niš,PM2.5,98.0,80.85,67.1869661867191
2020-11-29,Niš,PM2.5,82.0,71.0,59.45093510882488
2020-11-30,Niš,PM2.5,55.0,42.45,39.42774792648614
2020-12-01,Niš,PM2.5,53.0,38.3,46.70809545819719
2020-12-02,Niš,PM2.5,33.0,54.35,31.30007267213155
2020-12-03,Niš,PM2.5,23.0,27.7,26.08192754701413
2020-12-04,Niš,PM2.5,28.0,19.2,27.26614639135829
2020-12-05,Niš,PM2.5,35.0,19.55,30.66189999263889
2020-12-06,Niš,PM2.5,28.0,27.35,26.7361127558314
2020-12-07,Niš,PM2.5,9.0,18.8,17.896956353260844
2020-12-08,Niš,PM2.5,37.0,12.3,30.77760418615208
2020-12-09,Niš,PM2.5,14.0,21.7,18.32451243816475
2020-12-10,Niš,PM2.5,63.0,15.0,46.04973237894029
2020-12-11,Niš,PM2.5,93.0,38.3,59.70016163856739
2020-12-12,Niš,PM2.5,55.0,77.2,40.77444288004304
2020-12-13,Niš,PM2.5,59.0,40.25,49.57476753422152
2020-12-14,Niš,PM2.5,38.0,34.0,29.304197237517972
2020-12-15,Niš,PM2.5,61.0,21.8,51.2942228989519
2020-12-16,Niš,PM2.5,83.0,36.1,62.29019868496881
2020-12-17,Niš,PM2.5,121.0,73.45,75.18892518014019
2020-12-18,Niš,PM2.5,104.0,108.6,71.25182418086834
2020-12-19,Niš,PM2.5,82.0,65.55,62.20526269085073
2020-12-20,Niš,PM2.5,35.0,44.15000000000001,32.98967063391991
2020-12-21,Niš,PM2.5,54.0,27.0,45.81309057966228
2020-02-21,Niš,PM2.5,66.0,31.2,54.586747184544905
2020-02-22,Niš,PM2.5,60.0,57.3,41.85553686606573
2020-02-23,Niš,PM2.5,103.0,113.6,70.0971060326936
2020-02-24,Niš,PM2.5,82.0,89.3,59.73226768674116
2020-02-25,Niš,PM2.5,38.0,37.2,32.22424987065708
2020-02-26,Niš,PM2.5,42.0,25.1,33.74697867098333
2020-02-27,Niš,PM2.5,48.0,37.6,33.38516988563973
2020-02-28,Niš,PM2.5,57.0,50.1,38.40528840618828
2020-02-29,Niš,PM2.5,47.0,34.0,34.921171079149104
2020-03-01,Niš,PM2.5,56.0,35.2,40.7829157899621
2020-03-02,Niš,PM2.5,38.0,49.2,26.925220161962564
2020-03-03,Niš,PM2.5,40.0,23.1,27.868864796689984
2020-03-04,Niš,PM2.5,42.0,33.2,30.112080788227512
2020-03-05,Niš,PM2.5,43.0,17.1,29.26217514536665
2020-03-06,Niš,PM2.5,51.0,46.7,35.13832213919214
2020-03-07,Niš,PM2.5,46.0,48.3,33.879117092343165
2020-03-08,Niš,PM2.5,74.0,30.3,49.21426246018376
2020-03-09,Niš,PM2.5,73.0,33.5,49.797127504489545
2020-03-10,Niš,PM2.5,64.0,36.3,42.02147480504359
2020-03-11,Niš,PM2.5,67.0,39.0,51.50639824863048
2020-03-12,Niš,PM2.5,36.0,69.3,31.037085287270365
2020-03-13,Niš,PM2.5,16.0,57.9,21.71374587059281
2020-03-14,Niš,PM2.5,38.0,24.1,28.825074962651783
2020-03-15,Niš,PM2.5,35.0,22.3,25.85917342485884
2020-03-16,Niš,PM2.5,11.0,23.6,19.72226622798015
2020-03-17,Niš,PM2.5,93.0,18.1,60.96696184543265
2020-03-18,Niš,PM2.5,50.0,46.8,36.94702978143886
2020-03-19,Niš,PM2.5,62.0,42.3,47.63406331145565
2020-03-20,Niš,PM2.5,48.0,46.5,38.31704498364279
2020-03-21,Niš,PM2.5,66.0,58.8,51.42655508516149
2020-03-22,Niš,PM2.5,41.0,46.4,30.07938090995632
2020-03-23,Niš,PM2.5,26.0,23.4,20.667835528972155
2020-03-24,Niš,PM2.5,18.0,17.3,18.73364875332387
2020-03-25,Niš,PM2.5,18.0,18.3,17.551629424015363
2020-03-26,Niš,PM2.5,16.0,15.2,17.578102582711963
2020-03-27,Niš,PM2.5,34.0,19.1,26.357045837714416
2020-03-28,Niš,PM2.5,50.0,82.8,38.20535707838506
2020-03-29,Niš,PM2.5,56.0,69.6,38.88158421029684
2020-03-30,Niš,PM2.5,60.0,56.7,44.433046333542144
2020-04-01,Niš,PM2.5,9.0,18.4,14.629698030729202
2020-04-02,Niš,PM2.5,53.0,14.3,40.34713637352455
2020-04-03,Niš,PM2.5,58.0,48.5,44.1209799419188
2020-04-04,Niš,PM2.5,42.0,58.0,28.879781842182176
2020-04-05,Niš,PM2.5,34.0,35.3,23.713242022883477
2020-04-06,Niš,PM2.5,27.0,46.1,20.151525559969684
2020-04-07,Niš,PM2.5,10.0,38.1,15.362519757517344
2020-04-08,Niš,PM2.5,17.0,18.0,18.43262014740163
2020-04-09,Niš,PM2.5,19.0,20.9,20.611410586132006
2020-04-13,Niš,PM2.5,41.0,19.9,29.59322425065676
2020-04-14,Niš,PM2.5,33.0,25.8,22.395023105964924
2020-04-15,Niš,PM2.5,32.0,21.9,22.83388758399241
2020-04-16,Niš,PM2.5,26.0,22.2,19.42242124589653
2020-04-17,Niš,PM2.5,18.0,35.6,15.963764623563836
2020-04-18,Niš,PM2.5,13.0,22.6,14.302128948938728
2020-04-19,Niš,PM2.5,19.0,16.2,16.527058515075232
2020-04-20,Niš,PM2.5,19.0,16.5,15.385695940760272
2020-04-21,Niš,PM2.5,14.0,14.8,12.736017612190778
2020-04-22,Niš,PM2.5,19.0,12.0,15.649891442165622
2020-09-19,Niš,PM2.5,9.0,13.8,11.66830757694453
2020-09-20,Niš,PM2.5,7.0,11.7,11.49277508719404
2020-09-21,Niš,PM2.5,8.0,10.1,11.49277508719404
2020-09-22,Niš,PM2.5,16.0,9.9,14.069512207082804
2020-09-23,Niš,PM2.5,12.0,16.6,12.348398389734031
2020-10-28,Niš,PM2.5,54.0,25.7,41.30499699571121
2020-12-22,Niš,PM2.5,101.0,36.7,70.67691668427541
2020-12-23,Niš,PM2.5,98.0,63.2,69.86145060527596
2020-12-24,Niš,PM2.5,104.0,146.7,71.04598136047595
2020-12-25,Niš,PM2.5,42.0,80.8,32.0644580992921
2020-12-26,Niš,PM2.5,36.0,20.6,29.128976350789184
2020-12-27,Niš,PM2.5,38.0,18.2,30.43546294313799
2020-12-28,Niš,PM2.5,86.0,36.3,58.38717336221352
2020-12-29,Niš,PM2.5,69.0,38.3,46.57452315062743
2020-12-30,Niš,PM2.5,37.0,73.2,28.935268085760438
2020-12-31,Niš,PM2.5,50.0,57.0,34.36045638188362
2021-01-01,Niš,PM2.5,66.0,59.15000000000001,54.7158268084557
2021-01-02,Niš,PM2.5,25.0,21.9,27.703440943543995
2021-01-03,Niš,PM2.5,29.0,22.2,23.76610352504916
2021-01-04,Niš,PM2.5,55.0,27.0,39.81984947166985
2021-01-05,Niš,PM2.5,55.0,53.4,40.32250037008436
2021-01-06,Niš,PM2.5,67.0,53.7,47.54980964687132
2021-01-07,Niš,PM2.5,45.0,26.8,33.87312583828141
2021-01-08,Niš,PM2.5,71.0,19.75,48.97237305971306
2021-01-09,Niš,PM2.5,66.0,33.7,49.463925589419375
2021-01-10,Niš,PM2.5,123.0,40.65000000000001,69.52410584574552
2021-01-11,Niš,PM2.5,48.0,28.3,36.27457232443168
2021-01-12,Niš,PM2.5,70.0,41.25,50.69506575922557
2021-01-13,Niš,PM2.5,114.0,60.4,69.15090272586802
2021-01-14,Niš,PM2.5,83.0,51.5,55.1965351680532
2021-01-15,Niš,PM2.5,66.0,46.8,54.96071501573436
2021-01-16,Niš,PM2.5,53.0,32.6,44.21744750031324
2021-01-17,Niš,PM2.5,73.0,76.55000000000001,52.29832131826908
2021-01-18,Niš,PM2.5,81.0,66.6,63.30616293254107
2021-01-19,Niš,PM2.5,87.0,109.5,63.2650467269727
2021-01-20,Niš,PM2.5,188.0,186.0,104.17244744513144
2021-01-21,Niš,PM2.5,70.0,127.5,52.47231792439425
2021-01-22,Niš,PM2.5,91.0,112.1,56.23383109632092
2021-01-23,Niš,PM2.5,40.0,21.6,25.899865897700003
2021-01-24,Niš,PM2.5,34.0,12.45,22.55297347392925
2021-01-25,Niš,PM2.5,36.0,18.55,27.33231027713186
2021-01-26,Niš,PM2.5,38.0,22.45,27.59401771140924
2021-01-27,Niš,PM2.5,57.0,29.15,36.03389920986975
2021-01-28,Niš,PM2.5,63.0,34.8,42.502128973424895
2021-01-29,Niš,PM2.5,39.0,41.15,29.18884768259664
2021-01-30,Niš,PM2.5,57.0,43.3,40.52569414100945
2021-01-31,Niš,PM2.5,51.0,36.35,36.87339020533873
2021-02-01,Niš,PM2.5,104.0,60.7,66.00733366085673
2021-02-02,Niš,PM2.5,108.0,78.9,66.21317648124912
2021-02-03,Niš,PM2.5,82.0,73.1,61.75332018089205
2021-02-04,Niš,PM2.5,62.0,72.95,50.75024405521532
2021-02-05,Niš,PM2.5,55.0,83.7,45.33051481020252
2021-02-06,Niš,PM2.5,48.0,87.0,41.18712603783615
2021-02-07,Niš,PM2.5,59.0,48.25,48.86453216438762
2021-02-08,Niš,PM2.5,60.0,24.4,40.39102251478232
2021-02-09,Niš,PM2.5,40.0,17.35,28.547320178853614
2021-02-10,Niš,PM2.5,46.0,40.1,38.754690272299946
2021-02-11,Niš,PM2.5,39.0,25.65,24.96051438367241
2021-02-12,Niš,PM2.5,42.0,24.3,31.25014633575812
2021-02-13,Niš,PM2.5,46.0,41.5,33.86702147162696
2021-02-14,Niš,PM2.5,60.0,40.65000000000001,41.82728647978712
2021-02-15,Niš,PM2.5,87.0,70.1,60.97875701191211
2021-02-16,Niš,PM2.5,89.0,74.3,63.05081776548428
2021-02-17,Niš,PM2.5,103.0,71.65,65.02661359128558
2021-02-18,Niš,PM2.5,96.0,83.3,62.50377486471438
2021-02-19,Niš,PM2.5,101.0,72.6,70.0971060326936
2021-02-20,Niš,PM2.5,98.0,49.15000000000001,64.23866152203757
2021-02-21,Niš,PM2.5,51.0,39.7,42.73675491743183
2021-02-22,Niš,PM2.5,62.0,65.1,50.79425541083906
2021-02-23,Niš,PM2.5,63.0,68.75,50.71441224737008
2021-02-24,Niš,PM2.5,96.0,75.4,69.44132628063214
2021-02-25,Niš,PM2.5,91.0,90.5,63.109979437961805
2021-02-26,Niš,PM2.5,63.0,77.80000000000001,50.79425541083906
2021-02-27,Niš,PM2.5,53.0,52.15,43.24106233797727
2021-02-28,Niš,PM2.5,42.0,23.55,34.38850617472635
2021-03-01,Niš,PM2.5,68.0,48.5,51.21628720344042
2021-03-02,Niš,PM2.5,70.0,52.3,51.39471034337275
2021-03-03,Niš,PM2.5,59.0,59.4,45.994451110194255
2021-03-04,Niš,PM2.5,51.0,83.7,38.964907424677854
2021-03-05,Niš,PM2.5,61.0,57.59999999999999,47.55422014798666
2021-03-06,Niš,PM2.5,50.0,37.75,31.01667734937101
2021-03-07,Niš,PM2.5,63.0,60.8,47.63406331145565
2021-03-08,Niš,PM2.5,67.0,64.6,51.42655508516149
2021-03-09,Niš,PM2.5,66.0,49.05,47.985184444424775
2021-03-10,Niš,PM2.5,59.0,22.4,41.70786645036238
2021-03-11,Niš,PM2.5,55.0,40.0,42.57305531680988
2021-03-12,Niš,PM2.5,49.0,42.2,38.026933938452736
2021-03-13,Niš,PM2.5,58.0,73.25,42.522473766430366
2021-03-14,Niš,PM2.5,57.0,43.25,41.8955469481153
2021-03-15,Niš,PM2.5,38.0,17.6,26.557957037807192
2021-03-16,Niš,PM2.5,42.0,20.8,25.09752206537856
2021-03-17,Niš,PM2.5,51.0,21.9,29.12186883552505
2021-03-18,Niš,PM2.5,79.0,30.05,48.07732511460986
2021-03-19,Niš,PM2.5,76.0,46.9,50.68798651312087
2021-03-20,Niš,PM2.5,64.0,32.25,44.25812752113954
2021-03-21,Niš,PM2.5,33.0,11.05,25.16075402566024
2021-03-22,Niš,PM2.5,48.0,24.25,32.33383761755767
2021-03-23,Niš,PM2.5,77.0,38.8,47.042551781465285
2021-03-24,Niš,PM2.5,69.0,37.2,46.06968329192562
2021-03-25,Niš,PM2.5,89.0,49.9,58.598194355683816
2021-03-26,Niš,PM2.5,91.0,54.7,59.8699441751094
2021-03-27,Niš,PM2.5,78.0,55.85,53.81938304185268
2021-03-28,Niš,PM2.5,66.0,39.75,50.13638304642655
2021-03-29,Niš,PM2.5,47.0,31.8,38.20535707838506
2021-03-30,Niš,PM2.5,51.0,34.7,38.964907424677854
2021-03-31,Niš,PM2.5,42.0,32.65,33.08965368608195
2021-04-01,Niš,PM2.5,44.0,35.4,33.33635600220361
2021-04-02,Niš,PM2.5,49.0,31.3,33.25737134958812
2021-04-03,Niš,PM2.5,41.0,22.1,27.282639586976213
2021-04-04,Niš,PM2.5,53.0,21.85,36.58898569443514
2021-04-05,Niš,PM2.5,56.0,33.25,37.39061547404656
2021-04-06,Niš,PM2.5,31.0,31.5,22.800383566164864
2021-04-07,Niš,PM2.5,62.0,26.6,40.50657904275425
2021-04-08,Niš,PM2.5,63.0,35.40000000000001,40.94544352078173
2021-04-09,Niš,PM2.5,58.0,37.35,44.1209799419188
2021-04-10,Niš,PM2.5,48.0,40.05,36.331885910109605
2021-04-11,Niš,PM2.5,32.0,22.95,26.244343211524846
2021-04-12,Niš,PM2.5,20.0,18.3,19.6169218322114
2021-04-13,Niš,PM2.5,20.0,16.75,19.47124195762485
2021-04-14,Niš,PM2.5,24.0,10.58,19.09866891286893
2021-04-15,Niš,PM2.5,48.0,24.85,32.264557426788365
2021-04-16,Niš,PM2.5,43.0,31.45,30.08462763017721
2021-04-17,Niš,PM2.5,68.0,30.2,45.711808208236775
2021-04-18,Niš,PM2.5,58.0,19.75,40.19986106980056
2021-04-19,Niš,PM2.5,63.0,32.95,41.83947327106195
2021-04-20,Niš,PM2.5,61.0,36.0,42.0208820486903
2021-04-21,Niš,PM2.5,48.0,26.0,32.18760368878985
2021-04-22,Niš,PM2.5,28.0,18.3,19.214759752380157
2021-04-23,Niš,PM2.5,36.0,23.25,24.49055179543941
2021-04-24,Niš,PM2.5,39.0,27.75,28.09846523064402
2021-04-25,Niš,PM2.5,34.0,25.05,23.23432305785765
2021-04-26,Niš,PM2.5,32.0,24.1,21.559251840829297
2021-04-27,Niš,PM2.5,21.0,16.8,16.798565006264454
2021-04-28,Niš,PM2.5,17.0,13.65,15.591979980205306
2021-04-29,Niš,PM2.5,18.0,13.8,15.995609365352577
2021-04-30,Niš,PM2.5,13.0,12.55,14.190441043681004
2021-05-01,Niš,PM2.5,16.0,14.75,13.222130381351151
2021-05-02,Niš,PM2.5,6.0,12.55,10.095728572722583
2021-05-03,Niš,PM2.5,7.0,9.195,10.560827026942816
2021-05-04,Niš,PM2.5,9.0,10.975,11.29369422031663
2021-05-05,Niš,PM2.5,6.0,9.56,10.274957857947468
2021-05-06,Niš,PM2.5,4.0,7.925000000000001,10.823417294265663
2021-05-07,Niš,PM2.5,5.0,9.305,10.274957857947468
2021-05-08,Niš,PM2.5,9.0,8.545,10.708259727966077
2021-05-09,Niš,PM2.5,7.0,8.415,11.770565255575423
2021-05-10,Niš,PM2.5,8.0,8.035,11.006473825308412
2021-05-11,Niš,PM2.5,6.0,6.984999999999999,10.823417294265663
2021-05-12,Niš,PM2.5,8.0,8.655,10.583991890256328
2021-05-13,Niš,PM2.5,8.0,9.155,10.645393261462388
2021-05-14,Niš,PM2.5,5.0,6.99,10.13340946658555
2021-05-15,Niš,PM2.5,6.0,8.440000000000001,10.62135730781974
2021-05-16,Niš,PM2.5,10.0,9.035,10.948101586824242
2021-05-17,Niš,PM2.5,11.0,9.745,11.374995884988852
2021-05-18,Niš,PM2.5,2.0,4.895,10.041053129712806
2021-05-19,Niš,PM2.5,3.0,5.24,10.589512566031
2021-05-20,Niš,PM2.5,7.0,4.93,10.086063983733569
2021-05-21,Niš,PM2.5,18.0,13.7,12.960600143711194
2021-05-22,Niš,PM2.5,9.0,8.995000000000001,10.736359516693309
2021-05-23,Niš,PM2.5,4.0,7.91,10.367314194820212
2021-05-24,Niš,PM2.5,7.0,8.645,10.804413838862487
2021-05-25,Niš,PM2.5,11.0,11.35,11.632063773466273
2021-05-26,Niš,PM2.5,4.0,7.195,10.13340946658555
2021-05-27,Niš,PM2.5,11.0,10.25,11.750026857151916
2021-05-28,Niš,PM2.5,16.0,14.45,12.634027120658928
2021-05-29,Niš,PM2.5,11.0,12.2,11.865968501700934
2021-05-30,Niš,PM2.5,14.0,11.8,12.749693056646736
2021-05-31,Niš,PM2.5,15.0,12.6,12.46141909902587
2021-06-01,Niš,PM2.5,22.0,13.65,13.991263712323637
2021-06-02,Niš,PM2.5,15.0,14.05,12.56490365420022
2021-06-03,Niš,PM2.5,13.0,11.9,11.49390969005977
2021-06-04,Niš,PM2.5,12.0,12.6,11.91762460083688
2021-06-05,Niš,PM2.5,14.0,13.1,12.63606283605857
2021-06-06,Niš,PM2.5,21.0,15.5,15.088433806364907
2021-06-07,Niš,PM2.5,26.0,19.45,16.3671148399204
2021-06-08,Niš,PM2.5,17.0,14.95,13.65746562649326
2021-06-09,Niš,PM2.5,11.0,11.6,11.68927895506646
2021-06-10,Niš,PM2.5,14.0,13.5,12.520370788596804
2021-06-11,Niš,PM2.5,9.0,11.0,10.87814093281307
2021-06-12,Niš,PM2.5,13.0,11.15,12.129623391625476
2021-06-13,Niš,PM2.5,15.0,13.55,11.908414086471838
2021-06-14,Niš,PM2.5,6.0,7.859999999999999,9.203437036130998
2021-06-15,Niš,PM2.5,7.0,7.985,10.06689474149687
2021-06-16,Niš,PM2.5,9.0,9.78,10.42604197557166
2021-06-17,Niš,PM2.5,11.0,9.81,11.68927895506646
2021-06-18,Niš,PM2.5,15.0,13.25,12.787600646200652
2021-06-19,Niš,PM2.5,24.0,21.45,16.245515290507353
2021-06-20,Niš,PM2.5,8.0,9.41,10.831688066973374
2021-06-21,Niš,PM2.5,11.0,10.25,11.769122118535448
2021-06-22,Niš,PM2.5,15.0,20.5,12.722236522988604
2021-06-23,Niš,PM2.5,16.0,25.15,13.395037610413109
2021-06-24,Niš,PM2.5,20.0,27.4,14.581932910481484
2021-06-25,Niš,PM2.5,8.0,18.55,10.702608443062578
2021-06-26,Niš,PM2.5,7.0,14.75,10.702608443062578
2021-06-27,Niš,PM2.5,8.0,8.809999999999999,10.738457327055356
2021-06-28,Niš,PM2.5,10.0,9.5,10.993832980274837
2021-06-29,Niš,PM2.5,14.0,12.4,12.556219672589584
2021-06-30,Niš,PM2.5,13.0,16.85,11.65213185147114
2021-07-01,Niš,PM2.5,7.0,13.35,10.531734897276433
2021-07-02,Niš,PM2.5,7.0,7.865,9.860172311717946
2021-07-03,Niš,PM2.5,7.0,7.744999999999999,9.54597453819882
2021-07-04,Niš,PM2.5,12.0,11.35,11.58941818626235
2021-07-05,Niš,PM2.5,15.0,12.2,12.403826187951957
2021-07-06,Niš,PM2.5,22.0,15.65,14.30140719847905
2021-07-07,Niš,PM2.5,16.0,13.55,13.188315180634184
2021-07-08,Niš,PM2.5,18.0,13.2,13.732073425722165
2021-07-09,Niš,PM2.5,8.0,8.39,10.499890155487694
2021-07-10,Niš,PM2.5,10.0,8.695,10.665626565700304
2021-07-11,Niš,PM2.5,10.0,8.82,10.675422645238186
2021-07-12,Niš,PM2.5,14.0,11.2,12.429340406279646
2021-07-13,Niš,PM2.5,17.0,13.3,13.486592080707116
2021-07-14,Niš,PM2.5,20.0,14.3,14.253726495906951
2021-07-15,Niš,PM2.5,23.0,17.3,16.116398130665278
2021-07-16,Niš,PM2.5,16.0,15.3,13.11765890683191
2021-07-17,Niš,PM2.5,10.0,11.6,11.000011462958462
2021-07-18,Niš,PM2.5,16.0,12.65,13.211813821966556
2021-07-19,Niš,PM2.5,14.0,13.35,12.743447908897105
2021-07-20,Niš,PM2.5,19.0,14.05,14.474482763177678
2021-07-21,Niš,PM2.5,16.0,14.2,12.34893855383338
2021-07-22,Niš,PM2.5,13.0,13.35,11.917109024512712
2021-07-23,Niš,PM2.5,14.0,12.4,12.429340406279646
2021-07-24,Niš,PM2.5,18.0,15.2,13.81191658919115
2021-07-25,Niš,PM2.5,14.0,12.4,12.317652501021922
2021-07-26,Niš,PM2.5,14.0,11.1,12.34949724281066
2021-07-27,Niš,PM2.5,19.0,15.85,14.37521048070256
2021-07-28,Niš,PM2.5,16.0,15.85,13.108472017165198
2021-07-29,Niš,PM2.5,15.0,16.8,12.51551409320968
2021-07-30,Niš,PM2.5,18.0,17.5,13.81191658919115
2021-07-31,Niš,PM2.5,16.0,16.45,13.188315180634184
2021-08-01,Niš,PM2.5,13.0,11.01,11.68798073546392
2021-08-02,Niš,PM2.5,7.0,10.33,10.579436749655256
2021-08-03,Niš,PM2.5,6.0,6.23,10.635243959481594
2021-08-04,Niš,PM2.5,8.0,8.84,10.818300490524344
2021-08-05,Niš,PM2.5,9.0,10.865,10.297836754706136
2021-08-06,Niš,PM2.5,6.0,6.115,9.975096617905674
2021-08-07,Niš,PM2.5,4.0,4.445,10.635243959481594
2021-08-08,Niš,PM2.5,9.0,6.705,10.913989816805849
2021-08-09,Niš,PM2.5,15.0,12.15,12.642393359519618
2021-08-10,Niš,PM2.5,15.0,11.48,12.61054861773088
2021-08-11,Niš,PM2.5,11.0,10.32,11.72512783905924
2021-08-12,Niš,PM2.5,7.0,7.645,10.579436749655256
2021-08-13,Niš,PM2.5,11.0,9.405,11.72512783905924
2021-08-14,Niš,PM2.5,14.0,11.04,12.63606283605857
2021-08-15,Niš,PM2.5,14.0,11.4,12.63606283605857
2021-08-16,Niš,PM2.5,16.0,11.75,13.315194446944124
2021-08-17,Niš,PM2.5,14.0,11.07,11.975915494482653
2021-08-18,Niš,PM2.5,4.0,5.800000000000001,10.031604070785638
2021-08-19,Niš,PM2.5,4.0,5.515000000000001,10.555400796012608
2021-08-20,Niš,PM2.5,4.0,7.449999999999999,10.635243959481594
2021-08-21,Niš,PM2.5,7.0,7.43,10.70661258526662
2021-08-22,Niš,PM2.5,8.0,8.865,10.818300490524344
2021-08-23,Niš,PM2.5,12.0,9.98,11.837781437367894
2021-08-24,Niš,PM2.5,18.0,13.15,13.90695111371235
2021-08-25,Niš,PM2.5,20.0,14.75,14.840208694209164
2021-08-26,Niš,PM2.5,14.0,11.75,12.729293575976588
2021-08-27,Niš,PM2.5,17.0,14.85,13.59738471597447
2021-08-28,Niš,PM2.5,17.0,13.3,13.76099106012002
2021-08-29,Niš,PM2.5,14.0,12.6,12.81686599061439
2021-08-30,Niš,PM2.5,12.0,11.75,11.837781437367894
2021-08-31,Niš,PM2.5,9.0,9.08,10.993832980274837
2021-09-01,Niš,PM2.5,9.0,9.82,11.028589733174782
2021-09-02,Niš,PM2.5,10.0,10.85,10.940618855401452
2021-09-03,Niš,PM2.5,8.0,10.4,11.604462992451763
2021-09-04,Niš,PM2.5,10.0,9.49,11.779995482202256
2021-09-05,Niš,PM2.5,11.0,10.155,12.591133504455646
2021-09-06,Niš,PM2.5,10.0,9.235,11.222660778578932
2021-09-07,Niš,PM2.5,7.0,7.445,10.944315650875843
2021-09-08,Niš,PM2.5,5.0,5.675000000000001,10.853615456705835
2021-09-09,Niš,PM2.5,6.0,7.16,11.182542720539926
2021-09-10,Niš,PM2.5,11.0,8.879999999999999,12.51129034098666
2021-09-11,Niš,PM2.5,11.0,9.4,12.591133504455646
2021-09-12,Niš,PM2.5,13.0,10.49,13.031477941014662
2021-09-13,Niš,PM2.5,17.0,14.1,14.399633848944474
2021-09-14,Niš,PM2.5,15.0,14.2,13.508399024916024
2021-09-15,Niš,PM2.5,13.0,12.45,13.031477941014662
2021-09-16,Niš,PM2.5,17.0,14.2,14.47947701241346
2021-09-17,Niš,PM2.5,15.0,15.65,13.386915040120416
2021-09-18,Niš,PM2.5,14.0,12.6,12.991275372421882
2021-09-19,Niš,PM2.5,12.0,12.3,12.598961998440434
2021-09-20,Niš,PM2.5,16.0,13.45,13.42210469288684
2021-09-21,Niš,PM2.5,18.0,13.65,15.784837251682436
2021-09-22,Niš,PM2.5,19.0,11.645,15.12588771115861
2021-09-23,Niš,PM2.5,22.0,14.15,14.961738873806896
2021-09-24,Niš,PM2.5,21.0,13.5,16.837240320424204
2021-09-25,Niš,PM2.5,17.0,11.835,14.47947701241346
2021-09-26,Niš,PM2.5,14.0,10.8,13.42222533798599
2021-09-27,Niš,PM2.5,17.0,12.0,14.47947701241346
2021-09-28,Niš,PM2.5,31.0,24.1,18.60284032801302
2021-09-29,Niš,PM2.5,11.0,11.45,12.690405786930764
2021-09-30,Niš,PM2.5,17.0,13.1,14.12408829938319
2021-10-01,Niš,PM2.5,16.0,15.75,16.908220074315537
2021-10-02,Niš,PM2.5,16.0,13.65,16.908220074315537
2021-10-03,Niš,PM2.5,19.0,13.55,18.126960116172636
2021-10-04,Niš,PM2.5,21.0,16.05,18.79314733899402
2021-10-05,Niš,PM2.5,18.0,14.25,16.442001635129273
2021-10-06,Niš,PM2.5,22.0,18.0,17.59163958599308
2021-10-07,Niš,PM2.5,14.0,12.7,13.253347161863292
2021-10-08,Niš,PM2.5,7.0,5.029999999999999,12.001459813184624
2021-10-09,Niš,PM2.5,14.0,5.22,14.12214050214502
2021-10-10,Niš,PM2.5,11.0,5.775,13.131195506757704
2021-10-11,Niš,PM2.5,22.0,10.32,17.14912622189354
2021-10-12,Niš,PM2.5,34.0,16.55,20.30849676985464
2021-10-13,Niš,PM2.5,57.0,35.25,38.72256742877265
2021-10-14,Niš,PM2.5,34.0,19.35,21.43197296955441
2021-10-15,Niš,PM2.5,28.0,9.36,21.59619790982591
2021-10-16,Niš,PM2.5,38.0,18.9,26.278277211810263
2021-10-17,Niš,PM2.5,81.0,42.75,56.77806948360008
2021-10-18,Niš,PM2.5,60.0,44.15,45.052309655841725
2021-10-19,Niš,PM2.5,69.0,45.35,50.30601647716578
2021-10-20,Niš,PM2.5,61.0,47.95,46.38339670901005
2021-10-21,Niš,PM2.5,42.0,31.3,30.563268068037047
2021-10-22,Niš,PM2.5,46.0,40.5,36.70508590375119
2021-10-23,Niš,PM2.5,46.0,24.0,33.17248215929703
2021-10-24,Niš,PM2.5,44.0,25.95,31.70394815021944
2021-10-25,Niš,PM2.5,39.0,23.7,30.342634512915456
2021-10-26,Niš,PM2.5,37.0,17.5,29.307984920589597
2021-10-27,Niš,PM2.5,71.0,46.3,50.73830741564464
2021-10-28,Niš,PM2.5,114.0,65.1,69.79309220403086
2021-10-29,Niš,PM2.5,70.0,50.55,50.33955293473664
2021-10-30,Niš,PM2.5,34.0,21.95,26.477901356461945
2021-10-31,Niš,PM2.5,48.0,30.75,37.34311133026458
2021-11-01,Niš,PM2.5,62.0,51.8,48.057319547466285
2021-11-02,Niš,PM2.5,96.0,49.40000000000001,62.43510118109827
2021-11-03,Niš,PM2.5,76.0,57.84999999999999,50.76039059659198
2021-11-04,Niš,PM2.5,34.0,31.3,26.15975192350566
2021-11-05,Niš,PM2.5,29.0,24.5,24.38510985868096
2021-11-06,Niš,PM2.5,35.0,16.6,28.13502063253316
2021-11-07,Niš,PM2.5,107.0,67.75,65.94011926798288
2021-11-08,Niš,PM2.5,53.0,37.6,42.85292017724406
2021-11-09,Niš,PM2.5,54.0,24.2,40.0747467126732
2021-11-10,Niš,PM2.5,44.0,25.95,35.66371666599079
2021-11-11,Niš,PM2.5,35.0,17.4,29.623687658523465
2021-11-12,Niš,PM2.5,95.0,60.65000000000001,61.613593891958736
2021-11-13,Niš,PM2.5,128.0,62.05,75.73479974915428
2021-11-14,Niš,PM2.5,78.0,26.55,54.63106013218844
2021-11-15,Niš,PM2.5,70.0,38.4,52.20638743370851
2021-11-16,Niš,PM2.5,26.0,13.125,23.289084775038056
2021-11-17,Niš,PM2.5,47.0,19.0,38.77214596144216
2021-11-18,Niš,PM2.5,75.0,30.45,54.16614916276976
2021-11-19,Niš,PM2.5,81.0,26.2,58.49926975500335
2021-11-20,Niš,PM2.5,80.0,30.3,56.19018587479426
2021-11-21,Niš,PM2.5,107.0,64.8,68.0149208293827
2021-11-22,Niš,PM2.5,95.0,59.45,58.55930950540286
2021-11-23,Niš,PM2.5,45.0,20.65,33.42059481420886
2021-11-24,Niš,PM2.5,77.0,35.45,54.371991983162125
2021-11-25,Niš,PM2.5,41.0,21.15,33.6552310868514
2021-11-26,Niš,PM2.5,58.0,29.4,40.90866079117302
2021-11-27,Niš,PM2.5,58.0,34.0,41.67925197428824
2021-11-28,Niš,PM2.5,29.0,15.72,22.525333127657586
2021-11-29,Niš,PM2.5,37.0,13.085,28.967844628475685
2021-11-30,Niš,PM2.5,58.0,20.3,38.134582545314
2021-12-01,Niš,PM2.5,53.0,24.35,43.34009557555271
2021-12-02,Niš,PM2.5,45.0,21.7,36.0263728941927
2021-12-03,Niš,PM2.5,39.0,12.81,28.96281962897748
2021-12-04,Niš,PM2.5,79.0,29.6,58.67223313056664
2021-12-05,Niš,PM2.5,126.0,59.35,75.88543852769233
2021-12-06,Niš,PM2.5,30.0,16.4,25.456275986239632
2021-12-07,Niš,PM2.5,33.0,12.8,23.910506587607703
2021-12-08,Niš,PM2.5,65.0,49.5,44.76077114866663
2021-12-09,Niš,PM2.5,38.0,24.9,28.556643127688016
2021-12-10,Niš,PM2.5,90.0,64.7,56.46156678133807
2021-12-11,Niš,PM2.5,33.0,24.1,26.953570365748647
2021-12-12,Niš,PM2.5,36.0,14.2,29.37596741979136
2021-12-13,Niš,PM2.5,33.0,16.3,25.988701707721905
2021-12-14,Niš,PM2.5,51.0,28.2,37.023174813058446
2021-12-15,Niš,PM2.5,60.0,38.9,49.20266818773183
2021-12-16,Niš,PM2.5,75.0,44.9,51.88182904517637
2021-12-17,Niš,PM2.5,40.0,21.9,28.22147165510971
2021-12-18,Niš,PM2.5,35.0,20.5,26.49948628118933
2021-12-19,Niš,PM2.5,105.0,63.2,66.00733366085673
2021-12-20,Niš,PM2.5,82.0,48.8,54.74432488257017
2021-12-21,Niš,PM2.5,61.0,35.8,43.59119062077491
2021-12-22,Niš,PM2.5,105.0,79.0,71.93260009791483
2021-12-23,Niš,PM2.5,126.0,109.0,74.96952561719742
2021-12-24,Niš,PM2.5,103.0,70.3,69.66384825617706
2021-12-25,Niš,PM2.5,36.0,18.1,32.22424987065708
2021-12-26,Niš,PM2.5,86.0,60.3,56.21546709177176
2021-12-27,Niš,PM2.5,70.0,41.3,49.95202541959072
2021-12-28,Niš,PM2.5,67.0,38.5,50.39342351065394
2021-12-29,Niš,PM2.5,77.0,42.6,51.46858145007688
2021-12-30,Niš,PM2.5,57.0,30.7,41.43513152823757
2021-12-31,Niš,PM2.5,163.0,103.0,99.43581181996264
2022-01-19,Niš,PM2.5,81.0,52.9,61.69312858890289
2022-01-20,Niš,PM2.5,75.0,47.9,56.514664171817415
2022-01-21,Niš,PM2.5,35.0,15.85,26.364013283560656
2022-01-22,Niš,PM2.5,43.0,25.95,30.322219901871243
2022-01-23,Niš,PM2.5,45.0,26.45,29.273168049660462
2022-01-24,Niš,PM2.5,61.0,35.85,45.61647556497603
2022-01-25,Niš,PM2.5,114.0,85.7,74.20436581064848
2022-01-26,Niš,PM2.5,138.0,98.45,79.98849116340429
2022-01-27,Niš,PM2.5,132.0,79.8,78.05885777325156
2022-01-28,Niš,PM2.5,176.0,108.85,98.64055960792416
2022-01-29,Niš,PM2.5,84.0,56.7,55.005145593605015
2022-01-30,Niš,PM2.5,105.0,79.85,70.64016878749777
2022-01-31,Niš,PM2.5,51.0,39.65,40.26375991332226
2022-02-01,Niš,PM2.5,49.0,30.2,35.95571354975573
2022-02-02,Niš,PM2.5,66.0,40.45,49.64533436704773
2022-02-03,Niš,PM2.5,71.0,40.75,44.634682446244696
2022-02-04,Niš,PM2.5,105.0,72.5,70.64016878749777
2022-02-05,Niš,PM2.5,152.0,110.0,83.76843481056297
2022-02-06,Niš,PM2.5,111.0,88.15,70.67201352928653
2022-02-07,Niš,PM2.5,30.0,14.7,22.604945490233423
2022-02-08,Niš,PM2.5,34.0,18.2,21.25978107585185
2022-02-09,Niš,PM2.5,82.0,49.15,56.15354656313314
2022-02-10,Niš,PM2.5,104.0,80.4,70.76924841140855
2022-02-11,Niš,PM2.5,98.0,74.05000000000001,69.44132628063214
2022-02-12,Niš,PM2.5,37.0,26.1,32.22424987065708
2022-02-13,Niš,PM2.5,42.0,29.35,32.59631075693039
2022-02-14,Niš,PM2.5,53.0,35.34999999999999,40.16278748667248
2022-02-15,Niš,PM2.5,42.0,32.55,34.38850617472635
2022-02-16,Niš,PM2.5,71.0,57.40000000000001,49.874016351671806
2022-02-17,Niš,PM2.5,51.0,41.1,40.32516298759908
2022-02-18,Niš,PM2.5,37.0,30.5,28.319062427986708
2022-02-19,Niš,PM2.5,52.0,34.8,43.69866871413844
2022-02-20,Niš,PM2.5,43.0,26.35,32.79206949802192
2022-02-21,Niš,PM2.5,45.0,30.95,34.22331092402918
2022-02-22,Niš,PM2.5,26.0,15.6,22.37400103947772
2022-02-23,Niš,PM2.5,31.0,20.05,27.58628234120065
2022-02-24,Niš,PM2.5,49.0,30.3,41.36554917776848
2022-02-25,Niš,PM2.5,72.0,54.1,54.66659034801389
2022-02-26,Niš,PM2.5,46.0,28.8,40.62899631755481
2022-02-27,Niš,PM2.5,29.0,17.65,21.62690644784903
2022-02-28,Niš,PM2.5,30.0,14.4,25.99289020779964
2022-03-01,Niš,PM2.5,40.0,21.85,32.01210586874192
2022-03-02,Niš,PM2.5,48.0,30.7,36.75564020699068
2022-03-03,Niš,PM2.5,65.0,41.3,47.000144592798826
2022-03-04,Niš,PM2.5,76.0,57.05,53.46615997769173
2022-03-05,Niš,PM2.5,52.0,39.15000000000001,37.08145962220837
2022-03-06,Niš,PM2.5,22.0,11.525,19.92470130459916
2022-03-07,Niš,PM2.5,40.0,21.5,30.174796589938165
2022-03-08,Niš,PM2.5,65.0,42.0,43.64909614173918
2022-03-09,Niš,PM2.5,58.0,41.59999999999999,41.00787408278423
2022-03-10,Niš,PM2.5,50.0,31.95,34.78018482762714
2022-03-11,Niš,PM2.5,60.0,36.95,42.279167814246286
2022-03-12,Niš,PM2.5,73.0,50.2,53.354472072434
2022-03-13,Niš,PM2.5,85.0,54.05,58.70988226094154
2022-03-14,Niš,PM2.5,82.0,55.05,58.46525993988549
2022-03-15,Niš,PM2.5,79.0,54.0,55.01207354307039
2022-03-16,Niš,PM2.5,87.0,63.6,55.20486684671464
2022-03-17,Niš,PM2.5,39.0,25.7,29.71637155527608
2022-03-18,Niš,PM2.5,32.0,17.95,26.99857334145744
2022-03-19,Niš,PM2.5,42.0,26.2,32.688240651354164
2022-03-20,Niš,PM2.5,33.0,17.35,26.807183767009256
2022-03-21,Niš,PM2.5,60.0,37.9,44.624435907990325
2022-03-22,Niš,PM2.5,64.0,43.25,46.26404810925172
2022-03-23,Niš,PM2.5,43.0,29.75,33.49224203205195
2022-03-24,Niš,PM2.5,57.0,37.9,43.18571898685025
2022-03-25,Niš,PM2.5,53.0,35.9,40.412296930289045
2022-03-26,Niš,PM2.5,48.0,30.05,38.31704498364279
2022-03-27,Niš,PM2.5,44.0,31.25,34.919716125289014
2022-03-28,Niš,PM2.5,49.0,35.15000000000001,38.31704498364279
2022-03-29,Niš,PM2.5,50.0,43.15,37.80394404365728
2022-03-30,Niš,PM2.5,29.0,26.35,24.46318691929621
2022-03-31,Niš,PM2.5,20.0,25.2,17.22270092436684
2022-04-01,Niš,PM2.5,16.0,17.5,16.108344050087783
2022-04-02,Niš,PM2.5,8.0,5.935,13.548644158651038
2022-04-03,Niš,PM2.5,32.0,19.35,24.12282378016072
2022-04-04,Niš,PM2.5,49.0,33.0,36.44357381536733
2022-04-05,Niš,PM2.5,39.0,30.35,30.250322605724158
2022-04-06,Niš,PM2.5,26.0,21.35,22.400596657774983
2022-04-07,Niš,PM2.5,34.0,30.6,24.091645812218168
2022-04-08,Niš,PM2.5,16.0,16.7,19.21424740434257
2022-04-09,Niš,PM2.5,13.0,11.6,15.305304188713814
2022-04-10,Niš,PM2.5,25.0,15.7,18.72673817119732
2022-04-11,Niš,PM2.5,27.0,16.95,19.633959096324887
2022-04-12,Niš,PM2.5,34.0,24.3,26.324186374993825
2022-04-13,Niš,PM2.5,27.0,21.3,22.5122845630327
2022-04-14,Niš,PM2.5,27.0,20.65,22.5122845630327
2022-04-15,Niš,PM2.5,27.0,20.2,22.19331030288351
2022-04-16,Niš,PM2.5,22.0,19.45,17.28404779315246
2022-04-17,Niš,PM2.5,21.0,13.95,15.566820177692987
2022-04-18,Niš,PM2.5,19.0,8.555,16.349533898699946
2022-04-19,Niš,PM2.5,27.0,18.2,18.170564712131657
2022-04-20,Niš,PM2.5,39.0,27.4,25.31676284805922
2022-04-21,Niš,PM2.5,32.0,26.2,23.33359534033279
2022-04-22,Niš,PM2.5,16.0,17.05,14.110829762918582
2022-04-23,Niš,PM2.5,13.0,11.8,13.687026268700391
2022-04-24,Niš,PM2.5,8.0,12.14,12.636250259506742
2022-04-25,Niš,PM2.5,5.0,8.89,12.453193728463992
2022-04-26,Niš,PM2.5,6.0,6.91,12.69205746933308
2022-04-27,Niš,PM2.5,8.0,7.62,12.772182896096618
2022-04-28,Niš,PM2.5,16.0,13.8,14.191410519999632
2022-04-29,Niš,PM2.5,21.0,16.75,17.201391332198803
2022-04-30,Niš,PM2.5,10.0,10.8,12.998354746188417
2022-05-01,Niš,PM2.5,7.0,6.565,10.550370725862962
2022-05-02,Niš,PM2.5,9.0,7.705,11.097987345498508
2022-05-03,Niš,PM2.5,17.0,14.15,13.816740810612089
2022-05-04,Niš,PM2.5,13.0,10.45,13.507820691260909
2022-05-05,Niš,PM2.5,13.0,8.85,12.311271950894374
2022-05-06,Niš,PM2.5,14.0,11.25,12.14468464424238
2022-05-07,Niš,PM2.5,12.0,9.525,11.978622100009588
2022-05-08,Niš,PM2.5,10.0,8.34,11.182006315058905
2022-05-09,Niš,PM2.5,9.0,8.690000000000001,11.213851056847645
2022-05-10,Niš,PM2.5,10.0,8.92,10.97994632861298
2022-05-11,Niš,PM2.5,16.0,11.7,13.591967746175692
2022-05-12,Niš,PM2.5,17.0,11.3,13.993175750527834
2022-05-13,Niš,PM2.5,21.0,12.9,15.468138209875688
2022-05-14,Niš,PM2.5,20.0,14.95,14.324459446899956
2022-05-15,Niš,PM2.5,13.0,12.2,12.433488773871312
2022-05-16,Niš,PM2.5,13.0,10.075,12.545176679129035
2022-05-17,Niš,PM2.5,14.0,10.655,12.622176184396716
2022-05-18,Niš,PM2.5,11.0,9.605,10.408342728737496
2022-05-19,Niš,PM2.5,7.0,5.765000000000001,11.038318567097152
2022-05-20,Niš,PM2.5,9.0,6.9,11.29369422031663
2022-05-21,Niš,PM2.5,11.0,8.105,11.993144337312296
2022-05-22,Niš,PM2.5,12.0,10.965,11.744717371774923
2022-05-23,Niš,PM2.5,16.0,9.915,13.694898850454903
2022-05-24,Niš,PM2.5,16.0,10.89,13.46099412222024
2022-05-25,Niš,PM2.5,13.0,11.38,12.19958404563665
2022-05-26,Niš,PM2.5,16.0,11.665,13.13756414683158
2022-05-27,Niš,PM2.5,13.0,7.53,12.545176679129035
2022-05-28,Niš,PM2.5,13.0,10.865,12.189787966098768
2022-05-29,Niš,PM2.5,21.0,14.0,15.14461897695904
2022-05-30,Niš,PM2.5,12.0,9.23,12.346565464789473
2022-05-31,Niš,PM2.5,20.0,13.0,14.647889422288616
2022-06-01,Niš,PM2.5,14.0,10.03,12.63606283605857
2022-06-02,Niš,PM2.5,14.0,9.36,12.600213952065792
2022-06-03,Niš,PM2.5,25.0,17.0,16.40296372391318
2022-06-04,Niš,PM2.5,21.0,15.4,15.132428085841116
2022-06-05,Niš,PM2.5,14.0,11.42,12.63606283605857
2022-06-06,Niš,PM2.5,13.0,10.655,12.33854617900526
2022-06-07,Niš,PM2.5,12.0,8.805,11.837781437367894
2022-06-08,Niš,PM2.5,11.0,7.57,11.498294665934704
2022-06-09,Niš,PM2.5,9.0,6.635,10.932426100316794
2022-06-10,Niš,PM2.5,9.0,7.16,10.500493921309932
2022-06-11,Niš,PM2.5,21.0,15.35,14.08991224046747
2022-06-12,Niš,PM2.5,19.0,14.6,13.50356818111506
2022-06-13,Niš,PM2.5,13.0,8.97,12.709434043207295
2022-06-14,Niš,PM2.5,11.0,9.125,11.108974776959528
2022-06-15,Niš,PM2.5,12.0,7.59,11.837781437367894
2022-06-16,Niš,PM2.5,13.0,8.825,12.245315439087245
2022-06-17,Niš,PM2.5,20.0,11.85,14.43439612123098
2022-06-18,Niš,PM2.5,15.0,9.94,12.447523898126738
2022-06-19,Niš,PM2.5,9.0,6.785,10.913989816805849
2022-06-20,Niš,PM2.5,9.0,4.865,10.993832980274837
2022-06-21,Niš,PM2.5,18.0,10.425,13.743926394108207
2022-06-22,Niš,PM2.5,18.0,11.94,13.87110222971957
2022-06-23,Niš,PM2.5,15.0,9.44,12.471669108600976
2022-06-24,Niš,PM2.5,15.0,9.27,12.722236522988604
2022-06-25,Niš,PM2.5,14.0,9.185,12.50697940646655
2022-06-26,Niš,PM2.5,10.0,7.61,10.932426100316794
2022-06-27,Niš,PM2.5,14.0,8.74,12.600213952065792
2022-06-28,Niš,PM2.5,14.0,9.615,12.600213952065792
2022-06-29,Niš,PM2.5,11.0,7.16,11.693283097270502
2022-06-30,Niš,PM2.5,12.0,7.185,11.837781437367894
2022-07-01,Niš,PM2.5,18.0,7.445,13.81191658919115
2022-07-02,Niš,PM2.5,20.0,12.45,14.263522575444837
2022-07-04,Niš,PM2.5,22.0,13.7,14.96155454005497
2022-07-05,Niš,PM2.5,22.0,13.8,14.90477307017243
2022-07-06,Niš,PM2.5,15.0,11.3,11.894626835199007
2022-07-07,Niš,PM2.5,14.0,8.765,11.86154940157647
2022-07-08,Niš,PM2.5,16.0,10.8,12.988711523330345
2022-07-09,Niš,PM2.5,22.0,17.8,14.15434596179841
2022-07-10,Niš,PM2.5,13.0,10.735,11.481258305684996
2022-07-11,Niš,PM2.5,7.0,5.005000000000001,9.36211025084024
2022-07-12,Niš,PM2.5,10.0,6.085,10.229775846872588
2022-07-13,Niš,PM2.5,11.0,5.824999999999999,11.04091386912598
2022-07-14,Niš,PM2.5,10.0,5.29,10.707267387026924
2022-07-15,Niš,PM2.5,12.0,5.88,11.710902171057956
2022-07-16,Niš,PM2.5,12.0,6.695,11.599214265800232
2022-07-17,Niš,PM2.5,9.0,7.494999999999999,10.219319545792734
2022-07-18,Niš,PM2.5,9.0,6.1,10.675422645238186
2022-07-19,Niš,PM2.5,10.0,6.380000000000001,10.707267387026924
2022-07-20,Niš,PM2.5,10.0,6.4,10.78711055049591
2022-07-21,Niš,PM2.5,14.0,8.105,12.317652501021922
2022-07-22,Niš,PM2.5,16.0,9.855,13.188315180634184
2022-07-23,Niš,PM2.5,16.0,10.065,13.188315180634184
2022-07-24,Niš,PM2.5,21.0,12.85,14.840070555259365
2022-07-25,Niš,PM2.5,20.0,11.5,14.295367317233572
2022-07-26,Niš,PM2.5,18.0,10.92,13.732073425722165
2022-07-27,Niš,PM2.5,16.0,9.905,12.949451439765095
2022-07-28,Niš,PM2.5,19.0,12.05,14.31842901082002
2022-07-29,Niš,PM2.5,19.0,11.05,14.37521048070256
2022-07-30,Niš,PM2.5,17.0,11.1,13.318122705566852
2022-07-31,Niš,PM2.5,18.0,12.2,13.573052848322062
2022-08-01,Niš,PM2.5,13.0,8.365,11.585168097511325
2022-08-02,Niš,PM2.5,11.0,7.175000000000001,11.247636298904904
2022-08-03,Niš,PM2.5,12.0,7.205,11.881775716844102
2022-08-04,Niš,PM2.5,13.0,8.085,12.245315439087245
2022-08-05,Niš,PM2.5,17.0,9.93,13.69331451048604
2022-08-06,Niš,PM2.5,15.0,10.945,12.642393359519618
2022-08-07,Niš,PM2.5,17.0,10.69,13.418601885624174
2022-08-08,Niš,PM2.5,14.0,8.25,12.524374930800846
2022-08-09,Niš,PM2.5,21.0,14.4,14.893564344972027
2022-08-10,Niš,PM2.5,26.0,17.2,16.036077641717117
2022-08-11,Niš,PM2.5,15.0,10.9,12.642393359519618
2022-08-12,Niš,PM2.5,13.0,9.48,12.209466555094464
2022-08-13,Niš,PM2.5,18.0,11.2,14.11186975888809
2022-08-14,Niš,PM2.5,21.0,13.15,15.122656744628117
2022-08-15,Niš,PM2.5,24.0,15.35,16.3671148399204
2022-08-16,Niš,PM2.5,13.0,8.97,12.133627533829518
2022-08-17,Niš,PM2.5,13.0,9.26,12.165472275618257
2022-08-18,Niš,PM2.5,16.0,10.435,13.395037610413109
2022-08-19,Niš,PM2.5,17.0,10.445,13.69331451048604
2022-08-20,Niš,PM2.5,22.0,15.95,14.93098537295908
2022-08-21,Niš,PM2.5,14.0,9.495,12.701983662049772
2022-08-22,Niš,PM2.5,15.0,8.89,12.81546726290662
2022-08-23,Niš,PM2.5,13.0,8.61,12.311236265078444
2022-08-24,Niš,PM2.5,29.0,17.1,17.095511675041546
2022-08-25,Niš,PM2.5,27.0,17.9,16.2456308551248
2022-08-26,Niš,PM2.5,21.0,16.8,15.132428085841116
2022-08-27,Niš,PM2.5,16.0,14.0,13.395037610413109
2022-08-28,Niš,PM2.5,25.0,17.25,16.40296372391318
2022-08-29,Niš,PM2.5,19.0,13.8,14.546084026488703
2022-08-30,Niš,PM2.5,17.0,12.15,13.535866077080213
2022-08-31,Niš,PM2.5,23.0,15.4,16.245515290507353
2022-09-01,Niš,PM2.5,20.0,15.9,15.347091596636792
2022-09-02,Niš,PM2.5,11.0,8.15,11.283461712152407
2022-09-03,Niš,PM2.5,23.0,16.4,17.40202713830315
2022-09-04,Niš,PM2.5,13.0,10.565,12.926652836690796
2022-09-05,Niš,PM2.5,12.0,8.265,12.469882374529638
2022-09-06,Niš,PM2.5,11.0,8.08,12.357228776220984
2022-09-07,Niš,PM2.5,12.0,9.55,12.7037871027643
2022-09-08,Niš,PM2.5,14.0,10.51,13.310537432728266
2022-09-09,Niš,PM2.5,16.0,13.6,13.90328402848212
2022-09-10,Niš,PM2.5,15.0,13.05,13.456107170134327
2022-09-11,Niš,PM2.5,14.0,11.25,13.2057123284044
2022-09-12,Niš,PM2.5,13.0,9.895,12.198828945480896
2022-09-13,Niš,PM2.5,13.0,10.265,12.792614200145575
2022-09-14,Niš,PM2.5,12.0,10.43,12.582303117968694
2022-09-15,Niš,PM2.5,11.0,9.6,12.35226976358656
2022-09-16,Niš,PM2.5,9.0,8.505,11.307227013098505
2022-09-17,Niš,PM2.5,14.0,12.25,12.98398196070103
2022-09-18,Niš,PM2.5,7.0,4.01,10.423185187679923
2022-09-19,Niš,PM2.5,11.0,4.62,11.9690517661743
2022-09-20,Niš,PM2.5,15.0,7.63,13.597477459146724
2022-09-21,Niš,PM2.5,19.0,10.32,14.74601367412756
2022-09-22,Niš,PM2.5,21.0,11.45,15.47758209630854
2022-09-23,Niš,PM2.5,33.0,14.2,20.64342873715934
2022-09-24,Niš,PM2.5,24.0,15.7,18.040082332714757
2022-09-25,Niš,PM2.5,22.0,14.7,15.842751566503589
2022-09-26,Niš,PM2.5,29.0,21.75,17.16307366606212
2022-09-27,Niš,PM2.5,19.0,17.75,14.63033819558091
2022-09-28,Niš,PM2.5,19.0,14.2,15.246611427613296
2022-09-29,Niš,PM2.5,26.0,19.0,16.777760831013676
2022-09-30,Niš,PM2.5,13.0,13.1,12.47414323739134
2022-10-01,Niš,PM2.5,21.0,17.05,17.183440814412148
2022-10-02,Niš,PM2.5,9.0,8.0,12.305690058364563
2022-10-03,Niš,PM2.5,22.0,13.4,16.894516374650667
2022-10-04,Niš,PM2.5,21.0,12.45,16.7492920118221
2022-10-05,Niš,PM2.5,29.0,17.6,21.126709562798272
2022-10-06,Niš,PM2.5,28.0,22.3,21.046866399329293
2022-10-07,Niš,PM2.5,31.0,22.35,21.474741048862267
2022-10-08,Niš,PM2.5,29.0,24.45,20.896312239144677
2022-10-09,Niš,PM2.5,39.0,29.65,28.54582818337116
2022-10-10,Niš,PM2.5,47.0,40.65000000000001,35.22579651564802
2022-10-11,Niš,PM2.5,35.0,24.75,23.38180347320848
2022-10-12,Niš,PM2.5,34.0,26.0,22.66463217611893
2022-10-13,Niš,PM2.5,32.0,22.85,24.109306069493687
2022-10-14,Niš,PM2.5,20.0,15.05,17.51309135841642
2022-10-15,Niš,PM2.5,22.0,15.4,21.90040237478327
2022-10-16,Niš,PM2.5,25.0,17.1,23.10553079637449
2022-10-17,Niš,PM2.5,33.0,22.6,26.8179113169129
2022-10-18,Niš,PM2.5,44.0,26.65,33.8619256859114
2022-10-19,Niš,PM2.5,45.0,32.95,33.89775749375664
2022-10-20,Niš,PM2.5,40.0,29.0,30.74404754764323
2022-10-21,Niš,PM2.5,43.0,31.75,32.434451592674336
2022-10-22,Niš,PM2.5,42.0,39.09999999999999,31.420182330255468
2022-10-23,Niš,PM2.5,35.0,28.1,26.995554262435
2022-10-24,Niš,PM2.5,38.0,31.35,28.29670756988873
2022-10-25,Niš,PM2.5,32.0,27.0,25.954788596203752
2022-10-26,Niš,PM2.5,36.0,27.5,28.376550733357718
2022-10-27,Niš,PM2.5,34.0,24.35,25.96695521003875
2022-10-28,Niš,PM2.5,37.0,22.85,29.59809596577963
2022-10-29,Niš,PM2.5,44.0,35.75,34.070848473291186
2022-10-30,Niš,PM2.5,49.0,38.85,37.178066286454914
2022-10-31,Niš,PM2.5,57.0,46.40000000000001,40.775958596798645
2022-11-01,Niš,PM2.5,57.0,47.3,43.4410293440232
2022-11-02,Niš,PM2.5,41.0,31.1,33.527362945228255
2022-11-03,Niš,PM2.5,72.0,64.5,52.04134238989884
2022-11-04,Niš,PM2.5,64.0,64.30000000000001,47.92823992355549
2022-11-05,Niš,PM2.5,44.0,33.7,32.56730964278384
2022-11-06,Niš,PM2.5,39.0,26.4,30.44114739007267
2022-11-07,Niš,PM2.5,49.0,37.75,35.797704738355264
2022-11-08,Niš,PM2.5,50.0,36.59999999999999,35.797704738355264
2022-11-09,Niš,PM2.5,66.0,51.05,52.33238709063189
2022-11-10,Niš,PM2.5,70.0,57.05,52.1251636784506
2022-11-11,Niš,PM2.5,45.0,34.45,32.93209154526695
2022-11-12,Niš,PM2.5,41.0,28.45,31.103742336525865
2022-11-13,Niš,PM2.5,45.0,32.95,35.9098163555571
2022-11-14,Niš,PM2.5,51.0,27.4,39.902584171936994
2022-11-15,Niš,PM2.5,84.0,53.75,59.61571426641194
2022-11-16,Niš,PM2.5,76.0,55.2,50.076992364923726
2022-11-17,Niš,PM2.5,49.0,26.45,34.92295449345106
2022-11-18,Niš,PM2.5,73.0,56.35,50.076992364923726
2022-11-19,Niš,PM2.5,41.0,22.8,30.934553823793543
2022-11-20,Niš,PM2.5,40.0,24.9,29.547600628254997
2022-11-21,Niš,PM2.5,38.0,21.15,28.51590211851702
2022-11-22,Niš,PM2.5,40.0,25.5,28.989143886569103
2022-11-23,Niš,PM2.5,53.0,33.25,39.15101497741875
2022-11-24,Niš,PM2.5,34.0,18.95,26.968255309378524
2022-11-25,Niš,PM2.5,59.0,41.15,41.5807205098024
2022-11-26,Niš,PM2.5,68.0,47.85,52.41223025410088
2022-11-27,Niš,PM2.5,54.0,31.3,39.63359074687851
2022-11-28,Niš,PM2.5,42.0,25.1,31.784208581559128
2022-11-29,Niš,PM2.5,46.0,30.7,38.45890444843948
2022-11-30,Niš,PM2.5,20.0,10.75,21.975392252687044
2022-12-01,Niš,PM2.5,18.0,7.475,22.289311354580644
2022-12-02,Niš,PM2.5,50.0,18.0,36.93855687151979
2022-12-03,Niš,PM2.5,37.0,22.4,34.49140205437428
2022-12-04,Niš,PM2.5,21.0,11.5,21.82828239994914
2022-12-05,Niš,PM2.5,27.0,14.05,28.287676656454504
2022-12-06,Niš,PM2.5,58.0,35.65000000000001,44.4101201776789
2022-12-07,Niš,PM2.5,46.0,27.5,36.30058398776946
2022-12-08,Niš,PM2.5,75.0,51.59999999999999,51.88182904517637
2022-12-09,Niš,PM2.5,59.0,72.6,42.48110401730591
2022-12-10,Niš,PM2.5,34.0,33.25,25.21170120635021
2022-12-11,Niš,PM2.5,32.0,17.6,26.98825750807255
2022-12-12,Niš,PM2.5,45.0,29.35,34.57199136626885
2022-12-13,Niš,PM2.5,87.0,66.45,61.937750909958936
2022-12-14,Niš,PM2.5,45.0,23.25,33.38649618599882
2022-12-15,Niš,PM2.5,89.0,62.25,56.587566438261454
2022-12-16,Niš,PM2.5,65.0,50.85,44.93093650181268
2022-12-17,Niš,PM2.5,44.0,29.85,33.63194902613883
2022-12-18,Niš,PM2.5,57.0,33.34999999999999,46.47377922785681
2022-12-19,Niš,PM2.5,84.0,53.3,62.37004184843779
2022-12-20,Niš,PM2.5,79.0,57.05,58.18965736110688
2022-12-21,Niš,PM2.5,100.0,79.55,70.1769491961626
2022-12-22,Niš,PM2.5,136.0,101.2,87.30312020571989
2022-12-23,Niš,PM2.5,149.0,116.5,93.2192485471137
2022-12-24,Niš,PM2.5,159.0,106.5,94.66267749448988
2022-12-25,Niš,PM2.5,97.0,79.55000000000001,69.94129376874496
2022-12-26,Niš,PM2.5,142.0,96.5,87.0972773853275
2022-12-27,Niš,PM2.5,104.0,85.85,66.21317648124912
2022-12-28,Niš,PM2.5,72.0,51.34999999999999,50.12791013650749
2022-12-29,Niš,PM2.5,138.0,110.0,87.0972773853275
2022-12-30,Niš,PM2.5,130.0,125.0,78.4573351321544
2022-01-01,Niš,PM2.5,238.0,131.0,111.09948012589378
2022-01-02,Niš,PM2.5,115.0,91.0,69.15090272586802
2022-01-03,Niš,PM2.5,95.0,68.6,64.6589661747176
2022-01-04,Niš,PM2.5,73.0,47.3,56.48146539471367
2022-01-05,Niš,PM2.5,45.0,23.1,36.458394828142566
2022-01-06,Niš,PM2.5,43.0,22.2,32.64546958519443
2022-01-07,Niš,PM2.5,62.0,35.1,46.25557519933266
2022-01-08,Niš,PM2.5,86.0,49.4,57.25155098534957
2022-01-09,Niš,PM2.5,62.0,32.1,46.25557519933266
2022-01-10,Niš,PM2.5,42.0,42.2,28.705565688391545
2022-01-11,Niš,PM2.5,52.0,35.4,36.46344518159266
2022-01-12,Niš,PM2.5,48.0,29.4,34.85564355212525
2022-01-13,Niš,PM2.5,107.0,60.4,71.7576351812735
2022-01-14,Niš,PM2.5,231.0,145.0,109.89362556141288
2022-01-15,Niš,PM2.5,128.0,89.8,76.66718506109972
2022-01-16,Niš,PM2.5,149.0,98.0,93.29909171058269
2022-01-17,Niš,PM2.5,111.0,79.6,65.20010805315077
2022-01-18,Niš,PM2.5,27.0,14.2,18.59711946100486
2022-07-03,Niš,PM2.5,19.0,11.4,14.37521048070256
2023-01-01,Niš,PM2.5,116.0,92.75,74.18955042548723
2023-01-02,Niš,PM2.5,119.0,93.3,74.31555008241062
2023-01-03,Niš,PM2.5,117.0,80.5,74.39539324587962
2023-01-04,Niš,PM2.5,80.0,54.8,57.43212836537794
2023-01-05,Niš,PM2.5,97.0,70.94999999999999,69.94129376874496
2023-01-06,Niš,PM2.5,94.0,67.19999999999999,59.01400965889231
2023-01-07,Niš,PM2.5,94.0,70.8,64.6589661747176
2023-01-08,Niš,PM2.5,103.0,83.9,70.59707352080642
2023-01-09,Niš,PM2.5,50.0,45.05,35.9694749158157
2023-01-10,Niš,PM2.5,28.0,16.25,24.78225852298584
2023-01-11,Niš,PM2.5,39.0,23.35,30.50630560991177
2023-01-12,Niš,PM2.5,43.0,23.8,33.320401989948564
2023-01-13,Niš,PM2.5,69.0,46.65,50.12791013650749
2023-01-14,Niš,PM2.5,88.0,64.19999999999999,57.596907522965004
2023-01-15,Niš,PM2.5,90.0,66.7,62.29019868496881
2023-01-16,Niš,PM2.5,70.0,63.85,47.88279834324575
2023-01-17,Niš,PM2.5,20.0,14.75,17.806210106804066
2023-01-18,Niš,PM2.5,17.0,15.15,18.18124846817534
2023-01-19,Niš,PM2.5,34.0,26.3,22.104442549873514
2023-01-20,Niš,PM2.5,34.0,17.15,26.953570365748647
2023-01-21,Niš,PM2.5,68.0,45.55,49.826025762667335
2023-01-22,Niš,PM2.5,82.0,53.0,62.125419527381744
2023-01-23,Niš,PM2.5,25.0,17.35,22.6128312247336
2023-01-24,Niš,PM2.5,20.0,7.5,22.85260524609205
2023-01-25,Niš,PM2.5,27.0,13.15,28.41367631337789
2023-01-26,Niš,PM2.5,26.0,17.3,24.521373643972208
2023-01-27,Niš,PM2.5,33.0,20.45,27.445122895454958
2023-01-28,Niš,PM2.5,45.0,26.55,33.878048715705134
2023-01-29,Niš,PM2.5,45.0,28.05,32.61301710242028
2023-01-30,Niš,PM2.5,68.0,47.8,50.39342351065394
2023-01-31,Niš,PM2.5,65.0,48.0,44.66542312766623
2023-02-01,Niš,PM2.5,85.0,65.3,56.80682898966212
2023-02-02,Niš,PM2.5,56.0,48.05,40.03354715612095
2023-02-03,Niš,PM2.5,50.0,36.65,34.27417229296204
2023-02-04,Niš,PM2.5,20.0,14.3,17.23113806862041
2023-02-05,Niš,PM2.5,15.0,15.05,14.99133151349365
2023-02-06,Niš,PM2.5,31.0,27.1,28.31688781706514
2023-02-07,Niš,PM2.5,43.0,35.0,31.26389925893169
2023-02-08,Niš,PM2.5,43.0,33.35,30.80699631033706
2023-02-09,Niš,PM2.5,48.0,32.25,42.36786944299548
2023-02-10,Niš,PM2.5,65.0,48.45,52.7110952995455
2023-02-11,Niš,PM2.5,109.0,84.05,71.93260009791483
2023-02-12,Niš,PM2.5,124.0,96.9,69.60832477508359
2023-02-13,Niš,PM2.5,125.0,101.75,74.69725730568373
2023-02-14,Niš,PM2.5,77.0,67.8,49.87291717857133
2023-02-15,Niš,PM2.5,69.0,48.45,54.7158268084557
2023-02-16,Niš,PM2.5,93.0,82.44999999999999,64.23884185007381
2023-02-17,Niš,PM2.5,87.0,72.15,61.87007436032496
2023-02-18,Niš,PM2.5,63.0,91.65,50.68256750558134
2023-02-19,Niš,PM2.5,45.0,49.5,38.07990822467243
2023-02-20,Niš,PM2.5,42.0,30.8,34.017887315053294
2023-02-21,Niš,PM2.5,58.0,53.85,49.074800046108685
2023-02-22,Niš,PM2.5,59.0,49.25,49.15464320957767
2023-02-23,Niš,PM2.5,48.0,36.25,41.39739391955722
2023-02-24,Niš,PM2.5,52.0,45.4,38.628176272730464
2023-02-25,Niš,PM2.5,29.0,32.25,22.895217113071787
2023-02-26,Niš,PM2.5,24.0,19.2,25.829134898289134
2023-02-27,Niš,PM2.5,37.0,22.8,30.11361963906397
2023-02-28,Niš,PM2.5,47.0,33.6,37.585555657706855
2023-03-01,Niš,PM2.5,30.0,17.7,24.53820989105544
2023-03-02,Niš,PM2.5,26.0,13.85,23.16756865396574
2023-03-03,Niš,PM2.5,43.0,26.75,31.109700792338312
2023-03-04,Niš,PM2.5,59.0,43.95,46.49441859830709
2023-03-05,Niš,PM2.5,57.0,45.0,41.79651371053986
2023-03-06,Niš,PM2.5,41.0,33.45,32.911230546149625
2023-03-07,Niš,PM2.5,31.0,24.85,23.12016971069736
2023-03-08,Niš,PM2.5,35.0,33.65,26.025653561429845
2023-03-09,Niš,PM2.5,22.0,19.85,20.361817484727236
2023-03-10,Niš,PM2.5,37.0,29.75,28.56690298854186
2023-03-11,Niš,PM2.5,26.0,15.15,21.701882324846043
2023-03-12,Niš,PM2.5,39.0,28.95,30.562388997347536
2023-03-13,Niš,PM2.5,59.0,44.5,45.994451110194255
2023-03-14,Niš,PM2.5,38.0,30.75,29.56803684749101
2023-03-15,Niš,PM2.5,23.0,13.85,22.767803765151776
2023-03-16,Niš,PM2.5,19.0,11.75,16.83518764345766
2023-03-17,Niš,PM2.5,39.0,28.95,29.74423817198204
2023-03-18,Niš,PM2.5,33.0,26.55,27.85548760367586
2023-03-19,Niš,PM2.5,41.0,33.65,33.12149842787069
2023-03-20,Niš,PM2.5,42.0,45.5,33.20134159133968
2023-03-21,Niš,PM2.5,44.0,44.0,32.525307227633924
2023-03-22,Niš,PM2.5,56.0,45.55,39.14788306605196
2023-03-23,Niš,PM2.5,41.0,33.75,33.20134159133968
2023-03-24,Niš,PM2.5,35.0,33.15,29.24966788295464
2023-03-25,Niš,PM2.5,22.0,23.3,22.028003653058743
2023-03-26,Niš,PM2.5,21.0,14.8,21.996158911270005
2023-03-27,Niš,PM2.5,20.0,16.75,19.577729476725484
2023-03-28,Niš,PM2.5,24.0,13.2,17.630380380404617
2023-03-29,Niš,PM2.5,29.0,21.5,20.902814718920165
2023-03-30,Niš,PM2.5,38.0,35.05,28.9367628679095
2023-03-31,Niš,PM2.5,20.0,23.4,22.670243847007583
2023-04-01,Niš,PM2.5,28.0,23.4,20.21682039971565
2023-04-02,Niš,PM2.5,31.0,25.7,22.67359274570852
2023-04-03,Niš,PM2.5,29.0,23.9,20.25396425640156
2023-04-04,Niš,PM2.5,24.0,13.05,18.098016246727266
2023-04-05,Niš,PM2.5,40.0,22.35,26.68984703149943
2023-04-06,Niš,PM2.5,58.0,39.7,40.08668152143711
2023-04-07,Niš,PM2.5,62.0,48.7,42.57438967740099
2023-04-08,Niš,PM2.5,48.0,39.09999999999999,36.44357381536733
2023-04-09,Niš,PM2.5,57.0,39.85,38.07371619907804
2023-04-10,Niš,PM2.5,37.0,27.05,27.11510610795273
2023-04-11,Niš,PM2.5,55.0,33.8,35.52571427576893
2023-04-12,Niš,PM2.5,29.0,23.65,19.92178513767984
2023-04-13,Niš,PM2.5,27.0,23.95,21.99918362304721
2023-04-14,Niš,PM2.5,21.0,17.45,18.396795118569266
2023-04-15,Niš,PM2.5,20.0,14.05,18.18106991888992
2023-04-16,Niš,PM2.5,18.0,13.75,17.038096540953426
2023-04-17,Niš,PM2.5,15.0,7.8,14.481952808307218
2023-04-18,Niš,PM2.5,15.0,5.64,14.895650084185265
2023-04-19,Niš,PM2.5,30.0,19.4,19.64413292117204
2023-04-20,Niš,PM2.5,34.0,24.2,20.77236120451664
2023-04-21,Niš,PM2.5,32.0,25.8,20.77236120451664
2023-04-22,Niš,PM2.5,23.0,18.2,18.28225261738937
2023-04-23,Niš,PM2.5,24.0,16.35,18.71167403373956
2023-04-24,Niš,PM2.5,22.0,15.6,16.70132866903195
2023-04-25,Niš,PM2.5,25.0,15.95,17.85587275796791
2023-04-26,Niš,PM2.5,28.0,18.95,17.835963513147426
2023-04-27,Niš,PM2.5,26.0,17.85,17.929414078902496
2023-04-28,Niš,PM2.5,32.0,22.45,23.122635152599937
2023-04-29,Niš,PM2.5,33.0,24.0,21.484658328733225
2023-04-30,Niš,PM2.5,27.0,20.45,18.679829291950817
2023-05-01,Niš,PM2.5,20.0,17.1,14.647889422288616
2023-05-02,Niš,PM2.5,12.0,10.6,11.660151137255353
2023-05-03,Niš,PM2.5,11.0,9.57,11.540589208361675
2023-05-04,Niš,PM2.5,17.0,16.8,14.126511830142483
2023-05-05,Niš,PM2.5,15.0,15.95,12.807478753493465
2023-05-06,Niš,PM2.5,8.0,9.864999999999998,10.996677745770532
2023-05-07,Niš,PM2.5,12.0,11.6,12.217485840878677
2023-05-08,Niš,PM2.5,24.0,19.2,16.175833444943088
2023-05-09,Niš,PM2.5,8.0,10.02,11.152686978383231
2023-05-10,Niš,PM2.5,11.0,9.025,11.261505596665751
2023-05-11,Niš,PM2.5,18.0,14.65,13.58158045036928
2023-05-12,Niš,PM2.5,13.0,10.75,11.904298423934234
2023-05-13,Niš,PM2.5,14.0,11.55,12.689852734030696
2023-05-14,Niš,PM2.5,16.0,12.4,12.72528552811048
2023-05-15,Niš,PM2.5,18.0,16.4,14.024514620258415
2023-05-16,Niš,PM2.5,19.0,19.7,14.4286907420095
2023-05-17,Niš,PM2.5,12.0,14.2,11.779242463593716
2023-05-18,Niš,PM2.5,22.0,16.95,15.091507867526976
2023-05-19,Niš,PM2.5,28.0,21.7,17.551522649080713
2023-05-20,Niš,PM2.5,18.0,17.55,13.64777815002948
2023-05-21,Niš,PM2.5,15.0,11.35,12.182721136229596
2023-05-22,Niš,PM2.5,16.0,11.25,13.470483761380086
2023-05-23,Niš,PM2.5,15.0,11.55,12.788193034795736
2023-05-24,Niš,PM2.5,23.0,15.4,16.46892023572031
2023-05-25,Niš,PM2.5,21.0,17.9,15.013696442611929
2023-05-26,Niš,PM2.5,22.0,15.35,15.224462140428026
2023-05-27,Niš,PM2.5,32.0,19.75,19.301466067696516
2023-05-28,Niš,PM2.5,29.0,17.1,16.8875381019926
2023-05-29,Niš,PM2.5,19.0,9.205,14.79625476489714
2023-05-30,Niš,PM2.5,17.0,9.48,13.538733983264072
2023-05-31,Niš,PM2.5,22.0,10.7,15.224462140428026
2023-06-01,Niš,PM2.5,19.0,10.9,14.536312685275703
2023-06-02,Niš,PM2.5,17.0,13.0,13.822394134396836
2023-06-03,Niš,PM2.5,20.0,10.6,14.325546987459608
2023-06-04,Niš,PM2.5,13.0,7.475,12.005127906044166
2023-06-05,Niš,PM2.5,18.0,11.0,14.276914802697757
2023-06-06,Niš,PM2.5,15.0,8.940000000000001,12.692814687761626
2023-06-07,Niš,PM2.5,19.0,10.75,14.95000996115375
2023-06-08,Niš,PM2.5,18.0,11.35,14.482757623090126
2023-06-09,Niš,PM2.5,15.0,10.56,12.754064188629805
2023-06-10,Niš,PM2.5,18.0,11.6,14.068361454982476
2023-06-11,Niš,PM2.5,17.0,10.9,13.436928587464164
2023-06-12,Niš,PM2.5,12.0,9.8,11.75728023126279
2023-06-13,Niš,PM2.5,15.0,10.55,12.561892153414512
2023-06-14,Niš,PM2.5,14.0,7.484999999999999,12.68648416430058
2023-06-15,Niš,PM2.5,14.0,9.83,12.68648416430058
2023-06-16,Niš,PM2.5,6.0,5.859999999999999,9.843666527193562
2023-06-17,Niš,PM2.5,19.0,14.35,13.71433387893116
2023-06-18,Niš,PM2.5,23.0,15.0,15.672329019173528
2023-06-19,Niš,PM2.5,23.0,13.5,16.255426934662683
2023-06-20,Niš,PM2.5,26.0,16.9,16.40296372391318
2023-06-21,Niš,PM2.5,28.0,17.85,17.50183919363813
2023-06-22,Niš,PM2.5,27.0,17.2,16.40296372391318
2023-06-23,Niš,PM2.5,23.0,13.85,16.40296372391318
2023-06-24,Niš,PM2.5,35.0,22.1,21.096386193607813
2023-06-25,Niš,PM2.5,32.0,19.7,19.217530703942924
2023-06-26,Niš,PM2.5,23.0,13.4,15.79932383521724
2023-06-27,Niš,PM2.5,24.0,15.5,16.40296372391318
2023-06-28,Niš,PM2.5,12.0,9.83,11.567350723441177
2023-06-29,Niš,PM2.5,20.0,14.6,14.5339174126537
2023-06-30,Niš,PM2.5,20.0,12.5,14.581932910481484
2023-07-01,Niš,PM2.5,9.0,9.8,10.675422645238186
2023-07-02,Niš,PM2.5,18.0,12.9,14.232040913834997
2023-07-03,Niš,PM2.5,16.0,13.9,13.07662727537646
2023-07-04,Niš,PM2.5,9.0,8.504999999999999,10.78711055049591
2023-07-05,Niš,PM2.5,22.0,14.8,14.96885479140854
2023-07-06,Niš,PM2.5,20.0,10.6,14.58811139316511
2023-07-07,Niš,PM2.5,25.0,16.0,15.592328436959397
2023-07-08,Niš,PM2.5,16.0,9.19,11.914307601853745
2023-07-09,Niš,PM2.5,16.0,9.79,12.949451439765095
2023-07-10,Niš,PM2.5,20.0,12.3,14.263522575444837
2023-07-11,Niš,PM2.5,24.0,15.35,16.116398130665278
2023-07-12,Niš,PM2.5,21.0,15.35,14.96155454005497
2023-07-13,Niš,PM2.5,15.0,13.3,12.403826187951957
2023-07-14,Niš,PM2.5,10.0,10.6,10.548246809626823
2023-07-15,Niš,PM2.5,14.0,11.8,12.429340406279646
2023-07-16,Niš,PM2.5,20.0,16.4,14.37521048070256
2023-07-17,Niš,PM2.5,25.0,17.35,16.196241294134257
2023-07-18,Niš,PM2.5,19.0,15.15,14.136346739833472
2023-07-19,Niš,PM2.5,13.0,11.9,12.038593009308318
2023-07-20,Niš,PM2.5,10.0,10.7,10.83634701093772
2023-07-21,Niš,PM2.5,11.0,13.1,11.598248572749302
2023-07-22,Niš,PM2.5,10.0,10.95,10.78711055049591
2023-07-23,Niš,PM2.5,17.0,16.05,13.40674891723813
2023-07-24,Niš,PM2.5,14.0,12.8,12.429340406279646
2023-07-25,Niš,PM2.5,13.0,15.65,11.799729268439233
2023-07-26,Niš,PM2.5,13.0,14.7,11.31995600776513
2023-07-27,Niš,PM2.5,9.0,8.485,9.391152511138094
2023-07-28,Niš,PM2.5,10.0,9.6,10.78711055049591
2023-07-29,Niš,PM2.5,7.0,8.455,10.61157806074542
2023-07-30,Niš,PM2.5,9.0,8.69,10.826370634061158
2023-07-31,Niš,PM2.5,12.0,11.95,10.99875650559573
2023-08-01,Niš,PM2.5,7.0,7.645,10.818300490524344
2023-08-02,Niš,PM2.5,11.0,10.175,11.804971002528228
2023-08-03,Niš,PM2.5,12.0,12.0,11.91762460083688
2023-08-04,Niš,PM2.5,17.0,13.25,13.613471347017054
2023-08-05,Niš,PM2.5,12.0,11.0,11.676853265987136
2023-08-06,Niš,PM2.5,5.0,6.68,10.336757285762031
2023-08-07,Niš,PM2.5,6.0,7.075,10.542600106154405
2023-08-08,Niš,PM2.5,4.0,5.005,10.103463446142309
2023-08-09,Niš,PM2.5,5.0,6.925000000000001,10.635243959481594
2023-08-10,Niš,PM2.5,7.0,7.46,10.868721818766351
2023-08-11,Niš,PM2.5,10.0,9.02,10.94581748244705
2023-08-12,Niš,PM2.5,9.0,8.985,10.913989816805849
2023-08-13,Niš,PM2.5,12.0,11.45,11.801932553375115
2023-08-14,Niš,PM2.5,11.0,11.5,11.68348701773262
2023-08-15,Niš,PM2.5,15.0,12.95,12.54914173777284
2023-08-16,Niš,PM2.5,25.0,20.25,16.867082328033238
2023-08-17,Niš,PM2.5,28.0,21.95,17.204829046002146
2023-08-18,Niš,PM2.5,19.0,16.35,14.502089747012498
2023-08-19,Niš,PM2.5,12.0,11.35,11.796140616041274
2023-08-20,Niš,PM2.5,14.0,12.0,12.514578851262964
2023-08-21,Niš,PM2.5,24.0,18.55,16.400152910383405
2023-08-22,Niš,PM2.5,25.0,19.25,16.47064027354716
2023-08-23,Niš,PM2.5,24.0,19.6,16.3671148399204
2023-08-24,Niš,PM2.5,27.0,20.1,16.400152910383405
2023-08-25,Niš,PM2.5,24.0,19.3,16.40296372391318
2023-08-26,Niš,PM2.5,18.0,15.25,14.018639018970074
2023-08-27,Niš,PM2.5,14.0,13.05,12.556219672589584
2023-08-28,Niš,PM2.5,10.0,9.925,10.872348995479229
2023-08-29,Niš,PM2.5,15.0,13.15,12.383715444606343
2023-08-30,Niš,PM2.5,6.0,8.254999999999999,10.513759974685987
2023-08-31,Niš,PM2.5,6.0,7.95,10.519551912019828
2023-09-01,Niš,PM2.5,20.0,15.35,15.368095412408904
2023-09-02,Niš,PM2.5,18.0,14.65,14.804801520897492
2023-09-03,Niš,PM2.5,13.0,10.7,13.031477941014662
2023-09-04,Niš,PM2.5,12.0,12.1,11.626220720556375
2023-09-05,Niš,PM2.5,11.0,11.7,11.422598877629836
2023-09-06,Niš,PM2.5,11.0,11.0,11.930986162879726
2023-09-07,Niš,PM2.5,12.0,12.8,11.912547670906315
2023-09-08,Niš,PM2.5,11.0,10.9,11.930986162879726
2023-09-09,Niš,PM2.5,10.0,9.56,11.66830757694453
2023-09-10,Niš,PM2.5,10.0,8.255,11.66830757694453
2023-09-11,Niš,PM2.5,11.0,11.5,12.591133504455646
2023-09-12,Niš,PM2.5,11.0,11.75,12.51129034098666
2023-09-13,Niš,PM2.5,12.0,13.75,12.7037871027643
2023-09-14,Niš,PM2.5,19.0,15.5,15.288252248939918
2023-09-15,Niš,PM2.5,23.0,19.3,16.955221497605937
2023-09-16,Niš,PM2.5,20.0,16.2,15.125607089044776
2023-09-17,Niš,PM2.5,20.0,16.5,15.634158172287073
2023-09-18,Niš,PM2.5,17.0,14.75,14.496868731066533
2023-09-19,Niš,PM2.5,13.0,11.6,12.624495503711772
2023-09-20,Niš,PM2.5,14.0,14.85,13.68828809786416
2023-09-21,Niš,PM2.5,16.0,17.5,13.83560747884814
2023-09-22,Niš,PM2.5,9.0,13.45,11.307227013098505
2023-09-23,Niš,PM2.5,9.0,18.8,11.541131741333167
2023-09-24,Niš,PM2.5,8.0,8.26,11.58478722570551
2023-09-25,Niš,PM2.5,11.0,12.4,12.127573794862013
2023-09-26,Niš,PM2.5,34.0,14.25,19.75156022789656
2023-09-27,Niš,PM2.5,65.0,13.2,42.15951504814453
2023-09-28,Niš,PM2.5,9.0,11.4,11.541131741333167
2023-09-29,Niš,PM2.5,11.0,12.65,12.51129034098666
2023-09-30,Niš,PM2.5,15.0,14.65,13.428555861447038
2023-10-01,Niš,PM2.5,28.0,24.2,19.268121775760385
2023-10-02,Niš,PM2.5,10.0,12.9,12.840949575133912
2023-10-03,Niš,PM2.5,14.0,14.55,15.298289193086848
2023-10-04,Niš,PM2.5,17.0,15.4,16.311529511890583
2023-10-05,Niš,PM2.5,12.0,13.35,14.57985095786516
2023-10-06,Niš,PM2.5,15.0,15.85,15.272774974759155
2023-10-07,Niš,PM2.5,17.0,17.05,16.35554086751432
2023-10-08,Niš,PM2.5,13.0,14.6,14.195244671898916
2023-10-09,Niš,PM2.5,8.0,9.14,13.368838942294898
2023-10-10,Niš,PM2.5,16.0,14.95,15.935779982645782
2023-10-11,Niš,PM2.5,10.0,10.6,13.723735886937094
2023-10-12,Niš,PM2.5,18.0,18.65,16.60102221252937
2023-10-13,Niš,PM2.5,21.0,22.25,17.830503326862154
2023-10-14,Niš,PM2.5,22.0,23.8,17.830503326862154
2023-10-15,Niš,PM2.5,18.0,19.0,18.05403118097866
2023-10-16,Niš,PM2.5,17.0,15.35,17.61521638417153
2023-10-17,Niš,PM2.5,36.0,29.95,27.977510860566
2023-10-18,Niš,PM2.5,34.0,30.95,27.429566710283456
2023-10-19,Niš,PM2.5,17.0,16.85,17.97198816576953
2023-10-20,Niš,PM2.5,11.0,15.75,15.494912368206863
2023-10-21,Niš,PM2.5,10.0,15.65,15.181836406831184
2023-10-22,Niš,PM2.5,9.0,12.85,16.232821714453774
2023-10-23,Niš,PM2.5,13.0,19.0,17.99740511325166
2023-10-24,Niš,PM2.5,12.0,19.3,17.558026369743587
2023-10-25,Niš,PM2.5,10.0,23.35,16.1091292992973
2023-10-26,Niš,PM2.5,5.0,9.605,15.07872150571891
2023-10-27,Niš,PM2.5,2.0,6.96,13.97850301520831
2023-10-28,Niš,PM2.5,7.0,8.295,16.22370785473685
2023-10-29,Niš,PM2.5,12.0,14.45,17.589871111532325
2023-10-30,Niš,PM2.5,14.0,19.55,19.239108617097145
2023-10-31,Niš,PM2.5,14.0,19.15,16.568642360114563
2023-11-01,Niš,PM2.5,30.0,22.45,25.39601691837167
2023-11-02,Niš,PM2.5,24.0,22.9,23.797634548406403
2023-11-03,Niš,PM2.5,15.0,13.0,17.96012911773202
2023-11-04,Niš,PM2.5,19.0,13.75,21.500987415111407
2023-11-05,Niš,PM2.5,21.0,6.835,18.33510067319277
2023-11-06,Niš,PM2.5,35.0,18.95,27.42188409521994
2023-11-07,Niš,PM2.5,30.0,34.1,26.95236049399596
2023-11-08,Niš,PM2.5,39.0,21.2,29.56639714516845
2023-11-09,Niš,PM2.5,38.0,36.55,31.942917292740766
2023-11-10,Niš,PM2.5,47.0,28.05,37.16150472434824
2023-11-11,Niš,PM2.5,27.0,10.45,21.896981144387503
2023-11-12,Niš,PM2.5,20.0,36.34999999999999,22.34749159917673
2023-11-13,Niš,PM2.5,76.0,45.59999999999999,54.29214881969314
2023-11-14,Niš,PM2.5,61.0,59.5,48.25415679030163
2023-11-15,Niš,PM2.5,59.0,32.9,42.60528349742626
2023-11-16,Niš,PM2.5,32.0,34.0,27.23376868352497
2023-11-17,Niš,PM2.5,17.0,19.85,20.577035023365767
2023-11-18,Niš,PM2.5,14.0,9.010000000000002,14.193782757373713
2023-11-19,Niš,PM2.5,92.0,40.15,56.31870795541304
2023-11-20,Niš,PM2.5,102.0,67.85,67.34277845066775
2023-11-21,Niš,PM2.5,50.0,44.75,35.053877027798165
2023-11-22,Niš,PM2.5,32.0,17.8,26.299347884866677
2023-11-23,Niš,PM2.5,73.0,36.3,50.32772931691235
2023-11-24,Niš,PM2.5,6.0,70.9,18.286396257655603
2023-11-25,Niš,PM2.5,13.0,9.62,14.405011879289711
2023-11-26,Niš,PM2.5,12.0,12.45,13.266665285888973
2023-11-27,Niš,PM2.5,60.0,30.6,41.60512817458997
2023-11-28,Niš,PM2.5,26.0,27.5,21.354486878219923
2023-11-29,Niš,PM2.5,75.0,31.0,50.77093501548744
2023-11-30,Niš,PM2.5,43.0,39.7,34.013252677958256
2023-12-01,Niš,PM2.5,28.0,9.825,23.83041815756563
2023-12-02,Niš,PM2.5,13.0,14.35,18.522405972978905
2023-12-03,Niš,PM2.5,39.0,18.5,28.885456202197823
2023-12-04,Niš,PM2.5,114.0,52.34999999999999,73.38141000031324
2023-12-05,Niš,PM2.5,43.0,51.5,33.38007254370264
2023-12-06,Niš,PM2.5,59.0,15.4,43.74613563059079
2023-12-07,Niš,PM2.5,68.0,32.6,48.76499201045853
2023-12-08,Niš,PM2.5,147.0,47.9,85.94680775451444
2023-12-09,Niš,PM2.5,46.0,45.34999999999999,41.4190748508577
2023-12-10,Niš,PM2.5,88.0,37.45,57.25155098534957
2023-12-11,Niš,PM2.5,125.0,80.8,76.25753787418203
2023-12-12,Niš,PM2.5,64.0,81.4,46.25557519933266
2023-12-13,Niš,PM2.5,68.0,35.3,52.838787194845736
2023-12-14,Niš,PM2.5,39.0,35.9,30.78709244180197
2023-12-15,Niš,PM2.5,22.0,20.9,21.13931428539842
2023-12-16,Niš,PM2.5,49.0,20.2,34.612308316306255
2023-12-17,Niš,PM2.5,119.0,54.59999999999999,74.39539324587962
2023-12-18,Niš,PM2.5,137.0,88.3,87.30312020571989
2023-12-19,Niš,PM2.5,152.0,96.8,93.2192485471137
2023-12-20,Niš,PM2.5,117.0,120.5,74.31555008241062
2023-12-21,Niš,PM2.5,184.0,71.30000000000001,102.38403212896873
2023-12-22,Niš,PM2.5,86.0,81.15,56.46156678133807
2023-12-23,Niš,PM2.5,99.0,46.85,64.76844161717564
2023-12-24,Niš,PM2.5,164.0,105.5,93.56724552455518
2023-12-25,Niš,PM2.5,163.0,126.5,91.69189163732132
2023-12-26,Niš,PM2.5,121.0,87.25,73.49851661719195
2023-12-27,Niš,PM2.5,108.0,75.55000000000001,70.88093631666631
2023-12-28,Niš,PM2.5,151.0,110.5,93.0932488901903
2023-12-29,Niš,PM2.5,112.0,96.6,74.39539324587962
2023-12-30,Niš,PM2.5,165.0,93.75,99.43581181996264
2023-12-31,Niš,PM2.5,124.0,92.3,76.25753787418203
2024-01-01,Niš,PM2.5,27.0,59.35,25.183374888849603
2024-01-02,Niš,PM2.5,201.0,57.7,101.27889161608594
2024-01-03,Niš,PM2.5,133.0,118.0,77.83681656288037
2024-01-04,Niš,PM2.5,121.0,68.6,69.06968441522439
2024-01-05,Niš,PM2.5,91.0,82.4,63.40410410568227
2024-01-06,Niš,PM2.5,20.0,74.30000000000001,25.659420235316823
2024-01-07,Niš,PM2.5,19.0,26.3,23.392302178893484
2024-01-08,Niš,PM2.5,47.0,19.35,34.066128833563646
2024-01-09,Niš,PM2.5,21.0,21.3,21.888002891443847
2024-01-10,Niš,PM2.5,109.0,38.7,71.93260009791483
2024-01-11,Niš,PM2.5,69.0,64.3,56.060234665635775
2024-01-12,Niš,PM2.5,71.0,49.35,55.06935652273911
2024-01-13,Niš,PM2.5,177.0,62.65000000000001,100.14872392932207
2024-01-14,Niš,PM2.5,197.0,121.0,98.55957637707672
2024-01-15,Niš,PM2.5,61.0,138.0,45.46549666602977
2024-01-16,Niš,PM2.5,156.0,38.25,94.19132129995104
2024-01-17,Niš,PM2.5,84.0,66.4,61.64136638941172
2024-01-18,Niš,PM2.5,62.0,24.35,43.73641498360349
2024-01-19,Niš,PM2.5,36.0,13.25,28.65719845133092
2024-01-20,Niš,PM2.5,44.0,22.95,30.040377732751285
2024-01-21,Niš,PM2.5,137.0,52.85,88.4838636108792
2024-01-22,Niš,PM2.5,139.0,76.0,88.4040204474102
2024-01-23,Niš,PM2.5,126.0,67.4,77.23238591618589
2024-01-24,Niš,PM2.5,149.0,95.5,93.0932488901903
2024-01-25,Niš,PM2.5,53.0,52.5,38.5293310867813
2024-01-26,Niš,PM2.5,112.0,32.65,63.13897169752866
2024-01-27,Niš,PM2.5,28.0,28.55,22.96713139358153
2024-01-28,Niš,PM2.5,53.0,21.4,38.35693591737795
2024-01-29,Niš,PM2.5,80.0,30.9,56.96077217083912
2024-01-30,Niš,PM2.5,89.0,39.7,61.75838645506723
2024-01-31,Niš,PM2.5,124.0,71.7,73.86862537550711
2024-02-01,Niš,PM2.5,168.0,86.69999999999999,88.43284966206849
2024-02-02,Niš,PM2.5,111.0,70.0,63.74018147713951
2024-02-03,Niš,PM2.5,106.0,72.35,70.80109315319731
2024-02-04,Niš,PM2.5,133.0,78.19999999999999,78.8385591194644
2024-02-05,Niš,PM2.5,111.0,84.2,70.64016878749777
2024-02-06,Niš,PM2.5,80.0,78.80000000000001,61.41518415754784
2024-02-07,Niš,PM2.5,90.0,69.15,61.75838645506723
2024-02-08,Niš,PM2.5,52.0,48.3,43.488400832417376
2024-02-09,Niš,PM2.5,36.0,33.15000000000001,32.03286029620889
2024-02-10,Niš,PM2.5,36.0,26.2,32.125216633081635
2024-02-11,Niš,PM2.5,37.0,15.55,26.8357218592322
2024-02-12,Niš,PM2.5,37.0,21.55,29.531514100418622
2024-02-13,Niš,PM2.5,42.0,18.45,26.65156519129611
2024-02-14,Niš,PM2.5,78.0,25.95,46.60674717980887
2024-02-15,Niš,PM2.5,124.0,43.85,73.75693747024935
2024-02-16,Niš,PM2.5,112.0,58.15000000000001,72.55277807013661
2024-02-17,Niš,PM2.5,95.0,55.59999999999999,64.30651839970778
2024-02-18,Niš,PM2.5,102.0,60.95,70.30602882007338
2024-02-19,Niš,PM2.5,76.0,50.0,56.75543170098594
2024-02-20,Niš,PM2.5,84.0,66.0,57.33139414881855
2024-02-21,Niš,PM2.5,66.0,64.6,50.0480669730385
2024-02-22,Niš,PM2.5,69.0,38.34999999999999,54.37647930282384
2024-02-23,Niš,PM2.5,37.0,28.0,31.582722366914044
2024-02-24,Niš,PM2.5,32.0,42.5,29.364363552599876
2024-02-25,Niš,PM2.5,29.0,30.7,24.16030966251122
2024-02-26,Niš,PM2.5,41.0,20.05,35.24542043694476
2024-02-27,Niš,PM2.5,32.0,21.05,31.23866959785473
2024-02-28,Niš,PM2.5,46.0,24.8,40.839264199275874
2024-02-29,Niš,PM2.5,33.0,26.85,28.171870515819617
2024-03-01,Niš,PM2.5,38.0,23.15,27.98479744989652
2024-03-02,Niš,PM2.5,41.0,14.85,30.528689306435982
2024-03-03,Niš,PM2.5,38.0,19.95,30.957242123801382
2024-03-04,Niš,PM2.5,28.0,21.05,25.41913441909007
2024-03-05,Niš,PM2.5,37.0,29.35,30.782224664397027
2024-03-06,Niš,PM2.5,54.0,32.05,38.85683836531891
2024-03-07,Niš,PM2.5,26.0,18.35,23.332762229394028
2024-03-08,Niš,PM2.5,18.0,18.35,21.37833319030776
2024-03-09,Niš,PM2.5,42.0,23.9,33.21873330999275
2024-03-10,Niš,PM2.5,36.0,18.55,27.375358091257404
2024-03-11,Niš,PM2.5,14.0,17.45,16.719185375515515
2024-03-12,Niš,PM2.5,19.0,13.5,21.19287264128636
2024-03-13,Niš,PM2.5,48.0,20.05,31.444063527757624
2024-03-14,Niš,PM2.5,76.0,35.6,47.9429687287217
2024-03-15,Niš,PM2.5,37.0,42.45,31.16616491118116
2024-03-16,Niš,PM2.5,56.0,22.6,42.15293099216603
2024-03-17,Niš,PM2.5,60.0,41.09999999999999,42.76736197370902
2024-03-18,Niš,PM2.5,38.0,27.0,31.02491867343537
2024-03-19,Niš,PM2.5,29.0,18.55,21.19291492222221
2024-03-20,Niš,PM2.5,57.0,28.2,41.8955469481153
2024-03-21,Niš,PM2.5,62.0,37.15000000000001,47.55422014798666
2024-03-22,Niš,PM2.5,48.0,37.05,38.31704498364279
2024-03-23,Niš,PM2.5,37.0,21.65,30.746974242080327
2024-03-24,Niš,PM2.5,20.0,15.2,19.866868794706185
2024-03-25,Niš,PM2.5,60.0,22.8,40.4777511973052
2024-03-26,Niš,PM2.5,24.0,24.85,22.82943263062153
2024-03-27,Niš,PM2.5,19.0,32.05,19.22534129096316
2024-03-28,Niš,PM2.5,2.0,12.35,14.124937261135518
2024-03-29,Niš,PM2.5,14.0,15.45,19.9921270841064
2024-03-30,Niš,PM2.5,9.0,10.8,17.533925998302472
2024-03-31,Niš,PM2.5,6.0,20.6,16.98126593210509
2024-04-01,Niš,PM2.5,9.0,23.6,14.488452681881062
2024-04-02,Niš,PM2.5,8.0,10.85,13.799897904746985
2024-04-03,Niš,PM2.5,6.0,8.82,16.66472163513213
2024-04-04,Niš,PM2.5,8.0,11.0,16.496959164236948
2024-04-05,Niš,PM2.5,12.0,11.5,17.06430142782451
2024-04-06,Niš,PM2.5,11.0,9.165,16.87180466604688
2024-04-07,Niš,PM2.5,8.0,9.765,15.750358307975054
2024-04-08,Niš,PM2.5,9.0,6.9,15.850398762072432
2024-04-09,Niš,PM2.5,7.0,5.57,15.853289412254265
2024-04-10,Niš,PM2.5,5.0,8.23,15.670232881211517
2024-04-11,Niš,PM2.5,25.0,17.65,21.259529505710795
2024-04-12,Niš,PM2.5,22.0,21.85,20.203265891563813
2024-04-13,Niš,PM2.5,13.0,18.8,16.878891326089374
2024-04-14,Niš,PM2.5,8.0,12.8,15.96497731751199
2024-04-15,Niš,PM2.5,11.0,10.8,15.478819989359332
2024-04-16,Niš,PM2.5,6.0,19.25,10.94094492888269
2024-04-17,Niš,PM2.5,23.0,7.775,17.245737068517258
2024-04-18,Niš,PM2.5,34.0,15.0,20.489713222616903
2024-04-19,Niš,PM2.5,30.0,19.8,21.09972552533907
2024-04-20,Niš,PM2.5,31.0,19.05,19.42990395968362
2024-04-21,Niš,PM2.5,29.0,20.0,18.82687014058505
2024-04-22,Niš,PM2.5,34.0,18.3,23.301999607491634
2024-04-23,Niš,PM2.5,42.0,23.7,26.767383565696296
2024-04-24,Niš,PM2.5,10.0,13.45,13.070596054387988
2024-04-25,Niš,PM2.5,32.0,21.3,21.114798449365583
2024-04-26,Niš,PM2.5,15.0,18.5,14.86703879061125
2024-04-27,Niš,PM2.5,12.0,11.1,14.706684799166638
2024-04-28,Niš,PM2.5,4.0,10.6,12.580369564075356
2024-04-29,Niš,PM2.5,5.0,6.93,11.876947707163875
2024-04-30,Niš,PM2.5,3.0,6.725,11.263087469959356
2024-05-01,Niš,PM2.5,3.0,4.125,10.095728572722583
2024-05-02,Niš,PM2.5,4.0,7.815,10.65718911566498
2024-05-03,Niš,PM2.5,9.0,6.305,11.09230905285521
2024-05-04,Niš,PM2.5,14.0,16.45,11.57631577071496
2024-05-06,Niš,PM2.5,7.0,10.425,11.006473825308412
2024-05-07,Niš,PM2.5,6.0,8.895,10.855262036054402
2024-05-08,Niš,PM2.5,6.0,7.615,11.02711733803486
2024-05-09,Niš,PM2.5,1.0,3.49,10.589134757415277
2024-05-10,Niš,PM2.5,10.0,6.52,10.454317593515826
2024-05-11,Niš,PM2.5,8.0,9.73,10.903542721029202
2024-05-12,Niš,PM2.5,6.0,8.879999999999999,10.57971648649312
2024-05-13,Niš,PM2.5,4.0,8.23,10.935105199523388
2024-05-14,Niš,PM2.5,7.0,8.035,10.763356345148033
2024-05-15,Niš,PM2.5,7.0,5.755,10.771980389267876
2024-05-16,Niš,PM2.5,14.0,12.15,12.482820667586584
2024-05-17,Niš,PM2.5,16.0,14.9,13.531886835656902
2024-05-18,Niš,PM2.5,10.0,13.3,11.29369422031663
2024-05-19,Niš,PM2.5,3.0,9.655,10.707627520054526
2024-05-20,Niš,PM2.5,9.0,6.505,11.559756980194798
2024-05-21,Niš,PM2.5,10.0,13.6,10.84070715989722
2024-05-22,Niš,PM2.5,2.0,11.5,10.787470683523512
2024-05-23,Niš,PM2.5,13.0,7.68,12.527923989442971
2024-05-24,Niš,PM2.5,17.0,12.3,13.826947571927152
2024-05-25,Niš,PM2.5,5.0,10.305,10.6962414586543
2024-05-26,Niš,PM2.5,5.0,7.28,10.264383090541
2024-05-27,Niš,PM2.5,6.0,7.43,10.752330931775193
2024-05-28,Niš,PM2.5,9.0,8.75,10.97994632861298
2024-05-29,Niš,PM2.5,16.0,12.0,13.416982766596496
2024-05-30,Niš,PM2.5,10.0,11.2,11.059789492081968
2024-05-31,Niš,PM2.5,11.0,10.95,11.632063773466273
2024-06-01,Niš,PM2.5,8.0,10.565,9.97892386372354
2024-06-02,Niš,PM2.5,7.0,9.02,10.702608443062578
2024-06-03,Niš,PM2.5,9.0,11.5,10.975375814935129
2024-06-04,Niš,PM2.5,6.0,8.985,10.635243959481594
2024-06-05,Niš,PM2.5,6.0,7.705,10.599395075488816
2024-06-06,Niš,PM2.5,5.0,7.699999999999999,10.599395075488816
2024-06-07,Niš,PM2.5,8.0,8.265,10.818300490524344
2024-06-08,Niš,PM2.5,15.0,9.66,12.722236522988604
2024-06-09,Niš,PM2.5,13.0,13.15,12.165472275618257
2024-06-10,Niš,PM2.5,4.0,13.25,9.939247733912897
2024-06-11,Niš,PM2.5,16.0,10.45,12.837702906789788
2024-06-12,Niš,PM2.5,30.0,14.2,17.434923018745668
2024-06-13,Niš,PM2.5,7.0,15.4,10.770284992696558
2024-06-14,Niš,PM2.5,8.0,11.1,9.528270877167545
2024-06-15,Niš,PM2.5,10.0,8.715,10.993832980274837
2024-06-16,Niš,PM2.5,15.0,9.11,12.722236522988604
2024-06-17,Niš,PM2.5,11.0,10.95,11.804971002528228
2024-06-18,Niš,PM2.5,12.0,11.2,11.91762460083688
2024-06-19,Niš,PM2.5,10.0,11.0,10.993832980274837
2024-06-20,Niš,PM2.5,13.0,15.35,12.133627533829518
2024-06-21,Niš,PM2.5,10.0,16.15,10.993832980274837
2024-06-22,Niš,PM2.5,9.0,17.0,10.993832980274837
2024-06-23,Niš,PM2.5,2.0,9.765,10.506160529889572
2024-06-24,Niš,PM2.5,5.0,9.36,10.555400796012608
2024-06-25,Niš,PM2.5,7.0,8.865,10.782451606531565
2024-06-26,Niš,PM2.5,2.0,11.05,10.462149174265829
2024-06-27,Niš,PM2.5,3.0,8.175,10.781007948941784
2024-06-28,Niš,PM2.5,8.0,8.275,11.282419094644396
2024-06-29,Niš,PM2.5,11.0,12.2,11.804971002528228
2024-06-30,Niš,PM2.5,11.0,11.35,11.72512783905924
2024-07-01,Niš,PM2.5,14.0,12.6,12.429340406279646
2024-07-02,Niš,PM2.5,9.0,10.85,10.557457665906457
2024-07-03,Niš,PM2.5,9.0,8.935,9.53764274059073
2024-07-04,Niš,PM2.5,13.0,9.06,11.799729268439233
2024-07-05,Niš,PM2.5,4.0,8.66,10.316833624444945
2024-07-06,Niš,PM2.5,12.0,6.7,11.63105900758897
2024-07-07,Niš,PM2.5,13.0,8.290000000000001,11.958749845839332
2024-07-08,Niš,PM2.5,10.0,8.57,10.707267387026924
2024-07-09,Niš,PM2.5,15.0,9.26,12.394030108414071
2024-07-10,Niš,PM2.5,9.0,9.63,10.675422645238186
2024-07-11,Niš,PM2.5,13.0,8.95,11.926905104050594
2024-07-12,Niš,PM2.5,11.0,9.645,11.476764587953696
2024-07-13,Niš,PM2.5,11.0,9.505,11.476764587953696
2024-07-14,Niš,PM2.5,15.0,10.22,12.403826187951957
2024-07-15,Niš,PM2.5,17.0,10.665,13.40674891723813
2024-07-16,Niš,PM2.5,16.0,10.135,13.066831195838578
2024-07-17,Niš,PM2.5,17.0,11.14,13.40674891723813
2024-07-18,Niš,PM2.5,21.0,13.85,14.849866634797245
2024-07-19,Niš,PM2.5,15.0,10.685,12.435670929740692
2024-07-20,Niš,PM2.5,14.0,10.365,12.34949724281066
2024-07-21,Niš,PM2.5,36.0,14.1,21.760447783913826
2024-07-22,Niš,PM2.5,18.0,18.2,13.700228683933425
2024-07-23,Niš,PM2.5,22.0,16.05,14.722690799185882
2024-07-24,Niš,PM2.5,16.0,14.8,13.108472017165198
2024-07-25,Niš,PM2.5,4.0,8.52,9.589144902901866
2024-07-26,Niš,PM2.5,6.0,6.744999999999999,9.76837418812675
2024-07-27,Niš,PM2.5,7.0,7.16,10.61157806074542
2024-07-28,Niš,PM2.5,7.0,6.375,10.61157806074542
2024-07-29,Niš,PM2.5,4.0,5.745,9.154513950922228
2024-07-30,Niš,PM2.5,6.0,6.19,9.589144902901866
2024-07-31,Niš,PM2.5,5.0,6.404999999999999,10.42852152970267
2024-08-01,Niš,PM2.5,5.0,6.92,10.435529256134716
2024-08-02,Niš,PM2.5,23.0,9.855,16.291275818655464
2024-08-03,Niš,PM2.5,9.0,15.05,10.846296191024331
2024-08-04,Niš,PM2.5,4.0,7.555,9.88383821045412
2024-08-05,Niš,PM2.5,17.0,8.375,13.581626605228315
2024-08-06,Niš,PM2.5,6.0,11.95,9.847989326461342
2024-08-07,Niš,PM2.5,3.0,5.140000000000001,10.555400796012608
2024-08-08,Niš,PM2.5,5.0,3.975,10.635243959481594
2024-08-09,Niš,PM2.5,8.0,7.945,10.543587865662476
2024-08-10,Niš,PM2.5,10.0,6.800000000000001,10.754969239405748
2024-08-11,Niš,PM2.5,8.0,7.085000000000001,10.818300490524344
2024-08-12,Niš,PM2.5,9.0,7.26,10.993832980274837
2024-08-13,Niš,PM2.5,16.0,8.45,13.395037610413109
2024-08-14,Niš,PM2.5,9.0,10.105,10.846296191024331
2024-08-15,Niš,PM2.5,26.0,11.4,16.323120560444202
2024-08-16,Niš,PM2.5,18.0,15.75,13.982790134977297
2024-08-17,Niš,PM2.5,15.0,14.85,12.686387638995823
2024-08-18,Niš,PM2.5,12.0,11.55,11.770087811586375
2024-08-19,Niš,PM2.5,12.0,14.0,11.770087811586375
2024-08-20,Niš,PM2.5,7.0,10.185,10.677050447097317
2024-08-21,Niš,PM2.5,8.0,9.47,10.782451606531565
2024-08-22,Niš,PM2.5,10.0,12.35,10.333685638698917
2024-08-23,Niš,PM2.5,9.0,11.95,10.993832980274837
2024-08-24,Niš,PM2.5,14.0,12.2,12.63606283605857
2024-08-25,Niš,PM2.5,12.0,14.6,11.805936695579156
2024-08-26,Niš,PM2.5,11.0,14.8,11.64763813373984
2024-08-27,Niš,PM2.5,11.0,13.3,11.657434213277725
2024-08-28,Niš,PM2.5,18.0,15.25,13.938795855501088
2024-08-29,Niš,PM2.5,13.0,16.65,12.036388846026236
2024-08-30,Niš,PM2.5,11.0,13.8,11.657434213277725
2024-08-31,Niš,PM2.5,11.0,18.55,11.804971002528228
2024-09-01,Niš,PM2.5,16.0,19.5,14.101356948871542
2024-09-02,Niš,PM2.5,10.0,19.2,11.779995482202256
2024-09-03,Niš,PM2.5,14.0,17.25,13.42222533798599
2024-09-04,Niš,PM2.5,14.0,17.55,13.42222533798599
2024-09-05,Niš,PM2.5,20.0,20.65,15.288252248939918
2024-09-06,Niš,PM2.5,14.0,19.65,13.42222533798599
2024-09-07,Niš,PM2.5,6.0,13.15,10.948637992305263
2024-09-08,Niš,PM2.5,3.0,10.6,11.309718556151289
2024-09-09,Niš,PM2.5,10.0,12.05,11.424606769171984
2024-09-10,Niš,PM2.5,2.0,12.5,11.050863600370954
2024-09-11,Niš,PM2.5,17.0,17.0,13.09167697923319
2024-09-12,Niš,PM2.5,6.0,14.8,11.299922476613409
2024-09-13,Niš,PM2.5,16.0,9.645,13.389960680482544
2024-09-14,Niš,PM2.5,10.0,8.17,11.595675839386647
2024-09-15,Niš,PM2.5,7.0,10.46,11.48292098845933
2024-09-16,Niš,PM2.5,11.0,9.23,12.85957639357805
2024-09-17,Niš,PM2.5,6.0,8.665,11.18750173317435
2024-09-18,Niš,PM2.5,17.0,12.3,14.374651908089591
2024-09-19,Niš,PM2.5,12.0,16.05,12.890006699173483
2024-09-20,Niš,PM2.5,7.0,11.55,10.943117316530593
2024-09-21,Niš,PM2.5,11.0,13.95,12.51129034098666
2024-09-22,Niš,PM2.5,18.0,19.35,14.804801520897492
2024-09-23,Niš,PM2.5,12.0,19.9,12.623943939295314
2024-09-24,Niš,PM2.5,17.0,20.6,14.357993027617852
2024-09-25,Niš,PM2.5,13.0,19.7,13.080714401456472
2024-09-26,Niš,PM2.5,14.0,16.3,13.310537432728266
2024-09-27,Niš,PM2.5,12.0,13.7,12.592099197506576
2024-09-28,Niš,PM2.5,12.0,13.9,12.623943939295314
2024-09-29,Niš,PM2.5,11.0,6.445,10.422999149004468
2024-09-30,Niš,PM2.5,18.0,9.385000000000002,12.674409518112252
2024-10-01,Niš,PM2.5,13.0,13.2,15.631322067378305
2024-10-02,Niš,PM2.5,7.0,15.4,14.33148295442677
2024-10-03,Niš,PM2.5,11.0,17.3,13.999031064808973
2024-10-04,Niš,PM2.5,11.0,12.6,13.121890975038037
2024-10-05,Niš,PM2.5,34.0,13.9,20.927040310050145
2024-10-06,Niš,PM2.5,26.0,22.8,19.307789789210027
2024-10-07,Niš,PM2.5,16.0,21.25,17.51987546768609
2024-10-08,Niš,PM2.5,8.0,16.45,13.359042862757017
2024-10-09,Niš,PM2.5,14.0,17.9,15.16825892168352
2024-10-10,Niš,PM2.5,8.0,17.35,12.757773422256165
2024-10-11,Niš,PM2.5,13.0,14.65,14.777511524712192
2024-10-12,Niš,PM2.5,22.0,20.2,17.109659916037852
2024-10-13,Niš,PM2.5,20.0,24.25,18.41970419210416
2024-10-14,Niš,PM2.5,19.0,22.4,17.244159267509744
2024-10-15,Niš,PM2.5,25.0,25.25,22.9278027739711
2024-10-16,Niš,PM2.5,19.0,16.25,21.06626927312418
2024-10-17,Niš,PM2.5,8.0,13.75,17.421346271562932
2024-10-18,Niš,PM2.5,6.0,9.575,17.059866600587863
2024-10-19,Niš,PM2.5,10.0,10.26,17.59687876131342
2024-10-20,Niš,PM2.5,19.0,10.305,21.18497869152006
2024-10-21,Niš,PM2.5,31.0,29.3,24.942521402754995
2024-10-22,Niš,PM2.5,40.0,36.55,30.855735452900948
2024-10-23,Niš,PM2.5,40.0,38.75,30.923412002534928
2024-10-24,Niš,PM2.5,39.0,39.7,30.84356883906595
2024-10-25,Niš,PM2.5,41.0,42.2,31.95067498889404
2024-10-26,Niš,PM2.5,31.0,44.55,24.862678239286016
2024-10-27,Niš,PM2.5,36.0,40.25,29.51825280231065
2024-10-28,Niš,PM2.5,46.0,41.4,36.55853349189675
2024-10-29,Niš,PM2.5,62.0,54.45,44.300722497767495
2024-10-30,Niš,PM2.5,49.0,50.75,37.54895415065696
2024-10-31,Niš,PM2.5,51.0,45.25,38.30850449694975
2024-11-01,Niš,PM2.5,48.0,44.45,38.93581041346291
2024-11-02,Niš,PM2.5,32.0,34.65,27.535358389333528
2024-11-03,Niš,PM2.5,35.0,26.55,27.73626615162515
2024-11-04,Niš,PM2.5,64.0,41.59999999999999,47.96008466534423
2024-11-05,Niš,PM2.5,63.0,41.55,48.03992782881321
2024-11-06,Niš,PM2.5,77.0,51.75,53.7921813315803
2024-11-07,Niš,PM2.5,118.0,64.45,70.47956270518445
2024-11-08,Niš,PM2.5,73.0,72.6,53.7921813315803
2024-11-09,Niš,PM2.5,57.0,58.05,43.65926005384179
2024-11-10,Niš,PM2.5,53.0,36.75,42.57618722817666
2024-11-11,Niš,PM2.5,54.0,40.0,39.63359074687851
2024-11-12,Niš,PM2.5,25.0,23.55,24.248365576077425
2024-11-13,Niš,PM2.5,49.0,20.3,39.22287698911319
2024-11-14,Niš,PM2.5,40.0,25.7,28.74636306125537
2024-11-15,Niš,PM2.5,66.0,35.4,51.9602877441422
2024-11-16,Niš,PM2.5,61.0,42.95,45.7617218523552
2024-11-17,Niš,PM2.5,84.0,58.85,59.441663645045246
2024-11-18,Niš,PM2.5,94.0,74.1,61.613593891958736
2024-11-19,Niš,PM2.5,66.0,104.05,48.58830352243496
2024-11-20,Niš,PM2.5,5.0,22.4,15.296360789616816
2024-11-21,Niš,PM2.5,49.0,18.75,32.739702134915234
2024-11-22,Niš,PM2.5,32.0,17.35,21.890185226959485
2024-11-23,Niš,PM2.5,61.0,36.75,42.664615946385176
2024-11-24,Niš,PM2.5,69.0,61.7,51.92965448464111
2024-11-25,Niš,PM2.5,144.0,80.9,80.94542769361824
2024-11-26,Niš,PM2.5,171.0,112.0,88.9375640552955
2024-11-27,Niš,PM2.5,112.0,83.65,70.68848549256423
2024-11-28,Niš,PM2.5,86.0,83.45,59.53587110294296
2024-11-29,Niš,PM2.5,86.0,36.65,54.95516177539061
2024-11-30,Niš,PM2.5,30.0,24.55,24.03309879232272
2024-12-01,Niš,PM2.5,8.0,4.52,15.359823395734011
2024-12-02,Niš,PM2.5,36.0,10.93,30.903603843075462
2024-12-03,Niš,PM2.5,33.0,29.5,32.02874813115761
2024-12-04,Niš,PM2.5,57.0,26.8,41.887074038196246
2024-12-05,Niš,PM2.5,40.0,36.4,31.66184268670619
2024-12-06,Niš,PM2.5,20.0,22.5,22.64183954827595
2024-12-07,Niš,PM2.5,66.0,36.65,48.89252989624408
2024-12-08,Niš,PM2.5,36.0,26.55,30.77760418615208
2024-12-09,Niš,PM2.5,65.0,57.8,46.7858288624874
2024-12-10,Niš,PM2.5,54.0,30.55,41.4214416662301
2024-12-11,Niš,PM2.5,37.0,26.6,30.983447006544445
2024-12-12,Niš,PM2.5,51.0,25.15,37.492264397420215
2024-12-13,Niš,PM2.5,56.0,42.25,45.81309057966228
2024-12-14,Niš,PM2.5,75.0,68.69999999999999,51.63572935561006
2024-12-15,Niš,PM2.5,62.0,34.4,46.04973237894029
2024-12-16,Niš,PM2.5,122.0,59.35,69.90568289101878
2024-12-17,Niš,PM2.5,97.0,85.6,69.50900283026611
2024-12-18,Niš,PM2.5,125.0,97.75,76.33738103765103
2024-12-19,Niš,PM2.5,50.0,113.0,41.77136175074667
2024-12-20,Niš,PM2.5,11.0,57.05,20.43379423196394
2024-12-21,Niš,PM2.5,36.0,10.85,25.19767671171037
2024-12-22,Niš,PM2.5,71.0,39.25,54.71461532616805
2024-12-23,Niš,PM2.5,16.0,24.8,20.115608632541758
2024-12-24,Niš,PM2.5,24.0,9.92,23.93598384025116
2024-12-25,Niš,PM2.5,47.0,18.65,33.39628458557142
2024-12-26,Niš,PM2.5,45.0,31.2,34.56144694737339
2024-12-27,Niš,PM2.5,54.0,35.75,40.56860005965067
2024-12-28,Niš,PM2.5,107.0,65.0,71.25182418086834
2024-12-29,Niš,PM2.5,119.0,101.3,74.39539324587962
2024-12-30,Niš,PM2.5,125.0,110.3,76.33738103765103
2024-12-31,Niš,PM2.5,149.0,120.0,93.29909171058269
2022-12-30,Novi Pazar,PM2.5,520.0,165.0,94.39154717193104
2022-12-31,Novi Pazar,PM2.5,212.0,132.0,94.94190813157871
2023-01-01,Novi Pazar,PM2.5,234.0,135.0,94.83190573070766
2023-01-02,Novi Pazar,PM2.5,251.0,138.0,94.83190573070766
2023-01-03,Novi Pazar,PM2.5,267.0,135.0,94.94190813157871
2023-01-04,Novi Pazar,PM2.5,244.0,132.0,97.3248304181736
2023-01-05,Novi Pazar,PM2.5,140.0,81.7,86.61904348965089
2023-01-06,Novi Pazar,PM2.5,206.0,109.0,94.33014980044382
2023-01-07,Novi Pazar,PM2.5,208.0,112.0,94.94190813157871
2023-01-08,Novi Pazar,PM2.5,202.0,115.0,87.50854082464676
2023-01-09,Novi Pazar,PM2.5,189.0,115.0,84.68493801844846
2023-01-10,Novi Pazar,PM2.5,109.0,67.7,64.86321411147046
2023-01-11,Novi Pazar,PM2.5,87.0,34.2,54.01758781190064
2023-01-12,Novi Pazar,PM2.5,119.0,71.7,68.34937034872152
2023-01-13,Novi Pazar,PM2.5,122.0,77.7,73.75302608588466
2023-01-14,Novi Pazar,PM2.5,123.0,83.1,67.61014870055232
2023-01-15,Novi Pazar,PM2.5,125.0,77.7,75.3348012340144
2023-01-16,Novi Pazar,PM2.5,256.0,147.0,86.2973079985897
2023-01-17,Novi Pazar,PM2.5,113.0,74.1,60.80559470698214
2023-01-18,Novi Pazar,PM2.5,93.0,43.7,52.58996178554476
2023-01-19,Novi Pazar,PM2.5,104.0,54.7,61.624529273096
2023-01-20,Novi Pazar,PM2.5,50.0,25.2,34.79548286292134
2023-01-21,Novi Pazar,PM2.5,92.0,42.1,57.09508092428264
2023-01-22,Novi Pazar,PM2.5,134.0,81.6,85.26865127119746
2023-01-23,Novi Pazar,PM2.5,52.0,28.8,34.07704074707826
2023-01-24,Novi Pazar,PM2.5,45.0,26.5,31.62664647114239
2023-01-25,Novi Pazar,PM2.5,42.0,22.0,32.91031818830665
2023-01-26,Novi Pazar,PM2.5,39.0,23.6,31.13343092111502
2023-01-27,Novi Pazar,PM2.5,40.0,24.2,28.50920763799518
2023-01-28,Novi Pazar,PM2.5,42.0,25.4,32.62640853690593
2023-01-29,Novi Pazar,PM2.5,46.0,27.6,33.80429756805701
2023-01-30,Novi Pazar,PM2.5,48.0,49.4,41.3090493755949
2023-01-31,Novi Pazar,PM2.5,66.0,49.9,42.90018250822003
2023-02-01,Novi Pazar,PM2.5,72.0,49.7,50.38314102882034
2023-02-02,Novi Pazar,PM2.5,70.0,48.3,48.0950747573788
2023-02-03,Novi Pazar,PM2.5,78.0,49.2,46.392482941363504
2023-02-04,Novi Pazar,PM2.5,47.0,24.8,28.33919103019248
2023-02-05,Novi Pazar,PM2.5,26.0,16.6,17.455382982568455
2023-02-06,Novi Pazar,PM2.5,44.0,34.4,27.51909635482057
2023-02-07,Novi Pazar,PM2.5,55.0,44.1,34.90682802711524
2023-02-08,Novi Pazar,PM2.5,63.0,52.9,42.22707828031052
2023-02-09,Novi Pazar,PM2.5,66.0,61.8,55.20551659264427
2023-02-10,Novi Pazar,PM2.5,83.0,77.2,62.6576805272052
2023-02-11,Novi Pazar,PM2.5,123.0,84.7,73.01579991479282
2023-02-12,Novi Pazar,PM2.5,146.0,110.0,72.81303294133687
2023-02-13,Novi Pazar,PM2.5,135.0,101.0,79.39689296565807
2023-02-14,Novi Pazar,PM2.5,151.0,105.0,93.26491854372073
2023-02-15,Novi Pazar,PM2.5,129.0,84.7,75.68149705280916
2023-02-16,Novi Pazar,PM2.5,122.0,102.0,71.5127868243263
2023-02-17,Novi Pazar,PM2.5,134.0,89.5,77.72540690562067
2023-02-18,Novi Pazar,PM2.5,80.0,64.0,57.59106089259796
2023-02-19,Novi Pazar,PM2.5,112.0,55.5,70.6592035926731
2023-02-20,Novi Pazar,PM2.5,87.0,63.6,56.83727241391109
2023-02-21,Novi Pazar,PM2.5,108.0,66.8,71.93720494660074
2023-02-22,Novi Pazar,PM2.5,105.0,63.8,71.89923772151441
2023-02-23,Novi Pazar,PM2.5,119.0,69.2,72.2657464768257
2023-02-24,Novi Pazar,PM2.5,98.0,67.2,67.79771543239674
2023-02-25,Novi Pazar,PM2.5,78.0,58.3,44.47784206947674
2023-02-26,Novi Pazar,PM2.5,45.0,24.3,31.936935834721208
2023-02-27,Novi Pazar,PM2.5,46.0,25.0,34.84575436111921
2023-02-28,Novi Pazar,PM2.5,54.0,31.4,45.011704958660246
2023-03-01,Novi Pazar,PM2.5,61.0,36.3,43.33676012804563
2023-03-02,Novi Pazar,PM2.5,45.0,28.5,32.7629306154167
2023-03-03,Novi Pazar,PM2.5,43.0,26.7,31.557270721032506
2023-03-04,Novi Pazar,PM2.5,48.0,30.5,39.04318628136546
2023-03-05,Novi Pazar,PM2.5,68.0,45.7,47.0080413943256
2023-03-06,Novi Pazar,PM2.5,71.0,54.1,51.29914009129445
2023-03-07,Novi Pazar,PM2.5,68.0,48.3,49.72448180399402
2023-03-08,Novi Pazar,PM2.5,72.0,53.1,49.57568557782618
2023-03-09,Novi Pazar,PM2.5,80.0,55.7,47.01340740825189
2023-03-10,Novi Pazar,PM2.5,96.0,58.0,59.76175745524223
2023-03-11,Novi Pazar,PM2.5,64.0,30.6,41.04040894869589
2023-03-12,Novi Pazar,PM2.5,45.0,30.8,33.430488582060946
2023-03-13,Novi Pazar,PM2.5,41.0,51.9,32.9879119629706
2023-03-14,Novi Pazar,PM2.5,77.0,53.3,50.52186009789706
2023-03-15,Novi Pazar,PM2.5,60.0,39.4,40.087737496465216
2023-03-16,Novi Pazar,PM2.5,44.0,25.9,26.627053728735337
2023-03-17,Novi Pazar,PM2.5,55.0,33.0,42.44757970769821
2023-03-18,Novi Pazar,PM2.5,77.0,52.5,52.627594497412325
2023-03-19,Novi Pazar,PM2.5,85.0,49.4,58.7605299653507
2023-03-20,Novi Pazar,PM2.5,68.0,47.3,47.40851804672498
2023-03-21,Novi Pazar,PM2.5,66.0,46.9,46.45735621760489
2023-03-22,Novi Pazar,PM2.5,68.0,43.2,46.51687087109952
2023-03-23,Novi Pazar,PM2.5,75.0,45.7,52.627594497412325
2023-03-24,Novi Pazar,PM2.5,53.0,37.3,41.47547397861877
2023-03-25,Novi Pazar,PM2.5,35.0,18.9,27.03803703886044
2023-03-26,Novi Pazar,PM2.5,32.0,17.6,26.31016388336901
2023-03-27,Novi Pazar,PM2.5,34.0,17.8,21.44417985603953
2023-03-28,Novi Pazar,PM2.5,25.0,12.2,17.522989905651823
2023-03-29,Novi Pazar,PM2.5,47.0,28.0,31.38056746308068
2023-03-30,Novi Pazar,PM2.5,47.0,34.7,38.464504734586136
2023-03-31,Novi Pazar,PM2.5,37.0,27.9,29.141239094435768
2023-04-01,Novi Pazar,PM2.5,39.0,29.7,25.528735657516307
2023-04-02,Novi Pazar,PM2.5,41.0,27.5,29.26940817946138
2023-04-03,Novi Pazar,PM2.5,46.0,28.3,28.12885233181261
2023-04-04,Novi Pazar,PM2.5,42.0,27.1,25.0063316993776
2023-04-05,Novi Pazar,PM2.5,53.0,29.9,35.16614141158579
2023-04-06,Novi Pazar,PM2.5,60.0,51.6,38.77867039498231
2023-04-07,Novi Pazar,PM2.5,63.0,55.3,41.245491791068034
2023-04-08,Novi Pazar,PM2.5,63.0,55.3,42.42637708998486
2023-04-09,Novi Pazar,PM2.5,83.0,70.9,51.2317637972465
2023-04-10,Novi Pazar,PM2.5,50.0,34.5,30.151314727907423
2023-04-11,Novi Pazar,PM2.5,80.0,57.9,47.015321849901234
2023-04-12,Novi Pazar,PM2.5,46.0,40.1,34.128907572657226
2023-04-13,Novi Pazar,PM2.5,49.0,36.5,31.89481270103044
2023-04-14,Novi Pazar,PM2.5,38.0,26.7,24.26919975806565
2023-04-15,Novi Pazar,PM2.5,38.0,24.2,25.29765530739759
2023-04-16,Novi Pazar,PM2.5,51.0,31.7,32.53103007697192
2023-04-17,Novi Pazar,PM2.5,56.0,45.5,33.64828224996321
2023-04-18,Novi Pazar,PM2.5,29.0,21.8,18.848426587579905
2023-04-19,Novi Pazar,PM2.5,50.0,31.1,31.15796246211515
2023-04-20,Novi Pazar,PM2.5,60.0,40.3,38.87292718463874
2023-04-21,Novi Pazar,PM2.5,48.0,34.3,31.25201685084636
2023-04-22,Novi Pazar,PM2.5,39.0,32.3,25.62553886575555
2023-04-23,Novi Pazar,PM2.5,34.0,27.1,20.955635801778183
2023-04-24,Novi Pazar,PM2.5,35.0,23.4,22.083268763120383
2023-04-25,Novi Pazar,PM2.5,32.0,19.2,20.507300964853027
2023-04-26,Novi Pazar,PM2.5,31.0,16.9,17.75148585673107
2023-04-27,Novi Pazar,PM2.5,34.0,23.3,21.69486043912704
2023-04-28,Novi Pazar,PM2.5,38.0,27.5,26.308224860622957
2023-04-29,Novi Pazar,PM2.5,72.0,44.1,44.149606613404046
2023-04-30,Novi Pazar,PM2.5,44.0,29.6,28.99092507639148
2023-05-01,Novi Pazar,PM2.5,27.0,18.6,16.460409685463965
2023-05-02,Novi Pazar,PM2.5,29.0,23.2,16.650050758388787
2023-05-03,Novi Pazar,PM2.5,26.0,18.0,15.074410225714232
2023-05-04,Novi Pazar,PM2.5,27.0,16.2,15.818834746259627
2023-05-05,Novi Pazar,PM2.5,31.0,22.4,17.817728188765706
2023-05-06,Novi Pazar,PM2.5,25.0,18.6,16.608185657963965
2023-05-07,Novi Pazar,PM2.5,21.0,15.0,15.049913544717391
2023-05-08,Novi Pazar,PM2.5,22.0,17.5,14.737418866945031
2023-05-09,Novi Pazar,PM2.5,21.0,13.1,16.266711291693095
2023-05-10,Novi Pazar,PM2.5,16.0,11.3,13.188120444329396
2023-05-11,Novi Pazar,PM2.5,29.0,18.0,15.8163007706724
2023-05-12,Novi Pazar,PM2.5,30.0,19.6,17.476125400958455
2023-05-13,Novi Pazar,PM2.5,25.0,16.1,16.57978305143474
2023-05-14,Novi Pazar,PM2.5,34.0,22.2,18.62629345296273
2023-05-15,Novi Pazar,PM2.5,29.0,25.9,16.596823848358497
2023-05-16,Novi Pazar,PM2.5,28.0,21.3,15.803631938872588
2023-05-17,Novi Pazar,PM2.5,14.0,11.8,12.8718461906769
2023-05-18,Novi Pazar,PM2.5,21.0,8.49,13.549212206686873
2023-05-19,Novi Pazar,PM2.5,27.0,19.2,16.94245946669089
2023-05-20,Novi Pazar,PM2.5,28.0,22.3,16.83697802504833
2023-05-21,Novi Pazar,PM2.5,22.0,18.4,14.52879988250233
2023-05-22,Novi Pazar,PM2.5,16.0,15.2,13.255276185158554
2023-05-23,Novi Pazar,PM2.5,19.0,16.4,14.387786340799508
2023-05-24,Novi Pazar,PM2.5,23.0,17.0,16.426227474471375
2023-05-25,Novi Pazar,PM2.5,32.0,25.3,18.48814476968384
2023-05-26,Novi Pazar,PM2.5,24.0,17.7,16.31343052685592
2023-05-27,Novi Pazar,PM2.5,21.0,15.7,15.05928450981712
2023-05-28,Novi Pazar,PM2.5,22.0,17.9,15.169286910688172
2023-05-29,Novi Pazar,PM2.5,17.0,13.2,13.658380820163131
2023-05-30,Novi Pazar,PM2.5,16.0,11.6,12.773988121724788
2023-05-31,Novi Pazar,PM2.5,14.0,10.2,12.473935381355608
2023-06-01,Novi Pazar,PM2.5,15.0,12.4,11.974824840727155
2023-06-02,Novi Pazar,PM2.5,10.0,8.53,10.3444413535002
2023-06-03,Novi Pazar,PM2.5,23.0,14.9,16.167380874002216
2023-06-04,Novi Pazar,PM2.5,12.0,9.95,12.133135749077972
2023-06-05,Novi Pazar,PM2.5,13.0,9.61,12.50870300586632
2023-06-06,Novi Pazar,PM2.5,18.0,11.9,14.24520512179149
2023-06-07,Novi Pazar,PM2.5,25.0,13.9,15.739699321762282
2023-06-08,Novi Pazar,PM2.5,8.0,9.62,10.269351660915513
2023-09-22,Novi Pazar,PM2.5,7.0,16.0,10.3754362511146
2023-11-02,Novi Pazar,PM2.5,36.0,42.4,27.136593059901887
2023-11-04,Novi Pazar,PM2.5,66.0,39.5,46.69082012552508
2023-11-05,Novi Pazar,PM2.5,51.0,33.2,30.39167204381978
2023-11-06,Novi Pazar,PM2.5,52.0,32.9,40.8344304251134
2023-11-07,Novi Pazar,PM2.5,87.0,75.6,54.16394122978684
2023-11-08,Novi Pazar,PM2.5,36.0,38.7,26.913350125800992
2023-11-09,Novi Pazar,PM2.5,70.0,44.7,52.31947379118434
2023-11-10,Novi Pazar,PM2.5,78.0,62.7,46.4281865278942
2023-11-11,Novi Pazar,PM2.5,54.0,49.8,35.20655698509903
2023-11-12,Novi Pazar,PM2.5,76.0,55.7,49.011092545797176
2023-11-13,Novi Pazar,PM2.5,69.0,58.1,52.27077476400623
2023-11-14,Novi Pazar,PM2.5,113.0,80.0,68.15559593446267
2023-11-15,Novi Pazar,PM2.5,81.0,60.2,50.34289882143729
2023-11-16,Novi Pazar,PM2.5,77.0,62.6,53.55618375757054
2023-11-17,Novi Pazar,PM2.5,23.0,46.1,20.57644327452239
2023-11-18,Novi Pazar,PM2.5,6.0,10.1,12.418808720949356
2023-11-19,Novi Pazar,PM2.5,68.0,49.6,46.02427825479117
2023-11-20,Novi Pazar,PM2.5,165.0,82.8,83.02198337973468
2023-11-21,Novi Pazar,PM2.5,140.0,109.0,77.1350529128538
2023-11-22,Novi Pazar,PM2.5,80.0,72.3,47.716959319063726
2023-11-23,Novi Pazar,PM2.5,29.0,45.6,23.682973469330413
2023-11-24,Novi Pazar,PM2.5,4.0,72.1,17.242986131633646
2023-11-25,Novi Pazar,PM2.5,19.0,33.9,14.979088491731217
2023-11-26,Novi Pazar,PM2.5,32.0,32.0,21.52488685413569
2023-11-27,Novi Pazar,PM2.5,136.0,93.9,83.08754080208645
2023-11-28,Novi Pazar,PM2.5,181.0,147.0,86.50245685285113
2023-11-29,Novi Pazar,PM2.5,85.0,87.7,55.04080590757331
2023-11-30,Novi Pazar,PM2.5,192.0,80.7,83.6000278338114
2023-12-01,Novi Pazar,PM2.5,8.0,75.0,15.1879071660099
2023-12-02,Novi Pazar,PM2.5,53.0,53.6,32.770477540090184
2023-12-03,Novi Pazar,PM2.5,24.0,24.2,22.907845235122355
2023-12-04,Novi Pazar,PM2.5,93.0,56.1,65.34406992767933
2023-12-05,Novi Pazar,PM2.5,99.0,110.0,69.66945299326244
2023-12-06,Novi Pazar,PM2.5,40.0,100.0,30.317528117683658
2023-12-07,Novi Pazar,PM2.5,78.0,55.8,49.59445734712247
2023-12-08,Novi Pazar,PM2.5,66.0,53.0,49.879658251831415
2023-12-09,Novi Pazar,PM2.5,80.0,56.3,58.487933085438726
2023-12-10,Novi Pazar,PM2.5,210.0,122.0,91.18195303284122
2023-12-11,Novi Pazar,PM2.5,181.0,119.0,89.4282499935445
2023-12-12,Novi Pazar,PM2.5,316.0,144.0,88.97428802819333
2023-12-13,Novi Pazar,PM2.5,352.0,217.0,91.52308541140552
2023-12-14,Novi Pazar,PM2.5,157.0,127.0,90.12232863133268
2023-12-15,Novi Pazar,PM2.5,24.0,49.3,16.95255161298323
2023-12-16,Novi Pazar,PM2.5,59.0,33.9,37.27762774247852
2023-12-17,Novi Pazar,PM2.5,133.0,84.3,85.81901223084512
2023-12-18,Novi Pazar,PM2.5,290.0,139.0,94.94190813157871
2023-12-19,Novi Pazar,PM2.5,254.0,166.0,94.83190573070766
2023-12-20,Novi Pazar,PM2.5,250.0,185.0,87.38544553856656
2023-12-21,Novi Pazar,PM2.5,202.0,141.0,84.17241474594255
2023-12-22,Novi Pazar,PM2.5,174.0,101.0,90.01232623046162
2023-12-23,Novi Pazar,PM2.5,157.0,86.9,87.49834042584766
2023-12-24,Novi Pazar,PM2.5,162.0,95.4,94.657998480178
2023-12-25,Novi Pazar,PM2.5,221.0,108.0,87.06818226587015
2023-12-26,Novi Pazar,PM2.5,133.0,124.0,85.64761245848683
2023-12-27,Novi Pazar,PM2.5,188.0,107.0,94.94190813157871
2023-12-28,Novi Pazar,PM2.5,221.0,123.0,94.39154717193104
2023-12-29,Novi Pazar,PM2.5,147.0,139.0,86.72904589052195
2023-12-30,Novi Pazar,PM2.5,235.0,141.0,94.94190813157871
2023-12-31,Novi Pazar,PM2.5,303.0,161.0,94.94190813157871
2024-01-01,Novi Pazar,PM2.5,144.0,139.0,79.23515220652392
2024-01-02,Novi Pazar,PM2.5,127.0,76.7,68.63079908603572
2024-01-03,Novi Pazar,PM2.5,233.0,142.0,89.75270521309974
2024-01-04,Novi Pazar,PM2.5,143.0,89.7,79.23515220652392
2024-01-05,Novi Pazar,PM2.5,338.0,148.0,93.4045631577458
2024-01-06,Novi Pazar,PM2.5,236.0,139.0,88.95041962205762
2024-01-07,Novi Pazar,PM2.5,9.0,85.7,19.62377921257441
2024-01-08,Novi Pazar,PM2.5,32.0,21.4,25.317459416668644
2024-01-09,Novi Pazar,PM2.5,16.0,28.0,20.101070979459365
2024-01-10,Novi Pazar,PM2.5,49.0,35.0,43.043974039071855
2024-01-11,Novi Pazar,PM2.5,102.0,73.6,71.28339585796505
2024-01-12,Novi Pazar,PM2.5,48.0,77.6,40.24959532728422
2024-01-13,Novi Pazar,PM2.5,87.0,73.9,63.90065838912439
2024-01-14,Novi Pazar,PM2.5,182.0,126.0,78.91189542091206
2024-01-15,Novi Pazar,PM2.5,330.0,167.0,88.42392706854567
2024-01-16,Novi Pazar,PM2.5,119.0,69.1,67.61400621014101
2024-01-17,Novi Pazar,PM2.5,324.0,126.0,91.52308541140552
2024-01-18,Novi Pazar,PM2.5,223.0,122.0,85.55546530802016
2024-01-19,Novi Pazar,PM2.5,55.0,60.8,36.2388663738611
2024-01-20,Novi Pazar,PM2.5,47.0,28.1,29.603891373226336
2024-01-21,Novi Pazar,PM2.5,96.0,79.1,70.36660303682328
2024-01-22,Novi Pazar,PM2.5,158.0,142.0,88.28611605041314
2024-01-23,Novi Pazar,PM2.5,351.0,154.0,81.04392648323717
2024-01-24,Novi Pazar,PM2.5,206.0,148.0,86.58908704374373
2024-01-25,Novi Pazar,PM2.5,226.0,128.0,86.44686476391092
2024-01-26,Novi Pazar,PM2.5,212.0,103.0,74.83006067302367
2024-01-27,Novi Pazar,PM2.5,44.0,66.8,27.316629677239664
2024-01-28,Novi Pazar,PM2.5,39.0,55.4,24.749720707135147
2024-01-29,Novi Pazar,PM2.5,109.0,34.1,65.03700872615602
2024-01-30,Novi Pazar,PM2.5,105.0,71.5,71.89923772151441
2024-01-31,Novi Pazar,PM2.5,144.0,103.0,78.6354405652975
2024-02-01,Novi Pazar,PM2.5,199.0,116.0,78.09635297005934
2024-02-02,Novi Pazar,PM2.5,112.0,86.2,63.94694884872058
2024-02-03,Novi Pazar,PM2.5,168.0,90.3,78.73931022168769
2024-02-04,Novi Pazar,PM2.5,175.0,107.0,86.64082638155821
2024-02-05,Novi Pazar,PM2.5,98.0,85.2,68.97606526961685
2024-02-06,Novi Pazar,PM2.5,100.0,79.3,68.17383988334592
2024-02-07,Novi Pazar,PM2.5,121.0,82.9,70.6592035926731
2024-02-08,Novi Pazar,PM2.5,112.0,78.9,70.6592035926731
2024-02-09,Novi Pazar,PM2.5,116.0,88.0,68.71632847484558
2024-02-10,Novi Pazar,PM2.5,17.0,60.2,17.166472019436398
2024-02-11,Novi Pazar,PM2.5,63.0,28.4,38.283749713345806
2024-02-12,Novi Pazar,PM2.5,52.0,48.9,38.134538442961045
2024-02-13,Novi Pazar,PM2.5,19.0,33.5,19.06321734283601
2024-02-14,Novi Pazar,PM2.5,78.0,30.3,44.41258718840081
2024-02-15,Novi Pazar,PM2.5,94.0,65.0,65.5424470692634
2024-02-16,Novi Pazar,PM2.5,118.0,73.1,72.2657464768257
2024-02-17,Novi Pazar,PM2.5,142.0,76.6,78.6354405652975
2024-02-18,Novi Pazar,PM2.5,90.0,77.8,61.626542680076405
2024-02-19,Novi Pazar,PM2.5,96.0,69.5,69.40425831654935
2024-02-20,Novi Pazar,PM2.5,82.0,83.5,55.80369610521883
2024-02-21,Novi Pazar,PM2.5,81.0,60.0,55.80369610521883
2024-02-22,Novi Pazar,PM2.5,76.0,63.4,54.593213820295176
2024-02-23,Novi Pazar,PM2.5,48.0,49.3,29.889259414387823
2024-02-24,Novi Pazar,PM2.5,54.0,16.4,33.245403764260026
2024-02-25,Novi Pazar,PM2.5,61.0,41.4,44.80688710020566
2024-02-26,Novi Pazar,PM2.5,76.0,50.8,54.55818814163728
2024-02-27,Novi Pazar,PM2.5,52.0,44.5,43.21334084461575
2024-02-28,Novi Pazar,PM2.5,76.0,57.4,56.11130776431364
2024-02-29,Novi Pazar,PM2.5,14.0,51.3,19.0479365679887
2024-03-01,Novi Pazar,PM2.5,72.0,31.1,43.65105283293609
2024-03-02,Novi Pazar,PM2.5,52.0,41.8,36.998158270883614
2024-03-03,Novi Pazar,PM2.5,64.0,38.5,44.29540754021903
2024-03-04,Novi Pazar,PM2.5,46.0,48.9,34.21684493258266
2024-03-05,Novi Pazar,PM2.5,81.0,50.9,53.44329117901099
2024-03-06,Novi Pazar,PM2.5,47.0,46.7,33.99282066549439
2024-03-07,Novi Pazar,PM2.5,27.0,24.7,23.14653285702993
2024-03-08,Novi Pazar,PM2.5,10.0,21.8,18.707028984573093
2024-03-09,Novi Pazar,PM2.5,52.0,40.8,36.68209920849233
2024-03-10,Novi Pazar,PM2.5,62.0,46.7,40.10992866340094
2024-03-11,Novi Pazar,PM2.5,56.0,39.8,33.94076449665725
2024-03-12,Novi Pazar,PM2.5,33.0,28.1,25.56808444316241
2024-03-13,Novi Pazar,PM2.5,50.0,27.6,32.89442887892534
2024-03-14,Novi Pazar,PM2.5,57.0,42.0,37.35241670776392
2024-03-15,Novi Pazar,PM2.5,55.0,42.9,38.2206791419863
2024-03-16,Novi Pazar,PM2.5,73.0,45.1,48.12047051072528
2024-03-17,Novi Pazar,PM2.5,63.0,51.2,43.41628088688369
2024-03-18,Novi Pazar,PM2.5,45.0,42.2,31.91654616995235
2024-03-19,Novi Pazar,PM2.5,63.0,24.8,39.69273071754839
2024-03-20,Novi Pazar,PM2.5,69.0,30.4,51.32841339111984
2024-03-21,Novi Pazar,PM2.5,76.0,44.8,52.66556172249864
2024-03-22,Novi Pazar,PM2.5,66.0,49.5,51.06196208287288
2024-03-23,Novi Pazar,PM2.5,72.0,45.6,51.40119655636631
2024-03-24,Novi Pazar,PM2.5,18.0,28.4,20.22736497089973
2024-03-25,Novi Pazar,PM2.5,64.0,27.9,43.30627848601263
2024-03-26,Novi Pazar,PM2.5,49.0,40.6,32.33689099997826
2024-03-27,Novi Pazar,PM2.5,33.0,65.2,22.9999968039378
2024-03-28,Novi Pazar,PM2.5,55.0,30.3,33.78365778732043
2024-03-29,Novi Pazar,PM2.5,44.0,39.1,33.93684822385334
2024-03-30,Novi Pazar,PM2.5,42.0,24.3,30.193866142434203
2024-03-31,Novi Pazar,PM2.5,31.0,39.5,22.32827859690997
2024-04-01,Novi Pazar,PM2.5,33.0,43.4,22.933301043082377
2024-04-02,Novi Pazar,PM2.5,19.0,13.2,17.13250335189703
2024-04-03,Novi Pazar,PM2.5,28.0,21.9,23.53049341948303
2024-04-04,Novi Pazar,PM2.5,29.0,21.2,21.971923670026943
2024-04-05,Novi Pazar,PM2.5,33.0,20.6,25.48516607177421
2024-04-06,Novi Pazar,PM2.5,24.0,20.7,21.41497000569092
2024-04-07,Novi Pazar,PM2.5,24.0,17.0,20.194930815840788
2024-04-08,Novi Pazar,PM2.5,21.0,17.7,20.32587221234687
2024-04-09,Novi Pazar,PM2.5,30.0,21.1,23.72073790194002
2024-04-10,Novi Pazar,PM2.5,12.0,21.2,16.775266095610824
2024-04-11,Novi Pazar,PM2.5,15.0,17.2,16.43005633480568
2024-04-12,Novi Pazar,PM2.5,27.0,23.5,21.203564520267623
2024-04-13,Novi Pazar,PM2.5,25.0,23.4,21.203564520267623
2024-04-14,Novi Pazar,PM2.5,17.0,13.7,18.759920298998157
2024-04-15,Novi Pazar,PM2.5,27.0,20.0,19.65937311499991
2024-04-17,Novi Pazar,PM2.5,16.0,8.08,13.096529137877027
2024-04-18,Novi Pazar,PM2.5,29.0,19.6,18.80694191231277
2024-04-19,Novi Pazar,PM2.5,26.0,25.5,18.583924609056744
2024-04-20,Novi Pazar,PM2.5,28.0,23.2,20.327978066162046
2024-04-21,Novi Pazar,PM2.5,40.0,22.6,24.295472001870365
2024-04-22,Novi Pazar,PM2.5,56.0,27.0,39.62245331305159
2024-04-23,Novi Pazar,PM2.5,45.0,60.2,26.737230412986232
2024-04-24,Novi Pazar,PM2.5,17.0,25.6,14.765518930055496
2024-04-25,Novi Pazar,PM2.5,35.0,21.2,22.27960901954389
2024-04-26,Novi Pazar,PM2.5,37.0,19.7,24.672470074337685
2024-04-27,Novi Pazar,PM2.5,23.0,19.9,18.57175909721262
2024-04-28,Novi Pazar,PM2.5,15.0,17.5,14.485547396421117
2024-04-29,Novi Pazar,PM2.5,13.0,13.4,14.210911797736404
2024-04-30,Novi Pazar,PM2.5,31.0,14.6,19.32338321725102
2024-05-01,Novi Pazar,PM2.5,18.0,15.7,13.87195997435666
2024-05-02,Novi Pazar,PM2.5,6.0,14.8,10.297863038212196
2024-05-03,Novi Pazar,PM2.5,10.0,11.3,10.64684113006167
2024-05-04,Novi Pazar,PM2.5,12.0,15.8,10.921290521248473
2024-05-06,Novi Pazar,PM2.5,7.0,10.7,10.45966198568465
2024-05-07,Novi Pazar,PM2.5,13.0,10.5,12.369638797014176
2024-05-08,Novi Pazar,PM2.5,7.0,10.8,11.038343532463958
2024-05-09,Novi Pazar,PM2.5,8.0,11.6,10.4935684661979
2024-05-10,Novi Pazar,PM2.5,10.0,10.7,11.10403862845807
2024-05-11,Novi Pazar,PM2.5,13.0,10.9,13.129547015424526
2024-05-12,Novi Pazar,PM2.5,20.0,15.1,14.71318504345886
2024-05-13,Novi Pazar,PM2.5,10.0,14.6,11.54218947638962
2024-05-14,Novi Pazar,PM2.5,8.0,15.5,10.681753838348037
2024-05-15,Novi Pazar,PM2.5,23.0,16.8,15.291451175968325
2024-05-16,Novi Pazar,PM2.5,15.0,20.2,11.49969734049944
2024-05-17,Novi Pazar,PM2.5,9.0,22.3,10.377167488288787
2024-05-18,Novi Pazar,PM2.5,12.0,15.5,11.875761137099351
2024-05-19,Novi Pazar,PM2.5,6.0,14.9,10.52675195717434
2024-05-20,Novi Pazar,PM2.5,9.0,10.7,10.811753217115225
2024-05-21,Novi Pazar,PM2.5,19.0,26.8,13.548664721890855
2024-05-22,Novi Pazar,PM2.5,3.0,16.9,10.297863038212196
2024-05-23,Novi Pazar,PM2.5,6.0,8.0,10.03535888442552
2024-05-24,Novi Pazar,PM2.5,12.0,10.8,12.344440283007607
2024-05-25,Novi Pazar,PM2.5,11.0,11.6,11.74103226699935
2024-05-26,Novi Pazar,PM2.5,10.0,12.0,10.918172558593824
2024-05-27,Novi Pazar,PM2.5,8.0,9.91,10.565574057771093
2024-05-28,Novi Pazar,PM2.5,10.0,11.7,10.843546712418163
2024-05-29,Novi Pazar,PM2.5,12.0,12.6,11.938738613392928
2024-05-30,Novi Pazar,PM2.5,7.0,13.4,10.976946160976723
2024-05-31,Novi Pazar,PM2.5,10.0,13.4,10.401104904081858
2024-06-01,Novi Pazar,PM2.5,10.0,11.3,9.635353310914663
2024-06-02,Novi Pazar,PM2.5,9.0,9.9,10.888357091635829
2024-06-03,Novi Pazar,PM2.5,6.0,11.8,10.157236401377457
2024-06-04,Novi Pazar,PM2.5,5.0,8.55,10.264774779244927
2024-06-05,Novi Pazar,PM2.5,7.0,7.98,10.498240579877658
2024-06-06,Novi Pazar,PM2.5,12.0,7.81,11.798412206216652
2024-06-07,Novi Pazar,PM2.5,13.0,11.2,12.022152327458928
2024-06-08,Novi Pazar,PM2.5,16.0,12.9,13.046249056011272
2024-06-09,Novi Pazar,PM2.5,11.0,17.5,11.53200513785207
2024-06-10,Novi Pazar,PM2.5,7.0,15.6,9.28729980079476
2024-06-11,Novi Pazar,PM2.5,12.0,13.5,11.628283865415913
2024-06-12,Novi Pazar,PM2.5,12.0,15.7,12.136993258666667
2024-06-13,Novi Pazar,PM2.5,4.0,12.3,9.915261632186793
2024-06-14,Novi Pazar,PM2.5,9.0,7.85,9.86333617976551
2024-06-15,Novi Pazar,PM2.5,19.0,11.3,14.13745753275218
2024-06-16,Novi Pazar,PM2.5,15.0,12.5,12.450048459506592
2024-06-17,Novi Pazar,PM2.5,17.0,11.1,13.625128114924872
2024-06-18,Novi Pazar,PM2.5,18.0,14.7,13.776525975883237
2024-06-19,Novi Pazar,PM2.5,10.0,13.3,10.61822815557809
2024-06-20,Novi Pazar,PM2.5,19.0,20.0,14.027455131881126
2024-06-21,Novi Pazar,PM2.5,14.0,26.6,12.239245859415805
2024-06-22,Novi Pazar,PM2.5,16.0,28.4,12.898279430053895
2024-06-23,Novi Pazar,PM2.5,18.0,27.3,13.358215388743044
2024-06-24,Novi Pazar,PM2.5,11.0,18.7,12.000684283760323
2024-06-25,Novi Pazar,PM2.5,8.0,15.1,10.498240579877658
2024-06-26,Novi Pazar,PM2.5,8.0,15.5,10.15934926004446
2024-06-27,Novi Pazar,PM2.5,4.0,11.4,10.041810984487435
2024-06-28,Novi Pazar,PM2.5,24.0,11.7,16.41159733896186
2024-06-29,Novi Pazar,PM2.5,14.0,17.8,12.61579413695214
2024-06-30,Novi Pazar,PM2.5,16.0,13.8,13.004947377111224
2024-07-01,Novi Pazar,PM2.5,8.0,15.7,10.187833006631882
2024-07-02,Novi Pazar,PM2.5,6.0,11.6,9.672939631116291
2024-07-03,Novi Pazar,PM2.5,11.0,12.5,11.100790648718933
2024-07-04,Novi Pazar,PM2.5,13.0,12.0,11.903606729461504
2024-07-05,Novi Pazar,PM2.5,10.0,12.1,10.731852871166891
2024-07-06,Novi Pazar,PM2.5,16.0,11.3,12.84843455402748
2024-07-07,Novi Pazar,PM2.5,15.0,13.5,12.15735370079723
2024-07-08,Novi Pazar,PM2.5,19.0,16.1,13.980944709668432
2024-07-09,Novi Pazar,PM2.5,16.0,14.7,12.84843455402748
2024-07-10,Novi Pazar,PM2.5,16.0,15.0,12.810467328941156
2024-07-11,Novi Pazar,PM2.5,15.0,16.4,12.15735370079723
2024-07-12,Novi Pazar,PM2.5,15.0,16.5,12.15735370079723
2024-07-13,Novi Pazar,PM2.5,22.0,20.4,14.778084565664622
2024-07-14,Novi Pazar,PM2.5,12.0,17.8,11.49392975717553
2024-07-15,Novi Pazar,PM2.5,11.0,14.0,11.296223410781952
2024-07-22,Novi Pazar,PM2.5,32.0,21.0,18.960589879470984
2024-07-23,Novi Pazar,PM2.5,22.0,20.9,14.833130388488284
2024-07-24,Novi Pazar,PM2.5,21.0,19.2,14.397741203610757
2024-07-25,Novi Pazar,PM2.5,6.0,11.8,9.49126270607784
2024-07-26,Novi Pazar,PM2.5,15.0,11.5,12.212399523620892
2024-07-27,Novi Pazar,PM2.5,8.0,11.8,10.187833006631882
2024-07-28,Novi Pazar,PM2.5,10.0,9.86,10.461715332494345
2024-07-29,Novi Pazar,PM2.5,7.0,9.28,9.17543448155222
2024-07-30,Novi Pazar,PM2.5,11.0,10.8,10.764603823722716
2024-07-31,Novi Pazar,PM2.5,13.0,12.1,11.86563950437518
2024-08-01,Novi Pazar,PM2.5,14.0,14.0,12.239245859415805
2024-08-02,Novi Pazar,PM2.5,16.0,18.4,12.898279430053895
2024-08-03,Novi Pazar,PM2.5,13.0,19.2,11.683110644305108
2024-08-04,Novi Pazar,PM2.5,5.0,10.7,10.22593712334846
2024-08-05,Novi Pazar,PM2.5,11.0,11.6,11.452736233865698
2024-08-06,Novi Pazar,PM2.5,7.0,11.2,10.050688665265366
2024-08-07,Novi Pazar,PM2.5,6.0,8.5,10.226807554158606
2024-08-08,Novi Pazar,PM2.5,12.0,9.15,11.581741858288272
2024-08-09,Novi Pazar,PM2.5,12.0,13.8,11.628283865415913
2024-08-10,Novi Pazar,PM2.5,15.0,12.2,12.0676217973685
2024-08-11,Novi Pazar,PM2.5,12.0,11.3,11.705488403082938
2024-08-12,Novi Pazar,PM2.5,13.0,11.3,12.022152327458928
2024-08-13,Novi Pazar,PM2.5,13.0,11.0,12.022152327458928
2024-08-14,Novi Pazar,PM2.5,23.0,16.9,16.010040282945113
2024-08-15,Novi Pazar,PM2.5,24.0,17.9,16.010040282945113
2024-08-16,Novi Pazar,PM2.5,32.0,20.1,18.900432354626343
2024-08-17,Novi Pazar,PM2.5,29.0,23.1,16.635882549370955
2024-08-18,Novi Pazar,PM2.5,16.0,23.3,12.93624665514022
2024-08-19,Novi Pazar,PM2.5,16.0,16.4,12.77263774307532
2024-08-20,Novi Pazar,PM2.5,10.0,15.3,10.77212290574012
2024-08-21,Novi Pazar,PM2.5,14.0,12.0,12.294291682239464
2024-08-22,Novi Pazar,PM2.5,14.0,13.9,12.21708714457244
2024-08-23,Novi Pazar,PM2.5,10.0,10.6,10.61822815557809
2024-08-24,Novi Pazar,PM2.5,14.0,11.1,12.239245859415805
2024-08-25,Novi Pazar,PM2.5,18.0,12.8,13.735224296983189
2024-08-26,Novi Pazar,PM2.5,15.0,14.4,12.291707809037613
2024-08-27,Novi Pazar,PM2.5,35.0,17.3,21.0095444195405
2024-08-28,Novi Pazar,PM2.5,22.0,22.3,14.912438673905005
2024-08-29,Novi Pazar,PM2.5,27.0,18.6,15.763795556432616
2024-08-30,Novi Pazar,PM2.5,14.0,15.4,11.765169969273597
2024-08-31,Novi Pazar,PM2.5,15.0,14.2,12.0676217973685
2024-09-01,Novi Pazar,PM2.5,16.0,16.9,13.33085787190842
2024-09-02,Novi Pazar,PM2.5,16.0,16.4,13.655579178793293
2024-09-03,Novi Pazar,PM2.5,25.0,19.4,16.623460734511745
2024-09-04,Novi Pazar,PM2.5,28.0,22.7,17.249303000937587
2024-09-05,Novi Pazar,PM2.5,22.0,23.0,15.62319641551676
2024-09-06,Novi Pazar,PM2.5,9.0,18.1,11.056528543695116
2024-09-07,Novi Pazar,PM2.5,12.0,16.5,12.129907428778973
2024-09-08,Novi Pazar,PM2.5,20.0,17.0,15.01074442457968
2024-09-09,Novi Pazar,PM2.5,8.0,20.6,10.758776955077533
2024-09-10,Novi Pazar,PM2.5,8.0,7.29,9.368227825931449
2024-09-11,Novi Pazar,PM2.5,14.0,14.3,12.639234068151229
2024-09-12,Novi Pazar,PM2.5,11.0,14.3,12.109400687389334
2024-09-13,Novi Pazar,PM2.5,3.0,9.88,9.606351365443006
2024-09-14,Novi Pazar,PM2.5,9.0,4.68,11.259491421095989
2024-09-15,Novi Pazar,PM2.5,7.0,12.0,11.149124637060964
2024-09-16,Novi Pazar,PM2.5,12.0,7.89,12.731652373106272
2024-09-17,Novi Pazar,PM2.5,15.0,14.0,14.457655523666062
2024-09-18,Novi Pazar,PM2.5,21.0,18.3,16.366215090115695
2024-09-19,Novi Pazar,PM2.5,21.0,19.1,16.030711009133697
2024-09-20,Novi Pazar,PM2.5,14.0,18.7,13.40061436087706
2024-09-21,Novi Pazar,PM2.5,17.0,16.1,14.530509150855153
2024-09-22,Novi Pazar,PM2.5,23.0,16.7,17.037589231590566
2024-09-23,Novi Pazar,PM2.5,19.0,20.2,14.63757757827712
2024-09-24,Novi Pazar,PM2.5,16.0,31.1,13.826276541568854
2024-09-25,Novi Pazar,PM2.5,19.0,20.4,14.96237742701261
2024-09-26,Novi Pazar,PM2.5,13.0,17.3,12.386030047342446
2024-09-27,Novi Pazar,PM2.5,16.0,15.0,13.33085787190842
2024-09-28,Novi Pazar,PM2.5,16.0,15.4,13.61506982350722
2024-09-29,Novi Pazar,PM2.5,3.0,8.59,8.617957612536635
2024-09-30,Novi Pazar,PM2.5,22.0,11.9,14.79050351666077
2024-10-01,Novi Pazar,PM2.5,29.0,20.8,20.943318490832358
2024-10-02,Novi Pazar,PM2.5,36.0,25.5,26.33817186039572
2024-10-03,Novi Pazar,PM2.5,19.0,28.1,15.3723886546469
2024-10-04,Novi Pazar,PM2.5,10.0,21.8,11.828462456650556
2024-10-05,Novi Pazar,PM2.5,11.0,16.6,13.71489431297125
2024-10-06,Novi Pazar,PM2.5,11.0,14.7,12.840873354426092
2024-10-07,Novi Pazar,PM2.5,25.0,16.2,20.135015424099567
2024-10-08,Novi Pazar,PM2.5,29.0,20.4,19.488961848936032
2024-10-09,Novi Pazar,PM2.5,22.0,21.3,16.542096586477502
2024-10-10,Novi Pazar,PM2.5,26.0,24.9,17.57868886528262
2024-10-11,Novi Pazar,PM2.5,9.0,18.4,12.4997994899834
2024-10-12,Novi Pazar,PM2.5,31.0,16.0,20.14512294556918
2024-10-13,Novi Pazar,PM2.5,33.0,33.3,23.64984842857095
2024-10-14,Novi Pazar,PM2.5,44.0,30.6,31.978860655184363
2024-10-15,Novi Pazar,PM2.5,43.0,32.5,31.910960258038823
2024-10-16,Novi Pazar,PM2.5,34.0,30.7,27.19887501508501
2024-10-17,Novi Pazar,PM2.5,26.0,33.0,23.398928148907785
2024-10-18,Novi Pazar,PM2.5,36.0,37.6,27.61781532527452
2024-10-19,Novi Pazar,PM2.5,51.0,37.9,37.452756521308274
2024-10-20,Novi Pazar,PM2.5,48.0,41.3,37.29014106606039
2024-10-21,Novi Pazar,PM2.5,54.0,42.3,40.539065128432455
2024-10-22,Novi Pazar,PM2.5,62.0,50.1,46.77451116415151
2024-10-23,Novi Pazar,PM2.5,58.0,47.4,44.615423544774615
2024-10-24,Novi Pazar,PM2.5,59.0,51.7,44.78840342193924
2024-10-25,Novi Pazar,PM2.5,65.0,53.7,47.273950867810086
2024-10-26,Novi Pazar,PM2.5,75.0,53.1,51.383977766472704
2024-10-27,Novi Pazar,PM2.5,77.0,55.4,50.703476429290994
2024-10-28,Novi Pazar,PM2.5,60.0,48.8,44.73892758484326
2024-10-29,Novi Pazar,PM2.5,65.0,52.3,47.335348239297325
2024-10-30,Novi Pazar,PM2.5,58.0,45.3,45.08410269068288
2024-10-31,Novi Pazar,PM2.5,66.0,50.8,50.394268041652026
2024-11-01,Novi Pazar,PM2.5,62.0,53.1,49.11969703241397
2024-11-02,Novi Pazar,PM2.5,74.0,56.9,52.8980982570538
2024-11-03,Novi Pazar,PM2.5,56.0,44.0,39.238546681721445
2024-11-04,Novi Pazar,PM2.5,74.0,52.5,53.2604844888269
2024-11-05,Novi Pazar,PM2.5,106.0,65.6,69.74424418234894
2024-11-06,Novi Pazar,PM2.5,104.0,74.1,69.50994228509254
2024-11-07,Novi Pazar,PM2.5,135.0,92.0,75.66804756296348
2024-11-08,Novi Pazar,PM2.5,122.0,93.5,68.65906898684628
2024-11-09,Novi Pazar,PM2.5,121.0,87.2,68.53690107413111
2024-11-10,Novi Pazar,PM2.5,97.0,70.8,66.144092059763
2024-11-11,Novi Pazar,PM2.5,56.0,44.0,38.92282219581475
2024-11-12,Novi Pazar,PM2.5,33.0,36.5,29.07538173743919
2024-11-13,Novi Pazar,PM2.5,24.0,31.9,24.529205280781365
2024-11-14,Novi Pazar,PM2.5,28.0,38.4,23.22366528852188
2024-11-15,Novi Pazar,PM2.5,83.0,40.5,53.28328506613117
2024-11-16,Novi Pazar,PM2.5,103.0,65.0,65.87197409671316
2024-11-17,Novi Pazar,PM2.5,116.0,87.5,68.53690107413111
2024-11-18,Novi Pazar,PM2.5,150.0,131.0,90.30123168097248
2024-11-19,Novi Pazar,PM2.5,274.0,130.0,90.52282781737684
2024-11-20,Novi Pazar,PM2.5,5.0,83.9,13.973009427281964
2024-11-21,Novi Pazar,PM2.5,99.0,67.6,58.54332822318161
2024-11-22,Novi Pazar,PM2.5,30.0,89.3,19.37970432788026
2024-11-23,Novi Pazar,PM2.5,86.0,49.3,53.568122621967575
2024-11-24,Novi Pazar,PM2.5,124.0,99.2,70.4995842215934
2024-11-25,Novi Pazar,PM2.5,200.0,138.0,82.83350439849123
2024-11-26,Novi Pazar,PM2.5,297.0,147.0,83.75203080602923
2024-11-27,Novi Pazar,PM2.5,273.0,149.0,91.21306272888413
2024-11-28,Novi Pazar,PM2.5,166.0,133.0,87.09091629051767
2024-11-29,Novi Pazar,PM2.5,104.0,78.6,62.814411693777565
2024-11-30,Novi Pazar,PM2.5,95.0,87.3,54.20146493872855
2024-12-01,Novi Pazar,PM2.5,81.0,70.2,52.09855375842714
2024-12-02,Novi Pazar,PM2.5,163.0,99.5,91.3572103147882
2024-12-03,Novi Pazar,PM2.5,98.0,96.9,69.8729374624576
2024-12-04,Novi Pazar,PM2.5,117.0,84.8,66.92475565927279
2024-12-05,Novi Pazar,PM2.5,99.0,67.5,62.57440704133055
2024-12-06,Novi Pazar,PM2.5,7.0,81.7,18.54838427133987
2024-12-07,Novi Pazar,PM2.5,103.0,62.3,65.76812084335195
2024-12-08,Novi Pazar,PM2.5,131.0,62.8,75.22739289112445
2024-12-09,Novi Pazar,PM2.5,160.0,88.8,92.17355800819054
2024-12-10,Novi Pazar,PM2.5,55.0,80.1,39.128555801349606
2024-12-11,Novi Pazar,PM2.5,19.0,46.2,21.845783052301133
2024-12-12,Novi Pazar,PM2.5,55.0,22.6,39.98920612457607
2024-12-13,Novi Pazar,PM2.5,68.0,51.2,55.0066229136572
2024-12-14,Novi Pazar,PM2.5,116.0,85.5,65.13561530500596
2024-12-15,Novi Pazar,PM2.5,11.0,95.0,19.783531472186034
2024-12-16,Novi Pazar,PM2.5,73.0,65.8,56.336026979292754
2024-12-17,Novi Pazar,PM2.5,225.0,114.0,94.83190573070766
2024-12-18,Novi Pazar,PM2.5,195.0,120.0,94.94190813157871
2024-12-19,Novi Pazar,PM2.5,176.0,131.0,94.657998480178
2024-12-20,Novi Pazar,PM2.5,12.0,110.0,19.65803320751789
2024-12-21,Novi Pazar,PM2.5,74.0,43.0,43.30806208136213
2024-12-22,Novi Pazar,PM2.5,123.0,75.3,68.95357552730856
2024-12-23,Novi Pazar,PM2.5,14.0,118.0,18.12742352169601
2024-12-24,Novi Pazar,PM2.5,60.0,46.3,37.46380533958037
2024-12-25,Novi Pazar,PM2.5,107.0,73.6,62.07797983018485
2024-12-26,Novi Pazar,PM2.5,93.0,60.0,57.13292922477169
2024-12-27,Novi Pazar,PM2.5,145.0,69.1,86.44513623912124
2024-12-28,Novi Pazar,PM2.5,126.0,109.0,76.11237645978079
2024-12-29,Novi Pazar,PM2.5,92.0,99.0,65.2954648982955
2024-12-30,Novi Pazar,PM2.5,212.0,139.0,94.83190573070766
2024-12-31,Novi Pazar,PM2.5,208.0,144.0,94.94190813157871
2020-01-14,Novi Sad,PM2.5,46.0,61.6,41.08153168692141
2020-01-15,Novi Sad,PM2.5,50.0,73.3,42.55242520448922
2020-01-16,Novi Sad,PM2.5,50.0,57.8,42.99460643700721
2020-01-17,Novi Sad,PM2.5,39.0,47.4,33.89525748693282
2020-01-18,Novi Sad,PM2.5,46.0,61.4,39.158773975930806
2020-01-19,Novi Sad,PM2.5,31.0,39.0,31.54997923626529
2020-01-20,Novi Sad,PM2.5,50.0,60.5,41.679665977444365
2020-01-21,Novi Sad,PM2.5,39.0,51.4,35.11423491194461
2020-01-22,Novi Sad,PM2.5,46.0,63.8,41.08153168692141
2020-01-23,Novi Sad,PM2.5,37.0,47.8,35.00238261813856
2020-01-24,Novi Sad,PM2.5,52.0,82.1,45.33476981301305
2020-01-25,Novi Sad,PM2.5,106.0,121.2,67.49937730753929
2020-01-29,Novi Sad,PM2.5,21.0,19.6,20.824366558654333
2020-01-30,Novi Sad,PM2.5,15.0,19.8,18.915016776693736
2020-01-31,Novi Sad,PM2.5,10.0,16.1,14.861131220474972
2020-02-01,Novi Sad,PM2.5,8.0,11.6,19.29011660565616
2020-02-02,Novi Sad,PM2.5,8.0,9.5,16.39642109370246
2020-02-03,Novi Sad,PM2.5,15.0,16.8,16.184517419151472
2020-02-04,Novi Sad,PM2.5,8.0,10.9,13.066488839728034
2020-02-05,Novi Sad,PM2.5,5.0,6.8,13.202790614422945
2020-02-06,Novi Sad,PM2.5,22.0,17.1,19.637066365475658
2020-02-07,Novi Sad,PM2.5,27.0,22.1,22.148570563807592
2020-02-10,Novi Sad,PM2.5,12.0,17.0,14.427686185744673
2020-02-11,Novi Sad,PM2.5,5.0,8.2,13.984666700939275
2020-02-12,Novi Sad,PM2.5,7.0,11.4,18.88114014130683
2020-02-13,Novi Sad,PM2.5,18.0,18.2,23.136832874951622
2020-02-14,Novi Sad,PM2.5,24.0,21.4,22.334435870372445
2020-02-15,Novi Sad,PM2.5,33.0,36.4,31.566786061525985
2020-02-16,Novi Sad,PM2.5,46.0,48.7,37.5024576355268
2020-02-17,Novi Sad,PM2.5,43.0,47.9,34.69071482621243
2020-02-18,Novi Sad,PM2.5,26.0,25.2,23.52088755242745
2020-02-19,Novi Sad,PM2.5,24.0,26.5,28.073354713918075
2020-02-20,Novi Sad,PM2.5,20.0,25.6,20.247917101742782
2020-02-21,Novi Sad,PM2.5,13.0,22.4,22.554147665151344
2020-02-22,Novi Sad,PM2.5,14.0,16.7,24.155010028095983
2020-02-23,Novi Sad,PM2.5,22.0,22.4,25.121283147160472
2020-02-24,Novi Sad,PM2.5,16.0,16.8,16.382925514259995
2020-02-26,Novi Sad,PM2.5,7.0,17.7,14.746087845591804
2020-02-27,Novi Sad,PM2.5,11.0,13.9,14.788097101534838
2020-02-28,Novi Sad,PM2.5,9.0,10.1,13.22842389366803
2020-02-29,Novi Sad,PM2.5,6.0,11.4,19.172762372981516
2020-03-01,Novi Sad,PM2.5,8.0,11.3,17.1192440507502
2020-03-02,Novi Sad,PM2.5,5.0,14.4,14.121376607565042
2020-03-03,Novi Sad,PM2.5,12.0,8.7,14.874518787966029
2020-03-04,Novi Sad,PM2.5,29.0,14.1,20.4291241031058
2020-03-05,Novi Sad,PM2.5,28.0,24.1,26.380892957479123
2020-03-06,Novi Sad,PM2.5,29.0,24.4,19.901977970585342
2020-03-07,Novi Sad,PM2.5,30.0,25.1,21.98548925144211
2020-03-08,Novi Sad,PM2.5,36.0,21.9,26.874583032769348
2020-03-09,Novi Sad,PM2.5,43.0,25.4,31.34681836004608
2020-03-10,Novi Sad,PM2.5,40.0,35.5,30.074429158510465
2020-03-11,Novi Sad,PM2.5,17.0,35.3,20.952147630814157
2020-03-12,Novi Sad,PM2.5,17.0,28.1,20.21369501670275
2020-03-13,Novi Sad,PM2.5,14.0,25.5,16.536386207641055
2020-03-14,Novi Sad,PM2.5,10.0,15.3,20.51438741386703
2020-03-15,Novi Sad,PM2.5,11.0,12.3,16.38342944773834
2020-03-16,Novi Sad,PM2.5,15.0,11.5,15.751325424365234
2020-03-17,Novi Sad,PM2.5,34.0,16.6,26.82290567089095
2020-03-18,Novi Sad,PM2.5,32.0,41.9,28.173102570046737
2020-03-19,Novi Sad,PM2.5,33.0,37.8,28.173102570046737
2020-03-20,Novi Sad,PM2.5,38.0,44.9,31.0578352476605
2020-03-21,Novi Sad,PM2.5,28.0,49.2,23.71793413781707
2020-03-22,Novi Sad,PM2.5,9.0,37.3,16.0512784182164
2020-03-23,Novi Sad,PM2.5,16.0,10.0,18.115489018890152
2020-03-24,Novi Sad,PM2.5,13.0,16.9,14.147304328690122
2020-03-25,Novi Sad,PM2.5,20.0,12.3,16.19893175246351
2020-03-26,Novi Sad,PM2.5,17.0,17.9,16.70159817482103
2020-03-27,Novi Sad,PM2.5,20.0,28.9,18.093659960842977
2020-03-28,Novi Sad,PM2.5,24.0,113.2,25.17845468048924
2020-03-29,Novi Sad,PM2.5,31.0,69.5,23.46351812215276
2020-03-30,Novi Sad,PM2.5,28.0,40.5,22.268465920912792
2020-04-01,Novi Sad,PM2.5,13.0,11.9,16.754154561767088
2020-04-02,Novi Sad,PM2.5,16.0,18.1,18.288955178151312
2020-04-03,Novi Sad,PM2.5,32.0,23.4,25.96277481777064
2020-04-04,Novi Sad,PM2.5,23.0,47.3,19.895521191946752
2020-04-05,Novi Sad,PM2.5,21.0,27.4,19.998565003383085
2020-04-06,Novi Sad,PM2.5,16.0,26.3,20.120554143414925
2020-04-07,Novi Sad,PM2.5,12.0,21.9,19.05395674877328
2020-04-08,Novi Sad,PM2.5,15.0,17.0,18.62097134576321
2020-04-09,Novi Sad,PM2.5,29.0,23.8,23.23679645382741
2020-04-10,Novi Sad,PM2.5,19.0,33.1,19.35936211249275
2020-04-11,Novi Sad,PM2.5,11.0,19.0,16.838842789728865
2020-04-12,Novi Sad,PM2.5,12.0,13.1,17.46871413738883
2020-04-13,Novi Sad,PM2.5,29.0,17.3,23.58913297779604
2020-05-18,Novi Sad,PM2.5,10.0,20.2,10.514682261288169
2020-05-19,Novi Sad,PM2.5,25.0,14.7,15.654021777520352
2020-05-20,Novi Sad,PM2.5,20.0,23.5,11.799522168497914
2020-05-21,Novi Sad,PM2.5,6.0,19.5,8.206602023175934
2020-05-22,Novi Sad,PM2.5,4.0,10.4,10.14820738143278
2020-05-23,Novi Sad,PM2.5,10.0,7.9,11.130179868330265
2020-05-24,Novi Sad,PM2.5,6.0,11.7,8.665641398807997
2020-05-25,Novi Sad,PM2.5,3.0,8.7,8.9872538517338
2020-05-26,Novi Sad,PM2.5,6.0,5.9,8.704506639272815
2020-05-27,Novi Sad,PM2.5,7.0,8.6,9.11344654919845
2020-05-28,Novi Sad,PM2.5,13.0,9.9,11.293706559890918
2020-05-29,Novi Sad,PM2.5,19.0,12.8,13.38878755869547
2020-05-30,Novi Sad,PM2.5,12.0,16.2,11.433657789836966
2020-05-31,Novi Sad,PM2.5,4.0,12.9,9.10796240050074
2020-06-01,Novi Sad,PM2.5,14.0,5.9,11.8258456508869
2020-06-02,Novi Sad,PM2.5,8.0,13.2,10.550521021141314
2020-06-04,Novi Sad,PM2.5,3.0,6.8,9.380010136195583
2020-06-05,Novi Sad,PM2.5,2.0,6.2,8.209293035983496
2020-06-06,Novi Sad,PM2.5,7.0,7.1,10.690910458010276
2020-06-07,Novi Sad,PM2.5,13.0,13.2,12.1619498241907
2020-06-08,Novi Sad,PM2.5,13.0,17.3,11.858095554869266
2020-06-09,Novi Sad,PM2.5,10.0,15.0,10.759773637646624
2020-06-10,Novi Sad,PM2.5,10.0,12.4,10.76019853397232
2020-06-11,Novi Sad,PM2.5,6.0,12.5,10.675351911320163
2020-06-12,Novi Sad,PM2.5,3.0,9.5,9.380010136195583
2020-06-13,Novi Sad,PM2.5,6.0,6.1,9.548326454029338
2020-06-14,Novi Sad,PM2.5,6.0,7.5,9.367098172476112
2020-06-15,Novi Sad,PM2.5,7.0,8.0,10.283302348342955
2020-06-16,Novi Sad,PM2.5,11.0,10.5,10.744295480520336
2020-06-17,Novi Sad,PM2.5,17.0,13.1,11.916960450785314
2020-06-18,Novi Sad,PM2.5,10.0,16.6,8.720866066967245
2020-06-19,Novi Sad,PM2.5,4.0,12.0,10.059854304278067
2020-06-20,Novi Sad,PM2.5,2.0,8.0,8.607535143295943
2020-06-21,Novi Sad,PM2.5,4.0,5.3,8.777573495148586
2020-06-22,Novi Sad,PM2.5,10.0,5.6,7.730004838015813
2020-06-23,Novi Sad,PM2.5,7.0,10.8,8.252438895669222
2020-06-24,Novi Sad,PM2.5,7.0,9.9,10.253987049477123
2020-06-25,Novi Sad,PM2.5,12.0,10.8,12.07323064932524
2020-06-26,Novi Sad,PM2.5,18.0,14.1,12.740706362133848
2020-06-27,Novi Sad,PM2.5,17.0,16.2,12.248340984789866
2020-06-28,Novi Sad,PM2.5,25.0,14.4,16.322885203829944
2020-06-29,Novi Sad,PM2.5,21.0,18.1,14.312574298916848
2020-06-30,Novi Sad,PM2.5,3.0,17.9,10.09006659116743
2020-07-01,Novi Sad,PM2.5,6.0,5.4,9.31716383503303
2020-07-02,Novi Sad,PM2.5,19.0,8.0,14.219811574437058
2020-07-03,Novi Sad,PM2.5,9.0,19.2,9.282392782569469
2020-07-04,Novi Sad,PM2.5,12.0,11.6,11.364674454231228
2020-07-05,Novi Sad,PM2.5,9.0,13.2,10.261325812300148
2020-07-06,Novi Sad,PM2.5,10.0,10.5,10.824774023636005
2020-07-07,Novi Sad,PM2.5,3.0,10.7,7.884741608187991
2020-07-08,Novi Sad,PM2.5,5.0,9.4,10.61250561015761
2020-07-09,Novi Sad,PM2.5,8.0,7.7,10.261325812300148
2020-07-10,Novi Sad,PM2.5,9.0,10.5,8.77969135245219
2020-07-11,Novi Sad,PM2.5,7.0,10.0,9.468172329623254
2020-07-12,Novi Sad,PM2.5,2.0,9.3,8.457143260717569
2020-07-13,Novi Sad,PM2.5,4.0,5.9,8.856541494144464
2020-07-14,Novi Sad,PM2.5,6.0,7.2,9.797990346920166
2020-07-15,Novi Sad,PM2.5,9.0,8.3,10.876823419342244
2020-07-16,Novi Sad,PM2.5,12.0,12.1,11.980172061273324
2020-07-17,Novi Sad,PM2.5,7.0,14.5,9.241523017449722
2020-07-18,Novi Sad,PM2.5,8.0,9.8,10.942256868199394
2020-07-19,Novi Sad,PM2.5,3.0,11.2,10.475757903970395
2020-07-20,Novi Sad,PM2.5,6.0,6.3,10.74553146675276
2020-09-06,Novi Sad,PM2.5,28.0,11.6,18.299598546268893
2020-10-30,Novi Sad,PM2.5,19.0,31.9,19.994870141067544
2020-10-31,Novi Sad,PM2.5,14.0,22.4,15.67072793915863
2020-11-01,Novi Sad,PM2.5,18.0,14.8,23.434297744548644
2020-11-02,Novi Sad,PM2.5,23.0,21.4,24.69082851419597
2020-11-17,Novi Sad,PM2.5,38.0,46.6,27.90686267561259
2020-11-18,Novi Sad,PM2.5,42.0,32.2,33.75615885365455
2020-11-19,Novi Sad,PM2.5,29.0,33.4,22.971362215046742
2020-11-20,Novi Sad,PM2.5,34.0,21.6,24.77506296553265
2020-11-21,Novi Sad,PM2.5,15.0,23.8,17.304199277840784
2020-11-22,Novi Sad,PM2.5,45.0,15.3,35.55039881498526
2020-11-23,Novi Sad,PM2.5,51.0,33.9,40.06527173215578
2020-11-24,Novi Sad,PM2.5,60.0,47.1,47.12038582826046
2020-11-25,Novi Sad,PM2.5,48.0,45.9,38.47589235842839
2020-11-26,Novi Sad,PM2.5,51.0,35.6,39.4217155568292
2020-11-27,Novi Sad,PM2.5,43.0,39.1,33.55910641722488
2020-11-28,Novi Sad,PM2.5,27.0,32.8,23.950364632265533
2020-11-29,Novi Sad,PM2.5,31.0,19.3,27.61904715340233
2020-11-30,Novi Sad,PM2.5,42.0,23.0,31.181482968643454
2020-12-01,Novi Sad,PM2.5,52.0,36.9,40.85547914244024
2020-12-02,Novi Sad,PM2.5,34.0,37.8,26.492596545833823
2020-12-03,Novi Sad,PM2.5,25.0,23.6,17.535372781837125
2020-12-04,Novi Sad,PM2.5,20.0,17.6,16.06872532002214
2020-12-05,Novi Sad,PM2.5,25.0,14.8,20.926742510243493
2020-12-06,Novi Sad,PM2.5,12.0,17.3,16.981428147513586
2020-12-07,Novi Sad,PM2.5,6.0,10.7,12.993421383349226
2020-12-08,Novi Sad,PM2.5,11.0,6.7,17.18660982616216
2020-12-09,Novi Sad,PM2.5,6.0,10.4,12.929753167146371
2020-12-10,Novi Sad,PM2.5,29.0,6.6,25.15550380020592
2020-12-11,Novi Sad,PM2.5,36.0,23.7,34.35461103253585
2020-12-12,Novi Sad,PM2.5,33.0,26.1,29.47504940946932
2020-12-13,Novi Sad,PM2.5,35.0,25.6,32.31188632967294
2020-12-14,Novi Sad,PM2.5,25.0,25.5,28.572138171968486
2020-12-15,Novi Sad,PM2.5,47.0,25.2,40.41367913389737
2020-12-16,Novi Sad,PM2.5,53.0,28.1,44.25356753680735
2020-12-17,Novi Sad,PM2.5,55.0,45.1,45.15493092117053
2020-12-18,Novi Sad,PM2.5,42.0,53.4,35.63168659502426
2020-12-19,Novi Sad,PM2.5,40.0,28.1,35.11423491194461
2020-12-20,Novi Sad,PM2.5,41.0,31.3,35.78436848123882
2020-12-21,Novi Sad,PM2.5,31.0,32.0,28.016355702912666
2020-12-22,Novi Sad,PM2.5,64.0,26.0,46.1175188512474
2020-12-23,Novi Sad,PM2.5,42.0,59.1,30.88520535820482
2020-12-24,Novi Sad,PM2.5,14.0,39.0,18.210266376270557
2020-12-25,Novi Sad,PM2.5,19.0,16.6,21.48873980496212
2020-12-26,Novi Sad,PM2.5,25.0,16.1,20.299556175873725
2020-12-27,Novi Sad,PM2.5,10.0,21.3,15.700149351638984
2020-12-28,Novi Sad,PM2.5,6.0,9.8,14.052578764358731
2020-12-29,Novi Sad,PM2.5,6.0,8.6,13.119495254115805
2020-12-30,Novi Sad,PM2.5,15.0,8.7,15.483820713970218
2020-12-31,Novi Sad,PM2.5,35.0,17.5,24.9342966616905
2021-01-01,Novi Sad,PM2.5,18.0,20.1,24.025777963597605
2021-01-02,Novi Sad,PM2.5,22.0,18.6,20.883230252074384
2021-01-03,Novi Sad,PM2.5,17.0,14.3,15.143271395981468
2021-01-04,Novi Sad,PM2.5,19.0,16.7,19.980742084088465
2021-01-05,Novi Sad,PM2.5,42.0,33.9,28.428475071448748
2021-01-06,Novi Sad,PM2.5,14.0,15.2,16.81828816499841
2021-01-07,Novi Sad,PM2.5,17.0,21.2,21.197948862173323
2021-01-20,Novi Sad,PM2.5,10.0,12.9,14.861131220474972
2021-01-21,Novi Sad,PM2.5,8.0,15.2,19.43708018216615
2021-01-22,Novi Sad,PM2.5,13.0,16.7,18.482763585639187
2021-01-23,Novi Sad,PM2.5,8.0,11.4,16.695971563472202
2021-01-24,Novi Sad,PM2.5,6.0,8.75,17.225745718951014
2021-01-25,Novi Sad,PM2.5,12.0,14.6,14.190400995724673
2021-01-26,Novi Sad,PM2.5,30.0,23.0,20.510615952559977
2021-01-27,Novi Sad,PM2.5,29.0,21.3,19.705522239348184
2021-01-28,Novi Sad,PM2.5,22.0,22.9,22.68607170433968
2021-01-29,Novi Sad,PM2.5,18.0,20.8,17.049429371982058
2021-01-30,Novi Sad,PM2.5,15.0,17.2,22.886665776205625
2021-01-31,Novi Sad,PM2.5,27.0,22.9,17.619520952665503
2021-02-01,Novi Sad,PM2.5,43.0,31.2,31.1302898686744
2021-02-02,Novi Sad,PM2.5,67.0,51.9,53.91914798407527
2021-02-03,Novi Sad,PM2.5,51.0,37.3,40.822173860668144
2021-02-04,Novi Sad,PM2.5,32.0,17.2,21.218035236846934
2021-02-05,Novi Sad,PM2.5,36.0,28.7,34.35461103253585
2021-02-06,Novi Sad,PM2.5,54.0,46.1,44.897123712133926
2021-02-07,Novi Sad,PM2.5,47.0,41.3,31.37917963043946
2021-02-08,Novi Sad,PM2.5,26.0,15.8,18.19938357465744
2021-02-09,Novi Sad,PM2.5,34.0,22.0,22.00856553019486
2021-02-10,Novi Sad,PM2.5,30.0,20.7,22.13045097431529
2021-02-11,Novi Sad,PM2.5,39.0,25.5,23.066944075809847
2021-02-12,Novi Sad,PM2.5,28.0,20.0,24.620406529865612
2021-02-13,Novi Sad,PM2.5,47.0,30.7,39.4835950946207
2021-02-14,Novi Sad,PM2.5,45.0,31.7,36.74543210989669
2021-02-15,Novi Sad,PM2.5,37.0,21.8,31.63103894838544
2021-02-16,Novi Sad,PM2.5,56.0,31.9,46.366278278699234
2021-02-17,Novi Sad,PM2.5,54.0,41.6,35.59204337055677
2021-02-18,Novi Sad,PM2.5,40.0,26.4,26.982912099816733
2021-02-19,Novi Sad,PM2.5,38.0,40.3,28.83062763737859
2021-02-20,Novi Sad,PM2.5,59.0,42.3,43.25449271817642
2021-02-21,Novi Sad,PM2.5,63.0,36.9,47.05755249669045
2021-02-22,Novi Sad,PM2.5,89.0,70.0,63.000712660292
2021-02-23,Novi Sad,PM2.5,76.0,56.6,54.5138106351022
2021-02-24,Novi Sad,PM2.5,90.0,66.5,63.26765871874848
2021-02-25,Novi Sad,PM2.5,78.0,68.2,56.2515700181033
2021-02-26,Novi Sad,PM2.5,58.0,75.7,49.46752755670916
2021-02-27,Novi Sad,PM2.5,36.0,41.3,28.60182192112498
2021-02-28,Novi Sad,PM2.5,37.0,27.5,33.95273528108928
2021-03-01,Novi Sad,PM2.5,46.0,26.8,35.36798436263771
2021-03-02,Novi Sad,PM2.5,53.0,34.2,41.503440220654696
2021-03-03,Novi Sad,PM2.5,63.0,48.8,48.23240786656111
2021-03-04,Novi Sad,PM2.5,63.0,46.2,46.882210967405335
2021-03-05,Novi Sad,PM2.5,44.0,28.4,27.69940248847794
2021-03-06,Novi Sad,PM2.5,51.0,21.1,32.124678942744204
2021-03-07,Novi Sad,PM2.5,62.0,40.9,48.04353837511028
2021-03-08,Novi Sad,PM2.5,68.0,40.2,51.16902066792262
2021-03-09,Novi Sad,PM2.5,42.0,23.3,31.467694163513038
2021-03-10,Novi Sad,PM2.5,45.0,25.1,33.35884183144752
2021-03-11,Novi Sad,PM2.5,55.0,37.6,40.50947076155251
2021-03-12,Novi Sad,PM2.5,40.0,24.7,27.08407644164217
2021-03-13,Novi Sad,PM2.5,29.0,16.4,23.45359925756437
2021-03-14,Novi Sad,PM2.5,20.0,10.0,18.157572880787576
2021-03-15,Novi Sad,PM2.5,24.0,14.4,17.261483488598525
2021-03-16,Novi Sad,PM2.5,23.0,15.6,19.48080061873649
2021-03-17,Novi Sad,PM2.5,23.0,16.3,18.394908812478786
2021-03-18,Novi Sad,PM2.5,34.0,20.0,23.00292616170621
2021-03-19,Novi Sad,PM2.5,57.0,28.0,40.01436163578056
2021-03-20,Novi Sad,PM2.5,50.0,34.0,35.17270895328291
2021-03-21,Novi Sad,PM2.5,48.0,31.9,33.90405126020726
2021-03-22,Novi Sad,PM2.5,46.0,24.2,30.76542552664108
2021-03-23,Novi Sad,PM2.5,27.0,15.1,20.59962807292952
2021-03-24,Novi Sad,PM2.5,41.0,21.0,26.171087530008837
2021-03-25,Novi Sad,PM2.5,59.0,35.6,46.24578625347751
2021-03-26,Novi Sad,PM2.5,52.0,33.3,41.39022244253494
2021-03-27,Novi Sad,PM2.5,53.0,31.2,40.15324332149892
2021-03-28,Novi Sad,PM2.5,28.0,12.7,24.73809782166743
2021-03-29,Novi Sad,PM2.5,43.0,32.2,33.42497072437236
2021-03-30,Novi Sad,PM2.5,53.0,35.7,41.60034792725853
2021-03-31,Novi Sad,PM2.5,46.0,30.0,36.815088968397326
2021-04-01,Novi Sad,PM2.5,39.0,30.2,29.331284836872403
2021-04-02,Novi Sad,PM2.5,41.0,24.6,27.223750073130145
2021-04-03,Novi Sad,PM2.5,31.0,17.4,19.9809876488758
2021-04-04,Novi Sad,PM2.5,29.0,15.5,20.418985891274406
2021-04-05,Novi Sad,PM2.5,30.0,17.9,23.03844019278778
2021-04-06,Novi Sad,PM2.5,18.0,12.4,16.457095700507573
2021-04-07,Novi Sad,PM2.5,19.0,10.5,16.91771511975579
2021-04-08,Novi Sad,PM2.5,21.0,12.1,19.36451108833556
2021-04-09,Novi Sad,PM2.5,21.0,15.4,20.197582659578437
2021-04-10,Novi Sad,PM2.5,24.0,11.9,21.423590588143416
2021-04-11,Novi Sad,PM2.5,40.0,25.7,26.50950198322524
2021-04-12,Novi Sad,PM2.5,25.0,19.4,21.559711487332024
2021-04-13,Novi Sad,PM2.5,24.0,11.4,18.506082870201507
2021-04-14,Novi Sad,PM2.5,25.0,10.7,18.21520543038262
2021-04-15,Novi Sad,PM2.5,32.0,17.7,21.632302587917827
2021-04-16,Novi Sad,PM2.5,35.0,23.1,23.34819967084507
2021-04-17,Novi Sad,PM2.5,36.0,23.7,24.04581144707772
2021-04-18,Novi Sad,PM2.5,28.0,17.4,18.378842590580813
2021-04-19,Novi Sad,PM2.5,34.0,21.5,21.30005672045906
2021-04-20,Novi Sad,PM2.5,40.0,25.1,25.407991463220696
2021-04-21,Novi Sad,PM2.5,34.0,22.4,20.32004720434456
2021-04-22,Novi Sad,PM2.5,17.0,12.8,15.803720815901553
2021-04-23,Novi Sad,PM2.5,27.0,19.0,16.460511648845948
2021-04-24,Novi Sad,PM2.5,30.0,23.4,21.094124827011942
2021-04-25,Novi Sad,PM2.5,24.0,21.1,19.280257566172228
2021-04-26,Novi Sad,PM2.5,22.0,14.7,15.96711270965405
2021-04-27,Novi Sad,PM2.5,34.0,19.0,19.341836507923677
2021-04-28,Novi Sad,PM2.5,38.0,24.1,23.40570851760862
2021-04-29,Novi Sad,PM2.5,21.0,13.4,16.61846271714066
2021-04-30,Novi Sad,PM2.5,15.0,13.5,13.77034991262989
2021-05-01,Novi Sad,PM2.5,15.0,13.0,12.739061846386532
2021-05-02,Novi Sad,PM2.5,4.0,7.82,9.482537722514628
2021-05-03,Novi Sad,PM2.5,12.0,10.1,11.727064998424058
2021-05-04,Novi Sad,PM2.5,13.0,11.5,12.669183271213893
2021-05-05,Novi Sad,PM2.5,5.0,9.05,9.16032359230838
2021-05-06,Novi Sad,PM2.5,6.0,5.47,11.085677651739523
2021-05-07,Novi Sad,PM2.5,7.0,7.26,9.680824142555934
2021-05-08,Novi Sad,PM2.5,15.0,11.2,11.881931443746437
2021-05-09,Novi Sad,PM2.5,11.0,9.44,11.1405005318319
2021-05-10,Novi Sad,PM2.5,8.0,7.08,9.88526374238158
2021-05-11,Novi Sad,PM2.5,9.0,8.34,9.083473450616106
2021-05-12,Novi Sad,PM2.5,8.0,9.41,9.928083813252483
2021-05-13,Novi Sad,PM2.5,6.0,8.3,9.525661973123462
2021-05-14,Novi Sad,PM2.5,6.0,6.21,10.006488485010596
2021-05-15,Novi Sad,PM2.5,13.0,11.0,12.440627517713729
2021-05-16,Novi Sad,PM2.5,11.0,9.86,11.853941588261856
2021-05-17,Novi Sad,PM2.5,7.0,6.61,9.70342805590903
2021-05-18,Novi Sad,PM2.5,4.0,5.34,8.206602023175934
2021-05-19,Novi Sad,PM2.5,15.0,12.2,12.809563613153346
2021-05-20,Novi Sad,PM2.5,16.0,9.65,10.207230360759548
2021-05-21,Novi Sad,PM2.5,8.0,8.03,10.069802709674669
2021-05-22,Novi Sad,PM2.5,8.0,8.01,10.565107910464064
2021-05-23,Novi Sad,PM2.5,5.0,6.22,9.525661973123462
2021-05-24,Novi Sad,PM2.5,5.0,5.13,9.525661973123462
2021-05-25,Novi Sad,PM2.5,8.0,9.69,8.929959207992631
2021-05-26,Novi Sad,PM2.5,4.0,5.52,10.819380001717697
2021-05-27,Novi Sad,PM2.5,5.0,7.45,10.819380001717697
2021-05-28,Novi Sad,PM2.5,5.0,6.34,8.665641398807997
2021-05-29,Novi Sad,PM2.5,6.0,6.92,8.819155641431475
2021-05-30,Novi Sad,PM2.5,5.0,5.71,9.525661973123462
2021-05-31,Novi Sad,PM2.5,9.0,7.37,9.77061474022292
2021-06-01,Novi Sad,PM2.5,12.0,11.2,10.734764623591824
2021-06-02,Novi Sad,PM2.5,10.0,10.6,10.399242711249654
2021-06-03,Novi Sad,PM2.5,14.0,12.9,11.851778912997284
2021-06-04,Novi Sad,PM2.5,14.0,11.4,12.370368813435553
2021-06-05,Novi Sad,PM2.5,15.0,13.2,12.526714589744188
2021-06-06,Novi Sad,PM2.5,24.0,17.3,16.322885203829944
2021-06-07,Novi Sad,PM2.5,19.0,15.2,14.179989327053311
2021-06-08,Novi Sad,PM2.5,16.0,14.3,12.602964473685072
2021-06-09,Novi Sad,PM2.5,19.0,16.3,13.54404826232481
2021-06-10,Novi Sad,PM2.5,20.0,17.3,13.641312225259613
2021-06-11,Novi Sad,PM2.5,13.0,13.1,12.1619498241907
2021-06-12,Novi Sad,PM2.5,14.0,10.7,11.652761256801936
2021-06-13,Novi Sad,PM2.5,8.0,8.83,8.497887714571254
2021-06-14,Novi Sad,PM2.5,7.0,8.27,8.77235258962917
2021-06-15,Novi Sad,PM2.5,7.0,7.28,10.08518168017114
2021-06-16,Novi Sad,PM2.5,12.0,10.4,11.457733042283143
2021-06-17,Novi Sad,PM2.5,14.0,10.9,12.370368813435553
2021-06-18,Novi Sad,PM2.5,17.0,13.0,13.573895046803807
2021-06-19,Novi Sad,PM2.5,14.0,10.6,11.141722458025438
2021-06-20,Novi Sad,PM2.5,11.0,9.98,11.73850203822334
2021-06-21,Novi Sad,PM2.5,14.0,11.4,12.340156526546188
2021-06-22,Novi Sad,PM2.5,16.0,28.3,13.417479736922516
2021-06-23,Novi Sad,PM2.5,11.0,21.0,11.850380817017818
2021-06-24,Novi Sad,PM2.5,17.0,28.6,12.691260346021975
2021-06-25,Novi Sad,PM2.5,10.0,24.9,10.624754660490751
2021-06-26,Novi Sad,PM2.5,8.0,8.7,9.981934875143546
2021-06-27,Novi Sad,PM2.5,9.0,7.73,10.872974300790329
2021-06-28,Novi Sad,PM2.5,9.0,7.65,10.761095521995852
2021-06-29,Novi Sad,PM2.5,21.0,13.3,14.511591955112197
2021-06-30,Novi Sad,PM2.5,11.0,18.3,11.820168530128456
2021-07-01,Novi Sad,PM2.5,4.0,7.14,9.455267865977422
2021-07-02,Novi Sad,PM2.5,4.0,5.43,8.51537354326756
2021-07-03,Novi Sad,PM2.5,8.0,7.21,8.77969135245219
2021-07-04,Novi Sad,PM2.5,10.0,8.24,10.921681730239834
2021-07-05,Novi Sad,PM2.5,20.0,13.4,14.198809517795873
2021-07-06,Novi Sad,PM2.5,22.0,15.3,15.034030974102375
2021-07-07,Novi Sad,PM2.5,25.0,15.0,16.16313119606356
2021-07-08,Novi Sad,PM2.5,20.0,13.4,13.481201961162258
2021-07-09,Novi Sad,PM2.5,15.0,13.1,10.203866746713052
2021-07-10,Novi Sad,PM2.5,12.0,10.6,11.54182068118202
2021-07-11,Novi Sad,PM2.5,18.0,12.9,12.539756030026902
2021-07-12,Novi Sad,PM2.5,22.0,15.5,14.937123267498546
2021-07-13,Novi Sad,PM2.5,26.0,16.9,15.644541295625269
2021-07-14,Novi Sad,PM2.5,21.0,15.6,13.695564948368965
2021-07-15,Novi Sad,PM2.5,9.0,12.1,10.062308156104798
2021-07-16,Novi Sad,PM2.5,22.0,15.0,13.91235089917906
2021-07-17,Novi Sad,PM2.5,23.0,14.9,15.138358827744048
2021-07-18,Novi Sad,PM2.5,13.0,9.57,11.481042276352452
2021-07-19,Novi Sad,PM2.5,17.0,12.6,13.010772140861992
2021-07-20,Novi Sad,PM2.5,21.0,14.8,13.680021936337202
2021-07-21,Novi Sad,PM2.5,19.0,14.0,13.000375449275124
2021-07-22,Novi Sad,PM2.5,16.0,13.3,13.3244211488706
2021-07-23,Novi Sad,PM2.5,22.0,15.2,15.034030974102375
2021-07-24,Novi Sad,PM2.5,24.0,15.4,16.16313119606356
2021-07-25,Novi Sad,PM2.5,27.0,16.3,15.102801158487168
2021-07-26,Novi Sad,PM2.5,20.0,14.2,13.481201961162258
2021-07-27,Novi Sad,PM2.5,15.0,17.1,12.433656001692272
2021-07-28,Novi Sad,PM2.5,26.0,20.9,16.16313119606356
2021-07-29,Novi Sad,PM2.5,13.0,12.5,11.580513622589882
2021-07-30,Novi Sad,PM2.5,15.0,10.2,12.433656001692272
2021-07-31,Novi Sad,PM2.5,22.0,15.4,14.937123267498546
2021-08-01,Novi Sad,PM2.5,12.0,10.9,11.228503099198432
2021-08-02,Novi Sad,PM2.5,6.0,6.88,9.891048934972082
2021-08-03,Novi Sad,PM2.5,8.0,7.96,10.969882007394158
2021-08-04,Novi Sad,PM2.5,10.0,8.18,10.887620324798558
2021-08-05,Novi Sad,PM2.5,11.0,10.6,9.28615633732182
2021-08-06,Novi Sad,PM2.5,5.0,4.69,9.891048934972082
2021-08-07,Novi Sad,PM2.5,4.0,4.73,10.09006659116743
2021-08-08,Novi Sad,PM2.5,15.0,8.26,12.414835810949713
2021-08-09,Novi Sad,PM2.5,14.0,12.0,11.851778912997284
2021-08-10,Novi Sad,PM2.5,12.0,10.4,11.97632294272141
2021-08-11,Novi Sad,PM2.5,11.0,10.9,11.73850203822334
2021-08-12,Novi Sad,PM2.5,11.0,9.64,11.230037223319004
2021-08-13,Novi Sad,PM2.5,13.0,10.5,12.192162111080064
2021-08-14,Novi Sad,PM2.5,19.0,13.2,14.388775812451618
2021-08-15,Novi Sad,PM2.5,21.0,14.2,14.918303076755985
2021-08-16,Novi Sad,PM2.5,19.0,14.6,14.149777040163949
2021-08-17,Novi Sad,PM2.5,6.0,10.0,8.519989561880122
2021-08-18,Novi Sad,PM2.5,5.0,6.99,9.800071521253658
2021-08-19,Novi Sad,PM2.5,5.0,7.68,10.608656491605696
2021-08-20,Novi Sad,PM2.5,6.0,8.82,10.608656491605696
2021-08-21,Novi Sad,PM2.5,9.0,9.52,10.893976357431514
2021-08-22,Novi Sad,PM2.5,9.0,8.74,10.969882007394158
2021-08-23,Novi Sad,PM2.5,8.0,9.34,9.631415981660746
2021-08-24,Novi Sad,PM2.5,11.0,8.98,11.66493810332789
2021-08-25,Novi Sad,PM2.5,10.0,9.95,9.812232517814028
2021-08-26,Novi Sad,PM2.5,15.0,12.8,12.756648152943168
2021-08-27,Novi Sad,PM2.5,15.0,13.3,12.412546980253426
2021-08-28,Novi Sad,PM2.5,10.0,9.43,10.946166865299263
2021-08-29,Novi Sad,PM2.5,12.0,8.86,11.26045443430197
2021-08-30,Novi Sad,PM2.5,9.0,8.11,9.782431976324608
2021-08-31,Novi Sad,PM2.5,11.0,9.55,11.937651374691844
2021-09-01,Novi Sad,PM2.5,9.0,9.06,8.897056101262553
2021-09-02,Novi Sad,PM2.5,14.0,13.3,12.518850978900634
2021-09-03,Novi Sad,PM2.5,10.0,13.0,11.58490467759127
2021-09-04,Novi Sad,PM2.5,12.0,11.9,12.740302715228587
2021-09-05,Novi Sad,PM2.5,12.0,11.5,12.124805108186491
2021-09-06,Novi Sad,PM2.5,12.0,10.4,11.5830649710484
2021-09-07,Novi Sad,PM2.5,14.0,12.7,12.319833322705286
2021-09-08,Novi Sad,PM2.5,9.0,10.5,9.539822006407457
2021-09-09,Novi Sad,PM2.5,10.0,9.22,9.584680317305049
2021-09-10,Novi Sad,PM2.5,19.0,16.4,14.440350271312871
2021-09-11,Novi Sad,PM2.5,20.0,18.3,14.958940171751138
2021-09-12,Novi Sad,PM2.5,16.0,15.4,13.46905419578377
2021-09-13,Novi Sad,PM2.5,19.0,16.1,14.958940171751138
2021-09-14,Novi Sad,PM2.5,20.0,17.5,14.958940171751138
2021-09-15,Novi Sad,PM2.5,21.0,17.0,15.697253921453813
2021-09-16,Novi Sad,PM2.5,20.0,25.2,14.146048655044035
2021-09-17,Novi Sad,PM2.5,14.0,18.3,12.150853747463191
2021-09-18,Novi Sad,PM2.5,8.0,9.05,10.341612298172928
2021-09-19,Novi Sad,PM2.5,10.0,8.11,11.6818123841951
2021-09-20,Novi Sad,PM2.5,12.0,10.2,11.338936714558082
2021-09-21,Novi Sad,PM2.5,17.0,13.1,14.410357056125155
2021-09-22,Novi Sad,PM2.5,25.0,16.2,16.03771156643685
2021-09-23,Novi Sad,PM2.5,21.0,17.5,16.520309481678296
2021-09-24,Novi Sad,PM2.5,15.0,14.7,12.179891554419877
2021-09-25,Novi Sad,PM2.5,15.0,12.8,13.290694362251369
2021-09-26,Novi Sad,PM2.5,28.0,22.4,18.411477325063373
2021-09-27,Novi Sad,PM2.5,30.0,24.4,17.848198061499918
2021-09-28,Novi Sad,PM2.5,28.0,19.5,16.172299452961244
2021-09-29,Novi Sad,PM2.5,22.0,17.6,14.767669747784486
2021-09-30,Novi Sad,PM2.5,26.0,17.4,15.87738297976861
2021-10-01,Novi Sad,PM2.5,28.0,22.6,19.890788369802085
2021-10-02,Novi Sad,PM2.5,19.0,16.2,15.411465320537674
2021-10-03,Novi Sad,PM2.5,24.0,12.2,17.21567144943778
2021-10-04,Novi Sad,PM2.5,22.0,15.1,16.58838989270576
2021-10-05,Novi Sad,PM2.5,19.0,16.6,13.759741481037535
2021-10-06,Novi Sad,PM2.5,23.0,18.4,15.386278214757118
2021-10-07,Novi Sad,PM2.5,13.0,12.9,11.708906950705252
2021-10-08,Novi Sad,PM2.5,12.0,13.0,10.753916310903312
2021-10-09,Novi Sad,PM2.5,11.0,8.5,12.18944561337237
2021-10-10,Novi Sad,PM2.5,20.0,16.5,13.770912327886869
2021-10-11,Novi Sad,PM2.5,28.0,18.4,17.641680372817145
2021-10-12,Novi Sad,PM2.5,41.0,28.1,26.244600380413384
2021-10-13,Novi Sad,PM2.5,19.0,15.9,15.839642855563596
2021-10-14,Novi Sad,PM2.5,29.0,24.8,19.35007647176876
2021-10-15,Novi Sad,PM2.5,43.0,33.0,29.69707875867888
2021-10-16,Novi Sad,PM2.5,38.0,25.6,26.457629706032535
2021-10-17,Novi Sad,PM2.5,42.0,31.7,31.62636354043733
2021-10-18,Novi Sad,PM2.5,33.0,27.2,26.74786847975975
2021-10-19,Novi Sad,PM2.5,40.0,30.3,30.36844797542725
2021-10-20,Novi Sad,PM2.5,43.0,33.7,30.607548523136835
2021-10-21,Novi Sad,PM2.5,37.0,35.4,28.14350533982107
2021-10-22,Novi Sad,PM2.5,32.0,24.5,24.193659777478647
2021-10-23,Novi Sad,PM2.5,21.0,16.0,19.659592721274866
2021-10-24,Novi Sad,PM2.5,23.0,18.0,22.75451265723477
2021-10-25,Novi Sad,PM2.5,24.0,20.3,20.293639465188107
2021-10-26,Novi Sad,PM2.5,32.0,22.4,24.703231170506992
2021-10-27,Novi Sad,PM2.5,57.0,50.4,42.33463125490959
2021-10-28,Novi Sad,PM2.5,64.0,62.6,46.85185708169052
2021-10-29,Novi Sad,PM2.5,40.0,34.4,27.395106273165208
2021-10-30,Novi Sad,PM2.5,27.0,22.3,19.162135109108416
2021-10-31,Novi Sad,PM2.5,24.0,17.8,20.293639465188107
2021-11-01,Novi Sad,PM2.5,40.0,30.3,28.14964200233436
2021-11-02,Novi Sad,PM2.5,29.0,21.0,19.71698833773058
2021-11-03,Novi Sad,PM2.5,22.0,18.0,18.90045809192149
2021-11-04,Novi Sad,PM2.5,9.0,10.6,13.422363814566134
2021-11-05,Novi Sad,PM2.5,19.0,12.3,19.754548441990483
2021-11-06,Novi Sad,PM2.5,37.0,21.6,28.100689274736325
2021-11-07,Novi Sad,PM2.5,48.0,31.2,35.64543277661929
2021-11-08,Novi Sad,PM2.5,43.0,27.2,30.307836320589303
2021-11-09,Novi Sad,PM2.5,43.0,30.0,31.118052724413364
2021-11-10,Novi Sad,PM2.5,25.0,19.8,21.307962300716333
2021-11-11,Novi Sad,PM2.5,40.0,24.6,28.81734191712629
2021-11-12,Novi Sad,PM2.5,52.0,35.9,42.16791431071405
2021-11-13,Novi Sad,PM2.5,65.0,47.2,49.66834865411453
2021-11-14,Novi Sad,PM2.5,46.0,33.3,33.9118794650582
2021-11-15,Novi Sad,PM2.5,54.0,45.0,40.69615563982234
2021-11-16,Novi Sad,PM2.5,31.0,22.0,21.636471496938885
2021-11-17,Novi Sad,PM2.5,50.0,34.8,37.00207616368274
2021-11-18,Novi Sad,PM2.5,43.0,31.7,32.237972108693846
2021-11-19,Novi Sad,PM2.5,28.0,21.6,24.36260014940104
2021-11-20,Novi Sad,PM2.5,31.0,21.9,24.36724692723782
2021-11-21,Novi Sad,PM2.5,51.0,42.7,39.7433763841098
2021-11-22,Novi Sad,PM2.5,68.0,55.4,47.63457268340119
2021-11-23,Novi Sad,PM2.5,47.0,32.4,33.86074627606673
2021-11-24,Novi Sad,PM2.5,46.0,38.3,37.4958731299726
2021-11-25,Novi Sad,PM2.5,56.0,42.4,39.76854016013523
2021-11-26,Novi Sad,PM2.5,29.0,21.7,18.534492667334707
2021-11-27,Novi Sad,PM2.5,33.0,24.6,23.620981418535955
2021-11-28,Novi Sad,PM2.5,27.0,20.0,20.990014691466296
2021-11-29,Novi Sad,PM2.5,22.0,16.4,19.40567824751178
2021-11-30,Novi Sad,PM2.5,17.0,12.3,17.167140565355027
2021-12-01,Novi Sad,PM2.5,11.0,8.47,18.26692441728054
2021-12-02,Novi Sad,PM2.5,9.0,8.55,14.81627290957738
2021-12-03,Novi Sad,PM2.5,22.0,16.1,16.973375646092453
2021-12-04,Novi Sad,PM2.5,43.0,40.1,36.496758867805625
2021-12-05,Novi Sad,PM2.5,45.0,36.0,30.125214877895043
2021-12-06,Novi Sad,PM2.5,36.0,23.5,23.54565977682481
2021-12-07,Novi Sad,PM2.5,38.0,25.5,24.096687331474893
2021-12-08,Novi Sad,PM2.5,46.0,33.8,37.70763931417537
2021-12-09,Novi Sad,PM2.5,34.0,25.2,20.272173381047462
2021-12-10,Novi Sad,PM2.5,40.0,26.2,30.79716706085342
2021-12-11,Novi Sad,PM2.5,38.0,25.4,22.237011004407805
2021-12-12,Novi Sad,PM2.5,28.0,20.0,17.31735864846877
2021-12-13,Novi Sad,PM2.5,44.0,29.5,27.64968488777916
2021-12-14,Novi Sad,PM2.5,61.0,41.4,53.03793952420702
2021-12-15,Novi Sad,PM2.5,53.0,38.7,46.3089718783006
2021-12-16,Novi Sad,PM2.5,55.0,39.6,39.62707298037903
2021-12-17,Novi Sad,PM2.5,24.0,18.4,19.7390984110027
2021-12-18,Novi Sad,PM2.5,26.0,19.1,22.247382106806374
2021-12-19,Novi Sad,PM2.5,25.0,18.8,22.247382106806374
2021-12-20,Novi Sad,PM2.5,13.0,11.1,17.286993589673695
2021-12-21,Novi Sad,PM2.5,28.0,23.5,28.358849083107877
2021-12-22,Novi Sad,PM2.5,48.0,44.7,42.99460643700721
2021-12-23,Novi Sad,PM2.5,62.0,50.4,50.19153285259168
2021-12-24,Novi Sad,PM2.5,9.0,12.6,14.535362736731802
2021-12-25,Novi Sad,PM2.5,21.0,4.88,17.366624063299856
2021-12-29,Novi Sad,PM2.5,55.0,34.8,38.478501538291376
2021-12-30,Novi Sad,PM2.5,42.0,29.5,35.63168659502426
2021-12-31,Novi Sad,PM2.5,74.0,63.2,56.2526294288899
2022-01-01,Novi Sad,PM2.5,41.0,42.4,31.41196747026805
2022-01-02,Novi Sad,PM2.5,39.0,27.4,34.69543185729479
2022-01-03,Novi Sad,PM2.5,67.0,56.9,52.70361466461409
2022-01-04,Novi Sad,PM2.5,31.0,33.4,28.279041575310863
2022-01-05,Novi Sad,PM2.5,13.0,12.2,18.63967456411064
2022-01-06,Novi Sad,PM2.5,27.0,15.5,18.990907403456724
2022-01-07,Novi Sad,PM2.5,31.0,23.0,30.138131070098638
2022-01-08,Novi Sad,PM2.5,53.0,37.8,37.48023044732436
2022-01-09,Novi Sad,PM2.5,41.0,29.6,33.19230167092703
2022-01-10,Novi Sad,PM2.5,41.0,29.7,27.095734470746727
2022-01-11,Novi Sad,PM2.5,24.0,18.5,18.52424759896498
2022-01-12,Novi Sad,PM2.5,40.0,29.7,31.08593716658533
2022-01-13,Novi Sad,PM2.5,55.0,46.1,44.8453963191552
2022-01-14,Novi Sad,PM2.5,30.0,22.9,24.590523637336275
2022-01-15,Novi Sad,PM2.5,41.0,25.6,33.871017331253505
2022-01-16,Novi Sad,PM2.5,69.0,61.5,55.532371093050536
2022-01-17,Novi Sad,PM2.5,36.0,30.5,24.84487833902087
2022-01-18,Novi Sad,PM2.5,19.0,15.2,20.08124828616885
2022-01-19,Novi Sad,PM2.5,37.0,32.6,35.32427796618454
2022-01-20,Novi Sad,PM2.5,60.0,54.8,41.37410929920021
2022-01-21,Novi Sad,PM2.5,11.0,12.5,15.309560689123971
2022-01-22,Novi Sad,PM2.5,23.0,16.3,19.09898881516973
2022-01-23,Novi Sad,PM2.5,28.0,19.6,27.851446232052908
2022-01-24,Novi Sad,PM2.5,43.0,37.5,35.39769588746292
2022-01-25,Novi Sad,PM2.5,46.0,45.0,38.98873562407817
2022-01-26,Novi Sad,PM2.5,49.0,35.7,39.178532831743176
2022-01-27,Novi Sad,PM2.5,55.0,43.1,45.476591748451135
2022-01-28,Novi Sad,PM2.5,34.0,32.9,21.702110777672367
2022-01-29,Novi Sad,PM2.5,17.0,17.1,20.678016892309127
2022-01-30,Novi Sad,PM2.5,9.0,14.3,15.627984315002836
2022-01-31,Novi Sad,PM2.5,16.0,16.8,18.49106681692604
2022-02-01,Novi Sad,PM2.5,37.0,27.3,27.945806529387987
2022-02-02,Novi Sad,PM2.5,19.0,17.1,17.026585725189065
2022-02-03,Novi Sad,PM2.5,17.0,16.8,19.36936811989213
2022-02-04,Novi Sad,PM2.5,29.0,42.4,27.771838334567157
2022-02-05,Novi Sad,PM2.5,37.0,40.2,28.00841533480424
2022-02-06,Novi Sad,PM2.5,16.0,18.4,23.30991962866815
2022-02-07,Novi Sad,PM2.5,10.0,10.5,13.27328220456562
2022-02-08,Novi Sad,PM2.5,13.0,14.7,17.133599099669382
2022-02-09,Novi Sad,PM2.5,20.0,22.0,22.881337985500696
2022-02-10,Novi Sad,PM2.5,42.0,40.7,36.10520441849821
2022-02-11,Novi Sad,PM2.5,21.0,22.2,25.019529453899924
2022-02-12,Novi Sad,PM2.5,15.0,14.8,21.458906950339845
2022-02-13,Novi Sad,PM2.5,28.0,21.4,21.416130840128396
2022-02-14,Novi Sad,PM2.5,32.0,25.3,24.75466564771933
2022-02-15,Novi Sad,PM2.5,17.0,20.9,19.774462403531498
2022-02-16,Novi Sad,PM2.5,27.0,23.7,25.14562511676619
2022-02-17,Novi Sad,PM2.5,16.0,21.8,17.82956646664303
2022-02-18,Novi Sad,PM2.5,5.0,8.98,15.821520041138058
2022-02-19,Novi Sad,PM2.5,13.0,15.9,17.265373791617368
2022-02-20,Novi Sad,PM2.5,22.0,17.6,23.66821414177649
2022-02-21,Novi Sad,PM2.5,17.0,20.5,18.396324495442627
2022-02-22,Novi Sad,PM2.5,11.0,11.3,18.26692441728054
2022-02-23,Novi Sad,PM2.5,16.0,14.1,20.58526979863069
2022-02-24,Novi Sad,PM2.5,19.0,19.8,26.109033035650416
2022-02-25,Novi Sad,PM2.5,19.0,22.3,21.261829435426822
2022-02-26,Novi Sad,PM2.5,15.0,13.6,15.956725019200356
2022-02-27,Novi Sad,PM2.5,27.0,18.2,18.460458135813894
2022-02-28,Novi Sad,PM2.5,26.0,17.2,22.926942042976385
2022-03-02,Novi Sad,PM2.5,32.0,27.1,26.759237454688098
2022-03-03,Novi Sad,PM2.5,49.0,39.5,36.57619200780732
2022-03-04,Novi Sad,PM2.5,54.0,45.4,37.6851369720917
2022-03-05,Novi Sad,PM2.5,45.0,35.4,33.35884183144752
2022-03-06,Novi Sad,PM2.5,39.0,25.5,26.216542498670687
2022-03-07,Novi Sad,PM2.5,46.0,31.4,32.62857327339466
2022-03-08,Novi Sad,PM2.5,36.0,28.1,25.978978273838
2022-03-09,Novi Sad,PM2.5,38.0,27.2,27.08914809544461
2022-03-10,Novi Sad,PM2.5,21.0,18.4,18.306478419165213
2022-03-11,Novi Sad,PM2.5,24.0,17.8,22.479169375208613
2022-03-12,Novi Sad,PM2.5,38.0,27.5,31.930594474705345
2022-03-13,Novi Sad,PM2.5,45.0,44.6,34.772706946806146
2022-03-14,Novi Sad,PM2.5,31.0,26.6,24.235341748449247
2022-03-15,Novi Sad,PM2.5,32.0,28.0,27.984233078595903
2022-03-16,Novi Sad,PM2.5,30.0,26.3,20.44127473134965
2022-03-17,Novi Sad,PM2.5,41.0,29.6,30.7007001732424
2022-03-18,Novi Sad,PM2.5,34.0,28.0,24.25961652558411
2022-03-19,Novi Sad,PM2.5,43.0,38.6,32.0111056090138
2022-03-20,Novi Sad,PM2.5,30.0,22.9,22.43771311694936
2022-03-21,Novi Sad,PM2.5,51.0,45.8,39.09871037252584
2022-03-22,Novi Sad,PM2.5,47.0,39.7,36.16067303237438
2022-03-23,Novi Sad,PM2.5,40.0,41.4,31.6236437138616
2022-03-24,Novi Sad,PM2.5,33.0,29.2,24.89217311358011
2022-03-25,Novi Sad,PM2.5,29.0,29.1,25.21956554977417
2022-03-26,Novi Sad,PM2.5,27.0,28.2,25.08154697388541
2022-03-27,Novi Sad,PM2.5,20.0,17.9,21.76702839646196
2022-03-28,Novi Sad,PM2.5,12.0,14.3,20.612810641040543
2022-03-29,Novi Sad,PM2.5,40.0,38.7,28.34271425739497
2022-03-30,Novi Sad,PM2.5,19.0,23.0,20.608119465447608
2022-03-31,Novi Sad,PM2.5,9.0,14.7,13.15717437067794
2022-04-01,Novi Sad,PM2.5,11.0,9.72,14.115816915135635
2022-04-02,Novi Sad,PM2.5,31.0,22.4,20.24989723788679
2022-04-03,Novi Sad,PM2.5,27.0,19.8,18.978301855294344
2022-04-04,Novi Sad,PM2.5,28.0,23.2,23.97524906793881
2022-04-05,Novi Sad,PM2.5,17.0,17.2,18.4453704880326
2022-04-06,Novi Sad,PM2.5,11.0,14.1,16.4760414839077
2022-04-07,Novi Sad,PM2.5,8.0,9.43,13.504259248351186
2022-04-08,Novi Sad,PM2.5,9.0,9.86,14.575643386275702
2022-04-09,Novi Sad,PM2.5,9.0,10.4,12.3699314735476
2022-04-10,Novi Sad,PM2.5,12.0,11.8,14.183528758289238
2022-04-11,Novi Sad,PM2.5,11.0,11.0,14.53989604712866
2022-04-12,Novi Sad,PM2.5,14.0,14.9,18.60121262221437
2022-04-13,Novi Sad,PM2.5,15.0,14.8,17.49509773757681
2022-04-14,Novi Sad,PM2.5,18.0,20.8,20.062092495378383
2022-04-15,Novi Sad,PM2.5,19.0,20.2,19.19686187951293
2022-04-16,Novi Sad,PM2.5,14.0,12.7,12.26274012593058
2022-04-17,Novi Sad,PM2.5,5.0,7.4,10.466303202251478
2022-04-18,Novi Sad,PM2.5,14.0,10.0,13.12276070024604
2022-04-19,Novi Sad,PM2.5,20.0,16.4,16.31013105416894
2022-04-20,Novi Sad,PM2.5,32.0,24.2,20.36636834041264
2022-04-21,Novi Sad,PM2.5,25.0,20.7,19.091388074721397
2022-04-22,Novi Sad,PM2.5,13.0,13.3,11.593936211533322
2022-04-23,Novi Sad,PM2.5,20.0,13.9,15.925034436910344
2022-04-24,Novi Sad,PM2.5,11.0,12.0,13.028944466719397
2022-04-25,Novi Sad,PM2.5,6.0,7.22,11.898019591836436
2022-04-26,Novi Sad,PM2.5,11.0,9.32,13.767867722766546
2022-04-27,Novi Sad,PM2.5,16.0,12.0,14.10825608156353
2022-04-28,Novi Sad,PM2.5,28.0,18.9,17.834567596029466
2022-04-29,Novi Sad,PM2.5,22.0,17.7,16.30983519059681
2022-04-30,Novi Sad,PM2.5,13.0,12.7,13.597074668460255
2022-05-01,Novi Sad,PM2.5,9.0,8.63,9.025243168066115
2022-05-02,Novi Sad,PM2.5,8.0,7.63,9.025243168066115
2022-05-03,Novi Sad,PM2.5,13.0,10.8,11.854083433864435
2022-05-04,Novi Sad,PM2.5,14.0,12.4,12.581092323547551
2022-05-05,Novi Sad,PM2.5,18.0,11.7,14.04197219671157
2022-05-06,Novi Sad,PM2.5,14.0,10.9,11.244250044344485
2022-05-07,Novi Sad,PM2.5,14.0,12.0,11.960748729848737
2022-05-08,Novi Sad,PM2.5,12.0,9.92,10.945488133703826
2022-05-09,Novi Sad,PM2.5,12.0,9.66,12.18704645283341
2022-05-10,Novi Sad,PM2.5,18.0,14.3,13.946688236638083
2022-05-11,Novi Sad,PM2.5,13.0,11.6,12.372673334302702
2022-05-12,Novi Sad,PM2.5,15.0,11.9,12.737438099856188
2022-05-13,Novi Sad,PM2.5,15.0,12.0,11.98961825633321
2022-05-14,Novi Sad,PM2.5,7.0,8.01,9.388450677625498
2022-05-15,Novi Sad,PM2.5,8.0,7.96,10.971819032107852
2022-05-16,Novi Sad,PM2.5,12.0,9.51,12.28395415943724
2022-05-17,Novi Sad,PM2.5,14.0,13.4,11.01466102358936
2022-05-18,Novi Sad,PM2.5,6.0,7.4,8.11131806310245
2022-05-19,Novi Sad,PM2.5,5.0,6.31,10.916287708321526
2022-05-20,Novi Sad,PM2.5,9.0,8.07,10.565107910464064
2022-05-21,Novi Sad,PM2.5,9.0,8.4,9.928083813252483
2022-05-22,Novi Sad,PM2.5,6.0,3.55,9.525661973123462
2022-05-23,Novi Sad,PM2.5,7.0,3.22,10.918228786843269
2022-05-24,Novi Sad,PM2.5,12.0,8.21,11.439226609310431
2022-05-25,Novi Sad,PM2.5,17.0,15.6,13.20783484008006
2022-05-26,Novi Sad,PM2.5,6.0,6.69,10.101772445084082
2022-05-27,Novi Sad,PM2.5,10.0,8.87,11.016677343005444
2022-05-28,Novi Sad,PM2.5,9.0,10.5,10.2569732163901
2022-05-29,Novi Sad,PM2.5,10.0,9.67,10.725488156935022
2022-05-30,Novi Sad,PM2.5,15.0,12.4,12.883062633351145
2022-05-31,Novi Sad,PM2.5,39.0,27.6,24.069270633109465
2022-06-01,Novi Sad,PM2.5,23.0,21.1,16.22597749722611
2022-06-02,Novi Sad,PM2.5,21.0,17.3,14.888090789866622
2022-06-03,Novi Sad,PM2.5,11.0,9.41,11.947288523621648
2022-06-04,Novi Sad,PM2.5,16.0,11.4,12.771769842991056
2022-06-05,Novi Sad,PM2.5,11.0,9.06,11.820168530128456
2022-06-06,Novi Sad,PM2.5,10.0,8.11,10.07903535444652
2022-06-07,Novi Sad,PM2.5,15.0,10.3,12.00812468930592
2022-06-08,Novi Sad,PM2.5,12.0,8.67,11.154807484029826
2022-06-09,Novi Sad,PM2.5,13.0,9.83,11.643359923752437
2022-06-10,Novi Sad,PM2.5,17.0,11.3,12.205216734181032
2022-06-11,Novi Sad,PM2.5,14.0,11.6,10.281701883709976
2022-06-12,Novi Sad,PM2.5,13.0,10.4,10.13370746824385
2022-06-13,Novi Sad,PM2.5,12.0,9.48,11.457733042283143
2022-06-14,Novi Sad,PM2.5,9.0,7.16,8.872749940504105
2022-06-15,Novi Sad,PM2.5,8.0,7.79,10.872974300790329
2022-06-16,Novi Sad,PM2.5,10.0,8.37,10.91783261168792
2022-06-17,Novi Sad,PM2.5,8.0,10.0,9.644327945380216
2022-06-18,Novi Sad,PM2.5,7.0,7.35,9.742459199228396
2022-06-19,Novi Sad,PM2.5,8.0,7.77,10.761095521995852
2022-06-20,Novi Sad,PM2.5,11.0,8.95,11.331790916579552
2022-06-21,Novi Sad,PM2.5,12.0,10.9,10.704552336702465
2022-06-22,Novi Sad,PM2.5,8.0,7.53,10.939669720504796
2022-06-23,Novi Sad,PM2.5,16.0,11.9,12.499056571627102
2022-06-24,Novi Sad,PM2.5,12.0,8.32,11.97632294272141
2022-06-25,Novi Sad,PM2.5,12.0,10.1,11.770305091071922
2022-06-26,Novi Sad,PM2.5,7.0,6.8,10.86948465651922
2022-06-27,Novi Sad,PM2.5,9.0,5.55,10.969882007394158
2022-06-28,Novi Sad,PM2.5,18.0,10.3,13.312658786161302
2022-06-29,Novi Sad,PM2.5,12.0,9.21,9.917868299885198
2022-06-30,Novi Sad,PM2.5,13.0,10.6,12.050071045396225
2022-07-01,Novi Sad,PM2.5,24.0,13.8,16.260038902667393
2022-07-02,Novi Sad,PM2.5,8.0,8.96,9.120859303329098
2022-07-03,Novi Sad,PM2.5,14.0,9.67,12.374217931987465
2022-07-04,Novi Sad,PM2.5,10.0,7.94,10.306184123197738
2022-07-05,Novi Sad,PM2.5,10.0,8.24,10.306184123197738
2022-07-06,Novi Sad,PM2.5,8.0,6.92,8.77969135245219
2022-07-07,Novi Sad,PM2.5,9.0,7.79,10.062308156104798
2022-07-08,Novi Sad,PM2.5,8.0,8.78,8.7214610699022
2022-07-09,Novi Sad,PM2.5,6.0,6.31,8.20329744543957
2022-07-10,Novi Sad,PM2.5,3.0,4.55,8.457143260717569
2022-07-11,Novi Sad,PM2.5,3.0,4.34,8.457143260717569
2022-07-12,Novi Sad,PM2.5,4.0,5.01,9.31716383503303
2022-07-13,Novi Sad,PM2.5,4.0,4.59,8.51537354326756
2022-07-14,Novi Sad,PM2.5,6.0,4.75,9.797990346920166
2022-07-15,Novi Sad,PM2.5,7.0,7.6,9.64940061117648
2022-07-16,Novi Sad,PM2.5,9.0,8.09,10.876823419342244
2022-07-17,Novi Sad,PM2.5,4.0,5.31,9.31716383503303
2022-07-18,Novi Sad,PM2.5,5.0,5.46,10.61250561015761
2022-07-19,Novi Sad,PM2.5,5.0,6.11,10.61250561015761
2022-07-20,Novi Sad,PM2.5,8.0,6.48,10.876823419342244
2022-07-21,Novi Sad,PM2.5,10.0,7.77,10.712895244841528
2022-07-22,Novi Sad,PM2.5,9.0,8.51,10.779915712738411
2022-07-23,Novi Sad,PM2.5,17.0,9.78,13.480836458751892
2022-07-24,Novi Sad,PM2.5,17.0,12.0,12.185494683627311
2022-07-25,Novi Sad,PM2.5,17.0,10.4,13.383928752148062
2022-07-26,Novi Sad,PM2.5,15.0,12.0,11.716048445058656
2022-07-27,Novi Sad,PM2.5,17.0,10.2,12.865338851709796
2022-07-28,Novi Sad,PM2.5,13.0,11.1,11.987224744233671
2022-07-29,Novi Sad,PM2.5,20.0,12.8,14.198809517795873
2022-07-30,Novi Sad,PM2.5,20.0,12.8,12.770810554582123
2022-07-31,Novi Sad,PM2.5,7.0,6.63,8.651276005916626
2022-08-01,Novi Sad,PM2.5,10.0,8.53,10.297489017989106
2022-08-02,Novi Sad,PM2.5,9.0,8.29,10.872974300790329
2022-08-03,Novi Sad,PM2.5,11.0,8.77,11.947288523621648
2022-08-04,Novi Sad,PM2.5,12.0,9.7,11.864444163926931
2022-08-05,Novi Sad,PM2.5,14.0,10.3,12.370368813435553
2022-08-06,Novi Sad,PM2.5,12.0,11.0,11.457733042283143
2022-08-07,Novi Sad,PM2.5,9.0,7.61,8.872749940504105
2022-08-08,Novi Sad,PM2.5,9.0,6.98,9.782431976324608
2022-08-09,Novi Sad,PM2.5,16.0,11.4,12.22243899843888
2022-08-10,Novi Sad,PM2.5,9.0,8.45,9.644327945380216
2022-08-11,Novi Sad,PM2.5,7.0,6.93,9.742459199228396
2022-08-12,Novi Sad,PM2.5,7.0,7.9,10.802789236804754
2022-08-13,Novi Sad,PM2.5,13.0,11.0,11.171628996193132
2022-08-14,Novi Sad,PM2.5,13.0,10.2,11.643359923752437
2022-08-15,Novi Sad,PM2.5,12.0,8.72,11.97632294272141
2022-08-16,Novi Sad,PM2.5,8.0,9.04,9.601203694771383
2022-08-17,Novi Sad,PM2.5,8.0,6.73,10.155366744156714
2022-08-18,Novi Sad,PM2.5,10.0,10.3,11.01474031829175
2022-08-19,Novi Sad,PM2.5,14.0,13.4,11.622548969912572
2022-08-20,Novi Sad,PM2.5,22.0,17.4,14.338759945314443
2022-08-21,Novi Sad,PM2.5,10.0,19.1,9.842271232943334
2022-08-22,Novi Sad,PM2.5,4.0,7.2,10.25920795499654
2022-08-23,Novi Sad,PM2.5,11.0,10.6,11.500771248775258
2022-08-24,Novi Sad,PM2.5,17.0,15.2,13.38845233311388
2022-08-25,Novi Sad,PM2.5,19.0,14.8,14.790651563898194
2022-08-26,Novi Sad,PM2.5,16.0,18.1,13.320572030318688
2022-08-27,Novi Sad,PM2.5,17.0,17.4,13.573895046803807
2022-08-28,Novi Sad,PM2.5,21.0,17.5,14.888090789866622
2022-08-29,Novi Sad,PM2.5,15.0,11.9,11.689656119020842
2022-08-30,Novi Sad,PM2.5,13.0,12.2,12.103627103993963
2022-08-31,Novi Sad,PM2.5,17.0,13.3,13.661165604477834
2022-09-01,Novi Sad,PM2.5,11.0,11.1,11.073582601875607
2022-09-02,Novi Sad,PM2.5,10.0,9.8,10.414232910533254
2022-09-03,Novi Sad,PM2.5,12.0,11.9,12.932539951571137
2022-09-04,Novi Sad,PM2.5,29.0,19.2,17.431097613710342
2022-09-05,Novi Sad,PM2.5,20.0,20.2,15.093589774876632
2022-09-06,Novi Sad,PM2.5,24.0,19.8,16.989957269733292
2022-09-07,Novi Sad,PM2.5,24.0,16.1,16.92326185001882
2022-09-08,Novi Sad,PM2.5,18.0,14.3,14.38644197370844
2022-09-09,Novi Sad,PM2.5,17.0,13.1,14.091392007056246
2022-09-10,Novi Sad,PM2.5,8.0,9.31,10.23251938635644
2022-09-11,Novi Sad,PM2.5,4.0,4.07,10.953367397641337
2022-09-12,Novi Sad,PM2.5,7.0,7.24,9.810804893298789
2022-09-13,Novi Sad,PM2.5,9.0,9.65,11.540046366693678
2022-09-14,Novi Sad,PM2.5,8.0,9.27,10.822438810060063
2022-09-15,Novi Sad,PM2.5,6.0,9.15,9.555382528144303
2022-09-16,Novi Sad,PM2.5,8.0,7.31,10.342517932402012
2022-09-17,Novi Sad,PM2.5,6.0,7.39,8.8006259011923
2022-09-18,Novi Sad,PM2.5,2.0,4.21,8.552007459411577
2022-09-19,Novi Sad,PM2.5,6.0,6.29,10.688924591260818
2022-09-20,Novi Sad,PM2.5,6.0,6.92,10.435036584824678
2022-09-21,Novi Sad,PM2.5,10.0,10.4,11.183467465574186
2022-09-22,Novi Sad,PM2.5,11.0,12.3,13.086788173460162
2022-09-23,Novi Sad,PM2.5,11.0,13.1,12.783503070062885
2022-09-24,Novi Sad,PM2.5,13.0,14.9,13.125531827005242
2022-09-25,Novi Sad,PM2.5,15.0,14.4,13.193786655647536
2022-09-26,Novi Sad,PM2.5,17.0,13.8,13.893545019229276
2022-09-27,Novi Sad,PM2.5,17.0,14.6,13.893545019229276
2022-09-28,Novi Sad,PM2.5,10.0,8.12,11.257646977526914
2022-09-29,Novi Sad,PM2.5,7.0,9.66,10.885302741062182
2022-09-30,Novi Sad,PM2.5,5.0,7.1,10.661854696997294
2022-10-01,Novi Sad,PM2.5,8.0,10.2,12.187197263440408
2022-10-02,Novi Sad,PM2.5,5.0,7.46,11.731143858826362
2022-10-03,Novi Sad,PM2.5,4.0,6.51,10.664733378934091
2022-10-04,Novi Sad,PM2.5,8.0,9.59,11.650407701369431
2022-10-05,Novi Sad,PM2.5,14.0,14.0,16.252660902730224
2022-10-06,Novi Sad,PM2.5,26.0,24.3,19.968443521557504
2022-10-07,Novi Sad,PM2.5,26.0,26.2,20.13848187341015
2022-10-08,Novi Sad,PM2.5,23.0,19.5,18.203555238562185
2022-10-09,Novi Sad,PM2.5,32.0,26.0,22.553875136129143
2022-10-10,Novi Sad,PM2.5,25.0,20.9,19.21085774752501
2022-10-11,Novi Sad,PM2.5,43.0,36.0,30.16950785174875
2022-10-12,Novi Sad,PM2.5,45.0,42.2,29.236760331505327
2022-10-13,Novi Sad,PM2.5,43.0,38.7,27.555191595617337
2022-10-14,Novi Sad,PM2.5,22.0,20.3,17.834890291985804
2022-10-15,Novi Sad,PM2.5,15.0,14.6,16.56416427081685
2022-10-16,Novi Sad,PM2.5,16.0,13.4,18.48289670357983
2022-10-17,Novi Sad,PM2.5,19.0,17.1,19.010399529918985
2022-10-18,Novi Sad,PM2.5,22.0,22.4,19.927652110938592
2022-10-19,Novi Sad,PM2.5,27.0,26.3,21.779733030738196
2022-10-20,Novi Sad,PM2.5,13.0,13.5,17.81591147089938
2022-10-21,Novi Sad,PM2.5,20.0,19.2,19.189338361235915
2022-10-22,Novi Sad,PM2.5,20.0,23.1,19.540267459706563
2022-10-23,Novi Sad,PM2.5,11.0,11.9,17.879100970877175
2022-10-24,Novi Sad,PM2.5,21.0,26.4,21.257371708450748
2022-10-25,Novi Sad,PM2.5,18.0,20.0,18.98539532715891
2022-10-26,Novi Sad,PM2.5,11.0,13.9,18.12899846996904
2022-10-27,Novi Sad,PM2.5,24.0,26.6,22.703712992624613
2022-10-28,Novi Sad,PM2.5,36.0,28.3,29.705731802622324
2022-10-29,Novi Sad,PM2.5,33.0,20.0,26.917906831612395
2022-10-30,Novi Sad,PM2.5,46.0,37.0,35.462985523359144
2022-10-31,Novi Sad,PM2.5,44.0,37.0,33.517511208371786
2022-11-01,Novi Sad,PM2.5,44.0,41.1,35.647306521589094
2022-11-02,Novi Sad,PM2.5,46.0,38.4,37.59278083657644
2022-11-03,Novi Sad,PM2.5,42.0,38.3,33.16837685793869
2022-11-04,Novi Sad,PM2.5,37.0,30.1,25.631794324004623
2022-11-05,Novi Sad,PM2.5,28.0,22.4,22.23803446436945
2022-11-06,Novi Sad,PM2.5,35.0,26.4,27.170507636109477
2022-11-07,Novi Sad,PM2.5,40.0,31.3,29.974713512768325
2022-11-08,Novi Sad,PM2.5,38.0,28.4,31.73861940923578
2022-11-09,Novi Sad,PM2.5,45.0,40.9,35.55039881498526
2022-11-10,Novi Sad,PM2.5,42.0,35.6,31.07757570076154
2022-11-11,Novi Sad,PM2.5,40.0,30.1,32.07944023399473
2022-11-12,Novi Sad,PM2.5,34.0,29.6,28.95079443822585
2022-11-13,Novi Sad,PM2.5,27.0,21.2,22.217836669346752
2022-11-14,Novi Sad,PM2.5,44.0,35.8,35.55039881498526
2022-11-15,Novi Sad,PM2.5,62.0,50.2,44.79486758864352
2022-11-16,Novi Sad,PM2.5,39.0,37.9,29.640880999314117
2022-11-17,Novi Sad,PM2.5,24.0,20.8,21.979944681414604
2022-11-18,Novi Sad,PM2.5,24.0,26.5,20.978406238327704
2022-11-19,Novi Sad,PM2.5,22.0,16.6,18.629714444939538
2022-11-20,Novi Sad,PM2.5,28.0,19.7,19.345165118058063
2022-11-21,Novi Sad,PM2.5,26.0,24.3,22.574062165260283
2022-11-22,Novi Sad,PM2.5,13.0,12.5,13.665367552386105
2022-11-23,Novi Sad,PM2.5,10.0,9.81,14.635436662715644
2022-11-24,Novi Sad,PM2.5,13.0,12.7,15.610959647693686
2022-11-25,Novi Sad,PM2.5,28.0,28.9,25.86423156135813
2022-11-26,Novi Sad,PM2.5,55.0,43.5,43.27940317980083
2022-11-27,Novi Sad,PM2.5,47.0,39.6,35.80853368393637
2022-11-28,Novi Sad,PM2.5,29.0,20.6,23.86983078784444
2022-11-29,Novi Sad,PM2.5,30.0,23.9,23.024148845983333
2022-11-30,Novi Sad,PM2.5,24.0,19.5,20.10087454879394
2022-12-01,Novi Sad,PM2.5,7.0,6.96,15.930644851847848
2022-12-02,Novi Sad,PM2.5,15.0,10.3,18.61096740154252
2022-12-03,Novi Sad,PM2.5,19.0,14.3,21.4670111140754
2022-12-04,Novi Sad,PM2.5,9.0,8.01,13.666462074326049
2022-12-05,Novi Sad,PM2.5,15.0,11.6,18.648612881119536
2022-12-06,Novi Sad,PM2.5,37.0,29.6,27.5280070174841
2022-12-07,Novi Sad,PM2.5,39.0,30.6,28.67219091839577
2022-12-08,Novi Sad,PM2.5,42.0,30.7,30.517067126077027
2022-12-09,Novi Sad,PM2.5,26.0,24.6,19.89950901227757
2022-12-10,Novi Sad,PM2.5,18.0,17.2,19.42802704474983
2022-12-11,Novi Sad,PM2.5,22.0,14.4,15.608626709060918
2022-12-12,Novi Sad,PM2.5,30.0,30.4,23.835300768128068
2022-12-13,Novi Sad,PM2.5,34.0,26.9,32.21455764712868
2022-12-14,Novi Sad,PM2.5,29.0,22.5,19.705522239348184
2022-12-15,Novi Sad,PM2.5,45.0,33.7,33.42825959517874
2022-12-16,Novi Sad,PM2.5,29.0,24.9,19.726985220183444
2022-12-17,Novi Sad,PM2.5,43.0,31.3,24.92835945754817
2022-12-18,Novi Sad,PM2.5,50.0,40.6,41.26086292279455
2022-12-19,Novi Sad,PM2.5,51.0,44.6,38.8497442704858
2022-12-20,Novi Sad,PM2.5,43.0,31.1,30.604759414658197
2022-12-21,Novi Sad,PM2.5,86.0,72.4,63.17075101214464
2022-12-22,Novi Sad,PM2.5,96.0,81.3,65.15507691528522
2022-12-23,Novi Sad,PM2.5,47.0,52.4,36.16642257990274
2022-12-24,Novi Sad,PM2.5,32.0,30.8,25.22164977458091
2022-12-25,Novi Sad,PM2.5,26.0,27.7,28.475230465364653
2022-12-26,Novi Sad,PM2.5,17.0,25.4,23.836938526661417
2022-12-27,Novi Sad,PM2.5,13.0,14.4,18.86603523715765
2022-12-28,Novi Sad,PM2.5,18.0,16.7,25.407531076122694
2022-12-29,Novi Sad,PM2.5,25.0,29.9,26.616140970576883
2022-12-30,Novi Sad,PM2.5,21.0,22.8,21.80912464698872
2022-12-31,Novi Sad,PM2.5,24.0,26.3,26.616140970576883
2023-01-01,Novi Sad,PM2.5,36.0,39.1,34.35461103253585
2023-01-02,Novi Sad,PM2.5,43.0,58.2,36.8186542158516
2023-01-03,Novi Sad,PM2.5,32.0,28.3,29.53871762567217
2023-01-04,Novi Sad,PM2.5,33.0,30.8,31.566786061525985
2023-01-05,Novi Sad,PM2.5,30.0,35.3,24.33169760302992
2023-01-06,Novi Sad,PM2.5,31.0,33.1,28.080023919115515
2023-01-07,Novi Sad,PM2.5,53.0,64.1,44.897123712133926
2023-01-08,Novi Sad,PM2.5,32.0,37.4,29.226228838631474
2023-01-09,Novi Sad,PM2.5,27.0,22.3,16.913887304890483
2023-01-10,Novi Sad,PM2.5,13.0,9.46,13.168827659457495
2023-01-11,Novi Sad,PM2.5,21.0,16.4,16.80439670502641
2023-01-12,Novi Sad,PM2.5,25.0,23.8,28.572138171968486
2023-01-13,Novi Sad,PM2.5,39.0,34.6,32.92559055328413
2023-01-14,Novi Sad,PM2.5,58.0,49.3,43.63069952364501
2023-01-15,Novi Sad,PM2.5,34.0,34.4,26.829268259110037
2023-01-16,Novi Sad,PM2.5,28.0,23.8,19.76919045555104
2023-01-17,Novi Sad,PM2.5,11.0,10.7,15.006260657558574
2023-01-18,Novi Sad,PM2.5,6.0,6.2,14.028953477235108
2023-01-19,Novi Sad,PM2.5,20.0,15.6,17.635806288897196
2023-01-20,Novi Sad,PM2.5,32.0,25.3,21.775918372925965
2023-01-21,Novi Sad,PM2.5,42.0,30.1,29.12597438527256
2023-01-22,Novi Sad,PM2.5,36.0,31.5,30.134450888048487
2023-01-23,Novi Sad,PM2.5,16.0,13.2,14.239344112250189
2023-01-24,Novi Sad,PM2.5,11.0,7.72,15.438841457934195
2023-01-25,Novi Sad,PM2.5,17.0,13.3,23.40421430241057
2023-01-26,Novi Sad,PM2.5,17.0,16.2,16.211704959541258
2023-01-27,Novi Sad,PM2.5,34.0,29.4,20.85121075518268
2023-01-28,Novi Sad,PM2.5,49.0,34.5,32.288891739380695
2023-01-29,Novi Sad,PM2.5,37.0,26.6,32.26287438047923
2023-01-30,Novi Sad,PM2.5,32.0,25.9,31.566786061525985
2023-01-31,Novi Sad,PM2.5,16.0,14.0,15.34165085811538
2023-02-01,Novi Sad,PM2.5,16.0,14.8,23.4116733219287
2023-02-02,Novi Sad,PM2.5,14.0,13.8,14.62798234207156
2023-02-03,Novi Sad,PM2.5,10.0,9.96,14.83675992309325
2023-02-04,Novi Sad,PM2.5,7.0,7.02,13.281724938622252
2023-02-05,Novi Sad,PM2.5,9.0,10.7,19.897157410865148
2023-02-06,Novi Sad,PM2.5,24.0,20.8,23.11823749745627
2023-02-07,Novi Sad,PM2.5,40.0,34.0,33.894198076146225
2023-02-08,Novi Sad,PM2.5,47.0,38.7,39.78142429381484
2023-02-09,Novi Sad,PM2.5,26.0,22.4,24.132149831140307
2023-02-10,Novi Sad,PM2.5,47.0,42.8,41.9145258377295
2023-02-11,Novi Sad,PM2.5,57.0,49.3,47.22084116355423
2023-02-12,Novi Sad,PM2.5,46.0,38.9,32.58096938113042
2023-02-13,Novi Sad,PM2.5,47.0,46.2,40.90455342300939
2023-02-14,Novi Sad,PM2.5,36.0,26.5,32.33009962828472
2023-02-15,Novi Sad,PM2.5,47.0,41.1,41.001461129613226
2023-02-16,Novi Sad,PM2.5,51.0,56.7,42.6812633554559
2023-02-17,Novi Sad,PM2.5,45.0,48.8,35.83943339245085
2023-02-18,Novi Sad,PM2.5,23.0,26.0,19.686200213571624
2023-02-19,Novi Sad,PM2.5,22.0,18.4,18.525263958190767
2023-02-20,Novi Sad,PM2.5,11.0,11.0,21.2430677819812
2023-02-21,Novi Sad,PM2.5,24.0,22.3,23.52088755242745
2023-02-22,Novi Sad,PM2.5,22.0,21.7,26.847346785353093
2023-02-23,Novi Sad,PM2.5,30.0,26.0,24.459652335120428
2023-02-24,Novi Sad,PM2.5,28.0,27.8,22.131161842752192
2023-02-25,Novi Sad,PM2.5,9.0,10.7,15.365897443179028
2023-02-26,Novi Sad,PM2.5,24.0,16.4,20.20241590015876
2023-02-27,Novi Sad,PM2.5,21.0,17.6,20.824366558654333
2023-02-28,Novi Sad,PM2.5,29.0,22.2,23.74242609938552
2023-03-01,Novi Sad,PM2.5,35.0,28.6,27.82810804565604
2023-03-02,Novi Sad,PM2.5,21.0,16.2,18.499412863136417
2023-03-03,Novi Sad,PM2.5,50.0,44.2,38.6878582374117
2023-03-04,Novi Sad,PM2.5,42.0,33.8,32.96153968227221
2023-03-05,Novi Sad,PM2.5,25.0,24.7,23.186214130420023
2023-03-06,Novi Sad,PM2.5,23.0,19.6,22.44644061227656
2023-03-07,Novi Sad,PM2.5,20.0,20.4,21.828538433860015
2023-03-08,Novi Sad,PM2.5,8.0,9.75,17.2547305461516
2023-03-09,Novi Sad,PM2.5,8.0,11.0,14.53482037036466
2023-03-10,Novi Sad,PM2.5,10.0,14.5,16.81271415780898
2023-03-11,Novi Sad,PM2.5,7.0,9.11,15.099309850627945
2023-03-12,Novi Sad,PM2.5,15.0,15.4,19.73918900796016
2023-03-13,Novi Sad,PM2.5,11.0,12.0,17.29330381636876
2023-03-14,Novi Sad,PM2.5,15.0,13.9,16.93382109476111
2023-03-15,Novi Sad,PM2.5,8.0,10.8,12.885874522781403
2023-03-16,Novi Sad,PM2.5,16.0,17.1,16.26728839292889
2023-03-17,Novi Sad,PM2.5,21.0,23.7,23.855539045320423
2023-03-18,Novi Sad,PM2.5,21.0,21.2,19.49551864311737
2023-03-19,Novi Sad,PM2.5,22.0,22.1,22.023874418057897
2023-03-20,Novi Sad,PM2.5,24.0,25.7,23.806785676176855
2023-03-21,Novi Sad,PM2.5,24.0,21.4,22.58038659528778
2023-03-22,Novi Sad,PM2.5,22.0,20.4,22.58077774761188
2023-03-23,Novi Sad,PM2.5,25.0,25.4,24.89267748243457
2023-03-24,Novi Sad,PM2.5,21.0,23.9,21.766889532053234
2023-03-25,Novi Sad,PM2.5,6.0,7.74,15.141743679115583
2023-03-26,Novi Sad,PM2.5,4.0,5.04,15.574472297814582
2023-03-27,Novi Sad,PM2.5,5.0,6.74,12.59224141473094
2023-03-28,Novi Sad,PM2.5,6.0,12.0,13.022176297476308
2023-03-29,Novi Sad,PM2.5,11.0,11.5,19.34972954007504
2023-03-30,Novi Sad,PM2.5,11.0,11.3,18.198766060633204
2023-03-31,Novi Sad,PM2.5,8.0,9.74,15.331397432122348
2023-04-01,Novi Sad,PM2.5,6.0,6.87,13.65123423962667
2023-04-02,Novi Sad,PM2.5,6.0,5.72,14.855556416779033
2023-04-03,Novi Sad,PM2.5,7.0,12.0,12.449533404795917
2023-04-05,Novi Sad,PM2.5,20.0,23.2,17.292877410750762
2023-04-06,Novi Sad,PM2.5,30.0,28.6,20.976410524179748
2023-04-07,Novi Sad,PM2.5,41.0,32.0,27.519566171742422
2023-04-08,Novi Sad,PM2.5,49.0,42.8,33.628093154846894
2023-04-09,Novi Sad,PM2.5,45.0,37.3,29.39199756397532
2023-04-10,Novi Sad,PM2.5,31.0,26.3,23.03844019278778
2023-04-11,Novi Sad,PM2.5,22.0,21.4,19.247766481857983
2023-04-12,Novi Sad,PM2.5,6.0,9.0,14.5891558503139
2023-04-13,Novi Sad,PM2.5,9.0,11.3,14.321155572057814
2023-04-14,Novi Sad,PM2.5,7.0,8.17,14.357068406834516
2023-04-15,Novi Sad,PM2.5,7.0,8.47,16.844763554132744
2023-04-16,Novi Sad,PM2.5,14.0,12.5,13.634479136450112
2023-04-17,Novi Sad,PM2.5,13.0,13.4,13.698742866830262
2023-04-18,Novi Sad,PM2.5,8.0,7.94,12.351981286555125
2023-04-19,Novi Sad,PM2.5,18.0,17.7,15.265397361466771
2023-04-20,Novi Sad,PM2.5,27.0,25.5,18.68467695307759
2023-04-21,Novi Sad,PM2.5,18.0,22.1,16.259735855561708
2023-04-22,Novi Sad,PM2.5,19.0,19.2,17.315935887904562
2023-04-23,Novi Sad,PM2.5,20.0,19.8,16.388613782342325
2023-04-24,Novi Sad,PM2.5,21.0,21.5,16.475941824411166
2023-04-25,Novi Sad,PM2.5,10.0,11.2,10.492308166008788
2023-04-26,Novi Sad,PM2.5,10.0,15.3,10.810203924182948
2023-04-27,Novi Sad,PM2.5,13.0,14.7,14.078909142904092
2023-04-28,Novi Sad,PM2.5,10.0,11.4,12.650223872615063
2023-04-29,Novi Sad,PM2.5,12.0,10.9,13.381235500101605
2023-04-30,Novi Sad,PM2.5,15.0,15.9,14.421806467814068
2023-05-01,Novi Sad,PM2.5,13.0,12.6,11.83544669702901
2023-05-02,Novi Sad,PM2.5,9.0,10.7,8.332997406976768
2023-05-03,Novi Sad,PM2.5,8.0,9.46,9.083473450616106
2023-05-04,Novi Sad,PM2.5,18.0,17.8,14.300047448842117
2023-05-05,Novi Sad,PM2.5,18.0,17.8,14.176621799837063
2023-05-06,Novi Sad,PM2.5,14.0,13.4,12.062502423109285
2023-05-07,Novi Sad,PM2.5,10.0,9.24,11.016677343005444
2023-05-08,Novi Sad,PM2.5,9.0,11.1,9.77061474022292
2023-05-09,Novi Sad,PM2.5,8.0,9.42,11.02365156161614
2023-05-10,Novi Sad,PM2.5,10.0,10.4,9.116308331985758
2023-05-11,Novi Sad,PM2.5,9.0,9.53,7.9977827531464545
2023-05-12,Novi Sad,PM2.5,10.0,9.17,7.732913818744237
2023-05-13,Novi Sad,PM2.5,11.0,10.7,11.558029917147229
2023-05-14,Novi Sad,PM2.5,13.0,11.3,9.380661283544049
2023-05-15,Novi Sad,PM2.5,20.0,17.1,13.33938691089586
2023-05-16,Novi Sad,PM2.5,17.0,17.6,10.996221826133814
2023-05-17,Novi Sad,PM2.5,7.0,11.0,10.493428068595469
2023-05-18,Novi Sad,PM2.5,8.0,9.7,10.543375672426023
2023-05-19,Novi Sad,PM2.5,18.0,17.0,14.422706755243292
2023-05-20,Novi Sad,PM2.5,20.0,18.4,13.261033296830206
2023-05-21,Novi Sad,PM2.5,17.0,14.8,12.393992821717742
2023-05-22,Novi Sad,PM2.5,13.0,11.3,11.752329740603887
2023-05-23,Novi Sad,PM2.5,16.0,15.8,13.597990960145154
2023-05-24,Novi Sad,PM2.5,16.0,17.4,13.316569618070217
2023-05-25,Novi Sad,PM2.5,14.0,13.9,11.951675451004036
2023-05-26,Novi Sad,PM2.5,17.0,16.7,13.1922918280483
2023-05-27,Novi Sad,PM2.5,17.0,15.4,12.78558070640451
2023-05-28,Novi Sad,PM2.5,10.0,11.6,10.754863485386869
2023-05-29,Novi Sad,PM2.5,12.0,12.1,12.379283689175956
2023-05-30,Novi Sad,PM2.5,11.0,13.1,11.810589940255769
2023-05-31,Novi Sad,PM2.5,13.0,12.1,12.249278940921842
2023-06-01,Novi Sad,PM2.5,14.0,13.0,12.72458542956605
2023-06-02,Novi Sad,PM2.5,14.0,15.9,12.281833806349452
2023-06-03,Novi Sad,PM2.5,10.0,12.2,10.170012768164945
2023-06-04,Novi Sad,PM2.5,7.0,6.82,9.531018630785807
2023-06-05,Novi Sad,PM2.5,11.0,8.78,10.578610210998873
2023-06-06,Novi Sad,PM2.5,14.0,12.0,10.81034192402089
2023-06-07,Novi Sad,PM2.5,16.0,13.6,13.232037023232587
2023-06-08,Novi Sad,PM2.5,14.0,12.9,11.80602361407616
2023-06-09,Novi Sad,PM2.5,12.0,12.3,12.160501206999266
2023-06-10,Novi Sad,PM2.5,7.0,8.08,10.880838926466872
2023-06-11,Novi Sad,PM2.5,10.0,10.9,10.759773637646624
2023-06-12,Novi Sad,PM2.5,6.0,7.92,9.215214298939252
2023-06-13,Novi Sad,PM2.5,6.0,8.37,9.891048934972082
2023-06-14,Novi Sad,PM2.5,8.0,8.55,10.155366744156714
2023-06-15,Novi Sad,PM2.5,13.0,12.9,11.3908921048703
2023-06-16,Novi Sad,PM2.5,15.0,13.9,10.579758448715856
2023-06-17,Novi Sad,PM2.5,15.0,15.0,11.962369390384795
2023-06-18,Novi Sad,PM2.5,11.0,8.8,11.230037223319004
2023-06-19,Novi Sad,PM2.5,16.0,12.3,13.320572030318688
2023-06-20,Novi Sad,PM2.5,21.0,14.7,15.127089562154293
2023-06-21,Novi Sad,PM2.5,29.0,19.9,17.744405259160025
2023-06-22,Novi Sad,PM2.5,29.0,18.1,17.225815358721743
2023-06-23,Novi Sad,PM2.5,18.0,14.0,12.740706362133848
2023-06-24,Novi Sad,PM2.5,6.0,6.59,8.606465855853694
2023-06-25,Novi Sad,PM2.5,10.0,7.77,10.324508107985825
2023-06-26,Novi Sad,PM2.5,11.0,8.73,11.820168530128456
2023-06-27,Novi Sad,PM2.5,12.0,8.53,11.154807484029826
2023-06-28,Novi Sad,PM2.5,7.0,6.66,10.132315462829624
2023-06-29,Novi Sad,PM2.5,7.0,5.17,10.054969393281777
2023-06-30,Novi Sad,PM2.5,13.0,7.51,12.080283332285587
2023-07-01,Novi Sad,PM2.5,17.0,13.2,13.480836458751892
2023-07-02,Novi Sad,PM2.5,11.0,8.33,11.04495589834822
2023-07-03,Novi Sad,PM2.5,8.0,6.54,10.779915712738411
2023-07-04,Novi Sad,PM2.5,11.0,9.81,11.757322228965904
2023-07-05,Novi Sad,PM2.5,16.0,10.7,13.3244211488706
2023-07-06,Novi Sad,PM2.5,14.0,11.1,11.758720324945369
2023-07-07,Novi Sad,PM2.5,10.0,8.55,10.10716646700239
2023-07-08,Novi Sad,PM2.5,11.0,8.75,11.238732328527636
2023-07-09,Novi Sad,PM2.5,8.0,7.0,10.876823419342244
2023-07-10,Novi Sad,PM2.5,12.0,7.69,11.364674454231228
2023-07-11,Novi Sad,PM2.5,19.0,10.7,13.680219617357606
2023-07-12,Novi Sad,PM2.5,15.0,10.5,11.716048445058656
2023-07-13,Novi Sad,PM2.5,9.0,9.29,10.67207720389604
2023-07-14,Novi Sad,PM2.5,9.0,7.02,10.560198425101564
2023-07-15,Novi Sad,PM2.5,14.0,9.06,12.165431446589158
2023-07-16,Novi Sad,PM2.5,22.0,12.6,14.937123267498546
2023-07-17,Novi Sad,PM2.5,18.0,10.3,13.738190098547651
2023-07-18,Novi Sad,PM2.5,17.0,9.96,13.383928752148062
2023-07-19,Novi Sad,PM2.5,5.0,6.05,10.51559790355378
2023-07-20,Novi Sad,PM2.5,7.0,6.35,10.597851869958362
2023-07-21,Novi Sad,PM2.5,9.0,7.28,9.763219294456604
2023-07-22,Novi Sad,PM2.5,11.0,8.54,11.384165617679834
2023-07-23,Novi Sad,PM2.5,10.0,6.77,11.112295220052037
2023-07-24,Novi Sad,PM2.5,19.0,12.2,14.198809517795873
2023-07-25,Novi Sad,PM2.5,12.0,10.5,10.822934317093136
2023-07-26,Novi Sad,PM2.5,4.0,5.14,8.187369697935203
2023-07-27,Novi Sad,PM2.5,4.0,4.59,8.856541494144464
2023-07-28,Novi Sad,PM2.5,6.0,5.49,10.51559790355378
2023-07-29,Novi Sad,PM2.5,10.0,7.98,10.921681730239834
2023-07-30,Novi Sad,PM2.5,9.0,7.29,10.643168006551198
2023-07-31,Novi Sad,PM2.5,5.0,6.54,9.455267865977422
2023-08-01,Novi Sad,PM2.5,5.0,5.27,9.891048934972082
2023-08-02,Novi Sad,PM2.5,2.0,2.9,10.059854304278067
2023-08-03,Novi Sad,PM2.5,9.0,7.27,10.872974300790329
2023-08-04,Novi Sad,PM2.5,18.0,12.1,13.801036399710206
2023-08-05,Novi Sad,PM2.5,10.0,8.4,10.011250174009376
2023-08-06,Novi Sad,PM2.5,5.0,5.71,8.437486914787653
2023-08-07,Novi Sad,PM2.5,1.0,2.6,9.908867418764736
2023-08-08,Novi Sad,PM2.5,2.0,4.12,10.49677771281122
2023-08-09,Novi Sad,PM2.5,4.0,4.9,10.608656491605696
2023-08-10,Novi Sad,PM2.5,5.0,4.98,10.059854304278067
2023-08-11,Novi Sad,PM2.5,5.0,5.64,10.49677771281122
2023-08-12,Novi Sad,PM2.5,9.0,7.15,10.969882007394158
2023-08-13,Novi Sad,PM2.5,10.0,7.85,11.01474031829175
2023-08-14,Novi Sad,PM2.5,14.0,10.9,11.851778912997284
2023-08-15,Novi Sad,PM2.5,15.0,11.2,10.867658180334873
2023-08-16,Novi Sad,PM2.5,19.0,13.6,13.600446195611772
2023-08-17,Novi Sad,PM2.5,25.0,16.8,16.610406400245978
2023-08-18,Novi Sad,PM2.5,30.0,20.3,17.53371886519673
2023-08-19,Novi Sad,PM2.5,24.0,15.0,16.246979553867295
2023-08-20,Novi Sad,PM2.5,25.0,17.3,16.11409871843163
2023-08-21,Novi Sad,PM2.5,25.0,14.1,16.144311005320994
2023-08-22,Novi Sad,PM2.5,26.0,14.3,16.256189784115474
2023-08-23,Novi Sad,PM2.5,34.0,17.5,19.828838715595687
2023-08-24,Novi Sad,PM2.5,19.0,12.3,14.179989327053311
2023-08-25,Novi Sad,PM2.5,17.0,10.5,13.497989396841165
2023-08-26,Novi Sad,PM2.5,21.0,11.4,14.511591955112197
2023-08-27,Novi Sad,PM2.5,16.0,10.1,12.122137961797936
2023-08-28,Novi Sad,PM2.5,15.0,8.94,10.438047660018611
2023-08-29,Novi Sad,PM2.5,11.0,9.22,11.301578629690187
2023-08-30,Novi Sad,PM2.5,11.0,9.16,11.403863542171427
2023-08-31,Novi Sad,PM2.5,9.0,8.05,10.951023990452446
2023-09-01,Novi Sad,PM2.5,7.0,7.32,11.566769009311932
2023-09-02,Novi Sad,PM2.5,10.0,7.8,11.58490467759127
2023-09-03,Novi Sad,PM2.5,14.0,10.8,12.830278140470938
2023-09-04,Novi Sad,PM2.5,7.0,8.18,8.68894861189318
2023-09-05,Novi Sad,PM2.5,10.0,9.51,10.494362353125547
2023-09-06,Novi Sad,PM2.5,14.0,13.3,12.518850978900634
2023-09-07,Novi Sad,PM2.5,15.0,13.8,12.476179099013924
2023-09-08,Novi Sad,PM2.5,15.0,12.6,12.476179099013924
2023-09-09,Novi Sad,PM2.5,17.0,14.1,13.62546950566506
2023-09-10,Novi Sad,PM2.5,16.0,13.9,14.084551802825866
2023-09-11,Novi Sad,PM2.5,13.0,11.0,12.340644276545149
2023-09-12,Novi Sad,PM2.5,14.0,11.4,12.518850978900634
2023-09-13,Novi Sad,PM2.5,20.0,14.1,15.055847878354967
2023-09-14,Novi Sad,PM2.5,14.0,11.8,11.881826881689056
2023-09-15,Novi Sad,PM2.5,6.0,6.4,10.661854696997294
2023-09-16,Novi Sad,PM2.5,15.0,10.4,13.098502695574052
2023-09-17,Novi Sad,PM2.5,19.0,12.8,14.146048655044035
2023-09-18,Novi Sad,PM2.5,21.0,10.6,13.543515318544111
2023-09-19,Novi Sad,PM2.5,11.0,9.06,10.907897332354144
2023-09-20,Novi Sad,PM2.5,4.0,5.25,10.75713865707078
2023-09-21,Novi Sad,PM2.5,10.0,8.73,10.971030817079518
2023-09-22,Novi Sad,PM2.5,9.0,9.76,11.021456466255412
2023-09-23,Novi Sad,PM2.5,6.0,8.1,11.18044459743556
2023-09-24,Novi Sad,PM2.5,7.0,7.04,11.194681259776443
2023-09-25,Novi Sad,PM2.5,8.0,6.91,10.44427162566256
2023-09-26,Novi Sad,PM2.5,13.0,12.8,12.1416266203498
2023-09-27,Novi Sad,PM2.5,15.0,14.7,11.995352587126789
2023-09-28,Novi Sad,PM2.5,17.0,16.3,13.426451849469712
2023-09-29,Novi Sad,PM2.5,17.0,15.0,14.240967112707157
2023-09-30,Novi Sad,PM2.5,18.0,13.7,14.403036792429432
2023-10-01,Novi Sad,PM2.5,10.0,9.81,12.29481236728998
2023-10-02,Novi Sad,PM2.5,8.0,8.12,13.491512375521973
2023-10-03,Novi Sad,PM2.5,11.0,8.76,13.751311335115846
2023-10-04,Novi Sad,PM2.5,9.0,11.2,12.431182337945613
2023-10-05,Novi Sad,PM2.5,6.0,9.15,13.447527921946222
2023-10-06,Novi Sad,PM2.5,9.0,12.1,13.426068533076192
2023-10-07,Novi Sad,PM2.5,12.0,12.7,15.277800449252572
2023-10-08,Novi Sad,PM2.5,8.0,10.5,10.284096131077986
2023-10-09,Novi Sad,PM2.5,13.0,12.6,15.50707912516916
2023-10-10,Novi Sad,PM2.5,11.0,11.5,14.136908779544164
2023-10-11,Novi Sad,PM2.5,10.0,11.0,13.017780785981296
2023-10-12,Novi Sad,PM2.5,22.0,17.5,17.130130029843855
2023-10-13,Novi Sad,PM2.5,30.0,27.0,20.688595119686838
2023-10-14,Novi Sad,PM2.5,30.0,30.5,20.576716340892357
2023-10-15,Novi Sad,PM2.5,8.0,9.84,14.048153385558354
2023-10-16,Novi Sad,PM2.5,7.0,9.13,16.57350217313407
2023-10-17,Novi Sad,PM2.5,18.0,17.6,20.75027845076366
2023-10-18,Novi Sad,PM2.5,32.0,29.6,26.65096077315592
2023-10-19,Novi Sad,PM2.5,16.0,14.8,16.971429452186133
2023-10-20,Novi Sad,PM2.5,10.0,14.2,13.78628904419278
2023-10-21,Novi Sad,PM2.5,8.0,12.7,13.414317189878538
2023-10-22,Novi Sad,PM2.5,5.0,5.66,14.440742195026358
2023-10-23,Novi Sad,PM2.5,9.0,8.99,16.92822196544303
2023-10-24,Novi Sad,PM2.5,11.0,15.6,16.490224970181693
2023-10-25,Novi Sad,PM2.5,6.0,7.33,13.500847872316497
2023-10-26,Novi Sad,PM2.5,5.0,7.88,14.982482332164455
2023-10-27,Novi Sad,PM2.5,15.0,5.12,15.14619269909103
2023-10-28,Novi Sad,PM2.5,10.0,8.11,15.338093388595375
2023-10-29,Novi Sad,PM2.5,5.0,9.62,15.447518300964903
2023-10-30,Novi Sad,PM2.5,7.0,9.97,14.961806878081475
2023-10-31,Novi Sad,PM2.5,3.0,7.19,13.442617589766504
2023-11-01,Novi Sad,PM2.5,5.0,5.05,15.790577650661174
2023-11-02,Novi Sad,PM2.5,9.0,10.5,17.121559198672553
2023-11-03,Novi Sad,PM2.5,10.0,8.01,13.66679260655157
2023-11-04,Novi Sad,PM2.5,2.0,11.4,19.29358451383315
2023-11-05,Novi Sad,PM2.5,2.0,4.59,14.194839978155189
2023-11-06,Novi Sad,PM2.5,20.0,10.3,22.15320844145761
2023-11-07,Novi Sad,PM2.5,11.0,15.0,19.454463320784605
2023-11-08,Novi Sad,PM2.5,22.0,11.7,20.38305871131912
2023-11-09,Novi Sad,PM2.5,23.0,14.0,23.21710715529923
2023-11-10,Novi Sad,PM2.5,31.0,15.2,19.94990374997
2023-11-11,Novi Sad,PM2.5,9.0,15.8,14.917936421406983
2023-11-12,Novi Sad,PM2.5,12.0,7.56,19.92611089306691
2023-11-13,Novi Sad,PM2.5,8.0,17.0,21.292079282046146
2023-11-14,Novi Sad,PM2.5,14.0,8.69,18.687181783793783
2023-11-15,Novi Sad,PM2.5,8.0,9.9,15.694666165973937
2023-11-16,Novi Sad,PM2.5,9.0,7.81,18.502984018770864
2023-11-17,Novi Sad,PM2.5,11.0,7.31,14.539928434332907
2023-11-18,Novi Sad,PM2.5,14.0,7.12,14.45217533983242
2023-11-19,Novi Sad,PM2.5,19.0,15.5,22.348026191843072
2023-11-20,Novi Sad,PM2.5,32.0,24.9,24.94404190659869
2023-11-21,Novi Sad,PM2.5,36.0,35.9,26.61265443247197
2023-11-22,Novi Sad,PM2.5,21.0,19.5,17.74411324980236
2023-11-23,Novi Sad,PM2.5,55.0,30.9,43.27940317980083
2023-11-24,Novi Sad,PM2.5,14.0,39.4,20.437350598001203
2023-11-25,Novi Sad,PM2.5,10.0,7.61,15.10238982705782
2023-11-26,Novi Sad,PM2.5,8.0,7.72,14.79840514614058
2023-11-27,Novi Sad,PM2.5,9.0,6.89,17.383793390296624
2023-11-28,Novi Sad,PM2.5,15.0,8.45,15.090320081355683
2023-11-29,Novi Sad,PM2.5,25.0,18.0,20.63168617607676
2023-11-30,Novi Sad,PM2.5,15.0,15.9,16.30773113821983
2023-12-01,Novi Sad,PM2.5,8.0,8.54,14.91010766573649
2023-12-02,Novi Sad,PM2.5,18.0,13.6,16.475139182322817
2023-12-03,Novi Sad,PM2.5,39.0,16.3,28.807621460519652
2023-12-04,Novi Sad,PM2.5,33.0,26.2,30.61369528418404
2023-12-05,Novi Sad,PM2.5,21.0,22.5,18.461595741987917
2023-12-06,Novi Sad,PM2.5,24.0,21.0,21.88139554615327
2023-12-07,Novi Sad,PM2.5,35.0,17.4,22.526682568485366
2023-12-08,Novi Sad,PM2.5,43.0,28.1,36.8186542158516
2023-12-09,Novi Sad,PM2.5,55.0,40.1,46.86506173674964
2023-12-10,Novi Sad,PM2.5,50.0,38.1,32.5885445800429
2023-12-11,Novi Sad,PM2.5,26.0,27.0,22.95698075810569
2023-12-12,Novi Sad,PM2.5,32.0,23.7,27.249718210434725
2023-12-13,Novi Sad,PM2.5,16.0,20.4,19.22983917550965
2023-12-14,Novi Sad,PM2.5,28.0,16.2,22.464228106467434
2023-12-15,Novi Sad,PM2.5,17.0,21.3,20.715798564630443
2023-12-16,Novi Sad,PM2.5,41.0,25.0,31.64303569279816
2023-12-17,Novi Sad,PM2.5,40.0,29.3,35.01732720534077
2023-12-18,Novi Sad,PM2.5,82.0,63.8,62.195157897023634
2023-12-19,Novi Sad,PM2.5,87.0,68.7,63.17075101214464
2023-12-20,Novi Sad,PM2.5,45.0,64.0,36.07465378622873
2023-12-21,Novi Sad,PM2.5,16.0,15.0,23.02901713682074
2023-12-22,Novi Sad,PM2.5,9.0,10.8,14.7132723102063
2023-12-23,Novi Sad,PM2.5,18.0,7.98,17.019423033355707
2023-12-24,Novi Sad,PM2.5,42.0,36.1,36.27524277035084
2023-12-25,Novi Sad,PM2.5,27.0,26.4,25.188382144711102
2023-12-26,Novi Sad,PM2.5,24.0,36.0,28.15333511731867
2023-12-27,Novi Sad,PM2.5,12.0,16.9,24.529916102634747
2023-12-28,Novi Sad,PM2.5,41.0,47.9,36.27524277035084
2023-12-29,Novi Sad,PM2.5,32.0,21.6,29.70769656673821
2023-12-30,Novi Sad,PM2.5,39.0,31.1,33.158237710553024
2023-12-31,Novi Sad,PM2.5,33.0,32.1,29.70769656673821
2024-01-01,Novi Sad,PM2.5,26.0,20.1,22.030718984360234
2024-01-02,Novi Sad,PM2.5,12.0,20.3,22.670826607846976
2024-01-03,Novi Sad,PM2.5,13.0,9.26,16.29501012207159
2024-01-04,Novi Sad,PM2.5,21.0,16.0,18.727637946959007
2024-01-05,Novi Sad,PM2.5,17.0,25.6,23.836938526661417
2024-01-06,Novi Sad,PM2.5,18.0,14.3,16.475139182322817
2024-01-07,Novi Sad,PM2.5,27.0,14.9,18.8176508128092
2024-01-08,Novi Sad,PM2.5,23.0,27.6,18.355268657898936
2024-01-09,Novi Sad,PM2.5,51.0,28.6,37.4030742945818
2024-01-10,Novi Sad,PM2.5,68.0,38.2,55.532371093050536
2024-01-11,Novi Sad,PM2.5,44.0,44.3,39.57823860445205
2024-01-12,Novi Sad,PM2.5,41.0,39.0,31.100565018870387
2024-01-13,Novi Sad,PM2.5,27.0,31.1,27.04067195991597
2024-01-14,Novi Sad,PM2.5,46.0,47.5,40.75963633887543
2024-01-15,Novi Sad,PM2.5,11.0,22.0,18.10506012448941
2024-01-16,Novi Sad,PM2.5,32.0,16.9,25.3269604994441
2024-01-17,Novi Sad,PM2.5,18.0,19.2,16.95921472314825
2024-01-18,Novi Sad,PM2.5,25.0,16.1,18.88453726780693
2024-01-19,Novi Sad,PM2.5,19.0,14.9,16.160488700906264
2024-01-20,Novi Sad,PM2.5,31.0,19.8,28.70357256464995
2024-01-21,Novi Sad,PM2.5,43.0,29.6,37.78832114950029
2024-01-22,Novi Sad,PM2.5,59.0,36.7,45.97692960105269
2024-01-23,Novi Sad,PM2.5,29.0,32.7,23.21596293715035
2024-01-24,Novi Sad,PM2.5,19.0,24.9,21.161638020904075
2024-01-25,Novi Sad,PM2.5,12.0,18.2,14.954765917108771
2024-01-26,Novi Sad,PM2.5,30.0,12.7,23.992093541480298
2024-01-27,Novi Sad,PM2.5,11.0,8.25,13.669269647341824
2024-01-28,Novi Sad,PM2.5,40.0,20.6,32.443063414390814
2024-01-29,Novi Sad,PM2.5,33.0,36.0,31.566786061525985
2024-01-30,Novi Sad,PM2.5,32.0,32.5,29.64402835053536
2024-01-31,Novi Sad,PM2.5,55.0,47.6,45.89539480310095
2024-02-01,Novi Sad,PM2.5,54.0,68.1,40.05395547366213
2024-02-02,Novi Sad,PM2.5,30.0,20.2,21.743907852657436
2024-02-03,Novi Sad,PM2.5,24.0,17.2,23.52088755242745
2024-02-04,Novi Sad,PM2.5,41.0,20.4,33.66583565260493
2024-02-05,Novi Sad,PM2.5,25.0,29.5,23.52088755242745
2024-02-06,Novi Sad,PM2.5,23.0,17.4,22.212238780010445
2024-02-07,Novi Sad,PM2.5,19.0,17.7,23.901501669351056
2024-02-08,Novi Sad,PM2.5,19.0,15.6,23.901501669351056
2024-02-09,Novi Sad,PM2.5,9.0,13.1,19.29011660565616
2024-02-10,Novi Sad,PM2.5,12.0,11.4,15.561947019524776
2024-02-11,Novi Sad,PM2.5,6.0,9.23,13.967624454330451
2024-02-12,Novi Sad,PM2.5,17.0,11.0,19.92895774335238
2024-02-13,Novi Sad,PM2.5,18.0,12.4,15.32749439052841
2024-02-14,Novi Sad,PM2.5,41.0,21.8,33.66583565260493
2024-02-15,Novi Sad,PM2.5,32.0,30.4,31.164910310079406
2024-02-16,Novi Sad,PM2.5,42.0,28.4,34.14730338071167
2024-02-17,Novi Sad,PM2.5,46.0,28.1,35.87233264748298
2024-02-18,Novi Sad,PM2.5,39.0,30.5,29.323305458330875
2024-02-19,Novi Sad,PM2.5,39.0,31.9,31.295765798170315
2024-02-20,Novi Sad,PM2.5,33.0,17.6,25.390628715646955
2024-02-21,Novi Sad,PM2.5,11.0,12.7,19.074275200792037
2024-02-22,Novi Sad,PM2.5,7.0,12.2,20.69166722952148
2024-02-23,Novi Sad,PM2.5,13.0,10.2,15.58906807368548
2024-02-24,Novi Sad,PM2.5,8.0,7.79,15.484355006536171
2024-02-25,Novi Sad,PM2.5,26.0,13.4,25.14562511676619
2024-02-26,Novi Sad,PM2.5,22.0,16.9,25.121283147160472
2024-02-27,Novi Sad,PM2.5,25.0,18.0,22.10923818063937
2024-02-28,Novi Sad,PM2.5,24.0,16.6,25.188382144711102
2024-02-29,Novi Sad,PM2.5,35.0,21.4,28.116196454411096
2024-03-01,Novi Sad,PM2.5,28.0,16.7,18.82186939139353
2024-03-02,Novi Sad,PM2.5,25.0,17.2,20.165042935726195
2024-03-03,Novi Sad,PM2.5,26.0,14.5,22.645458268471906
2024-03-04,Novi Sad,PM2.5,37.0,18.1,27.67999808459004
2024-03-05,Novi Sad,PM2.5,49.0,31.0,34.885187756866884
2024-03-06,Novi Sad,PM2.5,33.0,27.9,25.89695320579621
2024-03-07,Novi Sad,PM2.5,27.0,18.2,22.76545597238702
2024-03-08,Novi Sad,PM2.5,29.0,23.2,22.96488566874938
2024-03-09,Novi Sad,PM2.5,30.0,17.9,20.09220611230653
2024-03-10,Novi Sad,PM2.5,13.0,10.5,15.08064819114026
2024-03-11,Novi Sad,PM2.5,12.0,10.3,14.12157194737608
2024-03-12,Novi Sad,PM2.5,13.0,5.09,16.46867220820569
2024-03-13,Novi Sad,PM2.5,27.0,17.7,19.35740148654653
2024-03-14,Novi Sad,PM2.5,27.0,20.1,22.11097595651236
2024-03-15,Novi Sad,PM2.5,18.0,17.5,22.75351358297336
2024-03-16,Novi Sad,PM2.5,45.0,26.5,31.94246873394512
2024-03-17,Novi Sad,PM2.5,15.0,16.4,16.80322468686981
2024-03-18,Novi Sad,PM2.5,23.0,12.5,24.092562874231525
2024-03-19,Novi Sad,PM2.5,38.0,16.0,27.67999808459004
2024-03-20,Novi Sad,PM2.5,31.0,18.6,26.744447578619383
2024-03-21,Novi Sad,PM2.5,44.0,29.3,34.772706946806146
2024-03-22,Novi Sad,PM2.5,39.0,27.0,31.6236437138616
2024-03-23,Novi Sad,PM2.5,3.0,17.7,18.427358293541545
2024-03-24,Novi Sad,PM2.5,16.0,7.34,16.679310334984525
2024-03-25,Novi Sad,PM2.5,8.0,9.95,17.5519726694492
2024-03-26,Novi Sad,PM2.5,12.0,7.4,15.7781147977166
2024-03-27,Novi Sad,PM2.5,15.0,11.8,14.681673359583275
2024-03-28,Novi Sad,PM2.5,9.0,5.19,13.237798050639412
2024-03-29,Novi Sad,PM2.5,10.0,6.31,16.730707975784053
2024-03-30,Novi Sad,PM2.5,3.0,9.02,17.923163267658925
2024-03-31,Novi Sad,PM2.5,11.0,17.3,18.53010188435719
2024-04-01,Novi Sad,PM2.5,6.0,26.1,17.20954281017912
2024-04-03,Novi Sad,PM2.5,7.0,5.1,15.771172384637364
2024-04-04,Novi Sad,PM2.5,4.0,4.2,14.311325577091068
2024-04-05,Novi Sad,PM2.5,9.0,6.82,15.255487554358185
2024-04-06,Novi Sad,PM2.5,11.0,10.3,16.033876414390342
2024-04-07,Novi Sad,PM2.5,7.0,7.87,15.18530249037261
2024-04-08,Novi Sad,PM2.5,5.0,4.84,13.451305002775603
2024-04-09,Novi Sad,PM2.5,7.0,6.08,15.18530249037261
2024-04-10,Novi Sad,PM2.5,7.0,8.89,14.505458322290126
2024-04-11,Novi Sad,PM2.5,18.0,13.4,18.21376194016744
2024-04-12,Novi Sad,PM2.5,24.0,18.9,20.63870303768332
2024-04-13,Novi Sad,PM2.5,12.0,12.5,16.35883619628929
2024-04-14,Novi Sad,PM2.5,9.0,8.01,16.13006106765822
2024-04-15,Novi Sad,PM2.5,12.0,11.2,14.877201736441304
2024-04-16,Novi Sad,PM2.5,3.0,10.4,10.262437304788362
2024-04-17,Novi Sad,PM2.5,8.0,5.05,11.264917713419589
2024-04-18,Novi Sad,PM2.5,22.0,13.7,15.893944831573014
2024-04-19,Novi Sad,PM2.5,9.0,11.2,13.158429976348671
2024-04-20,Novi Sad,PM2.5,7.0,10.2,13.637987527410663
2024-04-21,Novi Sad,PM2.5,12.0,6.05,12.456741085144682
2024-04-22,Novi Sad,PM2.5,26.0,11.4,17.886827351782063
2024-04-23,Novi Sad,PM2.5,9.0,9.7,9.663156556071495
2024-04-24,Novi Sad,PM2.5,25.0,12.2,16.36128671898136
2024-04-25,Novi Sad,PM2.5,24.0,16.6,19.37716527277606
2024-04-26,Novi Sad,PM2.5,22.0,16.2,17.104433459886796
2024-04-27,Novi Sad,PM2.5,17.0,9.79,15.762602508145324
2024-04-28,Novi Sad,PM2.5,11.0,6.98,12.771012016828529
2024-04-29,Novi Sad,PM2.5,6.0,5.69,10.712391367709776
2024-04-30,Novi Sad,PM2.5,16.0,6.63,12.732061145333418
2024-05-01,Novi Sad,PM2.5,16.0,5.36,10.780595136505127
2024-05-02,Novi Sad,PM2.5,6.0,6.41,7.639478527681517
2024-05-03,Novi Sad,PM2.5,8.0,5.0,11.03424996153805
2024-05-04,Novi Sad,PM2.5,8.0,8.27,10.30012159306106
2024-05-06,Novi Sad,PM2.5,8.0,6.48,10.565107910464064
2024-05-07,Novi Sad,PM2.5,10.0,5.07,10.31566460509282
2024-05-08,Novi Sad,PM2.5,4.0,10.2,10.544199958786038
2024-05-09,Novi Sad,PM2.5,6.0,5.93,9.590733646307584
2024-05-10,Novi Sad,PM2.5,16.0,7.42,12.718404023723586
2024-05-11,Novi Sad,PM2.5,18.0,7.89,14.04197219671157
2024-05-12,Novi Sad,PM2.5,13.0,8.88,12.404509367722408
2024-05-13,Novi Sad,PM2.5,8.0,7.13,11.08369781090233
2024-05-14,Novi Sad,PM2.5,12.0,9.71,12.310472101838464
2024-05-15,Novi Sad,PM2.5,5.0,7.41,8.760925358881485
2024-05-16,Novi Sad,PM2.5,8.0,6.56,8.194565070232326
2024-05-17,Novi Sad,PM2.5,16.0,9.08,10.412597905067686
2024-05-18,Novi Sad,PM2.5,14.0,8.27,12.581092323547551
2024-05-19,Novi Sad,PM2.5,14.0,8.67,11.863484766913936
2024-05-20,Novi Sad,PM2.5,13.0,8.06,10.836454321233877
2024-05-21,Novi Sad,PM2.5,14.0,11.4,9.46302525366104
2024-05-22,Novi Sad,PM2.5,59.0,8.42,36.52282419611037
2024-05-23,Novi Sad,PM2.5,7.0,4.84,10.08671694695168
2024-05-24,Novi Sad,PM2.5,6.0,6.16,10.641107665389868
2024-05-25,Novi Sad,PM2.5,10.0,9.05,9.098119474624337
2024-05-26,Novi Sad,PM2.5,13.0,7.38,11.342555583615706
2024-05-27,Novi Sad,PM2.5,11.0,10.7,12.158012033733648
2024-05-28,Novi Sad,PM2.5,10.0,7.41,10.98646505611608
2024-05-29,Novi Sad,PM2.5,7.0,6.83,9.358238390736137
2024-05-30,Novi Sad,PM2.5,8.0,6.55,10.469823950390577
2024-05-31,Novi Sad,PM2.5,11.0,6.26,11.157235396704294
2024-06-01,Novi Sad,PM2.5,4.0,4.33,9.86083664808272
2024-06-02,Novi Sad,PM2.5,6.0,4.47,10.675351911320163
2024-06-03,Novi Sad,PM2.5,4.0,6.93,10.39854812185816
2024-06-04,Novi Sad,PM2.5,10.0,5.79,9.383059255210124
2024-06-05,Novi Sad,PM2.5,15.0,9.5,12.593410009458657
2024-06-06,Novi Sad,PM2.5,15.0,7.84,12.526714589744188
2024-06-07,Novi Sad,PM2.5,17.0,8.86,13.476987340199978
2024-06-08,Novi Sad,PM2.5,17.0,9.5,12.958397439761711
2024-06-09,Novi Sad,PM2.5,14.0,10.4,11.652761256801936
2024-06-10,Novi Sad,PM2.5,11.0,9.77,10.829847702130886
2024-06-11,Novi Sad,PM2.5,8.0,9.74,10.930236885824964
2024-06-12,Novi Sad,PM2.5,10.0,10.1,10.011250174009376
2024-06-13,Novi Sad,PM2.5,9.0,10.0,10.60921164845899
2024-06-14,Novi Sad,PM2.5,11.0,8.22,11.10256097349484
2024-06-15,Novi Sad,PM2.5,19.0,6.67,14.388775812451618
2024-06-16,Novi Sad,PM2.5,8.0,7.33,10.842762013900966
2024-06-17,Novi Sad,PM2.5,16.0,9.4,13.387267450033152
2024-06-18,Novi Sad,PM2.5,28.0,13.7,17.84131296576386
2024-06-19,Novi Sad,PM2.5,10.0,13.6,10.91783261168792
2024-06-20,Novi Sad,PM2.5,11.0,11.1,11.850380817017818
2024-06-21,Novi Sad,PM2.5,16.0,16.8,13.320572030318688
2024-06-22,Novi Sad,PM2.5,3.0,16.0,9.86083664808272
2024-06-23,Novi Sad,PM2.5,6.0,7.81,9.89015194694855
2024-06-24,Novi Sad,PM2.5,9.0,6.72,8.872749940504105
2024-06-25,Novi Sad,PM2.5,15.0,10.2,12.496502302854823
2024-06-26,Novi Sad,PM2.5,5.0,11.5,8.919387795307017
2024-06-27,Novi Sad,PM2.5,10.0,9.93,10.854116283848615
2024-06-28,Novi Sad,PM2.5,17.0,10.3,13.543682759914445
2024-06-29,Novi Sad,PM2.5,18.0,9.87,13.928156393203398
2024-06-30,Novi Sad,PM2.5,22.0,9.56,13.969851817974105
2024-07-01,Novi Sad,PM2.5,7.0,8.21,9.992123092119224
2024-07-02,Novi Sad,PM2.5,5.0,6.81,9.5282167841378
2024-07-03,Novi Sad,PM2.5,10.0,5.81,10.306184123197738
2024-07-04,Novi Sad,PM2.5,7.0,7.52,10.597851869958362
2024-07-05,Novi Sad,PM2.5,21.0,3.9,15.034030974102375
2024-07-06,Novi Sad,PM2.5,28.0,4.64,16.56986675932321
2024-07-07,Novi Sad,PM2.5,24.0,8.77,16.260038902667393
2024-07-08,Novi Sad,PM2.5,14.0,11.1,12.165431446589158
2024-07-09,Novi Sad,PM2.5,19.0,10.8,13.680219617357606
2024-07-10,Novi Sad,PM2.5,17.0,11.0,12.865338851709796
2024-07-11,Novi Sad,PM2.5,18.0,10.8,13.219600198109386
2024-07-12,Novi Sad,PM2.5,20.0,10.8,13.481201961162258
2024-07-13,Novi Sad,PM2.5,24.0,13.9,16.260038902667393
2024-07-14,Novi Sad,PM2.5,23.0,15.6,16.260038902667393
2024-07-15,Novi Sad,PM2.5,36.0,17.6,21.07318234433245
2024-07-16,Novi Sad,PM2.5,24.0,15.0,15.644541295625269
2024-07-17,Novi Sad,PM2.5,27.0,17.7,16.16313119606356
2024-07-18,Novi Sad,PM2.5,14.0,13.0,11.758720324945369
2024-07-19,Novi Sad,PM2.5,11.0,8.24,10.558888160445152
2024-07-20,Novi Sad,PM2.5,16.0,8.7,12.28034099094016
2024-07-21,Novi Sad,PM2.5,17.0,11.3,13.480836458751892
2024-07-22,Novi Sad,PM2.5,18.0,8.64,13.835097805151484
2024-07-23,Novi Sad,PM2.5,19.0,10.8,14.198809517795873
2024-07-24,Novi Sad,PM2.5,5.0,8.72,9.49890148527197
2024-07-25,Novi Sad,PM2.5,9.0,4.98,9.120859303329098
2024-07-26,Novi Sad,PM2.5,9.0,7.63,10.779915712738411
2024-07-27,Novi Sad,PM2.5,13.0,5.6,11.987224744233671
2024-07-28,Novi Sad,PM2.5,7.0,6.17,10.191140748314572
2024-07-29,Novi Sad,PM2.5,6.0,4.77,8.856541494144464
2024-07-30,Novi Sad,PM2.5,5.0,5.7,9.997008003115514
2024-07-31,Novi Sad,PM2.5,12.0,6.25,11.980172061273324
2024-08-01,Novi Sad,PM2.5,20.0,6.27,14.179989327053311
2024-08-02,Novi Sad,PM2.5,14.0,8.96,11.622548969912572
2024-08-03,Novi Sad,PM2.5,5.0,5.67,8.768400909793689
2024-08-04,Novi Sad,PM2.5,8.0,4.67,10.969882007394158
2024-08-05,Novi Sad,PM2.5,6.0,6.84,9.891048934972082
2024-08-06,Novi Sad,PM2.5,13.0,4.91,11.47455455444645
2024-08-07,Novi Sad,PM2.5,25.0,4.24,16.256189784115474
2024-08-08,Novi Sad,PM2.5,16.0,7.84,13.178480964634849
2024-08-09,Novi Sad,PM2.5,20.0,7.91,13.09343403732704
2024-08-10,Novi Sad,PM2.5,29.0,8.65,17.124061665461195
2024-08-11,Novi Sad,PM2.5,11.0,8.65,11.947288523621648
2024-08-12,Novi Sad,PM2.5,9.0,9.59,10.872974300790329
2024-08-13,Novi Sad,PM2.5,11.0,10.1,11.850380817017818
2024-08-14,Novi Sad,PM2.5,18.0,12.3,13.083428843076591
2024-08-15,Novi Sad,PM2.5,29.0,14.2,17.84131296576386
2024-08-16,Novi Sad,PM2.5,18.0,18.1,13.719369907805092
2024-08-17,Novi Sad,PM2.5,21.0,14.1,14.312574298916848
2024-08-18,Novi Sad,PM2.5,23.0,15.9,16.22597749722611
2024-08-19,Novi Sad,PM2.5,10.0,16.5,10.887620324798558
2024-08-20,Novi Sad,PM2.5,12.0,11.6,11.864444163926931
2024-08-21,Novi Sad,PM2.5,25.0,14.0,15.605633903527272
2024-08-22,Novi Sad,PM2.5,12.0,13.7,11.355979349022595
2024-08-23,Novi Sad,PM2.5,11.0,9.58,11.73850203822334
2024-08-24,Novi Sad,PM2.5,16.0,10.4,12.80198212988042
2024-08-25,Novi Sad,PM2.5,15.0,13.8,12.414835810949713
2024-08-26,Novi Sad,PM2.5,21.0,16.6,14.888090789866622
2024-08-27,Novi Sad,PM2.5,21.0,19.0,14.9999695686611
2024-08-28,Novi Sad,PM2.5,25.0,20.0,15.737599883677182
2024-08-29,Novi Sad,PM2.5,12.0,20.1,11.258715386087797
2024-08-30,Novi Sad,PM2.5,17.0,15.4,12.759379783566365
2024-08-31,Novi Sad,PM2.5,18.0,19.6,13.312658786161302
2024-09-01,Novi Sad,PM2.5,14.0,16.5,12.518850978900634
2024-09-02,Novi Sad,PM2.5,20.0,19.1,14.84706139295666
2024-09-03,Novi Sad,PM2.5,22.0,22.6,15.697253921453813
2024-09-04,Novi Sad,PM2.5,17.0,23.0,14.03218062730885
2024-09-05,Novi Sad,PM2.5,31.0,24.9,18.218539210420253
2024-09-06,Novi Sad,PM2.5,20.0,21.5,14.863656211677652
2024-09-07,Novi Sad,PM2.5,19.0,16.1,14.055071241325614
2024-09-08,Novi Sad,PM2.5,13.0,13.2,10.859009816697192
2024-09-09,Novi Sad,PM2.5,8.0,15.6,8.848888836609856
2024-09-10,Novi Sad,PM2.5,10.0,15.5,10.605483263339078
2024-09-11,Novi Sad,PM2.5,14.0,12.3,12.2245493626318
2024-09-12,Novi Sad,PM2.5,4.0,11.2,10.726926370181417
2024-09-13,Novi Sad,PM2.5,6.0,6.44,9.72827088341498
2024-09-14,Novi Sad,PM2.5,9.0,3.66,9.06494371037693
2024-09-15,Novi Sad,PM2.5,9.0,2.3,7.875209071747251
2024-09-16,Novi Sad,PM2.5,8.0,5.75,9.310809087505056
2024-09-17,Novi Sad,PM2.5,18.0,11.4,14.752775772798694
2024-09-18,Novi Sad,PM2.5,25.0,18.2,17.422045308069233
2024-09-19,Novi Sad,PM2.5,15.0,22.3,12.476179099013924
2024-09-20,Novi Sad,PM2.5,17.0,13.4,12.143835045817106
2024-09-21,Novi Sad,PM2.5,25.0,18.8,16.40467194958054
2024-09-22,Novi Sad,PM2.5,35.0,24.1,22.405893448168204
2024-09-23,Novi Sad,PM2.5,17.0,23.2,13.62546950566506
2024-09-24,Novi Sad,PM2.5,15.0,15.7,12.380895138940437
2024-09-25,Novi Sad,PM2.5,27.0,14.3,17.155099249612753
2024-09-26,Novi Sad,PM2.5,15.0,14.5,12.13345661807118
2024-09-27,Novi Sad,PM2.5,17.0,12.6,13.62546950566506
2024-09-28,Novi Sad,PM2.5,4.0,10.8,9.639773290595656
2024-09-29,Novi Sad,PM2.5,4.0,5.44,7.933264693632975
2024-09-30,Novi Sad,PM2.5,8.0,8.02,11.080064912284326
2024-10-01,Novi Sad,PM2.5,4.0,10.0,14.18598053605762
2024-10-02,Novi Sad,PM2.5,19.0,10.8,15.711972112058673
2024-10-03,Novi Sad,PM2.5,28.0,22.2,18.145102606093964
2024-10-04,Novi Sad,PM2.5,10.0,12.1,11.985419215663985
2024-10-05,Novi Sad,PM2.5,18.0,12.6,16.903090312828745
2024-10-06,Novi Sad,PM2.5,10.0,15.1,13.832861674835424
2024-10-07,Novi Sad,PM2.5,7.0,15.2,14.408044288951032
2024-10-08,Novi Sad,PM2.5,8.0,11.9,12.773904818888356
2024-10-09,Novi Sad,PM2.5,5.0,10.8,12.020143417190576
2024-10-10,Novi Sad,PM2.5,7.0,10.2,12.303755459286457
2024-10-11,Novi Sad,PM2.5,6.0,8.2,12.243904691621749
2024-10-12,Novi Sad,PM2.5,18.0,12.1,17.71354077589427
2024-10-13,Novi Sad,PM2.5,13.0,16.0,16.07445420037473
2024-10-14,Novi Sad,PM2.5,11.0,7.38,15.15185832354898
2024-10-15,Novi Sad,PM2.5,9.0,13.0,16.297706004414305
2024-10-16,Novi Sad,PM2.5,28.0,14.4,23.63700451383074
2024-10-17,Novi Sad,PM2.5,9.0,15.5,15.309822215289882
2024-10-18,Novi Sad,PM2.5,10.0,8.89,13.96885229840318
2024-10-19,Novi Sad,PM2.5,5.0,9.02,13.667996306602976
2024-10-20,Novi Sad,PM2.5,18.0,12.4,18.26809660109913
2024-10-21,Novi Sad,PM2.5,36.0,26.6,28.14350533982107
2024-10-22,Novi Sad,PM2.5,49.0,35.8,36.3450376344245
2024-10-23,Novi Sad,PM2.5,40.0,52.2,30.099598080575827
2024-10-24,Novi Sad,PM2.5,36.0,35.8,28.24231688281985
2024-10-25,Novi Sad,PM2.5,32.0,28.7,23.570012008691847
2024-10-26,Novi Sad,PM2.5,24.0,27.4,21.87993914393476
2024-10-27,Novi Sad,PM2.5,35.0,33.7,26.878600417086197
2024-10-28,Novi Sad,PM2.5,40.0,32.8,29.075071407477427
2024-10-29,Novi Sad,PM2.5,37.0,36.4,29.705731802622324
2024-10-30,Novi Sad,PM2.5,48.0,45.3,36.93387904092695
2024-10-31,Novi Sad,PM2.5,36.0,27.8,28.412355234672496
2024-11-01,Novi Sad,PM2.5,39.0,25.4,32.498243288644524
2024-11-02,Novi Sad,PM2.5,31.0,33.4,25.557448962940825
2024-11-03,Novi Sad,PM2.5,31.0,13.8,26.93139420390109
2024-11-04,Novi Sad,PM2.5,42.0,31.8,33.25737539560414
2024-11-05,Novi Sad,PM2.5,32.0,39.0,28.45886073832722
2024-11-06,Novi Sad,PM2.5,58.0,36.5,45.27140547105428
2024-11-07,Novi Sad,PM2.5,68.0,59.5,50.19463988549938
2024-11-08,Novi Sad,PM2.5,87.0,82.8,59.87068044094749
2024-11-09,Novi Sad,PM2.5,68.0,63.4,52.043620242705565
2024-11-10,Novi Sad,PM2.5,67.0,60.6,52.043620242705565
2024-11-11,Novi Sad,PM2.5,55.0,53.1,39.617494615118325
2024-11-12,Novi Sad,PM2.5,47.0,40.6,35.44087673842149
2024-11-13,Novi Sad,PM2.5,33.0,36.9,28.95079443822585
2024-11-14,Novi Sad,PM2.5,32.0,23.8,27.403903466272062
2024-11-15,Novi Sad,PM2.5,48.0,27.2,34.36929104357656
2024-11-16,Novi Sad,PM2.5,52.0,41.3,42.16791431071405
2024-11-17,Novi Sad,PM2.5,47.0,48.4,38.28856179970927
2024-11-18,Novi Sad,PM2.5,68.0,49.0,52.043620242705565
2024-11-19,Novi Sad,PM2.5,21.0,51.8,23.04601753098117
2024-11-20,Novi Sad,PM2.5,4.0,9.02,14.179868500725188
2024-11-21,Novi Sad,PM2.5,7.0,8.27,15.032204763072244
2024-11-22,Novi Sad,PM2.5,8.0,7.54,13.19802242331109
2024-11-23,Novi Sad,PM2.5,16.0,12.8,18.366906613266718
2024-11-24,Novi Sad,PM2.5,21.0,15.7,22.33602231858758
2024-11-25,Novi Sad,PM2.5,46.0,30.3,35.74380047937026
2024-11-26,Novi Sad,PM2.5,35.0,24.6,28.85437083156136
2024-11-27,Novi Sad,PM2.5,61.0,35.1,44.79486758864352
2024-11-28,Novi Sad,PM2.5,8.0,47.1,18.69583891495181
2024-11-29,Novi Sad,PM2.5,40.0,11.0,25.344638047966065
2024-11-30,Novi Sad,PM2.5,40.0,28.1,26.184378849116552
2024-12-01,Novi Sad,PM2.5,18.0,21.0,20.114247012818662
2024-12-02,Novi Sad,PM2.5,30.0,17.5,27.05646442809366
2024-12-03,Novi Sad,PM2.5,50.0,22.3,35.299412514027
2024-12-04,Novi Sad,PM2.5,55.0,31.0,40.16919892429237
2024-12-05,Novi Sad,PM2.5,31.0,35.3,26.704090859344134
2024-12-06,Novi Sad,PM2.5,37.0,21.6,27.945806529387987
2024-12-07,Novi Sad,PM2.5,56.0,25.7,40.07229121768854
2024-12-08,Novi Sad,PM2.5,15.0,19.0,14.39533518480266
2024-12-09,Novi Sad,PM2.5,50.0,26.9,36.46788632470438
2024-12-10,Novi Sad,PM2.5,45.0,25.6,38.166390438285376
2024-12-11,Novi Sad,PM2.5,28.0,17.1,25.74328579592178
2024-12-12,Novi Sad,PM2.5,42.0,24.5,32.74429485299256
2024-12-13,Novi Sad,PM2.5,48.0,23.7,41.679665977444365
2024-12-14,Novi Sad,PM2.5,47.0,31.0,31.622821011818413
2024-12-15,Novi Sad,PM2.5,21.0,24.7,21.01546135131654
2024-12-16,Novi Sad,PM2.5,35.0,16.7,28.137134397246825
2024-12-17,Novi Sad,PM2.5,48.0,31.7,36.90027487697162
2024-12-18,Novi Sad,PM2.5,85.0,30.9,63.17075101214464
2024-12-19,Novi Sad,PM2.5,30.0,44.5,30.235038776702467
2024-12-20,Novi Sad,PM2.5,8.0,14.6,15.491654940845953
2024-12-21,Novi Sad,PM2.5,31.0,10.9,20.19566975788459
2024-12-22,Novi Sad,PM2.5,62.0,16.0,44.38377565286711
2024-12-23,Novi Sad,PM2.5,20.0,14.4,15.8994141397498
2024-12-24,Novi Sad,PM2.5,34.0,9.28,18.18023488765511
2024-12-25,Novi Sad,PM2.5,11.0,9.91,14.94259244135572
2024-12-26,Novi Sad,PM2.5,43.0,21.0,34.895896504861
2024-12-27,Novi Sad,PM2.5,45.0,36.4,36.24363272729477
2024-12-28,Novi Sad,PM2.5,79.0,48.5,56.84041142460576
2024-12-29,Novi Sad,PM2.5,93.0,66.7,65.82403258508553
2024-12-30,Novi Sad,PM2.5,57.0,72.8,48.25376763896961
2024-12-31,Novi Sad,PM2.5,58.0,41.8,50.70604438520927
2021-01-23,Obrenovac,PM2.5,21.0,10.8,19.498854946849907
2021-01-24,Obrenovac,PM2.5,30.0,9.01,19.678400279301705
2021-01-25,Obrenovac,PM2.5,48.0,17.0,30.24306940279728
2021-01-26,Obrenovac,PM2.5,35.0,24.5,22.76045926240541
2021-01-27,Obrenovac,PM2.5,51.0,26.1,30.925221622541585
2021-01-28,Obrenovac,PM2.5,33.0,33.9,28.80474721823947
2021-01-29,Obrenovac,PM2.5,38.0,32.8,27.231578907940445
2021-01-30,Obrenovac,PM2.5,27.0,24.0,22.472813740297077
2021-01-31,Obrenovac,PM2.5,35.0,29.5,23.90339992192029
2021-02-01,Obrenovac,PM2.5,29.0,37.9,23.473284839009064
2021-02-02,Obrenovac,PM2.5,60.0,56.7,48.31470294257284
2021-02-03,Obrenovac,PM2.5,36.0,47.4,32.42153163315191
2021-02-04,Obrenovac,PM2.5,38.0,49.1,26.55109624538711
2021-02-05,Obrenovac,PM2.5,24.0,75.7,27.168925621790383
2021-02-06,Obrenovac,PM2.5,0.0,75.9,27.005381334820044
2021-02-07,Obrenovac,PM2.5,0.0,33.3,18.98816660060383
2021-02-08,Obrenovac,PM2.5,0.0,22.5,15.71809469784324
2021-02-09,Obrenovac,PM2.5,0.0,26.4,18.656262749510717
2021-02-10,Obrenovac,PM2.5,2.0,30.2,16.58054837697573
2021-02-11,Obrenovac,PM2.5,16.0,28.9,13.747684258552091
2021-02-12,Obrenovac,PM2.5,9.0,28.5,19.448049606390267
2021-02-13,Obrenovac,PM2.5,16.0,29.8,21.64555036979513
2021-02-14,Obrenovac,PM2.5,23.0,53.8,24.84920251421097
2021-02-15,Obrenovac,PM2.5,13.0,38.3,20.568205367637503
2021-02-16,Obrenovac,PM2.5,24.0,49.1,27.0808195720457
2021-02-17,Obrenovac,PM2.5,32.0,59.4,23.36676778016559
2021-02-18,Obrenovac,PM2.5,16.0,44.9,16.70825720610245
2021-02-19,Obrenovac,PM2.5,27.0,50.5,24.29911425741438
2021-02-20,Obrenovac,PM2.5,40.0,65.1,30.052091595186955
2021-02-21,Obrenovac,PM2.5,23.0,30.5,22.41396962975358
2021-02-22,Obrenovac,PM2.5,24.0,88.5,26.71886228294327
2021-02-23,Obrenovac,PM2.5,27.0,69.6,25.395726803439345
2021-02-24,Obrenovac,PM2.5,51.0,95.2,41.15966282251596
2021-02-25,Obrenovac,PM2.5,51.0,106.0,41.065516225475335
2021-02-26,Obrenovac,PM2.5,42.0,102.0,34.894629913984645
2021-02-27,Obrenovac,PM2.5,31.0,57.2,23.88856682220676
2021-02-28,Obrenovac,PM2.5,19.0,35.3,24.206235006916664
2021-03-01,Obrenovac,PM2.5,34.0,62.8,26.04155825450403
2021-03-02,Obrenovac,PM2.5,32.0,67.5,27.364693734007957
2021-03-03,Obrenovac,PM2.5,35.0,64.5,28.72367000518303
2021-03-04,Obrenovac,PM2.5,33.0,74.7,27.21160901101409
2021-03-05,Obrenovac,PM2.5,25.0,47.3,19.864676800072264
2021-03-06,Obrenovac,PM2.5,13.0,27.9,14.496707936164348
2021-03-07,Obrenovac,PM2.5,26.0,66.4,23.949514883025188
2021-03-08,Obrenovac,PM2.5,48.0,66.5,37.776986594550046
2021-03-09,Obrenovac,PM2.5,23.0,43.4,24.02398205255458
2021-03-10,Obrenovac,PM2.5,18.0,38.8,18.628005375052904
2021-03-11,Obrenovac,PM2.5,30.0,56.6,25.25035876953621
2021-03-12,Obrenovac,PM2.5,21.0,30.0,19.48031957480093
2021-03-13,Obrenovac,PM2.5,21.0,29.6,20.472942263804885
2021-03-14,Obrenovac,PM2.5,8.0,15.5,15.173032656949571
2021-03-15,Obrenovac,PM2.5,8.0,15.9,13.027883663145156
2021-03-16,Obrenovac,PM2.5,7.0,15.3,12.839480569253062
2021-03-17,Obrenovac,PM2.5,10.0,17.1,12.789537559337534
2021-03-18,Obrenovac,PM2.5,13.0,20.7,14.975238836811815
2021-03-19,Obrenovac,PM2.5,24.0,29.5,22.680891293826825
2021-03-20,Obrenovac,PM2.5,31.0,46.4,26.227338240112875
2021-03-21,Obrenovac,PM2.5,37.0,36.6,26.43850426839728
2021-03-22,Obrenovac,PM2.5,19.0,26.1,17.53517282432165
2021-03-23,Obrenovac,PM2.5,6.0,11.3,14.861944008065771
2021-03-24,Obrenovac,PM2.5,13.0,18.5,14.326991377058643
2021-03-25,Obrenovac,PM2.5,20.0,47.2,21.625018574692746
2021-03-26,Obrenovac,PM2.5,24.0,47.3,24.017850407085245
2021-03-27,Obrenovac,PM2.5,22.0,43.9,22.69930072520151
2021-03-28,Obrenovac,PM2.5,5.0,24.1,17.298837696972246
2021-03-30,Obrenovac,PM2.5,33.0,38.9,27.176562766313797
2021-03-31,Obrenovac,PM2.5,36.0,40.2,29.8120614071734
2021-04-01,Obrenovac,PM2.5,32.0,35.1,25.53543463939853
2021-04-02,Obrenovac,PM2.5,25.0,34.7,19.79099914436921
2021-04-03,Obrenovac,PM2.5,18.0,21.5,16.507962052173383
2021-04-04,Obrenovac,PM2.5,14.0,12.9,15.0839327345305
2021-04-05,Obrenovac,PM2.5,22.0,16.9,19.41030829173774
2021-04-06,Obrenovac,PM2.5,23.0,16.2,18.627191929650976
2021-04-07,Obrenovac,PM2.5,11.0,12.1,13.838104550759054
2021-04-08,Obrenovac,PM2.5,8.0,14.2,13.823224569261477
2021-04-09,Obrenovac,PM2.5,12.0,16.4,17.34767003741989
2021-04-10,Obrenovac,PM2.5,11.0,19.3,17.148813719774424
2021-04-11,Obrenovac,PM2.5,18.0,23.2,17.510782944858622
2021-04-12,Obrenovac,PM2.5,14.0,26.3,16.60238478610817
2021-04-13,Obrenovac,PM2.5,8.0,13.4,13.38610846607893
2021-04-14,Obrenovac,PM2.5,9.0,9.85,12.146934594945748
2021-04-15,Obrenovac,PM2.5,12.0,16.9,14.282721715248064
2021-04-16,Obrenovac,PM2.5,14.0,26.8,14.149286076077242
2021-04-17,Obrenovac,PM2.5,17.0,34.7,15.267905048988494
2021-04-18,Obrenovac,PM2.5,18.0,25.3,15.435294898754533
2021-04-19,Obrenovac,PM2.5,29.0,31.3,19.380250133221853
2021-04-20,Obrenovac,PM2.5,39.0,26.0,25.73007472346567
2021-04-21,Obrenovac,PM2.5,33.0,25.2,20.210313612735074
2021-04-22,Obrenovac,PM2.5,23.0,20.8,18.879193975143345
2021-04-23,Obrenovac,PM2.5,29.0,19.9,18.775959590147767
2021-04-24,Obrenovac,PM2.5,32.0,26.7,22.02915235078989
2021-04-25,Obrenovac,PM2.5,29.0,27.2,20.30580057032738
2021-04-27,Obrenovac,PM2.5,43.0,21.0,26.558918580247635
2021-04-28,Obrenovac,PM2.5,37.0,24.7,22.625410686873494
2021-05-11,Obrenovac,PM2.5,19.0,6.69,12.749571125716033
2021-05-12,Obrenovac,PM2.5,16.0,9.42,11.871297261584337
2021-05-13,Obrenovac,PM2.5,9.0,10.4,10.681404643951812
2021-05-14,Obrenovac,PM2.5,5.0,7.14,9.83590071476894
2021-05-15,Obrenovac,PM2.5,11.0,11.8,11.907694628097255
2021-05-16,Obrenovac,PM2.5,10.0,8.75,11.18229125404672
2021-05-17,Obrenovac,PM2.5,5.0,8.83,9.71262618458516
2021-05-18,Obrenovac,PM2.5,4.0,7.0,8.844004769508786
2021-05-19,Obrenovac,PM2.5,9.0,12.4,11.129923321653669
2021-05-20,Obrenovac,PM2.5,7.0,6.05,8.244537241705158
2021-07-29,Obrenovac,PM2.5,26.0,13.2,15.382645556973138
2021-07-30,Obrenovac,PM2.5,26.0,18.2,16.154872472367092
2021-07-31,Obrenovac,PM2.5,24.0,17.6,15.96142277164941
2021-08-01,Obrenovac,PM2.5,21.0,13.4,14.311158846572413
2021-08-02,Obrenovac,PM2.5,12.0,7.96,11.066382217349153
2021-08-03,Obrenovac,PM2.5,15.0,10.3,12.46145120753697
2021-08-04,Obrenovac,PM2.5,16.0,12.4,13.141069991357677
2021-08-05,Obrenovac,PM2.5,11.0,11.6,10.532647067054468
2021-08-06,Obrenovac,PM2.5,6.0,20.7,9.684784360888871
2021-08-07,Obrenovac,PM2.5,8.0,8.08,10.244910284473358
2021-08-08,Obrenovac,PM2.5,22.0,9.8,14.485103056867386
2021-08-09,Obrenovac,PM2.5,22.0,15.5,14.311158846572413
2021-08-10,Obrenovac,PM2.5,19.0,14.4,14.29424210843002
2021-08-11,Obrenovac,PM2.5,16.0,14.4,12.528734788819008
2021-08-12,Obrenovac,PM2.5,12.0,12.8,11.066382217349153
2021-08-13,Obrenovac,PM2.5,16.0,15.0,13.141069991357677
2021-08-14,Obrenovac,PM2.5,22.0,16.1,15.117807084978253
2021-08-15,Obrenovac,PM2.5,21.0,14.5,15.015050237906314
2021-08-16,Obrenovac,PM2.5,24.0,16.3,15.735317214691063
2021-08-17,Obrenovac,PM2.5,11.0,13.2,9.690468971263924
2021-08-18,Obrenovac,PM2.5,5.0,7.94,9.684784360888871
2021-08-19,Obrenovac,PM2.5,7.0,10.7,10.388675752222772
2021-08-20,Obrenovac,PM2.5,6.0,15.9,10.49143259929471
2021-08-21,Obrenovac,PM2.5,9.0,12.9,10.650459420691252
2021-08-22,Obrenovac,PM2.5,9.0,12.9,10.75321626776319
2021-08-23,Obrenovac,PM2.5,11.0,12.7,10.238492238916931
2021-08-24,Obrenovac,PM2.5,12.0,10.7,11.53935775334907
2021-08-25,Obrenovac,PM2.5,13.0,14.6,10.899240712749856
2021-08-26,Obrenovac,PM2.5,26.0,21.8,16.556152210496098
2021-08-27,Obrenovac,PM2.5,17.0,20.6,13.077338534087117
2021-08-28,Obrenovac,PM2.5,14.0,15.6,12.247331498158076
2021-08-29,Obrenovac,PM2.5,15.0,12.0,11.371860091508868
2021-08-30,Obrenovac,PM2.5,9.0,13.7,10.199969979695858
2021-08-31,Obrenovac,PM2.5,12.0,17.5,11.849879344716149
2021-09-02,Obrenovac,PM2.5,18.0,13.7,13.89821120994122
2021-09-03,Obrenovac,PM2.5,11.0,20.6,12.496157316672816
2021-09-04,Obrenovac,PM2.5,36.0,14.9,23.978173743180424
2021-09-05,Obrenovac,PM2.5,14.0,16.1,13.180677539028329
2021-09-06,Obrenovac,PM2.5,16.0,18.5,12.824901454517244
2021-09-07,Obrenovac,PM2.5,16.0,14.7,12.630128117800318
2021-09-08,Obrenovac,PM2.5,12.0,13.0,10.810697933383732
2021-09-09,Obrenovac,PM2.5,6.0,11.7,9.329710611012407
2021-09-10,Obrenovac,PM2.5,8.0,17.6,10.605659518982025
2021-09-11,Obrenovac,PM2.5,16.0,19.4,13.96305316992097
2021-09-12,Obrenovac,PM2.5,16.0,20.7,13.7203957226417
2021-09-13,Obrenovac,PM2.5,15.0,21.0,13.180677539028329
2021-09-14,Obrenovac,PM2.5,19.0,21.5,15.116225286993314
2021-09-15,Obrenovac,PM2.5,15.0,22.6,13.283434386100264
2021-09-16,Obrenovac,PM2.5,13.0,24.7,12.546925962614926
2021-09-17,Obrenovac,PM2.5,13.0,24.0,11.843034571281024
2021-09-18,Obrenovac,PM2.5,13.0,12.3,11.420515839156488
2021-09-19,Obrenovac,PM2.5,16.0,14.7,14.065810016992907
2021-09-20,Obrenovac,PM2.5,32.0,14.4,18.622658721232167
2021-09-21,Obrenovac,PM2.5,25.0,16.4,16.879881950281426
2021-09-22,Obrenovac,PM2.5,25.0,19.1,15.47666495924468
2021-09-23,Obrenovac,PM2.5,21.0,21.2,15.714719272417025
2021-09-24,Obrenovac,PM2.5,13.0,20.5,12.039937146405917
2021-09-25,Obrenovac,PM2.5,13.0,20.6,12.846585384811751
2021-09-26,Obrenovac,PM2.5,13.0,23.1,12.778874782440113
2021-09-27,Obrenovac,PM2.5,25.0,26.7,17.190004421365238
2021-09-28,Obrenovac,PM2.5,17.0,19.9,13.575246391802578
2021-09-29,Obrenovac,PM2.5,17.0,15.8,12.403432332233242
2021-09-30,Obrenovac,PM2.5,28.0,21.0,16.2533262929981
2021-10-01,Obrenovac,PM2.5,26.0,29.4,18.298438135862305
2021-10-02,Obrenovac,PM2.5,13.0,15.9,12.941628247809064
2021-10-03,Obrenovac,PM2.5,16.0,12.6,13.917729063006696
2021-10-04,Obrenovac,PM2.5,21.0,16.9,16.23833509114154
2021-10-05,Obrenovac,PM2.5,18.0,16.8,14.12810417552665
2021-10-06,Obrenovac,PM2.5,23.0,22.7,16.151548794199904
2021-10-07,Obrenovac,PM2.5,15.0,16.7,11.942179108171196
2021-10-08,Obrenovac,PM2.5,7.0,12.3,9.937457500366476
2021-10-09,Obrenovac,PM2.5,8.0,11.5,10.632034849440991
2021-10-10,Obrenovac,PM2.5,15.0,18.3,11.096280757557482
2021-10-11,Obrenovac,PM2.5,22.0,20.7,15.390314886512948
2021-10-12,Obrenovac,PM2.5,39.0,34.1,25.316848142096585
2021-10-13,Obrenovac,PM2.5,27.0,25.2,17.38469171253925
2021-10-14,Obrenovac,PM2.5,28.0,30.1,20.902758481768483
2021-10-15,Obrenovac,PM2.5,33.0,31.8,23.991619181283845
2021-10-16,Obrenovac,PM2.5,33.0,33.4,23.37322239568158
2021-10-17,Obrenovac,PM2.5,33.0,50.4,26.500367034099533
2021-10-18,Obrenovac,PM2.5,41.0,58.5,31.286604660751635
2021-10-19,Obrenovac,PM2.5,36.0,50.6,29.007804876870352
2021-10-20,Obrenovac,PM2.5,32.0,39.2,24.691156568636327
2021-10-21,Obrenovac,PM2.5,22.0,39.3,20.64522074707076
2021-10-23,Obrenovac,PM2.5,30.0,27.7,21.51071767751372
2021-10-24,Obrenovac,PM2.5,23.0,38.8,22.25144268246508
2021-10-25,Obrenovac,PM2.5,18.0,32.7,17.56348412965065
2021-10-26,Obrenovac,PM2.5,27.0,25.7,19.96917136262528
2021-10-27,Obrenovac,PM2.5,61.0,76.6,46.258843373811445
2021-10-28,Obrenovac,PM2.5,68.0,84.8,49.70406862671973
2021-10-29,Obrenovac,PM2.5,30.0,60.9,21.80769214173606
2021-10-30,Obrenovac,PM2.5,22.0,19.8,18.2902828859674
2021-10-31,Obrenovac,PM2.5,25.0,21.0,19.96917136262528
2021-11-01,Obrenovac,PM2.5,38.0,34.0,26.61720577604272
2021-11-02,Obrenovac,PM2.5,35.0,27.6,22.99152529442656
2021-11-03,Obrenovac,PM2.5,19.0,22.8,18.25750520553858
2021-11-04,Obrenovac,PM2.5,10.0,13.5,13.96229003575111
2021-11-05,Obrenovac,PM2.5,14.0,12.8,16.720523484047423
2021-11-06,Obrenovac,PM2.5,33.0,27.0,25.157165481769635
2021-11-07,Obrenovac,PM2.5,41.0,35.6,30.307972354733547
2021-11-08,Obrenovac,PM2.5,33.0,27.0,24.694479145527584
2021-11-09,Obrenovac,PM2.5,33.0,36.0,25.76546444656213
2021-11-10,Obrenovac,PM2.5,18.0,36.4,18.57709653220274
2021-11-11,Obrenovac,PM2.5,41.0,41.9,28.97546329996753
2021-11-12,Obrenovac,PM2.5,51.0,44.7,39.08970893172379
2021-11-13,Obrenovac,PM2.5,60.0,75.7,46.039235357636805
2021-11-14,Obrenovac,PM2.5,31.0,47.2,22.63622816358512
2021-11-15,Obrenovac,PM2.5,51.0,65.0,36.30739581597273
2021-11-16,Obrenovac,PM2.5,24.0,23.5,19.46382118276019
2021-11-17,Obrenovac,PM2.5,45.0,41.0,32.14940733674107
2021-11-18,Obrenovac,PM2.5,59.0,47.9,44.542155667837896
2021-11-19,Obrenovac,PM2.5,38.0,31.4,29.1991995971749
2021-11-20,Obrenovac,PM2.5,35.0,32.5,27.63034502304603
2021-11-21,Obrenovac,PM2.5,37.0,64.2,30.248820895287786
2021-11-22,Obrenovac,PM2.5,79.0,73.2,49.38656491779435
2021-11-23,Obrenovac,PM2.5,36.0,44.4,26.69774904177012
2021-11-24,Obrenovac,PM2.5,53.0,67.2,41.887237624334695
2021-11-25,Obrenovac,PM2.5,42.0,63.3,29.425526638814645
2021-11-26,Obrenovac,PM2.5,17.0,17.4,14.866589941644069
2021-11-27,Obrenovac,PM2.5,23.0,23.3,20.146804463256352
2021-11-28,Obrenovac,PM2.5,15.0,17.8,15.439943975947454
2021-11-29,Obrenovac,PM2.5,21.0,17.1,20.34210314056405
2021-11-30,Obrenovac,PM2.5,18.0,19.3,16.67583982009371
2021-12-01,Obrenovac,PM2.5,21.0,20.7,23.892110695277168
2021-12-02,Obrenovac,PM2.5,8.0,10.5,16.609137019178256
2021-12-03,Obrenovac,PM2.5,26.0,21.3,18.013974596347712
2021-12-04,Obrenovac,PM2.5,33.0,30.8,30.282309706914223
2021-12-05,Obrenovac,PM2.5,38.0,41.1,25.785174177456263
2021-12-06,Obrenovac,PM2.5,34.0,26.7,22.562027859421256
2021-12-07,Obrenovac,PM2.5,29.0,26.2,18.72107684499997
2021-12-08,Obrenovac,PM2.5,33.0,38.8,27.976225479550106
2021-12-09,Obrenovac,PM2.5,21.0,23.5,16.70564066825981
2021-12-10,Obrenovac,PM2.5,30.0,28.0,24.23393342424465
2021-12-11,Obrenovac,PM2.5,21.0,28.6,16.957949563061135
2021-12-12,Obrenovac,PM2.5,15.0,16.9,11.959533241964774
2021-12-13,Obrenovac,PM2.5,27.0,34.2,17.96888014305711
2021-12-14,Obrenovac,PM2.5,51.0,54.3,41.70975107931255
2021-12-15,Obrenovac,PM2.5,62.0,76.0,51.130569579225366
2021-12-16,Obrenovac,PM2.5,57.0,66.2,38.593379060896815
2021-12-17,Obrenovac,PM2.5,35.0,23.1,22.501589324530656
2021-12-18,Obrenovac,PM2.5,22.0,22.2,17.349396157224746
2021-12-19,Obrenovac,PM2.5,28.0,31.8,22.587530298258063
2021-12-20,Obrenovac,PM2.5,15.0,11.8,15.641066668076244
2021-12-21,Obrenovac,PM2.5,24.0,38.6,24.29911425741438
2021-12-22,Obrenovac,PM2.5,53.0,93.9,45.00963210196429
2021-12-23,Obrenovac,PM2.5,41.0,78.0,34.294944972757506
2021-12-24,Obrenovac,PM2.5,18.0,23.0,19.631439913139157
2021-12-25,Obrenovac,PM2.5,22.0,22.2,17.903362412207876
2021-12-26,Obrenovac,PM2.5,27.0,22.5,22.41895885541092
2021-12-27,Obrenovac,PM2.5,33.0,24.5,25.45463198028824
2021-12-28,Obrenovac,PM2.5,43.0,39.9,35.52854815073935
2021-12-29,Obrenovac,PM2.5,59.0,53.6,41.354748341525294
2021-12-30,Obrenovac,PM2.5,37.0,32.6,30.04361575338003
2021-12-31,Obrenovac,PM2.5,40.0,84.5,34.08901127271214
2023-01-16,Obrenovac,PM2.5,23.0,21.5,18.33805231236836
2023-01-17,Obrenovac,PM2.5,8.0,7.78,13.20885294380832
2023-01-18,Obrenovac,PM2.5,6.0,8.11,13.850015938377116
2023-01-19,Obrenovac,PM2.5,9.0,10.2,14.000266668607104
2023-01-20,Obrenovac,PM2.5,28.0,26.9,19.24702311805781
2023-01-21,Obrenovac,PM2.5,47.0,38.8,34.629448282526255
2023-01-22,Obrenovac,PM2.5,44.0,35.1,34.226869980619774
2023-01-23,Obrenovac,PM2.5,23.0,24.3,16.832904238456294
2023-01-24,Obrenovac,PM2.5,11.0,13.0,14.370550405819516
2023-01-25,Obrenovac,PM2.5,23.0,24.7,23.98083093590413
2023-01-26,Obrenovac,PM2.5,17.0,20.3,16.510577158501
2023-01-27,Obrenovac,PM2.5,28.0,25.4,20.33978548549035
2023-01-28,Obrenovac,PM2.5,41.0,32.9,25.679418888094425
2023-01-29,Obrenovac,PM2.5,40.0,33.4,27.721171386652884
2023-01-30,Obrenovac,PM2.5,35.0,33.3,31.758809039587494
2023-01-31,Obrenovac,PM2.5,15.0,17.2,14.72289442333954
2023-02-01,Obrenovac,PM2.5,23.0,27.1,24.09108689640838
2023-02-02,Obrenovac,PM2.5,20.0,21.6,17.011091568944607
2023-02-03,Obrenovac,PM2.5,11.0,12.6,14.250997412792488
2023-02-04,Obrenovac,PM2.5,6.0,6.54,12.121480705598488
2023-02-05,Obrenovac,PM2.5,8.0,9.69,19.28515791745164
2023-02-06,Obrenovac,PM2.5,17.0,19.2,19.771492746698836
2023-02-07,Obrenovac,PM2.5,33.0,30.4,29.35483547503606
2023-02-08,Obrenovac,PM2.5,41.0,46.7,31.214970753208657
2023-02-09,Obrenovac,PM2.5,27.0,33.1,22.1667582320279
2023-02-10,Obrenovac,PM2.5,51.0,65.9,41.65928322343434
2023-02-11,Obrenovac,PM2.5,69.0,82.7,54.21809887855582
2023-02-12,Obrenovac,PM2.5,63.0,61.8,41.75199059920253
2023-02-13,Obrenovac,PM2.5,61.0,72.5,50.22278536885094
2023-02-14,Obrenovac,PM2.5,39.0,40.5,32.705595381078005
2023-02-15,Obrenovac,PM2.5,54.0,62.0,43.965801765158176
2023-02-16,Obrenovac,PM2.5,70.0,96.1,53.66801062175923
2023-02-17,Obrenovac,PM2.5,62.0,76.8,49.22250679124589
2023-02-18,Obrenovac,PM2.5,33.0,56.5,29.324847437461703
2023-02-19,Obrenovac,PM2.5,29.0,37.4,23.92157557387774
2023-02-20,Obrenovac,PM2.5,14.0,15.9,19.43558591613148
2023-02-21,Obrenovac,PM2.5,28.0,40.9,26.557730790008165
2023-02-22,Obrenovac,PM2.5,45.0,61.2,37.32240996522736
2023-02-23,Obrenovac,PM2.5,30.0,41.2,24.33150147335268
2023-02-24,Obrenovac,PM2.5,30.0,32.5,23.293776235588943
2023-02-25,Obrenovac,PM2.5,12.0,15.0,14.029515279177678
2023-02-26,Obrenovac,PM2.5,19.0,18.4,18.10838781446348
2023-02-27,Obrenovac,PM2.5,25.0,28.1,21.813276338797863
2023-02-28,Obrenovac,PM2.5,26.0,28.6,23.209429326298142
2023-03-01,Obrenovac,PM2.5,26.0,29.4,21.28789883070362
2023-03-02,Obrenovac,PM2.5,18.0,16.6,16.070146701200347
2023-03-03,Obrenovac,PM2.5,47.0,40.4,38.32103430405069
2023-03-04,Obrenovac,PM2.5,51.0,46.3,35.38531716678023
2023-03-05,Obrenovac,PM2.5,40.0,44.5,29.67431561000697
2023-03-06,Obrenovac,PM2.5,28.0,37.0,23.884958168989005
2023-03-07,Obrenovac,PM2.5,34.0,39.2,25.913869448068645
2023-03-08,Obrenovac,PM2.5,13.0,17.6,18.39163359461843
2023-03-09,Obrenovac,PM2.5,6.0,9.38,14.816638238630883
2023-03-10,Obrenovac,PM2.5,10.0,13.5,15.984772136267576
2023-03-11,Obrenovac,PM2.5,10.0,13.0,14.89045495958716
2023-03-12,Obrenovac,PM2.5,14.0,24.3,17.466698166628607
2023-03-13,Obrenovac,PM2.5,17.0,24.8,18.210649287525676
2023-03-14,Obrenovac,PM2.5,13.0,12.4,15.866935447606496
2023-03-15,Obrenovac,PM2.5,12.0,12.9,13.931104531716636
2023-03-16,Obrenovac,PM2.5,12.0,13.6,14.257488311705124
2023-03-17,Obrenovac,PM2.5,30.0,44.6,25.68329053061222
2023-03-18,Obrenovac,PM2.5,19.0,29.9,18.338721662771043
2023-03-19,Obrenovac,PM2.5,23.0,34.1,21.37326820189357
2023-03-20,Obrenovac,PM2.5,38.0,43.2,28.12518930228344
2023-03-21,Obrenovac,PM2.5,35.0,32.6,26.62373289674725
2023-03-22,Obrenovac,PM2.5,32.0,40.7,27.251029935843185
2023-03-23,Obrenovac,PM2.5,32.0,39.0,26.743631005237784
2023-03-24,Obrenovac,PM2.5,22.0,27.0,21.241714656364696
2023-03-25,Obrenovac,PM2.5,15.0,17.3,17.282802752393568
2023-03-26,Obrenovac,PM2.5,6.0,8.87,16.785197541305646
2023-03-27,Obrenovac,PM2.5,4.0,6.33,12.48639590184471
2023-03-28,Obrenovac,PM2.5,3.0,6.41,12.243970047098996
2023-03-29,Obrenovac,PM2.5,10.0,13.1,17.3190234615989
2023-03-30,Obrenovac,PM2.5,15.0,18.0,18.82848259590693
2023-03-31,Obrenovac,PM2.5,14.0,17.3,18.58535877892341
2023-04-01,Obrenovac,PM2.5,13.0,14.0,14.531137091508604
2023-04-02,Obrenovac,PM2.5,11.0,13.0,16.424820416712105
2023-04-03,Obrenovac,PM2.5,8.0,11.6,13.083846045269468
2023-04-04,Obrenovac,PM2.5,9.0,13.4,12.243896365457532
2023-04-05,Obrenovac,PM2.5,30.0,18.9,20.500723306747098
2023-04-06,Obrenovac,PM2.5,39.0,28.4,26.18304819360276
2023-04-07,Obrenovac,PM2.5,39.0,32.8,26.496673355816576
2023-04-08,Obrenovac,PM2.5,59.0,51.4,43.77090850898909
2023-04-09,Obrenovac,PM2.5,58.0,52.7,38.81603237656907
2023-04-10,Obrenovac,PM2.5,44.0,34.8,29.345266870577888
2023-04-11,Obrenovac,PM2.5,35.0,32.0,24.16532322769596
2023-04-12,Obrenovac,PM2.5,9.0,12.3,13.475380715658114
2023-04-13,Obrenovac,PM2.5,9.0,14.8,14.611457150452848
2023-04-14,Obrenovac,PM2.5,9.0,10.8,14.003191549762812
2023-04-15,Obrenovac,PM2.5,8.0,12.9,15.63203239941345
2023-04-16,Obrenovac,PM2.5,22.0,18.0,16.635078515511424
2023-04-17,Obrenovac,PM2.5,17.0,15.1,14.358638320594022
2023-04-18,Obrenovac,PM2.5,11.0,8.99,12.100242642550109
2023-04-19,Obrenovac,PM2.5,20.0,17.6,15.546247717769909
2023-04-20,Obrenovac,PM2.5,26.0,20.6,17.627640448324502
2023-04-21,Obrenovac,PM2.5,26.0,25.8,18.055856111342205
2023-04-22,Obrenovac,PM2.5,27.0,26.4,18.82911471434073
2023-04-23,Obrenovac,PM2.5,20.0,22.9,15.936196477310148
2023-04-24,Obrenovac,PM2.5,16.0,15.8,14.375791752996069
2023-04-25,Obrenovac,PM2.5,12.0,12.5,11.768396473313665
2023-04-26,Obrenovac,PM2.5,15.0,14.5,12.413479514249188
2023-04-27,Obrenovac,PM2.5,17.0,18.4,14.472694719167544
2023-04-28,Obrenovac,PM2.5,16.0,22.8,15.75499957077103
2023-04-29,Obrenovac,PM2.5,15.0,13.5,14.342834684404968
2023-04-30,Obrenovac,PM2.5,28.0,23.4,18.999318422549766
2023-05-01,Obrenovac,PM2.5,24.0,20.6,15.89399098783041
2023-05-02,Obrenovac,PM2.5,10.0,7.21,8.94915637096784
2023-05-03,Obrenovac,PM2.5,16.0,13.1,11.695788474554732
2023-05-04,Obrenovac,PM2.5,19.0,20.9,14.616173448032376
2023-05-05,Obrenovac,PM2.5,28.0,38.3,17.172809123802065
2023-05-06,Obrenovac,PM2.5,15.0,15.2,11.991080306190804
2023-05-07,Obrenovac,PM2.5,12.0,12.1,12.129326399542055
2023-05-08,Obrenovac,PM2.5,20.0,18.4,13.94802887818043
2023-05-09,Obrenovac,PM2.5,11.0,9.8,11.007929297053463
2023-05-10,Obrenovac,PM2.5,8.0,6.93,8.757346247187968
2023-05-11,Obrenovac,PM2.5,12.0,9.35,9.107705887245462
2023-05-12,Obrenovac,PM2.5,24.0,8.29,13.541988514977922
2023-05-13,Obrenovac,PM2.5,11.0,9.98,9.695213944211496
2023-05-14,Obrenovac,PM2.5,12.0,8.42,9.284453696692765
2023-05-15,Obrenovac,PM2.5,18.0,15.4,11.660930950963811
2023-05-16,Obrenovac,PM2.5,18.0,14.8,11.647019533970449
2023-05-17,Obrenovac,PM2.5,15.0,8.68,12.08892888666744
2023-05-18,Obrenovac,PM2.5,9.0,6.82,9.894233588790748
2023-05-19,Obrenovac,PM2.5,29.0,18.8,17.183217509206212
2023-05-20,Obrenovac,PM2.5,23.0,16.9,14.642379315006728
2023-05-21,Obrenovac,PM2.5,16.0,11.7,11.695788474554732
2023-05-22,Obrenovac,PM2.5,12.0,10.9,11.21749857122922
2023-05-23,Obrenovac,PM2.5,16.0,13.9,13.704650605821293
2023-05-24,Obrenovac,PM2.5,26.0,18.0,16.425346196589484
2023-05-25,Obrenovac,PM2.5,18.0,15.3,13.743332113797916
2023-05-26,Obrenovac,PM2.5,20.0,13.5,14.034964274298188
2023-05-27,Obrenovac,PM2.5,17.0,13.3,13.134644610881953
2023-05-28,Obrenovac,PM2.5,18.0,11.8,14.15946199726955
2023-05-29,Obrenovac,PM2.5,20.0,13.4,14.515293558260328
2023-05-30,Obrenovac,PM2.5,16.0,10.9,12.980449125182956
2023-05-31,Obrenovac,PM2.5,17.0,8.93,13.293806204490988
2023-06-01,Obrenovac,PM2.5,16.0,12.3,13.046976605648933
2023-06-02,Obrenovac,PM2.5,19.0,15.4,14.110736488472352
2023-06-03,Obrenovac,PM2.5,20.0,14.2,13.387584103736748
2023-06-04,Obrenovac,PM2.5,10.0,8.41,9.49992072627385
2023-06-05,Obrenovac,PM2.5,11.0,8.98,10.25023383086222
2023-06-06,Obrenovac,PM2.5,15.0,12.1,10.708430091574732
2023-06-07,Obrenovac,PM2.5,21.0,13.7,15.035757276831006
2023-06-08,Obrenovac,PM2.5,15.0,11.3,11.66654456107642
2023-06-09,Obrenovac,PM2.5,25.0,15.4,16.36332188574023
2023-06-10,Obrenovac,PM2.5,20.0,14.3,14.26848424678133
2023-06-11,Obrenovac,PM2.5,13.0,9.9,11.81456217880632
2023-06-12,Obrenovac,PM2.5,10.0,10.1,10.004377928651726
2023-06-13,Obrenovac,PM2.5,8.0,6.85,9.86313408046226
2023-06-14,Obrenovac,PM2.5,9.0,10.4,9.95830962130264
2023-06-15,Obrenovac,PM2.5,19.0,13.9,13.369359232710858
2023-06-16,Obrenovac,PM2.5,22.0,15.0,13.092612006715196
2023-06-17,Obrenovac,PM2.5,23.0,16.2,16.55212802734137
2023-06-18,Obrenovac,PM2.5,14.0,9.41,11.734260709174665
2023-06-19,Obrenovac,PM2.5,19.0,12.3,14.29424210843002
2023-06-20,Obrenovac,PM2.5,26.0,16.1,16.556152210496098
2023-06-21,Obrenovac,PM2.5,32.0,19.0,19.855281363589768
2023-06-22,Obrenovac,PM2.5,24.0,15.2,16.453395363424157
2023-06-23,Obrenovac,PM2.5,21.0,13.6,14.390616586615948
2023-06-24,Obrenovac,PM2.5,10.0,8.94,9.43279444601414
2023-06-25,Obrenovac,PM2.5,8.0,6.28,9.583025416374564
2023-06-26,Obrenovac,PM2.5,13.0,10.0,11.471355918181128
2023-06-27,Obrenovac,PM2.5,16.0,11.9,12.516636340067308
2023-06-28,Obrenovac,PM2.5,11.0,8.55,11.20221566998641
2023-06-29,Obrenovac,PM2.5,12.0,9.89,11.07812380929444
2023-06-30,Obrenovac,PM2.5,13.0,9.54,11.92184535917652
2023-07-01,Obrenovac,PM2.5,15.0,12.7,12.300381732637993
2023-07-02,Obrenovac,PM2.5,16.0,10.3,12.387155329327744
2023-07-03,Obrenovac,PM2.5,14.0,11.2,12.179966913042076
2023-07-04,Obrenovac,PM2.5,14.0,11.5,12.300381732637993
2023-07-05,Obrenovac,PM2.5,27.0,15.5,15.964914568203136
2023-07-06,Obrenovac,PM2.5,27.0,20.4,15.730506916315433
2023-07-07,Obrenovac,PM2.5,19.0,8.68,13.319414267267632
2023-07-08,Obrenovac,PM2.5,18.0,10.3,12.897500583954969
2023-07-09,Obrenovac,PM2.5,13.0,11.5,11.743117911753563
2023-07-10,Obrenovac,PM2.5,15.0,10.5,12.20274236684141
2023-07-11,Obrenovac,PM2.5,24.0,16.6,15.474201745768369
2023-07-12,Obrenovac,PM2.5,19.0,17.2,13.872857213727793
2023-07-13,Obrenovac,PM2.5,15.0,13.3,12.179966913042076
2023-07-14,Obrenovac,PM2.5,10.0,10.6,10.213827044054138
2023-07-15,Obrenovac,PM2.5,16.0,13.5,12.985117997734053
2023-07-16,Obrenovac,PM2.5,31.0,18.4,17.820312595894066
2023-07-17,Obrenovac,PM2.5,38.0,26.2,19.740390498910102
2023-07-18,Obrenovac,PM2.5,18.0,12.7,13.3587345280096
2023-07-19,Obrenovac,PM2.5,10.0,9.82,10.743774225093066
2023-07-20,Obrenovac,PM2.5,10.0,11.1,10.80060450732683
2023-07-21,Obrenovac,PM2.5,11.0,9.47,10.8627426625757
2023-07-22,Obrenovac,PM2.5,10.0,9.88,9.908166995177789
2023-07-23,Obrenovac,PM2.5,14.0,10.5,12.300381732637993
2023-07-24,Obrenovac,PM2.5,21.0,15.9,14.836322790483358
2023-07-25,Obrenovac,PM2.5,13.0,14.9,10.308795373566104
2023-07-26,Obrenovac,PM2.5,6.0,7.55,8.482026040578056
2023-07-27,Obrenovac,PM2.5,5.0,6.47,8.428389450937201
2023-07-28,Obrenovac,PM2.5,8.0,7.64,10.34388652902997
2023-07-29,Obrenovac,PM2.5,20.0,14.2,14.218271508079
2023-07-30,Obrenovac,PM2.5,26.0,21.5,16.00561515165786
2023-07-31,Obrenovac,PM2.5,9.0,9.0,9.779582173879684
2023-08-01,Obrenovac,PM2.5,8.0,8.54,9.783676340418728
2023-08-02,Obrenovac,PM2.5,4.0,4.97,9.788082141629394
2023-08-03,Obrenovac,PM2.5,11.0,8.09,11.571417291037584
2023-08-04,Obrenovac,PM2.5,17.0,11.6,13.52276259472576
2023-08-05,Obrenovac,PM2.5,17.0,12.0,13.195691044133332
2023-08-06,Obrenovac,PM2.5,5.0,5.09,8.922389873231587
2023-08-07,Obrenovac,PM2.5,6.0,4.45,10.63157688847845
2023-08-08,Obrenovac,PM2.5,6.0,4.84,9.870470163129133
2023-08-09,Obrenovac,PM2.5,10.0,6.68,11.110632640210184
2023-08-10,Obrenovac,PM2.5,16.0,8.93,13.329200959051835
2023-08-11,Obrenovac,PM2.5,14.0,10.7,12.11603691318576
2023-08-12,Obrenovac,PM2.5,14.0,9.07,12.358694360465032
2023-08-13,Obrenovac,PM2.5,18.0,10.5,13.882876269783765
2023-08-14,Obrenovac,PM2.5,20.0,12.5,14.051584661150748
2023-08-15,Obrenovac,PM2.5,29.0,16.7,16.259536737178383
2023-08-16,Obrenovac,PM2.5,29.0,15.8,16.207090876251797
2023-08-17,Obrenovac,PM2.5,34.0,19.4,18.969910104004363
2023-08-18,Obrenovac,PM2.5,37.0,22.0,21.416088691279903
2023-08-19,Obrenovac,PM2.5,34.0,19.2,19.553358777083496
2023-08-20,Obrenovac,PM2.5,33.0,16.7,19.56753522602202
2023-08-21,Obrenovac,PM2.5,31.0,16.0,17.835840336081286
2023-08-22,Obrenovac,PM2.5,33.0,17.3,20.021622748023866
2023-08-23,Obrenovac,PM2.5,35.0,18.5,21.56521682438517
2023-08-24,Obrenovac,PM2.5,34.0,16.8,18.74121250335446
2023-08-25,Obrenovac,PM2.5,23.0,11.8,16.368021242801937
2023-08-26,Obrenovac,PM2.5,21.0,12.0,14.485103056867386
2023-08-27,Obrenovac,PM2.5,18.0,10.7,12.447194370591172
2023-08-28,Obrenovac,PM2.5,14.0,8.03,10.48212699188497
2023-08-29,Obrenovac,PM2.5,15.0,10.0,12.198385495207065
2023-08-30,Obrenovac,PM2.5,13.0,10.1,12.006731260127184
2023-08-31,Obrenovac,PM2.5,17.0,9.97,13.339256974768093
2023-09-01,Obrenovac,PM2.5,18.0,10.3,14.5939503698062
2023-09-02,Obrenovac,PM2.5,24.0,12.9,17.343714066047514
2023-09-03,Obrenovac,PM2.5,21.0,10.9,15.313448197851995
2023-09-04,Obrenovac,PM2.5,17.0,8.23,12.278636470335794
2023-09-05,Obrenovac,PM2.5,27.0,9.96,16.379696829334048
2023-09-06,Obrenovac,PM2.5,27.0,11.7,16.636758133297906
2023-09-07,Obrenovac,PM2.5,25.0,12.7,15.949095858889564
2023-09-08,Obrenovac,PM2.5,18.0,13.3,13.463950885871396
2023-09-09,Obrenovac,PM2.5,16.0,13.0,13.350717967382304
2023-09-10,Obrenovac,PM2.5,13.0,9.56,12.846585384811751
2023-09-11,Obrenovac,PM2.5,11.0,8.46,11.863453288561953
2023-09-12,Obrenovac,PM2.5,10.0,10.3,11.040593459745416
2023-09-13,Obrenovac,PM2.5,26.0,14.0,17.190004421365238
2023-09-14,Obrenovac,PM2.5,25.0,15.9,16.522573375231506
2023-09-15,Obrenovac,PM2.5,10.0,6.21,11.627188011987524
2023-09-16,Obrenovac,PM2.5,17.0,10.8,14.22744893419726
2023-09-17,Obrenovac,PM2.5,19.0,10.7,13.792912588409989
2023-09-18,Obrenovac,PM2.5,16.0,8.72,11.885202275022422
2023-09-19,Obrenovac,PM2.5,15.0,11.2,12.12159244784212
2023-09-20,Obrenovac,PM2.5,11.0,8.11,12.58153143729504
2023-09-21,Obrenovac,PM2.5,13.0,8.94,11.843034571281024
2023-09-22,Obrenovac,PM2.5,11.0,9.27,11.255248754197153
2023-09-23,Obrenovac,PM2.5,9.0,9.4,10.489579947655807
2023-09-24,Obrenovac,PM2.5,12.0,4.58,11.751914824609472
2023-09-25,Obrenovac,PM2.5,21.0,10.8,14.795354837587638
2023-09-26,Obrenovac,PM2.5,24.0,15.4,16.232680221877462
2023-09-27,Obrenovac,PM2.5,17.0,16.2,12.910423235101591
2023-09-28,Obrenovac,PM2.5,18.0,15.7,13.89821120994122
2023-09-29,Obrenovac,PM2.5,20.0,13.4,15.407113101759414
2023-09-30,Obrenovac,PM2.5,26.0,15.1,17.275378541987457
2023-10-01,Obrenovac,PM2.5,19.0,11.7,15.192682375923235
2023-10-02,Obrenovac,PM2.5,14.0,9.88,15.330482217490704
2023-10-03,Obrenovac,PM2.5,13.0,8.22,13.955019099308831
2023-10-04,Obrenovac,PM2.5,15.0,10.4,14.391868100597344
2023-10-05,Obrenovac,PM2.5,17.0,10.7,16.562885975811493
2023-10-06,Obrenovac,PM2.5,32.0,14.6,22.702522790283417
2023-10-07,Obrenovac,PM2.5,30.0,13.6,21.28680643192816
2023-10-08,Obrenovac,PM2.5,12.0,9.75,12.309735968555833
2023-10-09,Obrenovac,PM2.5,14.0,8.74,15.339752394730498
2023-10-10,Obrenovac,PM2.5,18.0,13.7,16.347604953951972
2023-10-11,Obrenovac,PM2.5,13.0,11.0,14.128963309603806
2023-10-12,Obrenovac,PM2.5,14.0,11.3,14.31241036055381
2023-10-13,Obrenovac,PM2.5,33.0,19.0,22.80527963735536
2023-10-14,Obrenovac,PM2.5,33.0,26.2,22.702522790283417
2023-10-15,Obrenovac,PM2.5,12.0,9.97,14.8545673089412
2023-10-16,Obrenovac,PM2.5,15.0,13.2,17.675032737650103
2023-10-17,Obrenovac,PM2.5,42.0,31.6,31.34632993478037
2023-10-18,Obrenovac,PM2.5,44.0,29.8,33.35846797018784
2023-10-19,Obrenovac,PM2.5,23.0,8.63,19.2097504798744
2023-10-20,Obrenovac,PM2.5,17.0,7.45,16.55487142580333
2023-10-21,Obrenovac,PM2.5,10.0,8.68,13.954610503593592
2023-10-22,Obrenovac,PM2.5,5.0,5.08,14.59225550650447
2023-10-23,Obrenovac,PM2.5,17.0,12.1,19.148822044985856
2023-10-24,Obrenovac,PM2.5,12.0,10.5,15.615952603860876
2023-10-25,Obrenovac,PM2.5,10.0,7.15,14.561665739031632
2023-10-26,Obrenovac,PM2.5,9.0,7.67,15.021954928734138
2023-10-27,Obrenovac,PM2.5,5.0,3.74,13.376207327884858
2023-10-28,Obrenovac,PM2.5,12.0,6.35,16.211038535335817
2023-10-29,Obrenovac,PM2.5,10.0,7.1,15.731355679706317
2023-10-30,Obrenovac,PM2.5,10.0,7.25,14.931308090080794
2023-10-31,Obrenovac,PM2.5,19.0,5.93,17.252711311375734
2023-11-01,Obrenovac,PM2.5,6.0,7.47,16.967464844737975
2023-11-02,Obrenovac,PM2.5,7.0,8.47,15.661488905284578
2023-11-03,Obrenovac,PM2.5,4.0,7.05,13.440205707403148
2023-11-04,Obrenovac,PM2.5,6.0,10.0,19.28941909196831
2023-11-05,Obrenovac,PM2.5,9.0,3.0,14.100266108932685
2023-11-06,Obrenovac,PM2.5,12.0,10.6,20.40707749983871
2023-11-07,Obrenovac,PM2.5,23.0,11.6,21.498170701347107
2023-11-08,Obrenovac,PM2.5,42.0,11.3,28.292005934391074
2023-11-09,Obrenovac,PM2.5,17.0,16.3,20.24299323745653
2023-11-10,Obrenovac,PM2.5,16.0,10.1,15.719394074079084
2023-11-11,Obrenovac,PM2.5,11.0,8.18,14.526267126934668
2023-11-12,Obrenovac,PM2.5,16.0,11.9,21.156902189507303
2023-11-13,Obrenovac,PM2.5,28.0,24.4,26.32006463203836
2023-11-14,Obrenovac,PM2.5,19.0,17.1,22.389441010859034
2023-11-15,Obrenovac,PM2.5,12.0,10.3,15.50252394381003
2023-11-16,Obrenovac,PM2.5,6.0,8.59,17.726157638188827
2023-11-17,Obrenovac,PM2.5,9.0,5.47,13.912507209504051
2023-11-18,Obrenovac,PM2.5,10.0,4.08,13.284183005886852
2023-11-19,Obrenovac,PM2.5,37.0,18.5,29.01722706566338
2023-11-20,Obrenovac,PM2.5,46.0,28.4,34.14805043120641
2023-11-21,Obrenovac,PM2.5,57.0,40.0,39.449815626550205
2023-11-22,Obrenovac,PM2.5,26.0,20.6,19.814394976693176
2023-11-23,Obrenovac,PM2.5,57.0,23.4,44.32267050483328
2023-11-24,Obrenovac,PM2.5,42.0,37.5,30.307972354733547
2023-11-25,Obrenovac,PM2.5,24.0,6.74,18.83868319192068
2023-11-26,Obrenovac,PM2.5,22.0,5.64,16.67071271585448
2023-11-27,Obrenovac,PM2.5,19.0,8.96,19.275318898916336
2023-11-28,Obrenovac,PM2.5,29.0,6.83,18.29325649665336
2023-11-29,Obrenovac,PM2.5,51.0,23.4,32.21582467649326
2023-11-30,Obrenovac,PM2.5,17.0,13.1,17.08593175397551
2023-12-01,Obrenovac,PM2.5,7.0,7.32,16.26712122266488
2023-12-02,Obrenovac,PM2.5,29.0,6.98,19.279187336357055
2023-12-03,Obrenovac,PM2.5,53.0,15.6,34.02646129144722
2023-12-04,Obrenovac,PM2.5,33.0,25.9,29.172862943524542
2023-12-05,Obrenovac,PM2.5,36.0,18.5,27.326219476701063
2023-12-06,Obrenovac,PM2.5,55.0,28.2,34.777873839715184
2023-12-07,Obrenovac,PM2.5,36.0,26.6,24.48330643796472
2023-12-08,Obrenovac,PM2.5,57.0,37.4,40.607543986336495
2023-12-09,Obrenovac,PM2.5,71.0,61.9,53.86491406587179
2023-12-10,Obrenovac,PM2.5,58.0,61.6,41.68980560507072
2023-12-11,Obrenovac,PM2.5,49.0,39.9,34.2640476752206
2023-12-12,Obrenovac,PM2.5,16.0,39.8,20.79686899208632
2023-12-13,Obrenovac,PM2.5,14.0,23.8,15.3721207114242
2023-12-14,Obrenovac,PM2.5,32.0,16.2,25.184313892864715
2023-12-15,Obrenovac,PM2.5,16.0,27.5,16.656407220038204
2023-12-16,Obrenovac,PM2.5,65.0,34.4,49.173195828374304
2023-12-17,Obrenovac,PM2.5,66.0,60.8,53.8304927428599
2023-12-18,Obrenovac,PM2.5,93.0,83.2,63.78386828088324
2023-12-19,Obrenovac,PM2.5,118.0,115.0,74.19036727229471
2023-12-20,Obrenovac,PM2.5,52.0,114.0,42.66734957496226
2023-12-21,Obrenovac,PM2.5,28.0,28.6,26.99310527185819
2023-12-22,Obrenovac,PM2.5,32.0,22.8,21.239936008349712
2023-12-23,Obrenovac,PM2.5,42.0,24.7,28.075889830275457
2023-12-24,Obrenovac,PM2.5,76.0,61.5,55.81909720635733
2023-12-25,Obrenovac,PM2.5,71.0,80.0,53.66801062175923
2023-12-26,Obrenovac,PM2.5,68.0,76.0,53.8304927428599
2023-12-27,Obrenovac,PM2.5,20.0,62.7,25.19790333449042
2023-12-28,Obrenovac,PM2.5,77.0,67.5,55.94829004809824
2023-12-29,Obrenovac,PM2.5,44.0,62.4,36.87495157354135
2023-12-30,Obrenovac,PM2.5,66.0,56.1,53.76215721879985
2023-12-31,Obrenovac,PM2.5,42.0,43.9,34.70033141703318
2024-01-01,Obrenovac,PM2.5,36.0,30.6,28.002119048916278
2024-01-02,Obrenovac,PM2.5,29.0,33.8,27.99625907146432
2024-01-03,Obrenovac,PM2.5,22.0,21.5,20.03184043940782
2024-01-04,Obrenovac,PM2.5,29.0,19.6,22.395104364348537
2024-01-05,Obrenovac,PM2.5,14.0,28.6,21.939220107021505
2024-01-06,Obrenovac,PM2.5,13.0,17.2,14.769245057067408
2024-01-07,Obrenovac,PM2.5,19.0,19.2,16.865094985839743
2024-01-08,Obrenovac,PM2.5,31.0,29.0,18.888169736421062
2024-01-09,Obrenovac,PM2.5,47.0,37.0,36.023607613356354
2024-01-10,Obrenovac,PM2.5,99.0,74.8,69.09978853788921
2024-01-11,Obrenovac,PM2.5,62.0,82.5,51.198280181597006
2024-01-12,Obrenovac,PM2.5,72.0,57.8,48.08477199947961
2024-01-13,Obrenovac,PM2.5,42.0,50.0,34.2254816650249
2024-01-14,Obrenovac,PM2.5,59.0,64.6,48.64837055413273
2024-01-15,Obrenovac,PM2.5,36.0,35.0,26.13496636191548
2024-01-16,Obrenovac,PM2.5,27.0,17.5,22.472813740297077
2024-01-17,Obrenovac,PM2.5,15.0,18.2,14.628747826298918
2024-01-18,Obrenovac,PM2.5,22.0,16.6,17.2207228832857
2024-01-19,Obrenovac,PM2.5,20.0,15.6,16.36225561024247
2024-01-20,Obrenovac,PM2.5,47.0,29.1,33.57704143057778
2024-01-21,Obrenovac,PM2.5,56.0,55.7,45.3242970633756
2024-01-22,Obrenovac,PM2.5,55.0,58.3,41.24006580903328
2024-01-23,Obrenovac,PM2.5,69.0,76.8,46.996763187298725
2024-01-24,Obrenovac,PM2.5,67.0,50.5,46.51613823823474
2024-01-25,Obrenovac,PM2.5,36.0,37.3,24.458623148656702
2024-01-26,Obrenovac,PM2.5,47.0,26.0,35.44612997120794
2024-01-27,Obrenovac,PM2.5,10.0,15.9,12.82709404684723
2024-01-28,Obrenovac,PM2.5,46.0,22.3,38.695206981152495
2024-01-29,Obrenovac,PM2.5,53.0,73.8,44.0599483621988
2024-01-30,Obrenovac,PM2.5,54.0,60.7,43.42419677643154
2024-01-31,Obrenovac,PM2.5,102.0,94.8,69.95090931836049
2024-02-01,Obrenovac,PM2.5,126.0,98.4,76.82341740115967
2024-02-02,Obrenovac,PM2.5,33.0,36.3,22.187678164361945
2024-02-03,Obrenovac,PM2.5,45.0,31.1,35.46941353362196
2024-02-04,Obrenovac,PM2.5,36.0,35.9,28.48349301464904
2024-02-05,Obrenovac,PM2.5,53.0,52.2,42.204361522348016
2024-02-06,Obrenovac,PM2.5,63.0,53.9,49.22250679124589
2024-02-07,Obrenovac,PM2.5,57.0,47.5,46.11365342791032
2024-02-08,Obrenovac,PM2.5,45.0,37.0,36.42488823469424
2024-02-09,Obrenovac,PM2.5,12.0,25.4,19.876237480817387
2024-02-10,Obrenovac,PM2.5,13.0,16.2,15.291190551252026
2024-02-11,Obrenovac,PM2.5,7.0,12.8,13.644315662040578
2024-02-12,Obrenovac,PM2.5,23.0,20.4,21.37620119427211
2024-02-13,Obrenovac,PM2.5,17.0,15.6,15.81481128506237
2024-02-14,Obrenovac,PM2.5,60.0,40.5,39.609279620469366
2024-02-15,Obrenovac,PM2.5,61.0,53.1,50.120028521779005
2024-02-16,Obrenovac,PM2.5,25.0,41.3,26.17725729421663
2024-02-17,Obrenovac,PM2.5,72.0,59.0,52.69103115118258
2024-02-18,Obrenovac,PM2.5,72.0,52.0,47.28577266866286
2024-02-19,Obrenovac,PM2.5,75.0,60.8,55.565937311622775
2024-02-20,Obrenovac,PM2.5,38.0,39.6,28.705789319716477
2024-02-21,Obrenovac,PM2.5,39.0,32.4,28.88724724041045
2024-02-22,Obrenovac,PM2.5,17.0,23.3,21.55661245641016
2024-02-23,Obrenovac,PM2.5,4.0,12.0,16.5102450396484
2024-02-24,Obrenovac,PM2.5,32.0,12.4,21.17167251500328
2024-02-25,Obrenovac,PM2.5,45.0,27.4,31.56131140175344
2024-02-26,Obrenovac,PM2.5,23.0,23.9,22.116584886157312
2024-02-27,Obrenovac,PM2.5,21.0,17.3,19.62837012888761
2024-02-28,Obrenovac,PM2.5,19.0,19.9,19.652329700077328
2024-02-29,Obrenovac,PM2.5,34.0,27.0,25.03460274223318
2024-03-01,Obrenovac,PM2.5,18.0,16.0,15.78637121545428
2024-03-02,Obrenovac,PM2.5,19.0,12.4,16.966986029552658
2024-03-03,Obrenovac,PM2.5,17.0,22.0,19.99255083016767
2024-03-04,Obrenovac,PM2.5,35.0,18.3,24.995762249360546
2024-03-05,Obrenovac,PM2.5,39.0,52.3,28.862108002748407
2024-03-06,Obrenovac,PM2.5,36.0,34.0,27.765830744274464
2024-03-07,Obrenovac,PM2.5,33.0,27.5,24.74865978740984
2024-03-08,Obrenovac,PM2.5,26.0,25.7,20.576024851320703
2024-03-09,Obrenovac,PM2.5,23.0,17.4,19.322264910159557
2024-03-10,Obrenovac,PM2.5,13.0,12.5,15.125500588324272
2024-03-11,Obrenovac,PM2.5,8.0,11.7,13.108137444097622
2024-03-12,Obrenovac,PM2.5,10.0,10.7,18.08606556760401
2024-03-13,Obrenovac,PM2.5,27.0,19.5,18.85622469363455
2024-03-14,Obrenovac,PM2.5,44.0,30.3,29.841057131317424
2024-03-15,Obrenovac,PM2.5,21.0,33.7,22.92247793759597
2024-03-16,Obrenovac,PM2.5,59.0,36.5,41.56382244540308
2024-03-17,Obrenovac,PM2.5,35.0,33.5,25.668258195674984
2024-03-18,Obrenovac,PM2.5,40.0,31.0,28.855356981317257
2024-03-19,Obrenovac,PM2.5,30.0,20.7,21.11103354601075
2024-03-20,Obrenovac,PM2.5,47.0,31.5,37.67422974747811
2024-03-21,Obrenovac,PM2.5,49.0,49.6,37.67422974747811
2024-03-22,Obrenovac,PM2.5,58.0,47.9,45.09529220380766
2024-03-23,Obrenovac,PM2.5,14.0,25.5,18.82848259590693
2024-03-24,Obrenovac,PM2.5,40.0,12.5,25.999638641789463
2024-03-25,Obrenovac,PM2.5,15.0,25.5,17.924845118275027
2024-03-26,Obrenovac,PM2.5,20.0,8.41,17.497897337577786
2024-03-27,Obrenovac,PM2.5,27.0,18.9,18.157114968345105
2024-03-28,Obrenovac,PM2.5,3.0,10.1,13.222599468372993
2024-03-29,Obrenovac,PM2.5,6.0,8.52,17.055713879988726
2024-03-30,Obrenovac,PM2.5,2.0,10.9,17.055713879988726
2024-03-31,Obrenovac,PM2.5,5.0,22.4,17.576545237082545
2024-04-01,Obrenovac,PM2.5,7.0,29.8,15.806664035607486
2024-04-02,Obrenovac,PM2.5,3.0,7.46,12.86143911366485
2024-04-03,Obrenovac,PM2.5,5.0,9.19,15.966072180959616
2024-04-04,Obrenovac,PM2.5,4.0,9.95,14.171167638021512
2024-04-05,Obrenovac,PM2.5,10.0,12.3,15.823842523193322
2024-04-06,Obrenovac,PM2.5,14.0,13.6,17.642887711415728
2024-04-07,Obrenovac,PM2.5,4.0,12.8,15.290016602900073
2024-04-08,Obrenovac,PM2.5,3.0,4.71,13.363753060630916
2024-04-09,Obrenovac,PM2.5,4.0,8.06,14.106549665000848
2024-04-10,Obrenovac,PM2.5,7.0,12.7,14.540809989070674
2024-04-11,Obrenovac,PM2.5,24.0,15.9,20.496856372621423
2024-04-12,Obrenovac,PM2.5,25.0,21.6,20.496856372621423
2024-04-13,Obrenovac,PM2.5,13.0,19.2,16.165535784819664
2024-04-14,Obrenovac,PM2.5,8.0,13.6,15.748985628903997
2024-04-15,Obrenovac,PM2.5,10.0,13.5,14.44560224857717
2024-04-16,Obrenovac,PM2.5,4.0,16.3,10.260974119540938
2024-04-17,Obrenovac,PM2.5,5.0,7.44,10.563526117726314
2024-04-18,Obrenovac,PM2.5,34.0,15.1,19.189165646374438
2024-04-19,Obrenovac,PM2.5,33.0,21.4,20.37049725613858
2024-04-20,Obrenovac,PM2.5,23.0,20.5,18.82911471434073
2024-04-21,Obrenovac,PM2.5,17.0,13.9,14.026181550251875
2024-04-22,Obrenovac,PM2.5,15.0,18.8,14.069828336033709
2024-04-23,Obrenovac,PM2.5,20.0,12.9,14.275044192289531
2024-04-24,Obrenovac,PM2.5,23.0,17.0,17.14997015523561
2024-04-25,Obrenovac,PM2.5,48.0,25.8,34.94055796064495
2024-04-26,Obrenovac,PM2.5,13.0,23.2,14.638531785661812
2024-04-27,Obrenovac,PM2.5,10.0,11.8,13.293307434945856
2024-04-28,Obrenovac,PM2.5,6.0,8.78,11.126254763954368
2024-04-29,Obrenovac,PM2.5,5.0,6.77,10.67962898236817
2024-04-30,Obrenovac,PM2.5,4.0,7.74,10.250954663533976
2024-05-01,Obrenovac,PM2.5,5.0,5.72,8.2184278755497
2024-05-02,Obrenovac,PM2.5,3.0,6.67,8.294382171134988
2024-05-03,Obrenovac,PM2.5,8.0,5.96,10.088679270134769
2024-05-04,Obrenovac,PM2.5,7.0,10.4,9.71262618458516
2024-05-06,Obrenovac,PM2.5,10.0,11.3,11.258779009575694
2024-05-07,Obrenovac,PM2.5,9.0,10.9,10.910249002221953
2024-05-08,Obrenovac,PM2.5,16.0,14.0,13.104282682443769
2024-05-09,Obrenovac,PM2.5,4.0,9.39,9.958387031428703
2024-05-10,Obrenovac,PM2.5,9.0,19.3,9.848585042347198
2024-05-11,Obrenovac,PM2.5,11.0,13.5,11.813548900044305
2024-05-12,Obrenovac,PM2.5,9.0,14.3,10.910249002221953
2024-05-13,Obrenovac,PM2.5,7.0,13.0,10.724953089282444
2024-05-14,Obrenovac,PM2.5,8.0,16.2,10.38428504640814
2024-05-15,Obrenovac,PM2.5,2.0,7.53,8.92346250955232
2024-05-16,Obrenovac,PM2.5,7.0,9.31,7.865707852300796
2024-05-17,Obrenovac,PM2.5,14.0,12.5,10.18844648379196
2024-05-18,Obrenovac,PM2.5,10.0,11.6,11.281554463375029
2024-05-19,Obrenovac,PM2.5,8.0,13.0,9.325291551416852
2024-05-20,Obrenovac,PM2.5,9.0,9.04,9.222889875607128
2024-05-21,Obrenovac,PM2.5,8.0,15.5,8.329061447024845
2024-05-22,Obrenovac,PM2.5,4.0,14.7,10.52519080356969
2024-05-23,Obrenovac,PM2.5,10.0,6.76,9.887739795151589
2024-05-24,Obrenovac,PM2.5,9.0,12.3,10.683077898266182
2024-05-25,Obrenovac,PM2.5,6.0,14.7,9.370088291138517
2024-05-26,Obrenovac,PM2.5,21.0,11.3,14.018402522845332
2024-05-27,Obrenovac,PM2.5,7.0,12.8,10.917835043674506
2024-05-28,Obrenovac,PM2.5,12.0,11.4,11.863893498463453
2024-05-29,Obrenovac,PM2.5,5.0,9.38,9.012936891669268
2024-05-30,Obrenovac,PM2.5,7.0,10.7,10.648465333753473
2024-05-31,Obrenovac,PM2.5,3.0,8.65,9.20686705398219
2024-06-01,Obrenovac,PM2.5,3.0,6.56,9.250524036819046
2024-06-02,Obrenovac,PM2.5,13.0,7.43,11.92184535917652
2024-06-03,Obrenovac,PM2.5,3.0,12.0,9.8292643180853
2024-06-04,Obrenovac,PM2.5,8.0,8.43,9.86313408046226
2024-06-05,Obrenovac,PM2.5,11.0,10.2,11.862305105803683
2024-06-06,Obrenovac,PM2.5,8.0,10.8,10.487567731752629
2024-06-07,Obrenovac,PM2.5,14.0,13.6,12.358694360465032
2024-06-08,Obrenovac,PM2.5,12.0,14.2,11.770273608683052
2024-06-09,Obrenovac,PM2.5,13.0,14.9,11.21795396784262
2024-06-10,Obrenovac,PM2.5,8.0,14.9,8.706008877890014
2024-06-11,Obrenovac,PM2.5,9.0,12.5,10.607182078583572
2024-06-12,Obrenovac,PM2.5,11.0,14.4,11.20221566998641
2024-06-13,Obrenovac,PM2.5,7.0,16.2,10.012657478072969
2024-06-14,Obrenovac,PM2.5,9.0,12.5,9.396992108614134
2024-06-15,Obrenovac,PM2.5,7.0,9.78,10.49143259929471
2024-06-16,Obrenovac,PM2.5,9.0,10.9,10.75321626776319
2024-06-17,Obrenovac,PM2.5,16.0,14.3,13.197900273591438
2024-06-18,Obrenovac,PM2.5,17.0,14.6,13.52276259472576
2024-06-19,Obrenovac,PM2.5,18.0,16.8,13.780119422711826
2024-06-20,Obrenovac,PM2.5,18.0,19.3,13.84845494677188
2024-06-21,Obrenovac,PM2.5,13.0,23.5,11.92184535917652
2024-06-22,Obrenovac,PM2.5,12.0,24.7,11.066382217349153
2024-06-23,Obrenovac,PM2.5,7.0,15.5,9.85579828972764
2024-06-24,Obrenovac,PM2.5,7.0,12.3,10.468281488255869
2024-06-25,Obrenovac,PM2.5,9.0,13.1,10.718794944751306
2024-06-26,Obrenovac,PM2.5,5.0,13.9,8.618858490305445
2024-06-27,Obrenovac,PM2.5,8.0,14.3,10.09184845931875
2024-06-28,Obrenovac,PM2.5,14.0,13.2,12.531049983531824
2024-06-29,Obrenovac,PM2.5,21.0,16.3,15.11310772791654
2024-06-30,Obrenovac,PM2.5,12.0,11.6,10.4373485565624
2024-07-01,Obrenovac,PM2.5,5.0,13.3,10.081332605564386
2024-07-02,Obrenovac,PM2.5,8.0,10.4,9.589122174904023
2024-07-03,Obrenovac,PM2.5,8.0,10.0,9.790634695236031
2024-07-04,Obrenovac,PM2.5,8.0,13.1,10.145640577093936
2024-07-05,Obrenovac,PM2.5,3.0,11.7,10.312705151871754
2024-07-06,Obrenovac,PM2.5,9.0,8.1,9.33358025786457
2024-07-07,Obrenovac,PM2.5,21.0,11.4,14.904658314543411
2024-07-08,Obrenovac,PM2.5,15.0,15.7,12.20274236684141
2024-07-09,Obrenovac,PM2.5,19.0,15.7,14.138290114806397
2024-07-10,Obrenovac,PM2.5,15.0,15.3,11.937309465762803
2024-07-11,Obrenovac,PM2.5,17.0,13.4,12.640143755968902
2024-07-12,Obrenovac,PM2.5,18.0,13.3,12.463240259885144
2024-07-13,Obrenovac,PM2.5,14.0,20.1,12.179966913042076
2024-07-14,Obrenovac,PM2.5,20.0,21.1,13.872857213727793
2024-07-15,Obrenovac,PM2.5,38.0,21.4,18.99596037327932
2024-07-16,Obrenovac,PM2.5,30.0,19.1,16.786906012014093
2024-07-17,Obrenovac,PM2.5,27.0,20.8,15.96142277164941
2024-07-18,Obrenovac,PM2.5,27.0,18.5,15.55658976726811
2024-07-19,Obrenovac,PM2.5,9.0,14.4,10.229074525989024
2024-07-20,Obrenovac,PM2.5,22.0,14.4,13.825513172726833
2024-07-21,Obrenovac,PM2.5,16.0,14.9,12.652882490236324
2024-07-22,Obrenovac,PM2.5,18.0,14.3,13.79014231894484
2024-07-23,Obrenovac,PM2.5,25.0,15.5,15.730506916315433
2024-07-24,Obrenovac,PM2.5,6.0,15.2,9.55969350310677
2024-07-25,Obrenovac,PM2.5,6.0,7.12,8.877023252679164
2024-07-26,Obrenovac,PM2.5,11.0,11.6,11.41546529741396
2024-07-27,Obrenovac,PM2.5,11.0,10.1,11.392689843614628
2024-07-28,Obrenovac,PM2.5,6.0,9.24,9.967290857520544
2024-07-29,Obrenovac,PM2.5,21.0,5.62,13.276886075638268
2024-07-30,Obrenovac,PM2.5,9.0,8.38,9.941784792229369
2024-07-31,Obrenovac,PM2.5,8.0,11.0,10.41159713140161
2024-08-01,Obrenovac,PM2.5,11.0,16.1,11.571417291037584
2024-08-02,Obrenovac,PM2.5,14.0,12.5,11.828747179426104
2024-08-03,Obrenovac,PM2.5,10.0,9.83,9.58957662039537
2024-08-04,Obrenovac,PM2.5,5.0,8.33,10.388675752222772
2024-08-05,Obrenovac,PM2.5,7.0,9.16,9.684784360888871
2024-08-06,Obrenovac,PM2.5,7.0,13.9,9.684784360888871
2024-08-07,Obrenovac,PM2.5,5.0,10.5,10.457011276282826
2024-08-08,Obrenovac,PM2.5,9.0,8.61,10.650459420691252
2024-08-09,Obrenovac,PM2.5,7.0,8.16,9.684784360888871
2024-08-10,Obrenovac,PM2.5,13.0,11.7,11.21795396784262
2024-08-11,Obrenovac,PM2.5,13.0,11.4,11.92184535917652
2024-08-12,Obrenovac,PM2.5,9.0,12.4,10.75321626776319
2024-08-13,Obrenovac,PM2.5,11.0,13.0,11.571417291037584
2024-08-14,Obrenovac,PM2.5,14.0,16.4,12.11603691318576
2024-08-15,Obrenovac,PM2.5,27.0,16.6,16.368021242801937
2024-08-16,Obrenovac,PM2.5,26.0,23.9,16.265264395729996
2024-08-17,Obrenovac,PM2.5,12.0,17.1,11.157938406144384
2024-08-18,Obrenovac,PM2.5,28.0,18.7,16.36211196964097
2024-08-19,Obrenovac,PM2.5,11.0,19.4,10.959082088498915
2024-08-20,Obrenovac,PM2.5,12.0,12.7,11.793049062482384
2024-08-21,Obrenovac,PM2.5,15.0,16.3,12.11603691318576
2024-08-22,Obrenovac,PM2.5,14.0,15.2,11.319924136481916
2024-08-23,Obrenovac,PM2.5,13.0,23.4,11.92184535917652
2024-08-24,Obrenovac,PM2.5,19.0,15.7,14.051584661150748
2024-08-25,Obrenovac,PM2.5,24.0,17.0,16.333599919790053
2024-08-26,Obrenovac,PM2.5,21.0,20.2,15.015050237906314
2024-08-27,Obrenovac,PM2.5,33.0,22.9,18.98630480762697
2024-08-28,Obrenovac,PM2.5,17.0,24.2,13.280105147446488
2024-08-29,Obrenovac,PM2.5,14.0,19.9,11.828747179426104
2024-08-30,Obrenovac,PM2.5,12.0,15.2,11.52761616140378
2024-08-31,Obrenovac,PM2.5,20.0,18.8,14.051584661150748
2024-09-01,Obrenovac,PM2.5,20.0,21.2,14.873567839714044
2024-09-02,Obrenovac,PM2.5,18.0,19.8,14.60210260127512
2024-09-03,Obrenovac,PM2.5,34.0,21.1,20.62105363588111
2024-09-04,Obrenovac,PM2.5,35.0,25.6,22.421010228487976
2024-09-05,Obrenovac,PM2.5,41.0,25.5,26.767869696149784
2024-09-06,Obrenovac,PM2.5,34.0,25.5,19.501399559703007
2024-09-07,Obrenovac,PM2.5,23.0,16.4,15.356083330802656
2024-09-08,Obrenovac,PM2.5,23.0,13.4,15.206299254519635
2024-09-09,Obrenovac,PM2.5,11.0,18.1,9.762105585409111
2024-09-10,Obrenovac,PM2.5,18.0,16.4,14.036868873980678
2024-09-11,Obrenovac,PM2.5,13.0,13.7,11.880182559212718
2024-09-12,Obrenovac,PM2.5,7.0,12.0,10.968001483506796
2024-09-13,Obrenovac,PM2.5,6.0,9.14,9.161870408603903
2024-09-14,Obrenovac,PM2.5,5.0,5.32,9.006055033257793
2024-09-15,Obrenovac,PM2.5,3.0,4.26,8.172053582336885
2024-09-16,Obrenovac,PM2.5,12.0,8.02,10.132837153763235
2024-09-17,Obrenovac,PM2.5,13.0,18.5,12.892379655534436
2024-09-18,Obrenovac,PM2.5,21.0,24.5,16.577984570082837
2024-09-19,Obrenovac,PM2.5,16.0,26.5,13.074000795407468
2024-09-20,Obrenovac,PM2.5,20.0,13.6,13.3346664331307
2024-09-21,Obrenovac,PM2.5,22.0,21.8,15.224698213930942
2024-09-22,Obrenovac,PM2.5,25.0,22.4,17.190004421365238
2024-09-23,Obrenovac,PM2.5,13.0,22.1,12.501171090460543
2024-09-24,Obrenovac,PM2.5,9.0,12.5,10.137388308725932
2024-09-25,Obrenovac,PM2.5,15.0,16.3,13.724725248528982
2024-09-26,Obrenovac,PM2.5,12.0,15.6,11.888365395912446
2024-09-27,Obrenovac,PM2.5,13.0,12.7,12.039937146405917
2024-09-28,Obrenovac,PM2.5,27.0,14.0,15.75109773669114
2024-09-29,Obrenovac,PM2.5,126.0,6.32,61.46692030187002
2024-10-02,Obrenovac,PM2.5,8.0,20.4,11.812250071054656
2024-10-03,Obrenovac,PM2.5,33.0,21.8,21.55379033886711
2024-10-04,Obrenovac,PM2.5,14.0,17.4,12.869786142259594
2024-10-05,Obrenovac,PM2.5,31.0,19.2,20.072125724085115
2024-10-06,Obrenovac,PM2.5,54.0,22.9,35.7449238680361
2024-10-07,Obrenovac,PM2.5,7.0,31.8,14.129438803313764
2024-10-08,Obrenovac,PM2.5,4.0,16.9,12.421849492355085
2024-10-09,Obrenovac,PM2.5,5.0,12.2,11.14275265893926
2024-10-10,Obrenovac,PM2.5,7.0,11.7,11.908131428241726
2024-10-11,Obrenovac,PM2.5,9.0,14.7,12.247612493649488
2024-10-12,Obrenovac,PM2.5,31.0,22.2,20.899345149574945
2024-10-13,Obrenovac,PM2.5,20.0,31.5,18.100407359948328
2024-10-14,Obrenovac,PM2.5,8.0,22.9,13.294000074883472
2024-10-15,Obrenovac,PM2.5,19.0,27.6,19.01153992682508
2024-10-16,Obrenovac,PM2.5,25.0,20.0,22.75875057730633
2024-10-17,Obrenovac,PM2.5,34.0,25.9,23.71823423763136
2024-10-18,Obrenovac,PM2.5,35.0,11.3,24.46493799731976
2024-10-19,Obrenovac,PM2.5,32.0,10.2,23.110712712842584
2024-10-20,Obrenovac,PM2.5,34.0,13.6,23.63877649758783
2024-10-21,Obrenovac,PM2.5,41.0,46.1,30.20686834310303
2024-10-22,Obrenovac,PM2.5,59.0,53.0,43.25633577288767
2024-10-23,Obrenovac,PM2.5,72.0,66.3,49.80682547379167
2024-10-24,Obrenovac,PM2.5,38.0,57.9,27.43226389573085
2024-10-25,Obrenovac,PM2.5,40.0,46.2,28.168342941888174
2024-10-26,Obrenovac,PM2.5,36.0,44.7,27.178861945392345
2024-10-27,Obrenovac,PM2.5,45.0,40.8,31.389158068798256
2024-10-28,Obrenovac,PM2.5,47.0,46.6,36.38809350247716
2024-10-29,Obrenovac,PM2.5,45.0,63.9,33.52095009128851
2024-10-30,Obrenovac,PM2.5,70.0,63.6,49.90097207083229
2024-10-31,Obrenovac,PM2.5,50.0,50.5,35.81283109894273
2024-11-01,Obrenovac,PM2.5,21.0,47.8,23.84875757317453
2024-11-02,Obrenovac,PM2.5,31.0,40.0,22.702507611299552
2024-11-03,Obrenovac,PM2.5,54.0,35.1,41.43717428548759
2024-11-04,Obrenovac,PM2.5,58.0,56.8,46.01342428465624
2024-11-05,Obrenovac,PM2.5,26.0,55.3,24.432487746914376
2024-11-06,Obrenovac,PM2.5,99.0,74.7,65.67885113411795
2024-11-07,Obrenovac,PM2.5,106.0,104.0,67.84014616324305
2024-11-08,Obrenovac,PM2.5,113.0,108.0,70.26262913375422
2024-11-09,Obrenovac,PM2.5,87.0,101.0,60.4651595456669
2024-11-10,Obrenovac,PM2.5,83.0,82.3,59.18922149343023
2024-11-11,Obrenovac,PM2.5,57.0,66.6,39.865945510021845
2024-11-12,Obrenovac,PM2.5,54.0,46.4,37.97492964418811
2024-11-13,Obrenovac,PM2.5,47.0,37.4,38.607265950214426
2024-11-14,Obrenovac,PM2.5,44.0,28.0,33.74676613460497
2024-11-15,Obrenovac,PM2.5,43.0,28.2,32.802348932771515
2024-11-16,Obrenovac,PM2.5,50.0,51.7,38.82368659545113
2024-11-17,Obrenovac,PM2.5,118.0,66.8,72.08599205849059
2024-11-18,Obrenovac,PM2.5,70.0,112.0,51.692203328007686
2024-11-19,Obrenovac,PM2.5,27.0,84.9,21.498170701347107
2024-11-20,Obrenovac,PM2.5,17.0,12.3,14.958055699994352
2024-11-21,Obrenovac,PM2.5,21.0,16.1,17.588469034097002
2024-11-22,Obrenovac,PM2.5,21.0,9.26,15.797831471518275
2024-11-23,Obrenovac,PM2.5,57.0,26.4,40.59283172356268
2024-11-24,Obrenovac,PM2.5,31.0,34.2,25.13876424467377
2024-11-25,Obrenovac,PM2.5,35.0,46.4,27.63034502304603
2024-11-26,Obrenovac,PM2.5,38.0,42.8,30.15467429824716
2024-11-27,Obrenovac,PM2.5,76.0,49.9,53.84328991260578
2024-11-28,Obrenovac,PM2.5,15.0,67.3,18.891811246107668
2024-11-29,Obrenovac,PM2.5,31.0,13.8,20.688915042457943
2024-11-30,Obrenovac,PM2.5,46.0,30.7,30.75335141397109
2024-12-01,Obrenovac,PM2.5,29.0,15.1,20.47601920143909
2024-12-02,Obrenovac,PM2.5,30.0,29.3,24.39048014711812
2024-12-03,Obrenovac,PM2.5,66.0,30.6,52.43902173929592
2024-12-04,Obrenovac,PM2.5,58.0,44.1,48.31470294257284
2024-12-05,Obrenovac,PM2.5,15.0,38.6,19.9382709216062
2024-12-06,Obrenovac,PM2.5,49.0,35.4,34.09010346492562
2024-12-07,Obrenovac,PM2.5,44.0,35.0,33.086387895784114
2024-12-08,Obrenovac,PM2.5,26.0,21.3,18.346059157219468
2024-12-09,Obrenovac,PM2.5,50.0,44.7,35.65664646245713
2024-12-10,Obrenovac,PM2.5,35.0,33.2,31.852955636628117
2024-12-11,Obrenovac,PM2.5,33.0,27.1,27.03479246898756
2024-12-12,Obrenovac,PM2.5,57.0,38.8,45.172245763193445
2024-12-13,Obrenovac,PM2.5,45.0,54.0,37.51931340933992
2024-12-14,Obrenovac,PM2.5,55.0,40.1,34.34363529591288
2024-12-15,Obrenovac,PM2.5,46.0,54.5,33.00114291532651
2024-12-16,Obrenovac,PM2.5,25.0,53.2,25.75164354524584
2024-12-17,Obrenovac,PM2.5,63.0,70.1,44.920083462712434
2024-12-18,Obrenovac,PM2.5,116.0,109.0,74.19036727229471
2024-12-19,Obrenovac,PM2.5,81.0,115.0,61.46468907836627
2024-12-20,Obrenovac,PM2.5,20.0,58.5,19.96736822815553
2024-12-21,Obrenovac,PM2.5,39.0,22.6,24.86523778885659
2024-12-22,Obrenovac,PM2.5,33.0,49.2,27.03247299907044
2024-12-23,Obrenovac,PM2.5,26.0,28.6,17.668964906283442
2024-12-24,Obrenovac,PM2.5,38.0,15.9,22.255126019013968
2024-12-25,Obrenovac,PM2.5,18.0,27.7,16.685344334238025
2024-12-26,Obrenovac,PM2.5,48.0,30.6,39.32709748871178
2024-12-27,Obrenovac,PM2.5,56.0,50.7,38.95795045965341
2024-12-28,Obrenovac,PM2.5,92.0,75.6,63.78386828088324
2024-12-29,Obrenovac,PM2.5,71.0,95.4,54.74626228157723
2024-12-30,Obrenovac,PM2.5,131.0,123.0,80.58950314230145
2024-12-31,Obrenovac,PM2.5,124.0,110.0,77.27074881088433
2022-01-01,Pirot,PM2.5,101.0,70.8,65.82678278060013
2022-01-02,Pirot,PM2.5,102.0,52.9,71.32159579961802
2022-01-03,Pirot,PM2.5,176.0,105.0,103.32247544942516
2022-01-04,Pirot,PM2.5,156.0,102.0,95.858408799524
2022-01-05,Pirot,PM2.5,153.0,112.0,95.46259190943609
2022-01-06,Pirot,PM2.5,112.0,64.5,70.84233904575875
2022-01-07,Pirot,PM2.5,108.0,48.7,66.89528467983197
2022-01-08,Pirot,PM2.5,49.0,11.0,35.660600719313386
2022-01-09,Pirot,PM2.5,91.0,32.0,60.06322723223942
2022-01-10,Pirot,PM2.5,83.0,34.1,56.509652524785096
2022-01-11,Pirot,PM2.5,76.0,31.8,50.90510506452838
2022-01-12,Pirot,PM2.5,70.0,31.6,50.7034806252374
2022-01-13,Pirot,PM2.5,77.0,38.3,56.79008817981055
2022-01-14,Pirot,PM2.5,115.0,56.7,76.24803215619768
2022-01-15,Pirot,PM2.5,87.0,56.2,62.03267656766405
2022-01-16,Pirot,PM2.5,120.0,64.3,76.38090990227363
2022-01-17,Pirot,PM2.5,131.0,72.5,72.89265227521594
2022-01-18,Pirot,PM2.5,51.0,15.0,31.16283048086681
2022-01-19,Pirot,PM2.5,100.0,51.9,72.58516219009444
2022-01-20,Pirot,PM2.5,97.0,69.1,69.8719000378319
2022-01-21,Pirot,PM2.5,56.0,22.9,36.65731912375208
2022-01-22,Pirot,PM2.5,60.0,30.0,38.7385352078632
2022-01-23,Pirot,PM2.5,64.0,31.5,41.54987598204336
2022-01-24,Pirot,PM2.5,94.0,59.9,61.89220013108426
2022-01-25,Pirot,PM2.5,92.0,64.2,66.1056798069801
2022-01-26,Pirot,PM2.5,82.0,59.9,58.14709107314602
2022-01-27,Pirot,PM2.5,97.0,57.3,64.76206397508915
2022-01-28,Pirot,PM2.5,136.0,90.2,81.33084932572166
2022-01-29,Pirot,PM2.5,82.0,49.2,55.94229090469584
2022-01-30,Pirot,PM2.5,144.0,95.9,86.52043783348192
2022-01-31,Pirot,PM2.5,56.0,51.7,38.87253523588987
2022-02-01,Pirot,PM2.5,31.0,52.2,25.630869025394432
2022-02-02,Pirot,PM2.5,27.0,36.6,23.889083066984245
2022-02-03,Pirot,PM2.5,31.0,36.9,21.26398267545149
2022-02-04,Pirot,PM2.5,67.0,62.9,54.05979386279592
2022-02-05,Pirot,PM2.5,41.0,69.6,34.95508344868773
2022-02-06,Pirot,PM2.5,51.0,59.6,42.516169196557485
2022-02-07,Pirot,PM2.5,48.0,61.4,32.21013336738095
2022-02-08,Pirot,PM2.5,13.0,16.9,14.349326864068187
2022-02-09,Pirot,PM2.5,32.0,40.6,25.376909169303136
2022-02-10,Pirot,PM2.5,58.0,83.8,48.8621495263184
2022-02-11,Pirot,PM2.5,58.0,87.0,48.63285315092988
2022-02-12,Pirot,PM2.5,37.0,51.9,32.68236352408919
2022-02-13,Pirot,PM2.5,25.0,37.8,23.654122672956568
2022-02-14,Pirot,PM2.5,33.0,44.3,27.394119528660475
2022-02-15,Pirot,PM2.5,47.0,60.4,40.23345497001384
2022-02-16,Pirot,PM2.5,26.0,31.2,23.93453864825632
2022-02-17,Pirot,PM2.5,48.0,49.2,39.45826830963745
2022-02-18,Pirot,PM2.5,63.0,38.7,42.677176514509966
2022-02-19,Pirot,PM2.5,97.0,59.5,69.9000470447814
2022-02-20,Pirot,PM2.5,53.0,44.7,38.93196755207756
2022-02-21,Pirot,PM2.5,78.0,59.6,50.83378485477748
2022-02-22,Pirot,PM2.5,47.0,30.9,33.469974072761275
2022-02-23,Pirot,PM2.5,35.0,21.9,27.74908632475021
2022-02-24,Pirot,PM2.5,56.0,35.8,45.10603682892887
2022-02-25,Pirot,PM2.5,88.0,48.5,63.24135233663741
2022-02-26,Pirot,PM2.5,71.0,49.8,49.41092183655021
2022-02-27,Pirot,PM2.5,38.0,26.7,24.462853688900623
2022-02-28,Pirot,PM2.5,53.0,29.4,38.662118627757366
2022-03-01,Pirot,PM2.5,77.0,55.9,53.992094776539965
2022-03-02,Pirot,PM2.5,67.0,39.9,46.310314206421936
2022-03-03,Pirot,PM2.5,87.0,48.2,54.46385601092366
2022-03-04,Pirot,PM2.5,87.0,62.1,60.49961777288066
2022-03-05,Pirot,PM2.5,79.0,56.1,49.27462078194418
2022-03-06,Pirot,PM2.5,53.0,38.0,34.60879414182528
2022-03-07,Pirot,PM2.5,50.0,27.9,35.06195420323179
2022-03-08,Pirot,PM2.5,77.0,45.9,49.19666717613963
2022-03-09,Pirot,PM2.5,71.0,45.1,46.8921734958748
2022-03-10,Pirot,PM2.5,65.0,37.1,45.37632919092125
2022-03-11,Pirot,PM2.5,62.0,35.2,49.962427121188966
2022-03-12,Pirot,PM2.5,73.0,46.8,55.1600512207605
2022-03-13,Pirot,PM2.5,92.0,49.6,62.868665934754766
2022-03-14,Pirot,PM2.5,117.0,63.6,72.6788632194774
2022-03-15,Pirot,PM2.5,101.0,59.6,68.3563538519147
2022-03-16,Pirot,PM2.5,123.0,76.8,68.33402329745056
2022-03-17,Pirot,PM2.5,55.0,40.1,38.13665284074064
2022-03-18,Pirot,PM2.5,80.0,45.8,59.05235602490814
2022-03-19,Pirot,PM2.5,68.0,48.1,50.36104224767065
2022-03-20,Pirot,PM2.5,65.0,45.0,47.392320401574935
2022-03-21,Pirot,PM2.5,86.0,58.6,59.05235602490814
2022-03-22,Pirot,PM2.5,44.0,57.1,33.83890331433167
2022-03-23,Pirot,PM2.5,64.0,44.9,47.06916700060535
2022-03-24,Pirot,PM2.5,71.0,44.2,50.74125996581689
2022-03-25,Pirot,PM2.5,67.0,48.4,48.56313648040238
2022-03-26,Pirot,PM2.5,57.0,40.1,44.621887913125136
2022-03-27,Pirot,PM2.5,56.0,39.7,41.60052737805311
2022-03-28,Pirot,PM2.5,97.0,39.5,67.31978205335324
2022-03-29,Pirot,PM2.5,67.0,50.2,47.81682092384499
2022-03-30,Pirot,PM2.5,44.0,39.6,34.434475958281965
2022-03-31,Pirot,PM2.5,25.0,30.8,19.93096813499659
2022-04-01,Pirot,PM2.5,37.0,34.6,25.4998843196336
2022-04-02,Pirot,PM2.5,21.0,11.8,17.248005228081116
2022-04-03,Pirot,PM2.5,35.0,20.4,25.685949858029534
2022-04-04,Pirot,PM2.5,50.0,26.6,37.851619607366615
2022-04-05,Pirot,PM2.5,55.0,32.7,41.81364180765875
2022-04-06,Pirot,PM2.5,34.0,24.0,27.053034314822305
2022-04-13,Pirot,PM2.5,26.0,20.8,22.655768012858097
2022-04-14,Pirot,PM2.5,31.0,21.5,25.29590078741669
2022-04-15,Pirot,PM2.5,33.0,23.5,26.97229952865804
2022-04-16,Pirot,PM2.5,29.0,23.7,20.72058066780768
2022-04-17,Pirot,PM2.5,40.0,20.5,26.103005922902767
2022-04-18,Pirot,PM2.5,30.0,13.8,20.645352618364555
2022-04-19,Pirot,PM2.5,43.0,21.7,28.20852656879118
2022-04-20,Pirot,PM2.5,52.0,31.9,34.86945094932452
2022-04-21,Pirot,PM2.5,49.0,31.5,36.49272138138583
2022-04-22,Pirot,PM2.5,23.0,15.4,17.468073689442498
2022-04-23,Pirot,PM2.5,34.0,19.1,22.127685429142016
2022-04-24,Pirot,PM2.5,26.0,15.9,19.050540545493835
2022-04-25,Pirot,PM2.5,12.0,11.5,13.576798830698966
2022-04-26,Pirot,PM2.5,17.0,8.87,15.63639797891658
2022-04-27,Pirot,PM2.5,15.0,10.4,14.541425744981442
2022-04-28,Pirot,PM2.5,39.0,15.5,26.373554439168704
2022-04-29,Pirot,PM2.5,31.0,18.8,20.714394088877857
2022-04-30,Pirot,PM2.5,33.0,13.9,22.77312020363965
2022-05-01,Pirot,PM2.5,24.0,14.0,16.719287734139826
2022-05-02,Pirot,PM2.5,31.0,14.6,18.04600166735732
2022-05-03,Pirot,PM2.5,39.0,15.7,25.822718437672435
2022-05-04,Pirot,PM2.5,31.0,15.9,18.938722374593446
2022-05-05,Pirot,PM2.5,29.0,14.5,18.280611100210308
2022-05-06,Pirot,PM2.5,22.0,17.3,15.305277911234077
2022-05-07,Pirot,PM2.5,20.0,13.4,14.400695521972226
2022-05-08,Pirot,PM2.5,18.0,10.2,14.636725631644678
2022-05-09,Pirot,PM2.5,20.0,10.3,14.983586969298822
2022-05-10,Pirot,PM2.5,33.0,11.0,21.02703760473855
2022-05-11,Pirot,PM2.5,43.0,11.5,25.223411917950227
2022-05-12,Pirot,PM2.5,38.0,12.1,25.77836355170444
2022-05-13,Pirot,PM2.5,38.0,13.3,25.77836355170444
2022-05-14,Pirot,PM2.5,34.0,16.7,20.77767988403741
2022-05-15,Pirot,PM2.5,27.0,13.2,16.713372015000274
2022-05-16,Pirot,PM2.5,22.0,12.1,16.04294506131884
2022-05-17,Pirot,PM2.5,24.0,11.7,17.00901209511498
2022-05-18,Pirot,PM2.5,18.0,12.7,13.48849994688798
2022-05-19,Pirot,PM2.5,13.0,6.57,13.03889268375034
2022-05-20,Pirot,PM2.5,19.0,6.07,14.968595260213869
2022-05-21,Pirot,PM2.5,15.0,8.0,13.084593793332123
2022-05-22,Pirot,PM2.5,33.0,13.0,20.09859072578436
2022-05-23,Pirot,PM2.5,20.0,11.6,14.400695521972226
2022-05-24,Pirot,PM2.5,29.0,14.6,17.667296477508035
2022-05-25,Pirot,PM2.5,21.0,14.9,15.28664096823918
2022-05-26,Pirot,PM2.5,25.0,17.8,16.797732386136012
2022-05-27,Pirot,PM2.5,24.0,11.1,17.220079700288363
2022-05-28,Pirot,PM2.5,24.0,15.5,16.71483037458153
2022-05-29,Pirot,PM2.5,23.0,14.2,16.358227957216453
2022-05-30,Pirot,PM2.5,17.0,11.1,14.752923273061924
2022-05-31,Pirot,PM2.5,21.0,13.4,15.43303194551518
2022-06-01,Pirot,PM2.5,16.0,11.5,13.657010117843116
2022-06-02,Pirot,PM2.5,20.0,10.6,14.666483609965656
2022-06-03,Pirot,PM2.5,31.0,17.7,18.757306020614195
2022-06-04,Pirot,PM2.5,32.0,18.6,20.31417461549852
2022-06-05,Pirot,PM2.5,23.0,13.5,16.811011665598144
2022-06-06,Pirot,PM2.5,28.0,13.6,17.552309573393067
2022-06-07,Pirot,PM2.5,27.0,10.0,16.93288122089611
2022-06-08,Pirot,PM2.5,29.0,9.69,17.471574787228803
2022-06-09,Pirot,PM2.5,18.0,8.1,13.949719842250094
2022-06-10,Pirot,PM2.5,25.0,9.53,16.49096167735279
2022-06-11,Pirot,PM2.5,24.0,10.6,16.16250626693722
2022-06-12,Pirot,PM2.5,31.0,14.9,17.7375755790757
2022-06-13,Pirot,PM2.5,25.0,10.5,16.599843470466563
2022-06-14,Pirot,PM2.5,25.0,12.7,16.346319052123697
2022-06-15,Pirot,PM2.5,28.0,11.6,18.7288851263405
2022-06-16,Pirot,PM2.5,37.0,13.4,25.47319862136068
2022-06-17,Pirot,PM2.5,33.0,16.8,20.87559084965614
2022-06-18,Pirot,PM2.5,28.0,14.5,17.928938476540743
2022-06-19,Pirot,PM2.5,22.0,8.25,15.628898337861294
2022-06-20,Pirot,PM2.5,25.0,6.56,16.89174645176241
2022-06-21,Pirot,PM2.5,34.0,14.6,20.68657722128642
2022-06-22,Pirot,PM2.5,37.0,17.9,23.980709115164768
2022-06-23,Pirot,PM2.5,26.0,12.8,16.356727186224244
2022-06-24,Pirot,PM2.5,27.0,11.6,16.979160102993696
2022-06-25,Pirot,PM2.5,30.0,14.5,18.2464218802598
2022-06-26,Pirot,PM2.5,20.0,9.86,14.287166977438524
2022-06-27,Pirot,PM2.5,23.0,11.6,17.142800287270468
2022-06-28,Pirot,PM2.5,26.0,13.9,17.142800287270468
2022-06-29,Pirot,PM2.5,28.0,10.7,18.69921161618736
2022-06-30,Pirot,PM2.5,19.0,9.85,14.470188165620591
2022-07-01,Pirot,PM2.5,18.0,11.6,14.184351094623269
2022-07-02,Pirot,PM2.5,21.0,15.6,15.09567815517754
2022-07-03,Pirot,PM2.5,28.0,13.5,17.495059630890662
2022-07-04,Pirot,PM2.5,45.0,17.1,22.13179691705904
2022-07-05,Pirot,PM2.5,28.0,14.5,17.921561613689057
2022-07-06,Pirot,PM2.5,32.0,17.6,18.729284861825235
2022-07-07,Pirot,PM2.5,25.0,12.3,16.103649678804704
2022-07-08,Pirot,PM2.5,27.0,13.7,16.728646209821513
2022-07-09,Pirot,PM2.5,13.0,13.6,11.41810607689468
2022-07-10,Pirot,PM2.5,13.0,13.4,11.516278018326418
2022-07-11,Pirot,PM2.5,23.0,8.63,15.161261276563096
2022-07-12,Pirot,PM2.5,18.0,8.3,13.36916567945248
2022-07-13,Pirot,PM2.5,23.0,6.76,16.18221461346237
2022-07-14,Pirot,PM2.5,17.0,6.07,13.836788915248864
2022-07-15,Pirot,PM2.5,14.0,5.71,12.502250417092275
2022-07-16,Pirot,PM2.5,15.0,9.08,12.581583398743726
2022-07-17,Pirot,PM2.5,20.0,10.3,13.70661281464091
2022-07-18,Pirot,PM2.5,13.0,7.21,12.116463809128142
2022-07-19,Pirot,PM2.5,13.0,8.08,12.116463809128142
2022-07-20,Pirot,PM2.5,14.0,7.16,12.502250417092275
2022-07-21,Pirot,PM2.5,19.0,9.21,14.259977765545376
2022-07-22,Pirot,PM2.5,23.0,12.7,16.669379565539735
2022-07-23,Pirot,PM2.5,22.0,14.1,15.511787659780923
2022-07-24,Pirot,PM2.5,27.0,17.4,16.669379565539735
2022-07-25,Pirot,PM2.5,29.0,16.6,18.6154000332316
2022-07-26,Pirot,PM2.5,27.0,13.6,16.669379565539735
2022-07-27,Pirot,PM2.5,24.0,13.7,16.641232558590225
2022-07-28,Pirot,PM2.5,26.0,14.7,16.542593527964158
2022-07-29,Pirot,PM2.5,29.0,15.0,18.05828332442092
2022-07-30,Pirot,PM2.5,22.0,14.4,15.37815029443479
2022-07-31,Pirot,PM2.5,30.0,17.0,18.217078385230096
2022-08-01,Pirot,PM2.5,20.0,12.6,13.643857328745568
2022-08-02,Pirot,PM2.5,13.0,7.67,12.134738471928562
2022-08-03,Pirot,PM2.5,16.0,6.97,13.569596466611827
2022-08-04,Pirot,PM2.5,23.0,9.35,16.89174645176241
2022-08-05,Pirot,PM2.5,20.0,11.3,14.579069958734369
2022-08-06,Pirot,PM2.5,24.0,12.5,16.89174645176241
2022-08-07,Pirot,PM2.5,23.0,13.1,16.782864658648634
2022-08-08,Pirot,PM2.5,15.0,10.7,12.602792070683297
2022-08-09,Pirot,PM2.5,21.0,12.0,15.12174959705515
2022-08-10,Pirot,PM2.5,33.0,20.8,20.25331406674581
2022-08-11,Pirot,PM2.5,23.0,14.8,17.062065501106204
2022-08-12,Pirot,PM2.5,18.0,10.9,14.248301688612962
2022-08-13,Pirot,PM2.5,27.0,14.6,16.599843470466563
2022-08-14,Pirot,PM2.5,27.0,11.6,16.243241053101485
2022-08-15,Pirot,PM2.5,44.0,16.5,23.04775095453514
2022-08-16,Pirot,PM2.5,28.0,13.8,18.17176841752981
2022-08-17,Pirot,PM2.5,24.0,12.3,16.832769125717693
2022-08-18,Pirot,PM2.5,27.0,11.5,16.811011665598144
2022-08-19,Pirot,PM2.5,22.0,12.8,15.65341975983933
2022-08-20,Pirot,PM2.5,29.0,19.4,17.2513003515591
2022-08-21,Pirot,PM2.5,23.0,10.7,16.599843470466563
2022-08-22,Pirot,PM2.5,25.0,12.3,16.820117906136268
2022-08-23,Pirot,PM2.5,37.0,12.6,24.103380904163732
2022-08-24,Pirot,PM2.5,34.0,12.7,21.13869825063333
2022-08-25,Pirot,PM2.5,31.0,22.1,18.812064411777197
2022-08-26,Pirot,PM2.5,34.0,17.8,21.67831106231246
2022-08-27,Pirot,PM2.5,35.0,13.9,23.593296277812648
2022-08-28,Pirot,PM2.5,28.0,17.3,18.837766919454275
2022-08-29,Pirot,PM2.5,29.0,24.4,17.997537522635728
2022-08-30,Pirot,PM2.5,27.0,22.8,16.820117906136268
2022-08-31,Pirot,PM2.5,29.0,21.5,17.552309573393067
2022-09-01,Pirot,PM2.5,24.0,18.2,17.354985489236352
2022-09-02,Pirot,PM2.5,11.0,11.5,11.713606267255727
2022-09-03,Pirot,PM2.5,19.0,14.4,15.355576800929162
2022-09-04,Pirot,PM2.5,15.0,11.3,13.661191913325457
2022-09-05,Pirot,PM2.5,13.0,11.3,13.480625852875836
2022-09-06,Pirot,PM2.5,13.0,9.01,13.30723285606125
2022-09-07,Pirot,PM2.5,13.0,10.6,13.260744053900687
2022-09-08,Pirot,PM2.5,31.0,14.8,19.642241658857124
2022-09-09,Pirot,PM2.5,35.0,18.1,24.098383747650534
2022-09-10,Pirot,PM2.5,31.0,15.8,18.78128946335988
2022-09-11,Pirot,PM2.5,27.0,14.2,17.668253293957193
2022-09-12,Pirot,PM2.5,25.0,14.4,16.768168704642658
2022-09-13,Pirot,PM2.5,41.0,13.2,26.17246361808872
2022-09-14,Pirot,PM2.5,30.0,9.16,20.344910791757087
2022-09-15,Pirot,PM2.5,24.0,9.14,17.53833543102322
2022-09-16,Pirot,PM2.5,32.0,10.1,20.560470333084208
2022-09-17,Pirot,PM2.5,24.0,10.5,17.053976267402383
2022-09-18,Pirot,PM2.5,22.0,6.6,14.451496183869189
2022-09-19,Pirot,PM2.5,13.0,6.55,12.40714074805766
2022-09-20,Pirot,PM2.5,28.0,12.7,18.33391702770306
2022-09-21,Pirot,PM2.5,35.0,17.9,23.5853070295898
2022-09-22,Pirot,PM2.5,40.0,21.4,25.923479681297408
2022-09-23,Pirot,PM2.5,44.0,25.4,28.42927600315662
2022-09-24,Pirot,PM2.5,51.0,22.8,33.98838425230019
2022-09-25,Pirot,PM2.5,38.0,22.2,26.443961677455142
2022-09-26,Pirot,PM2.5,48.0,28.2,28.01635258000953
2022-09-27,Pirot,PM2.5,29.0,20.1,17.758020927709673
2022-09-28,Pirot,PM2.5,30.0,16.7,20.411825669067543
2022-09-29,Pirot,PM2.5,34.0,25.5,21.645418826783903
2022-09-30,Pirot,PM2.5,26.0,16.5,17.217613065121128
2022-10-01,Pirot,PM2.5,44.0,36.5,30.14951838086931
2022-10-02,Pirot,PM2.5,15.0,13.7,13.072656590280197
2022-10-03,Pirot,PM2.5,24.0,16.6,18.27958297951446
2022-10-04,Pirot,PM2.5,42.0,22.8,26.97845199861638
2022-10-05,Pirot,PM2.5,31.0,23.0,22.811856633674616
2022-10-06,Pirot,PM2.5,34.0,24.0,24.33969378569171
2022-10-07,Pirot,PM2.5,46.0,30.2,35.51894849458501
2022-10-08,Pirot,PM2.5,39.0,26.6,29.117285883166176
2022-10-09,Pirot,PM2.5,61.0,36.6,46.78952127197486
2022-10-10,Pirot,PM2.5,60.0,43.8,44.59236471920333
2022-10-11,Pirot,PM2.5,52.0,34.7,36.31754168633224
2022-10-12,Pirot,PM2.5,75.0,53.9,48.96260261541313
2022-10-13,Pirot,PM2.5,48.0,40.5,36.42974251890315
2022-10-14,Pirot,PM2.5,42.0,29.5,29.72475184541284
2022-10-15,Pirot,PM2.5,41.0,29.5,32.533144387653714
2022-10-16,Pirot,PM2.5,45.0,31.6,35.30039302723273
2022-10-17,Pirot,PM2.5,61.0,39.5,47.41880019799276
2022-10-18,Pirot,PM2.5,61.0,43.5,47.67764068721808
2022-10-19,Pirot,PM2.5,57.0,44.4,43.78309985176535
2022-10-20,Pirot,PM2.5,54.0,36.1,41.17553551137651
2022-10-21,Pirot,PM2.5,55.0,37.0,42.38353904889136
2022-10-22,Pirot,PM2.5,43.0,29.4,33.06979224913927
2022-10-23,Pirot,PM2.5,64.0,36.7,47.35394720124765
2022-10-24,Pirot,PM2.5,59.0,37.6,45.37269292053208
2022-10-25,Pirot,PM2.5,47.0,38.3,37.54738583404713
2022-10-26,Pirot,PM2.5,54.0,27.3,41.24726824089436
2022-10-27,Pirot,PM2.5,40.0,18.6,31.228604326649748
2022-10-28,Pirot,PM2.5,46.0,30.1,37.231051084919976
2022-10-29,Pirot,PM2.5,59.0,35.0,45.71711320664286
2022-10-30,Pirot,PM2.5,59.0,44.0,45.95207360067054
2022-10-31,Pirot,PM2.5,70.0,53.6,51.769448127369046
2022-11-01,Pirot,PM2.5,83.0,65.1,61.31836671505839
2022-11-02,Pirot,PM2.5,61.0,42.8,48.8347284296519
2022-11-03,Pirot,PM2.5,89.0,55.6,61.80202089994764
2022-11-04,Pirot,PM2.5,71.0,45.8,53.08142646260318
2022-11-05,Pirot,PM2.5,57.0,40.0,44.54426006896507
2022-11-06,Pirot,PM2.5,79.0,54.2,50.520810544824926
2022-11-07,Pirot,PM2.5,55.0,40.3,40.053944279985394
2022-11-08,Pirot,PM2.5,70.0,47.2,49.00274722164912
2022-11-09,Pirot,PM2.5,85.0,59.1,61.80202089994764
2022-11-10,Pirot,PM2.5,96.0,72.5,68.54145039425592
2022-11-11,Pirot,PM2.5,54.0,41.5,36.90427194421604
2022-11-12,Pirot,PM2.5,63.0,49.2,44.27721513397493
2022-11-13,Pirot,PM2.5,62.0,46.8,49.135345014791326
2022-11-14,Pirot,PM2.5,75.0,52.5,55.00898816403219
2022-11-15,Pirot,PM2.5,78.0,56.3,55.00898816403219
2022-11-16,Pirot,PM2.5,143.0,87.2,78.90480654159163
2022-11-17,Pirot,PM2.5,62.0,44.8,43.72783913067524
2022-11-18,Pirot,PM2.5,109.0,73.0,65.23211448096197
2022-11-19,Pirot,PM2.5,48.0,34.6,34.328144324484654
2022-11-20,Pirot,PM2.5,55.0,46.7,38.17846472195874
2022-11-21,Pirot,PM2.5,30.0,20.2,23.530215644949887
2022-11-22,Pirot,PM2.5,42.0,23.5,29.523774433454864
2022-11-23,Pirot,PM2.5,78.0,46.8,50.49494227711302
2022-11-24,Pirot,PM2.5,51.0,25.0,35.01952883738996
2022-11-25,Pirot,PM2.5,52.0,30.1,35.02335265154589
2022-11-26,Pirot,PM2.5,58.0,42.3,47.10916134310436
2022-11-27,Pirot,PM2.5,60.0,37.2,42.6209837238971
2022-11-28,Pirot,PM2.5,92.0,57.7,59.12332260172731
2022-11-29,Pirot,PM2.5,64.0,46.4,47.650574082656576
2022-11-30,Pirot,PM2.5,43.0,27.1,30.551202781109247
2022-12-01,Pirot,PM2.5,39.0,20.0,28.918217952266414
2022-12-02,Pirot,PM2.5,62.0,37.6,45.65673570725399
2022-12-03,Pirot,PM2.5,45.0,23.6,37.9683599480678
2022-12-04,Pirot,PM2.5,28.0,10.9,23.69537270141901
2022-12-05,Pirot,PM2.5,33.0,13.1,30.75855329931706
2022-12-06,Pirot,PM2.5,40.0,25.3,31.239071513703536
2022-12-07,Pirot,PM2.5,70.0,45.0,49.73968542863914
2022-12-08,Pirot,PM2.5,70.0,47.2,49.71153842168963
2022-12-09,Pirot,PM2.5,76.0,51.8,50.94266300865818
2022-12-10,Pirot,PM2.5,19.0,13.5,19.84256891878131
2022-12-11,Pirot,PM2.5,43.0,22.9,29.398612683703607
2022-12-12,Pirot,PM2.5,52.0,33.5,39.15184935105272
2022-12-13,Pirot,PM2.5,75.0,48.7,59.16136560448573
2022-12-14,Pirot,PM2.5,45.0,21.1,32.99052993919825
2022-12-15,Pirot,PM2.5,126.0,78.6,69.69215576126214
2022-12-16,Pirot,PM2.5,86.0,62.9,61.86975126187064
2022-12-17,Pirot,PM2.5,39.0,31.6,30.749340790408183
2022-12-18,Pirot,PM2.5,54.0,36.3,44.61851536312111
2022-12-19,Pirot,PM2.5,50.0,30.7,41.55351300688993
2022-12-20,Pirot,PM2.5,43.0,27.3,35.95598807958949
2022-12-21,Pirot,PM2.5,90.0,65.1,63.32571270777315
2022-12-22,Pirot,PM2.5,195.0,113.0,102.96117715014576
2022-12-23,Pirot,PM2.5,229.0,154.0,123.87188190076304
2022-12-24,Pirot,PM2.5,139.0,110.0,80.55856216404827
2022-12-25,Pirot,PM2.5,84.0,62.4,63.54559450674831
2022-12-26,Pirot,PM2.5,191.0,118.0,107.308834311616
2022-12-27,Pirot,PM2.5,107.0,95.6,66.88587010341861
2022-12-28,Pirot,PM2.5,58.0,42.0,43.92757213729004
2022-12-29,Pirot,PM2.5,121.0,72.6,76.37149532586027
2022-12-30,Pirot,PM2.5,138.0,94.4,86.0252281761167
2022-12-31,Pirot,PM2.5,94.0,121.0,66.99286815990675
2023-01-01,Pirot,PM2.5,168.0,142.0,100.27431548371857
2023-01-02,Pirot,PM2.5,156.0,142.0,95.93914358568829
2023-01-03,Pirot,PM2.5,138.0,101.0,86.0533751830662
2023-01-04,Pirot,PM2.5,63.0,47.4,50.71193278350496
2023-01-05,Pirot,PM2.5,97.0,65.7,70.36575878722081
2023-01-06,Pirot,PM2.5,77.0,47.8,48.69865572478429
2023-01-07,Pirot,PM2.5,146.0,76.0,92.167305848415
2023-01-08,Pirot,PM2.5,127.0,76.0,76.37149532586027
2023-01-09,Pirot,PM2.5,48.0,29.6,35.88161742718423
2023-01-10,Pirot,PM2.5,51.0,33.5,35.67586250075294
2023-01-11,Pirot,PM2.5,48.0,32.8,35.22655210380321
2023-01-12,Pirot,PM2.5,48.0,31.8,35.67788530879101
2023-01-13,Pirot,PM2.5,64.0,48.6,45.573722181852126
2023-01-14,Pirot,PM2.5,73.0,60.8,56.55377687200648
2023-01-15,Pirot,PM2.5,79.0,53.2,56.83329655699713
2023-01-16,Pirot,PM2.5,48.0,29.9,39.52958851938835
2023-01-17,Pirot,PM2.5,29.0,20.7,21.293399909957973
2023-01-18,Pirot,PM2.5,13.0,17.9,16.53017427338568
2023-01-19,Pirot,PM2.5,20.0,35.1,15.933564358179668
2023-01-20,Pirot,PM2.5,40.0,21.8,29.56481424482797
2023-01-21,Pirot,PM2.5,40.0,24.1,29.726153574619293
2023-01-22,Pirot,PM2.5,62.0,43.7,50.95965340775626
2023-01-23,Pirot,PM2.5,29.0,19.4,23.19485210711568
2023-01-24,Pirot,PM2.5,25.0,15.8,23.341357933391627
2023-01-25,Pirot,PM2.5,28.0,20.1,28.71691728641709
2023-01-26,Pirot,PM2.5,23.0,20.8,22.15524541180933
2023-01-27,Pirot,PM2.5,57.0,24.6,40.790510937882246
2023-01-28,Pirot,PM2.5,55.0,35.2,38.50716604613108
2023-01-29,Pirot,PM2.5,58.0,35.7,41.48840157443778
2023-01-30,Pirot,PM2.5,57.0,41.6,42.83231743825433
2023-01-31,Pirot,PM2.5,56.0,34.1,38.903235306387394
2023-02-01,Pirot,PM2.5,84.0,47.6,57.561050764435045
2023-02-02,Pirot,PM2.5,78.0,58.5,49.74483081273069
2023-02-03,Pirot,PM2.5,64.0,40.5,42.9338943686572
2023-02-04,Pirot,PM2.5,38.0,23.6,26.373947092867127
2023-02-05,Pirot,PM2.5,42.0,18.2,26.726727406468736
2023-02-06,Pirot,PM2.5,52.0,33.7,40.26626180999216
2023-02-07,Pirot,PM2.5,72.0,42.1,58.17788094767864
2023-02-08,Pirot,PM2.5,77.0,57.4,52.03003591348831
2023-02-09,Pirot,PM2.5,89.0,59.0,63.6544411254769
2023-02-10,Pirot,PM2.5,75.0,55.1,58.99772542020895
2023-02-11,Pirot,PM2.5,74.0,57.1,58.25058724559111
2023-02-12,Pirot,PM2.5,87.0,80.3,57.698137800443824
2023-02-13,Pirot,PM2.5,55.0,65.0,45.519160792153535
2023-02-14,Pirot,PM2.5,44.0,40.8,32.86468528270275
2023-02-15,Pirot,PM2.5,91.0,68.5,65.80576087550858
2023-02-16,Pirot,PM2.5,99.0,87.6,70.82567754406533
2023-02-17,Pirot,PM2.5,144.0,87.8,90.09324564027612
2023-02-18,Pirot,PM2.5,110.0,79.2,74.72617985216706
2023-02-19,Pirot,PM2.5,90.0,71.9,61.71335580250063
2023-02-20,Pirot,PM2.5,64.0,34.9,41.932621418562825
2023-02-21,Pirot,PM2.5,65.0,55.4,51.51345194202271
2023-02-22,Pirot,PM2.5,89.0,62.1,63.16061755047315
2023-02-23,Pirot,PM2.5,56.0,42.9,45.36493518429012
2023-02-24,Pirot,PM2.5,51.0,34.8,36.88070029131897
2023-02-25,Pirot,PM2.5,107.0,94.8,64.48734171136488
2023-02-26,Pirot,PM2.5,31.0,44.4,27.244513756450992
2023-02-27,Pirot,PM2.5,63.0,27.3,44.685051773334976
2023-02-28,Pirot,PM2.5,41.0,31.5,31.552629466780672
2023-03-01,Pirot,PM2.5,27.0,11.5,21.69450508641656
2023-03-02,Pirot,PM2.5,24.0,11.6,22.85477933821424
2023-03-03,Pirot,PM2.5,29.0,22.8,23.56425580006596
2023-03-04,Pirot,PM2.5,43.0,33.7,34.374292052938486
2023-03-05,Pirot,PM2.5,50.0,37.0,37.71923996392524
2023-03-06,Pirot,PM2.5,55.0,38.4,43.104002490211855
2023-03-07,Pirot,PM2.5,49.0,40.0,33.81291429264482
2023-03-11,Pirot,PM2.5,28.0,19.6,21.154755995197444
2023-03-12,Pirot,PM2.5,37.0,27.4,28.251812459184347
2023-03-13,Pirot,PM2.5,81.0,45.4,60.580352559044925
2023-03-14,Pirot,PM2.5,28.0,19.1,25.986705131063896
2023-03-15,Pirot,PM2.5,30.0,18.8,23.91247829591541
2023-03-16,Pirot,PM2.5,39.0,18.4,25.71627388708965
2023-03-17,Pirot,PM2.5,57.0,28.9,40.599422036357296
2023-03-18,Pirot,PM2.5,60.0,40.7,46.13328057746597
2023-03-19,Pirot,PM2.5,76.0,41.7,53.78731982312948
2023-03-20,Pirot,PM2.5,51.0,41.6,40.45429590868277
2023-03-21,Pirot,PM2.5,64.0,45.4,43.539636272181134
2023-03-22,Pirot,PM2.5,50.0,32.6,34.2517398416413
2023-03-23,Pirot,PM2.5,71.0,33.2,52.41927306220115
2023-03-24,Pirot,PM2.5,61.0,31.8,48.59716353474213
2023-03-25,Pirot,PM2.5,46.0,22.7,34.38558068664141
2023-03-26,Pirot,PM2.5,25.0,19.3,21.437787232269336
2023-03-27,Pirot,PM2.5,37.0,19.1,26.333754052535674
2023-03-28,Pirot,PM2.5,44.0,12.6,27.88412796070105
2023-03-29,Pirot,PM2.5,40.0,18.6,25.80820350117374
2023-03-30,Pirot,PM2.5,45.0,26.5,33.26265385277274
2023-03-31,Pirot,PM2.5,52.0,28.6,38.09217617740783
2023-04-01,Pirot,PM2.5,45.0,17.5,30.16014589433881
2023-04-02,Pirot,PM2.5,37.0,19.3,27.83664556668914
2023-04-03,Pirot,PM2.5,38.0,25.6,27.284879057629425
2023-04-04,Pirot,PM2.5,38.0,18.5,25.71148229769561
2023-04-05,Pirot,PM2.5,48.0,25.3,31.67503554037178
2023-04-06,Pirot,PM2.5,71.0,36.9,44.95166152296591
2023-04-07,Pirot,PM2.5,70.0,50.8,45.79818448830717
2023-04-08,Pirot,PM2.5,70.0,49.2,47.17114675828537
2023-04-09,Pirot,PM2.5,47.0,37.2,33.369486774762464
2023-04-10,Pirot,PM2.5,53.0,35.3,37.34737180122673
2023-04-11,Pirot,PM2.5,48.0,27.0,31.60371533062088
2023-04-12,Pirot,PM2.5,44.0,23.1,30.151109414426102
2023-04-13,Pirot,PM2.5,45.0,25.4,34.27986810554851
2023-04-14,Pirot,PM2.5,33.0,23.6,23.297416004561477
2023-04-15,Pirot,PM2.5,34.0,19.1,24.944939357329936
2023-04-16,Pirot,PM2.5,35.0,20.1,24.30029931535813
2023-04-17,Pirot,PM2.5,38.0,20.4,24.761226639007518
2023-04-18,Pirot,PM2.5,21.0,10.1,17.194398323499627
2023-04-19,Pirot,PM2.5,49.0,32.6,31.58495802514468
2023-04-20,Pirot,PM2.5,57.0,35.1,37.670826752641005
2023-04-21,Pirot,PM2.5,50.0,31.2,31.60456830256543
2023-04-22,Pirot,PM2.5,34.0,23.6,22.17091103114405
2023-04-23,Pirot,PM2.5,24.0,17.4,18.98872079294076
2023-04-24,Pirot,PM2.5,27.0,21.0,18.592405984115903
2023-04-25,Pirot,PM2.5,28.0,19.2,18.65322894449701
2023-04-26,Pirot,PM2.5,30.0,19.5,19.134637164207668
2023-04-27,Pirot,PM2.5,25.0,19.8,17.44708266264767
2023-04-28,Pirot,PM2.5,36.0,21.1,26.989057021051465
2023-04-29,Pirot,PM2.5,49.0,31.9,32.43111984184969
2023-04-30,Pirot,PM2.5,31.0,21.7,20.333042717574177
2023-05-01,Pirot,PM2.5,34.0,18.6,21.165888996749167
2023-05-02,Pirot,PM2.5,17.0,11.4,13.452783132419698
2023-05-03,Pirot,PM2.5,22.0,12.2,15.388229349653194
2023-05-04,Pirot,PM2.5,34.0,21.6,20.67364855458823
2023-05-05,Pirot,PM2.5,39.0,17.5,26.70888532238905
2023-05-06,Pirot,PM2.5,24.0,15.5,16.85697502191611
2023-05-07,Pirot,PM2.5,24.0,14.5,17.36563212437764
2023-05-08,Pirot,PM2.5,29.0,16.3,17.671634839401516
2023-05-09,Pirot,PM2.5,14.0,7.68,13.11952590943939
2023-05-10,Pirot,PM2.5,18.0,9.15,13.488929368964529
2023-05-11,Pirot,PM2.5,25.0,12.7,16.43211703814309
2023-05-12,Pirot,PM2.5,18.0,10.4,14.432526092215705
2023-05-13,Pirot,PM2.5,17.0,12.3,14.10685252185385
2023-05-14,Pirot,PM2.5,24.0,10.9,15.907695792243285
2023-05-15,Pirot,PM2.5,29.0,17.3,17.779585082536745
2023-05-16,Pirot,PM2.5,30.0,23.2,18.31077208361007
2023-05-17,Pirot,PM2.5,25.0,20.1,16.634095588417267
2023-05-18,Pirot,PM2.5,22.0,16.3,15.701116480221645
2023-05-19,Pirot,PM2.5,27.0,19.2,17.303239133424434
2023-05-20,Pirot,PM2.5,23.0,16.1,16.30662453041913
2023-05-21,Pirot,PM2.5,23.0,13.0,16.256918370284914
2023-05-22,Pirot,PM2.5,33.0,12.8,21.048217835080028
2023-05-23,Pirot,PM2.5,43.0,11.9,25.24516937806977
2023-05-24,Pirot,PM2.5,34.0,11.1,21.095059421055463
2023-05-25,Pirot,PM2.5,40.0,13.1,25.119598220834547
2023-05-26,Pirot,PM2.5,28.0,12.6,18.41314101189011
2023-05-27,Pirot,PM2.5,28.0,16.2,17.667296477508035
2023-05-28,Pirot,PM2.5,26.0,12.1,16.634095588417267
2023-05-29,Pirot,PM2.5,34.0,10.7,21.225538147798787
2023-05-30,Pirot,PM2.5,30.0,8.75,19.026518532592576
2023-05-31,Pirot,PM2.5,44.0,13.3,25.64453219329597
2023-06-01,Pirot,PM2.5,33.0,12.3,20.25331406674581
2023-06-02,Pirot,PM2.5,31.0,13.0,18.2464218802598
2023-06-03,Pirot,PM2.5,22.0,9.73,15.361516778543487
2023-06-04,Pirot,PM2.5,21.0,8.13,14.857993622708817
2023-06-05,Pirot,PM2.5,26.0,15.2,16.711236113022494
2023-06-06,Pirot,PM2.5,22.0,9.12,15.50105642804893
2023-06-07,Pirot,PM2.5,13.0,9.86,12.214614370509922
2023-06-10,Pirot,PM2.5,36.0,11.5,24.103380904163732
2023-06-11,Pirot,PM2.5,27.0,12.1,16.820117906136268
2023-06-12,Pirot,PM2.5,35.0,18.0,22.66643866501197
2023-06-21,Pirot,PM2.5,43.0,19.8,21.708137436969075
2023-06-22,Pirot,PM2.5,33.0,16.3,20.98447264276992
2023-06-23,Pirot,PM2.5,33.0,14.3,21.9090624107242
2023-06-24,Pirot,PM2.5,41.0,22.2,25.61990516870944
2023-06-25,Pirot,PM2.5,33.0,13.6,20.172579280581548
2023-06-26,Pirot,PM2.5,37.0,19.6,24.55133001706232
2023-06-27,Pirot,PM2.5,30.0,11.1,18.610915043338192
2023-06-28,Pirot,PM2.5,28.0,13.8,17.25441415190957
2023-06-29,Pirot,PM2.5,29.0,14.8,18.000258686291648
2023-06-30,Pirot,PM2.5,25.0,10.8,16.976106822898146
2023-07-01,Pirot,PM2.5,23.0,9.69,16.756793216771023
2023-07-02,Pirot,PM2.5,34.0,11.1,20.99706615057492
2023-07-03,Pirot,PM2.5,29.0,14.5,17.976320004852056
2023-07-04,Pirot,PM2.5,21.0,7.57,15.110756750230069
2023-07-05,Pirot,PM2.5,31.0,11.6,18.18917193775739
2023-07-06,Pirot,PM2.5,29.0,9.8,17.495059630890662
2023-07-07,Pirot,PM2.5,34.0,16.8,19.399582889096635
2023-07-08,Pirot,PM2.5,25.0,11.9,15.417979130710323
2023-07-09,Pirot,PM2.5,29.0,10.6,18.21259545228997
2023-07-10,Pirot,PM2.5,33.0,11.9,21.524314026423472
2023-07-11,Pirot,PM2.5,34.0,15.4,21.59289232644028
2023-07-12,Pirot,PM2.5,30.0,14.4,19.47460749739833
2023-07-13,Pirot,PM2.5,30.0,12.4,19.47460749739833
2023-07-14,Pirot,PM2.5,31.0,15.3,19.45952890234581
2023-07-15,Pirot,PM2.5,33.0,14.8,21.077800936739184
2023-07-16,Pirot,PM2.5,35.0,16.5,23.41960532525444
2023-07-17,Pirot,PM2.5,37.0,17.1,23.66074942367916
2023-07-18,Pirot,PM2.5,31.0,14.8,19.25169182299568
2023-07-19,Pirot,PM2.5,26.0,11.0,16.750114351704
2023-07-20,Pirot,PM2.5,23.0,9.39,16.920433401047795
2023-07-21,Pirot,PM2.5,23.0,11.2,16.771871811823548
2023-07-22,Pirot,PM2.5,24.0,14.8,16.771871811823548
2023-07-23,Pirot,PM2.5,29.0,11.9,17.9615580174546
2023-07-24,Pirot,PM2.5,27.0,10.3,16.753739936675473
2023-07-25,Pirot,PM2.5,27.0,14.9,16.517875121332242
2023-07-26,Pirot,PM2.5,25.0,14.4,15.78204858815506
2023-07-27,Pirot,PM2.5,24.0,10.0,14.50345614689138
2023-07-28,Pirot,PM2.5,37.0,7.49,24.152209941378104
2023-07-29,Pirot,PM2.5,39.0,6.31,24.41172793266556
2023-07-30,Pirot,PM2.5,40.0,7.47,23.786708974317005
2023-07-31,Pirot,PM2.5,37.0,10.7,22.15465351772613
2023-08-01,Pirot,PM2.5,22.0,5.96,15.737780130975068
2023-08-02,Pirot,PM2.5,26.0,9.28,17.142800287270468
2023-08-03,Pirot,PM2.5,31.0,10.6,19.61623959745674
2023-08-04,Pirot,PM2.5,36.0,13.4,25.392463835196416
2023-08-05,Pirot,PM2.5,22.0,10.5,15.430504085436676
2023-08-06,Pirot,PM2.5,23.0,5.61,16.301948048983068
2023-08-07,Pirot,PM2.5,15.0,5.61,12.43131251750629
2023-08-08,Pirot,PM2.5,15.0,5.5,11.837283558240866
2023-08-09,Pirot,PM2.5,22.0,6.55,15.74083341107062
2023-08-10,Pirot,PM2.5,24.0,8.38,16.599843470466563
2023-08-11,Pirot,PM2.5,24.0,9.9,17.062065501106204
2023-08-12,Pirot,PM2.5,27.0,9.57,16.913503911881957
2023-08-13,Pirot,PM2.5,31.0,9.5,18.58276803638868
2023-08-14,Pirot,PM2.5,31.0,9.7,19.048339859215112
2023-08-15,Pirot,PM2.5,36.0,12.9,23.80548548268024
2023-08-16,Pirot,PM2.5,39.0,17.4,25.97073028677136
2023-08-17,Pirot,PM2.5,29.0,14.6,18.908307381736204
2023-08-18,Pirot,PM2.5,27.0,13.5,16.798646729767565
2023-08-19,Pirot,PM2.5,23.0,12.9,16.408207084656517
2023-08-20,Pirot,PM2.5,22.0,10.3,15.505540900603307
2023-08-21,Pirot,PM2.5,30.0,14.0,18.691649829502456
2023-08-22,Pirot,PM2.5,32.0,17.5,21.2387643834528
2023-08-23,Pirot,PM2.5,34.0,16.3,21.84340621961246
2023-08-24,Pirot,PM2.5,36.0,19.1,24.103380904163732
2023-08-25,Pirot,PM2.5,31.0,15.9,18.757306020614195
2023-08-26,Pirot,PM2.5,26.0,12.7,17.041763014009884
2023-08-27,Pirot,PM2.5,23.0,12.2,16.753191148495493
2023-08-28,Pirot,PM2.5,15.0,8.22,12.571711054594635
2023-08-29,Pirot,PM2.5,24.0,11.1,16.356727186224244
2023-08-30,Pirot,PM2.5,19.0,7.55,14.520092632689655
2023-08-31,Pirot,PM2.5,18.0,6.13,14.182645497501223
2023-09-01,Pirot,PM2.5,27.0,12.1,17.677667870370552
2023-09-02,Pirot,PM2.5,28.0,14.7,19.02886413815466
2023-09-03,Pirot,PM2.5,30.0,11.9,19.22651741260254
2023-09-04,Pirot,PM2.5,19.0,9.43,14.741299774374356
2023-09-05,Pirot,PM2.5,24.0,10.1,16.23650494852892
2023-09-06,Pirot,PM2.5,30.0,12.8,19.490432947932568
2023-09-07,Pirot,PM2.5,31.0,14.6,18.74163119976278
2023-09-08,Pirot,PM2.5,32.0,12.5,21.25168912877064
2023-09-09,Pirot,PM2.5,81.0,10.0,54.91177667798737
2023-09-10,Pirot,PM2.5,75.0,8.7,48.11021871581651
2023-09-11,Pirot,PM2.5,78.0,9.82,48.21546924903824
2023-09-12,Pirot,PM2.5,77.0,7.76,48.287678808947085
2023-09-13,Pirot,PM2.5,80.0,9.35,55.08071154486253
2023-09-14,Pirot,PM2.5,80.0,14.5,51.769143933851176
2023-09-15,Pirot,PM2.5,80.0,18.1,52.0007190484773
2023-09-16,Pirot,PM2.5,83.0,15.0,51.24318119844425
2023-09-17,Pirot,PM2.5,77.0,14.5,44.31060881302336
2023-09-25,Pirot,PM2.5,31.0,15.0,19.02272420906028
2023-09-26,Pirot,PM2.5,25.0,12.6,16.196659728221878
2023-09-27,Pirot,PM2.5,29.0,10.3,18.304633806489974
2023-09-28,Pirot,PM2.5,25.0,10.8,17.217613065121128
2023-09-29,Pirot,PM2.5,28.0,10.9,19.614126251685438
2023-09-30,Pirot,PM2.5,33.0,13.2,22.563552187657397
2023-10-01,Pirot,PM2.5,40.0,21.5,26.65898385197262
2023-10-02,Pirot,PM2.5,22.0,12.9,17.694511652770373
2023-10-03,Pirot,PM2.5,27.0,11.0,19.75938988397768
2023-10-04,Pirot,PM2.5,34.0,16.1,24.045851095640145
2023-10-05,Pirot,PM2.5,38.0,15.4,27.788337149692488
2023-10-06,Pirot,PM2.5,38.0,13.4,27.26480489015042
2023-10-07,Pirot,PM2.5,35.0,12.9,26.46908206990579
2023-10-08,Pirot,PM2.5,27.0,12.9,18.92431311843801
2023-10-09,Pirot,PM2.5,7.0,9.11,13.39934143887491
2023-10-10,Pirot,PM2.5,35.0,14.0,24.33250451591597
2023-10-11,Pirot,PM2.5,28.0,12.9,22.189064536558792
2023-10-12,Pirot,PM2.5,36.0,13.4,27.649103250914028
2023-10-13,Pirot,PM2.5,38.0,18.5,27.487720564553072
2023-10-14,Pirot,PM2.5,34.0,20.0,24.05240446443725
2023-10-20,Pirot,PM2.5,40.0,20.3,29.15075995467986
2023-10-21,Pirot,PM2.5,41.0,13.2,30.533224407686955
2023-10-22,Pirot,PM2.5,72.0,16.8,52.575392007115184
2023-10-23,Pirot,PM2.5,51.0,18.7,36.1487298037252
2023-10-24,Pirot,PM2.5,51.0,24.0,39.349812164220936
2023-10-25,Pirot,PM2.5,44.0,24.7,31.58332074828552
2023-10-26,Pirot,PM2.5,36.0,12.6,28.44143768536427
2023-10-27,Pirot,PM2.5,11.0,13.8,15.087834588914848
2023-10-28,Pirot,PM2.5,27.0,11.4,22.2744911975502
2023-10-29,Pirot,PM2.5,16.0,17.7,19.646296251823152
2023-10-30,Pirot,PM2.5,35.0,28.5,28.992734488527702
2023-10-31,Pirot,PM2.5,32.0,26.6,25.472095021654507
2023-11-01,Pirot,PM2.5,48.0,24.2,35.13607994683754
2023-11-02,Pirot,PM2.5,41.0,29.7,30.30949153635049
2023-11-03,Pirot,PM2.5,28.0,18.6,22.08041743310332
2023-11-04,Pirot,PM2.5,27.0,15.7,22.79314122786299
2023-11-05,Pirot,PM2.5,28.0,20.9,21.17390271818931
2023-11-06,Pirot,PM2.5,31.0,23.5,24.88659812159661
2023-11-07,Pirot,PM2.5,70.0,40.4,53.17522966066444
2023-11-08,Pirot,PM2.5,34.0,28.5,25.538821901070246
2023-11-09,Pirot,PM2.5,57.0,44.8,45.34968597245237
2023-11-10,Pirot,PM2.5,33.0,12.5,25.657723428054982
2023-11-11,Pirot,PM2.5,39.0,22.1,27.264648433870395
2023-11-12,Pirot,PM2.5,73.0,34.2,50.24356959907188
2023-11-13,Pirot,PM2.5,40.0,44.2,32.78861146780858
2023-11-17,Pirot,PM2.5,28.0,36.8,23.717460323839983
2023-11-18,Pirot,PM2.5,30.0,10.6,19.925555519904748
2023-11-19,Pirot,PM2.5,74.0,29.3,47.7624516328116
2023-11-20,Pirot,PM2.5,138.0,79.8,82.32010173926241
2023-11-21,Pirot,PM2.5,169.0,77.1,93.07315906302924
2023-11-22,Pirot,PM2.5,23.0,53.9,22.73754803233188
2023-11-23,Pirot,PM2.5,108.0,23.4,65.79232947906353
2023-11-24,Pirot,PM2.5,64.0,87.3,43.37123671331016
2023-11-25,Pirot,PM2.5,71.0,12.6,45.762799769266906
2023-11-26,Pirot,PM2.5,41.0,14.5,26.018096018372727
2023-11-27,Pirot,PM2.5,90.0,21.4,56.35793485902315
2023-12-01,Pirot,PM2.5,126.0,49.6,73.61815953842088
2023-12-02,Pirot,PM2.5,87.0,73.9,61.63479086784296
2023-12-03,Pirot,PM2.5,44.0,33.9,32.98894396319615
2023-12-04,Pirot,PM2.5,63.0,47.3,53.31586946219438
2023-12-05,Pirot,PM2.5,34.0,27.7,28.143696053906723
2023-12-06,Pirot,PM2.5,34.0,25.0,26.19201990557965
2023-12-07,Pirot,PM2.5,43.0,30.0,31.527091772600407
2023-12-08,Pirot,PM2.5,53.0,46.9,39.23258413721698
2023-12-09,Pirot,PM2.5,40.0,52.3,34.69365464693779
2023-12-10,Pirot,PM2.5,55.0,48.3,40.18809608470176
2023-12-11,Pirot,PM2.5,121.0,47.0,72.1298537016832
2023-12-12,Pirot,PM2.5,112.0,84.3,71.32117310048163
2023-12-13,Pirot,PM2.5,100.0,73.0,70.83186507632269
2023-12-14,Pirot,PM2.5,34.0,47.9,26.200178406666907
2023-12-15,Pirot,PM2.5,28.0,27.6,23.34035626005602
2023-12-16,Pirot,PM2.5,55.0,25.5,39.996200766186114
2023-12-17,Pirot,PM2.5,45.0,37.9,38.433844158546655
2023-12-18,Pirot,PM2.5,183.0,60.9,108.44673392186895
2023-12-19,Pirot,PM2.5,142.0,139.0,86.06278975947956
2023-12-20,Pirot,PM2.5,78.0,181.0,56.72441476388335
2023-12-21,Pirot,PM2.5,99.0,50.0,65.95709373839564
2023-12-22,Pirot,PM2.5,105.0,115.0,66.04978747411624
2023-12-23,Pirot,PM2.5,74.0,47.3,49.74483081273069
2023-12-24,Pirot,PM2.5,171.0,60.7,95.05385687156785
2023-12-25,Pirot,PM2.5,149.0,114.0,95.78708858977312
2023-12-26,Pirot,PM2.5,231.0,120.0,123.63692150673536
2023-12-27,Pirot,PM2.5,134.0,84.4,86.0533751830662
2023-12-28,Pirot,PM2.5,206.0,71.8,110.99786389901789
2023-12-29,Pirot,PM2.5,164.0,68.2,96.09029850652512
2023-12-30,Pirot,PM2.5,313.0,90.7,123.87188190076304
2023-12-31,Pirot,PM2.5,199.0,109.0,107.308834311616
2024-01-01,Pirot,PM2.5,85.0,58.2,58.02263448078089
2024-01-02,Pirot,PM2.5,119.0,19.8,70.14948147065374
2024-01-03,Pirot,PM2.5,90.0,57.6,58.0507814877304
2024-01-04,Pirot,PM2.5,85.0,39.5,56.513611254863605
2024-01-05,Pirot,PM2.5,101.0,62.7,71.32159579961802
2024-01-06,Pirot,PM2.5,41.0,13.7,31.278923641258064
2024-01-07,Pirot,PM2.5,45.0,21.9,33.85685158572093
2024-01-08,Pirot,PM2.5,57.0,8.9,40.08552862115087
2024-01-09,Pirot,PM2.5,35.0,8.15,27.94271170104116
2024-01-10,Pirot,PM2.5,72.0,10.6,58.71820573521831
2024-01-11,Pirot,PM2.5,72.0,12.8,58.95316612924599
2024-01-12,Pirot,PM2.5,75.0,12.9,57.02433369535486
2024-01-13,Pirot,PM2.5,233.0,13.1,123.66056068398892
2024-01-14,Pirot,PM2.5,233.0,11.6,124.64513626743526
2024-01-15,Pirot,PM2.5,147.0,12.4,85.89521393285929
2024-01-16,Pirot,PM2.5,146.0,1.32,86.26726136289577
2024-01-17,Pirot,PM2.5,35.0,63.4,31.55005609174284
2024-01-18,Pirot,PM2.5,70.0,55.9,47.18059240160848
2024-01-19,Pirot,PM2.5,54.0,18.2,38.662118627757366
2024-01-20,Pirot,PM2.5,101.0,30.8,62.72314446129557
2024-01-21,Pirot,PM2.5,147.0,41.3,90.45399833821192
2024-01-22,Pirot,PM2.5,87.0,39.3,65.27858037553418
2024-01-23,Pirot,PM2.5,53.0,40.5,45.8899175155612
2024-01-24,Pirot,PM2.5,111.0,55.3,71.62573681438487
2024-01-25,Pirot,PM2.5,53.0,45.8,37.04335876801816
2024-01-26,Pirot,PM2.5,83.0,28.3,53.57787016359261
2024-01-27,Pirot,PM2.5,47.0,34.8,31.90102142197804
2024-01-28,Pirot,PM2.5,91.0,35.7,58.23060428040568
2024-01-29,Pirot,PM2.5,37.0,46.6,30.20058019087985
2024-01-30,Pirot,PM2.5,80.0,45.5,63.28248710577112
2024-01-31,Pirot,PM2.5,243.0,63.4,103.3851122940829
2024-02-01,Pirot,PM2.5,238.0,79.9,120.44593647726724
2024-02-02,Pirot,PM2.5,97.0,74.9,62.944490581457565
2024-02-03,Pirot,PM2.5,42.0,71.2,35.514540523052474
2024-02-04,Pirot,PM2.5,126.0,59.6,74.53894797920024
2024-02-05,Pirot,PM2.5,156.0,73.3,92.7941069485568
2024-02-06,Pirot,PM2.5,102.0,78.8,70.60417576589597
2024-02-07,Pirot,PM2.5,39.0,57.9,34.02531577945927
2024-02-08,Pirot,PM2.5,49.0,38.9,40.92045334430361
2024-02-09,Pirot,PM2.5,201.0,52.9,104.96866253065085
2024-02-11,Pirot,PM2.5,28.0,15.3,21.271642449838424
2024-02-12,Pirot,PM2.5,68.0,30.0,47.48719629710493
2024-02-13,Pirot,PM2.5,31.0,20.6,20.07945612987128
2024-02-14,Pirot,PM2.5,51.0,25.3,32.61731718382689
2024-02-15,Pirot,PM2.5,108.0,42.9,72.05191953034762
2024-02-16,Pirot,PM2.5,109.0,67.5,72.16080132346137
2024-02-17,Pirot,PM2.5,214.0,57.3,114.72504995229662
2024-02-18,Pirot,PM2.5,125.0,89.3,71.28302972121541
2024-02-19,Pirot,PM2.5,86.0,47.4,63.62632929291257
2024-02-20,Pirot,PM2.5,46.0,53.4,35.86844882810675
2024-02-21,Pirot,PM2.5,91.0,49.3,60.33909486344024
2024-02-22,Pirot,PM2.5,142.0,44.1,85.79026778208902
2024-02-23,Pirot,PM2.5,142.0,87.1,82.68913476178032
2024-02-24,Pirot,PM2.5,113.0,54.6,74.22838189856374
2024-02-25,Pirot,PM2.5,54.0,22.1,38.427158233729685
2024-02-26,Pirot,PM2.5,66.0,59.5,52.53179732865914
2024-02-27,Pirot,PM2.5,50.0,42.1,41.224749414801
2024-02-28,Pirot,PM2.5,43.0,27.9,36.07933539148754
2024-02-29,Pirot,PM2.5,46.0,28.5,35.98565421055583
2024-03-01,Pirot,PM2.5,43.0,31.7,30.31420415662805
2024-03-02,Pirot,PM2.5,57.0,36.2,39.79148641400441
2024-03-03,Pirot,PM2.5,44.0,28.8,34.43229739803578
2024-03-04,Pirot,PM2.5,60.0,25.5,46.17873615873803
2024-03-05,Pirot,PM2.5,62.0,34.5,48.87325869790352
2024-03-06,Pirot,PM2.5,40.0,34.1,30.323060515227585
2024-03-07,Pirot,PM2.5,30.0,17.8,24.05886927319141
2024-03-08,Pirot,PM2.5,36.0,22.2,29.11854214160017
2024-03-09,Pirot,PM2.5,46.0,34.6,35.14177872488746
2024-03-10,Pirot,PM2.5,24.0,26.5,22.482731908177776
2024-03-11,Pirot,PM2.5,23.0,20.7,19.434387325930555
2024-03-12,Pirot,PM2.5,14.0,18.3,18.58420019819746
2024-03-13,Pirot,PM2.5,50.0,23.5,30.86018134912451
2024-03-14,Pirot,PM2.5,63.0,35.7,41.7091747827455
2024-03-15,Pirot,PM2.5,95.0,50.8,59.76295597694282
2024-03-16,Pirot,PM2.5,62.0,31.1,48.68152390587787
2024-03-17,Pirot,PM2.5,94.0,46.1,59.73480896999331
2024-03-18,Pirot,PM2.5,39.0,48.7,30.826379700800835
2024-03-19,Pirot,PM2.5,45.0,22.4,30.77836289140386
2024-03-20,Pirot,PM2.5,77.0,28.8,52.2593232889927
2024-03-21,Pirot,PM2.5,52.0,38.5,41.751216171759104
2024-03-22,Pirot,PM2.5,65.0,29.7,49.53593902528374
2024-03-23,Pirot,PM2.5,27.0,33.0,24.29952515259735
2024-03-24,Pirot,PM2.5,13.0,18.5,16.550717352305192
2024-03-25,Pirot,PM2.5,52.0,25.3,34.60879414182528
2024-03-26,Pirot,PM2.5,34.0,18.5,25.580254524882005
2024-03-27,Pirot,PM2.5,24.0,25.1,20.97692915581464
2024-03-28,Pirot,PM2.5,31.0,22.5,21.06308625590425
2024-03-29,Pirot,PM2.5,49.0,17.6,38.80337724576298
2024-03-30,Pirot,PM2.5,21.0,15.2,22.059444966019957
2024-03-31,Pirot,PM2.5,41.0,34.0,31.27809121035834
2024-04-01,Pirot,PM2.5,14.0,39.6,16.60824411656072
2024-04-02,Pirot,PM2.5,30.0,13.1,21.57162873296754
2024-04-03,Pirot,PM2.5,28.0,12.1,24.5210536943857
2024-04-04,Pirot,PM2.5,54.0,13.4,35.763196018340935
2024-04-05,Pirot,PM2.5,35.0,13.1,26.97224588093348
2024-04-06,Pirot,PM2.5,13.0,11.6,17.771500382232727
2024-04-07,Pirot,PM2.5,34.0,10.9,25.44542294601804
2024-04-08,Pirot,PM2.5,5.0,8.7,16.208190819282546
2024-04-09,Pirot,PM2.5,9.0,6.26,16.449586343643123
2024-04-10,Pirot,PM2.5,17.0,7.72,19.19168269431406
2024-04-11,Pirot,PM2.5,15.0,12.4,18.017211963973185
2024-04-12,Pirot,PM2.5,44.0,16.8,34.2880915067243
2024-04-13,Pirot,PM2.5,25.0,20.5,21.10339372810156
2024-04-14,Pirot,PM2.5,15.0,12.4,18.2084729648988
2024-04-15,Pirot,PM2.5,9.0,8.49,15.200497575863636
2024-04-16,Pirot,PM2.5,14.0,18.8,13.043010001735189
2024-04-17,Pirot,PM2.5,21.0,12.7,16.133280784659426
2024-04-18,Pirot,PM2.5,36.0,15.9,24.24957231551584
2024-04-19,Pirot,PM2.5,70.0,21.4,46.56807423101823
2024-04-20,Pirot,PM2.5,20.0,22.1,16.32295509308992
2024-04-21,Pirot,PM2.5,22.0,19.4,17.02155336480869
2024-04-22,Pirot,PM2.5,47.0,20.2,32.557747908595616
2024-04-23,Pirot,PM2.5,48.0,16.0,30.70637159069032
2024-04-24,Pirot,PM2.5,8.0,15.2,12.593637782107376
2024-04-25,Pirot,PM2.5,35.0,20.7,23.572705842474964
2024-04-26,Pirot,PM2.5,35.0,22.9,24.38331284076
2024-04-27,Pirot,PM2.5,39.0,17.9,27.07229596005282
2024-04-28,Pirot,PM2.5,27.0,13.6,19.01154347937159
2024-04-29,Pirot,PM2.5,46.0,11.6,33.881465505640584
2024-04-30,Pirot,PM2.5,35.0,10.3,23.79710826608052
2024-05-01,Pirot,PM2.5,7.0,7.88,10.146841262055265
2024-05-02,Pirot,PM2.5,11.0,12.1,11.920762845049037
2024-05-03,Pirot,PM2.5,18.0,10.6,14.040898101309034
2024-05-04,Pirot,PM2.5,20.0,20.0,14.093605112878524
2024-05-06,Pirot,PM2.5,11.0,10.3,12.074842545178246
2024-05-07,Pirot,PM2.5,10.0,9.16,11.289493029398162
2024-05-08,Pirot,PM2.5,12.0,9.57,12.083306346377638
2024-05-09,Pirot,PM2.5,4.0,6.13,10.915352866061196
2024-05-10,Pirot,PM2.5,58.0,12.9,39.142086028646325
2024-05-11,Pirot,PM2.5,8.0,11.2,11.25011934316234
2024-05-12,Pirot,PM2.5,11.0,10.1,11.572707019821886
2024-05-13,Pirot,PM2.5,12.0,9.34,12.734458982645094
2024-05-14,Pirot,PM2.5,26.0,11.9,17.02017795830898
2024-05-15,Pirot,PM2.5,14.0,7.86,12.158417671294842
2024-05-16,Pirot,PM2.5,20.0,13.2,14.087049273408818
2024-05-17,Pirot,PM2.5,34.0,15.8,22.4246663131176
2024-05-18,Pirot,PM2.5,25.0,17.6,17.43128831548938
2024-05-19,Pirot,PM2.5,11.0,13.6,11.76172064819161
2024-05-20,Pirot,PM2.5,21.0,8.0,15.19325496249349
2024-05-21,Pirot,PM2.5,14.0,13.0,12.053684946286136
2024-05-22,Pirot,PM2.5,20.0,13.2,14.622428317223198
2024-05-23,Pirot,PM2.5,14.0,10.7,12.389345454156018
2024-05-24,Pirot,PM2.5,18.0,14.4,14.678983772919867
2024-05-25,Pirot,PM2.5,20.0,10.6,14.148629463210607
2024-05-26,Pirot,PM2.5,12.0,8.75,11.684451670516388
2024-05-27,Pirot,PM2.5,11.0,8.77,11.855106653937298
2024-05-28,Pirot,PM2.5,23.0,9.43,17.257787191385436
2024-05-29,Pirot,PM2.5,15.0,15.6,12.3839179235432
2024-05-30,Pirot,PM2.5,14.0,13.3,12.606506089475252
2024-05-31,Pirot,PM2.5,11.0,11.0,12.28730984657798
2024-06-01,Pirot,PM2.5,10.0,9.16,10.495752288914378
2024-06-02,Pirot,PM2.5,12.0,8.34,12.046626852955832
2024-06-03,Pirot,PM2.5,18.0,12.3,14.455115075691127
2024-06-04,Pirot,PM2.5,11.0,13.3,11.830869667788026
2024-06-05,Pirot,PM2.5,10.0,8.74,11.191911129283945
2024-06-06,Pirot,PM2.5,14.0,6.94,12.731296168381974
2024-06-07,Pirot,PM2.5,18.0,7.63,14.241622823545937
2024-06-08,Pirot,PM2.5,23.0,9.61,16.89174645176241
2024-06-09,Pirot,PM2.5,13.0,11.1,12.342456280322288
2024-06-10,Pirot,PM2.5,4.0,15.8,10.117251620544543
2024-06-11,Pirot,PM2.5,12.0,9.94,11.817032313486152
2024-06-12,Pirot,PM2.5,12.0,13.0,12.127361639120096
2024-06-13,Pirot,PM2.5,22.0,15.6,15.975793805098297
2024-06-14,Pirot,PM2.5,26.0,11.2,15.628600480726574
2024-06-15,Pirot,PM2.5,14.0,7.81,12.56314773098642
2024-06-16,Pirot,PM2.5,17.0,7.16,13.978421015307273
2024-06-17,Pirot,PM2.5,25.0,9.8,16.913503911881957
2024-06-18,Pirot,PM2.5,26.0,12.5,16.976106822898146
2024-06-19,Pirot,PM2.5,16.0,12.1,13.653956837747565
2024-06-20,Pirot,PM2.5,18.0,17.8,14.24524840851741
2024-06-21,Pirot,PM2.5,16.0,19.4,13.653956837747565
2024-06-22,Pirot,PM2.5,30.0,18.0,18.610915043338192
2024-06-23,Pirot,PM2.5,45.0,11.3,22.044122800321134
2024-06-24,Pirot,PM2.5,11.0,10.9,11.833922947883575
2024-06-25,Pirot,PM2.5,12.0,10.6,11.980970661844095
2024-06-26,Pirot,PM2.5,2.0,13.2,10.855470408129984
2024-06-27,Pirot,PM2.5,14.0,9.56,12.271244749690576
2024-06-28,Pirot,PM2.5,28.0,12.1,18.298154107775144
2024-06-29,Pirot,PM2.5,20.0,12.3,14.579069958734369
2024-06-30,Pirot,PM2.5,18.0,10.9,14.160888037381673
2024-07-01,Pirot,PM2.5,21.0,12.8,15.088999290110516
2024-07-02,Pirot,PM2.5,6.0,12.3,10.383711922808065
2024-07-03,Pirot,PM2.5,17.0,11.1,12.504653694255198
2024-07-04,Pirot,PM2.5,15.0,9.8,12.451836414655782
2024-07-05,Pirot,PM2.5,8.0,10.5,10.554657146358403
2024-07-06,Pirot,PM2.5,19.0,7.32,14.356703072511696
2024-07-07,Pirot,PM2.5,35.0,8.72,23.94980356052021
2024-07-08,Pirot,PM2.5,10.0,9.01,10.791380673864287
2024-07-09,Pirot,PM2.5,18.0,10.5,13.532090985245889
2024-07-10,Pirot,PM2.5,39.0,11.7,25.09625469647307
2024-07-11,Pirot,PM2.5,18.0,12.0,13.991108930373755
2024-07-12,Pirot,PM2.5,18.0,12.3,13.532090985245889
2024-07-13,Pirot,PM2.5,17.0,11.6,13.268889177007225
2024-07-14,Pirot,PM2.5,21.0,12.9,14.980117496996742
2024-07-15,Pirot,PM2.5,22.0,13.6,15.40290586666715
2024-07-16,Pirot,PM2.5,28.0,14.4,17.965309775360833
2024-07-17,Pirot,PM2.5,40.0,14.8,25.04147555923189
2024-07-18,Pirot,PM2.5,22.0,15.4,15.43105287361666
2024-07-19,Pirot,PM2.5,31.0,13.2,18.730638171168096
2024-07-20,Pirot,PM2.5,23.0,13.0,16.669379565539735
2024-07-21,Pirot,PM2.5,42.0,15.5,21.93904410857961
2024-07-22,Pirot,PM2.5,40.0,18.7,24.35275060662084
2024-07-23,Pirot,PM2.5,24.0,13.3,16.691137025659284
2024-07-24,Pirot,PM2.5,20.0,13.9,14.22991703493612
2024-07-25,Pirot,PM2.5,7.0,10.0,9.630064088858534
2024-07-26,Pirot,PM2.5,9.0,6.72,10.191483069348358
2024-07-27,Pirot,PM2.5,9.0,7.24,10.759382807590002
2024-07-28,Pirot,PM2.5,22.0,6.75,15.511787659780923
2024-07-29,Pirot,PM2.5,3.0,7.06,9.608306628738982
2024-07-30,Pirot,PM2.5,16.0,6.93,12.860064628311775
2024-07-31,Pirot,PM2.5,16.0,7.18,13.42796436655342
2024-08-01,Pirot,PM2.5,9.0,6.61,10.90101490764841
2024-08-02,Pirot,PM2.5,17.0,10.7,13.897686229143009
2024-08-03,Pirot,PM2.5,14.0,15.4,12.53500072403691
2024-08-04,Pirot,PM2.5,6.0,8.79,9.749938728797389
2024-08-05,Pirot,PM2.5,19.0,8.18,14.498335172570105
2024-08-06,Pirot,PM2.5,14.0,12.7,11.708669887161886
2024-08-07,Pirot,PM2.5,13.0,6.7,12.366977702300323
2024-08-08,Pirot,PM2.5,15.0,5.25,12.803950284966398
2024-08-09,Pirot,PM2.5,12.0,9.86,11.72520315802035
2024-08-10,Pirot,PM2.5,17.0,8.26,13.41052127706563
2024-08-11,Pirot,PM2.5,22.0,7.86,15.65341975983933
2024-08-12,Pirot,PM2.5,11.0,8.39,11.827244082816552
2024-08-13,Pirot,PM2.5,21.0,8.67,15.230631390168924
2024-08-14,Pirot,PM2.5,15.0,10.8,12.695068491852624
2024-08-15,Pirot,PM2.5,35.0,11.9,23.229448803640523
2024-08-16,Pirot,PM2.5,26.0,16.4,16.89174645176241
2024-08-17,Pirot,PM2.5,45.0,18.3,22.83425870238995
2024-08-18,Pirot,PM2.5,17.0,13.2,13.897686229143009
2024-08-19,Pirot,PM2.5,15.0,12.5,12.744972958921686
2024-08-20,Pirot,PM2.5,14.0,9.48,12.35197953585484
2024-08-21,Pirot,PM2.5,25.0,9.51,17.142800287270468
2024-08-22,Pirot,PM2.5,24.0,13.0,16.408207084656517
2024-08-23,Pirot,PM2.5,26.0,11.6,16.89174645176241
2024-08-24,Pirot,PM2.5,24.0,13.0,16.89174645176241
2024-08-25,Pirot,PM2.5,36.0,15.4,25.16592257582229
2024-08-26,Pirot,PM2.5,45.0,16.5,22.602019472018192
2024-08-27,Pirot,PM2.5,15.0,21.4,12.626490191835812
2024-08-28,Pirot,PM2.5,32.0,19.1,20.146026178102964
2024-08-29,Pirot,PM2.5,25.0,16.3,16.89174645176241
2024-08-30,Pirot,PM2.5,16.0,13.6,13.811235725706528
2024-08-31,Pirot,PM2.5,22.0,17.0,15.544537966725557
2024-09-01,Pirot,PM2.5,18.0,16.3,15.046129162726624
2024-09-02,Pirot,PM2.5,15.0,14.3,13.689191410311349
2024-09-03,Pirot,PM2.5,26.0,15.8,17.696252790943078
2024-09-04,Pirot,PM2.5,26.0,16.1,17.635060737989537
2024-09-05,Pirot,PM2.5,29.0,21.8,19.723008044799208
2024-09-06,Pirot,PM2.5,23.0,19.4,17.367636708817777
2024-09-07,Pirot,PM2.5,15.0,13.8,13.128336097814284
2024-09-08,Pirot,PM2.5,4.0,10.1,11.338153253759376
2024-09-09,Pirot,PM2.5,15.0,12.4,13.30577121983304
2024-09-10,Pirot,PM2.5,13.0,12.4,12.609942304104576
2024-09-11,Pirot,PM2.5,28.0,14.8,17.432679317644578
2024-09-12,Pirot,PM2.5,13.0,13.2,13.381158636175424
2024-09-13,Pirot,PM2.5,16.0,10.7,13.893982279459712
2024-09-14,Pirot,PM2.5,12.0,10.4,12.705511072784876
2024-09-15,Pirot,PM2.5,5.0,8.21,11.152728758153629
2024-09-16,Pirot,PM2.5,11.0,9.39,12.965528545412257
2024-09-17,Pirot,PM2.5,15.0,12.4,13.458580562672864
2024-09-18,Pirot,PM2.5,18.0,14.9,15.098864451904996
2024-09-19,Pirot,PM2.5,30.0,14.6,18.672407670246105
2024-09-20,Pirot,PM2.5,13.0,15.2,12.356417885761692
2024-09-21,Pirot,PM2.5,21.0,13.5,15.93841242238329
2024-09-23,Pirot,PM2.5,18.0,19.8,15.046129162726624
2024-09-24,Pirot,PM2.5,23.0,15.2,17.59952748397676
2024-09-25,Pirot,PM2.5,12.0,16.3,12.897189616247866
2024-09-26,Pirot,PM2.5,22.0,10.2,16.53210751638717
2024-09-27,Pirot,PM2.5,12.0,8.45,12.844454327069494
2024-09-28,Pirot,PM2.5,15.0,10.0,13.697716636566764
2024-09-29,Pirot,PM2.5,12.0,6.6,10.617749976248955
2024-09-30,Pirot,PM2.5,29.0,8.67,16.734890687886345
2024-10-01,Pirot,PM2.5,25.0,12.7,18.32683716329525
2024-10-02,Pirot,PM2.5,38.0,16.2,27.7579594332967
2024-10-03,Pirot,PM2.5,7.0,15.5,13.27108297636626
2024-10-04,Pirot,PM2.5,3.0,11.8,11.911131846263428
2024-10-05,Pirot,PM2.5,9.0,8.46,12.403948907113955
2024-10-06,Pirot,PM2.5,48.0,11.7,32.96593527192978
2024-10-07,Pirot,PM2.5,29.0,14.6,22.080182743445015
2024-10-08,Pirot,PM2.5,28.0,16.0,21.624675565505285
2024-10-09,Pirot,PM2.5,31.0,11.2,20.743994247592106
2024-10-10,Pirot,PM2.5,30.0,10.6,22.23519711719208
2024-10-11,Pirot,PM2.5,14.0,15.0,14.85221888648844
2024-10-12,Pirot,PM2.5,35.0,12.7,24.087949574699056
2024-10-13,Pirot,PM2.5,29.0,14.6,22.189064536558792
2024-10-14,Pirot,PM2.5,31.0,16.3,22.56748166323358
2024-10-15,Pirot,PM2.5,56.0,16.0,42.46644444700387
2024-10-16,Pirot,PM2.5,101.0,17.0,68.10523927019163
2024-10-17,Pirot,PM2.5,14.0,14.7,18.86891952636521
2024-10-18,Pirot,PM2.5,16.0,12.0,19.720452058459205
2024-10-19,Pirot,PM2.5,34.0,14.4,27.189553082604064
2024-10-20,Pirot,PM2.5,50.0,18.8,38.24335327940224
2024-10-21,Pirot,PM2.5,51.0,28.2,39.70931104538424
2024-10-22,Pirot,PM2.5,72.0,35.4,53.2717641514683
2024-10-23,Pirot,PM2.5,167.0,33.8,95.38395429748095
2024-10-24,Pirot,PM2.5,75.0,31.3,53.53620524140642
2024-10-25,Pirot,PM2.5,84.0,35.4,60.56419837134955
2024-10-26,Pirot,PM2.5,61.0,35.8,47.93508406955611
2024-10-27,Pirot,PM2.5,57.0,29.0,43.89198164487912
2024-10-28,Pirot,PM2.5,90.0,33.0,60.34431657237439
2024-10-29,Pirot,PM2.5,49.0,39.5,38.57211687149117
2024-10-30,Pirot,PM2.5,82.0,27.8,60.64493315751381
2024-10-31,Pirot,PM2.5,68.0,27.9,48.194947492701615
2024-11-01,Pirot,PM2.5,93.0,40.2,64.00959948949321
2024-11-02,Pirot,PM2.5,65.0,25.8,50.102267512282445
2024-11-03,Pirot,PM2.5,40.0,17.0,30.502133306713517
2024-11-04,Pirot,PM2.5,44.0,21.5,36.29384058538977
2024-11-05,Pirot,PM2.5,133.0,40.4,83.99410639607362
2024-11-06,Pirot,PM2.5,91.0,55.2,63.77463909546553
2024-11-07,Pirot,PM2.5,357.0,77.8,118.7059884554381
2024-11-08,Pirot,PM2.5,181.0,62.1,104.70493525180976
2024-11-09,Pirot,PM2.5,134.0,69.3,82.32010173926241
2024-11-10,Pirot,PM2.5,84.0,59.4,61.69313910683386
2024-11-11,Pirot,PM2.5,36.0,40.5,29.38062845848797
2024-11-12,Pirot,PM2.5,20.0,17.6,21.237567635524844
2024-11-13,Pirot,PM2.5,28.0,20.3,27.00149068656594
2024-11-14,Pirot,PM2.5,57.0,25.3,39.47669587785743
2024-11-15,Pirot,PM2.5,52.0,33.7,42.43760455279109
2024-11-16,Pirot,PM2.5,111.0,37.1,74.23268662487504
2024-11-17,Pirot,PM2.5,169.0,52.6,98.37868688100278
2024-11-18,Pirot,PM2.5,204.0,95.0,105.40379113248686
2024-11-19,Pirot,PM2.5,89.0,73.3,61.64996590403247
2024-11-20,Pirot,PM2.5,22.0,40.2,18.258771126186613
2024-11-21,Pirot,PM2.5,40.0,34.7,25.978360203977445
2024-11-22,Pirot,PM2.5,23.0,16.1,18.597260792648697
2024-11-23,Pirot,PM2.5,56.0,31.3,35.8958510736288
2024-11-24,Pirot,PM2.5,123.0,63.2,74.55660150930873
2024-11-25,Pirot,PM2.5,137.0,93.4,82.40083652542667
2024-11-26,Pirot,PM2.5,70.0,71.9,52.82258597337786
2024-11-27,Pirot,PM2.5,117.0,60.3,74.51903992594588
2024-11-28,Pirot,PM2.5,55.0,54.3,39.97320949382113
2024-11-29,Pirot,PM2.5,33.0,32.4,25.538821901070246
2024-11-30,Pirot,PM2.5,147.0,48.8,84.96614942772567
2024-12-01,Pirot,PM2.5,42.0,21.8,28.60956947003252
2024-12-02,Pirot,PM2.5,40.0,22.9,31.210924506754026
2024-12-03,Pirot,PM2.5,30.0,21.7,29.32041255265632
2024-12-04,Pirot,PM2.5,18.0,21.3,23.873052566257467
2024-12-05,Pirot,PM2.5,38.0,24.1,29.76096424811291
2024-12-06,Pirot,PM2.5,38.0,18.2,28.54829069558319
2024-12-07,Pirot,PM2.5,55.0,33.3,38.839821227555404
2024-12-08,Pirot,PM2.5,51.0,24.5,37.321972762679
2024-12-11,Pirot,PM2.5,112.0,34.0,70.56218199882203
2024-12-12,Pirot,PM2.5,101.0,26.9,64.39687836691778
2024-12-13,Pirot,PM2.5,130.0,38.5,81.66734534438397
2024-12-14,Pirot,PM2.5,154.0,40.2,90.03909910016904
2024-12-15,Pirot,PM2.5,86.0,37.0,56.537863548646136
2024-12-16,Pirot,PM2.5,84.0,34.5,57.698137800443824
2024-12-17,Pirot,PM2.5,202.0,86.7,107.15677931570086
2024-12-18,Pirot,PM2.5,170.0,146.0,100.19358069755432
2024-12-19,Pirot,PM2.5,197.0,163.0,107.22809952545175
2024-12-20,Pirot,PM2.5,25.0,116.0,23.610814221017275
2024-12-21,Pirot,PM2.5,46.0,21.8,32.57074183411952
2024-12-22,Pirot,PM2.5,63.0,41.7,50.95965340775626
2024-12-23,Pirot,PM2.5,25.0,39.7,22.15524541180933
2024-12-24,Pirot,PM2.5,47.0,32.1,35.145817317638944
2024-12-25,Pirot,PM2.5,39.0,30.0,29.34529886347168
2024-12-26,Pirot,PM2.5,53.0,31.8,39.12370234410321
2024-12-27,Pirot,PM2.5,52.0,40.8,39.15184935105272
2024-12-28,Pirot,PM2.5,140.0,60.0,81.81173355888912
2024-12-29,Pirot,PM2.5,123.0,102.0,76.45223011202452
2024-12-30,Pirot,PM2.5,163.0,127.0,95.95193907337725
2024-12-31,Pirot,PM2.5,214.0,116.0,113.23493481623524
2019-10-22,Smederevo,PM2.5,45.0,40.9,32.187001805837106
2019-10-23,Smederevo,PM2.5,31.0,30.0,22.028696446776177
2019-10-24,Smederevo,PM2.5,29.0,22.4,20.34114805063217
2019-10-25,Smederevo,PM2.5,68.0,31.8,47.41361229768039
2019-10-26,Smederevo,PM2.5,117.0,61.9,67.77431410003352
2019-10-27,Smederevo,PM2.5,102.0,52.0,64.4959673951024
2019-10-29,Smederevo,PM2.5,74.0,19.4,48.10810259053228
2019-11-01,Smederevo,PM2.5,23.0,5.9,20.687204356210973
2019-11-02,Smederevo,PM2.5,28.0,6.5,20.918941725641677
2019-11-03,Smederevo,PM2.5,24.0,6.3,17.822219232117593
2019-11-04,Smederevo,PM2.5,53.0,7.3,32.66678584711466
2019-11-06,Smederevo,PM2.5,19.0,3.8,16.883613371249012
2019-11-09,Smederevo,PM2.5,17.0,1.6,16.856175609668387
2019-11-12,Smederevo,PM2.5,29.0,21.4,18.819171637084107
2019-11-13,Smederevo,PM2.5,24.0,27.2,19.2262163761755
2019-11-14,Smederevo,PM2.5,28.0,27.5,23.123351753489832
2019-11-15,Smederevo,PM2.5,30.0,34.4,22.835950361328564
2019-11-16,Smederevo,PM2.5,23.0,24.2,19.62735693019681
2019-11-17,Smederevo,PM2.5,14.0,13.9,15.999927033650923
2019-11-18,Smederevo,PM2.5,27.0,26.0,19.76576838538502
2019-11-19,Smederevo,PM2.5,23.0,30.0,21.065456036603877
2019-11-20,Smederevo,PM2.5,28.0,26.0,18.81009087444575
2019-11-21,Smederevo,PM2.5,21.0,24.1,18.912309069352343
2019-11-22,Smederevo,PM2.5,10.0,6.7,14.43438844800698
2019-11-23,Smederevo,PM2.5,16.0,12.4,16.74472368446888
2019-11-24,Smederevo,PM2.5,16.0,14.2,16.93227771946265
2019-11-25,Smederevo,PM2.5,16.0,14.3,16.93227771946265
2019-11-26,Smederevo,PM2.5,28.0,31.7,24.85819973734185
2019-11-27,Smederevo,PM2.5,31.0,38.0,22.97484465383791
2019-11-28,Smederevo,PM2.5,59.0,48.9,38.39854579091335
2019-11-29,Smederevo,PM2.5,83.0,77.2,54.38764678529234
2019-11-30,Smederevo,PM2.5,16.0,20.6,15.328751151471812
2019-12-01,Smederevo,PM2.5,49.0,56.7,41.09491696806296
2019-12-02,Smederevo,PM2.5,32.0,32.6,19.87246833437209
2019-12-03,Smederevo,PM2.5,46.0,55.3,33.033259360523864
2019-12-04,Smederevo,PM2.5,117.0,119.3,75.50365705019927
2019-12-05,Smederevo,PM2.5,66.0,95.0,52.36652870141385
2019-12-06,Smederevo,PM2.5,89.0,118.0,64.4545907701892
2019-12-07,Smederevo,PM2.5,144.0,138.6,81.10525235780624
2019-12-08,Smederevo,PM2.5,76.0,102.4,50.21879272244191
2019-12-09,Smederevo,PM2.5,44.0,62.2,33.10974845088443
2019-12-10,Smederevo,PM2.5,50.0,40.4,31.736120482828337
2019-12-11,Smederevo,PM2.5,28.0,23.0,28.83737956854684
2019-12-12,Smederevo,PM2.5,44.0,37.7,27.931630848486304
2019-12-13,Smederevo,PM2.5,27.0,30.4,18.645475126279507
2019-12-14,Smederevo,PM2.5,65.0,51.6,41.65486988008319
2019-12-15,Smederevo,PM2.5,59.0,68.4,45.38705664009816
2019-12-16,Smederevo,PM2.5,72.0,108.8,50.90724112253227
2019-12-17,Smederevo,PM2.5,76.0,121.3,52.97860150679787
2019-12-18,Smederevo,PM2.5,141.0,135.3,86.64924198659784
2019-12-19,Smederevo,PM2.5,65.0,92.6,49.96158781756221
2019-12-20,Smederevo,PM2.5,31.0,35.2,22.350888058088827
2019-12-21,Smederevo,PM2.5,19.0,23.5,18.629526753253693
2019-12-22,Smederevo,PM2.5,23.0,20.9,17.26350671298971
2019-12-23,Smederevo,PM2.5,10.0,5.0,12.277978510245674
2019-12-24,Smederevo,PM2.5,13.0,9.8,13.088926553089994
2019-12-25,Smederevo,PM2.5,37.0,24.0,27.27525886579736
2019-12-26,Smederevo,PM2.5,27.0,17.4,18.28011976465858
2019-12-27,Smederevo,PM2.5,30.0,23.4,22.723394189234924
2019-12-28,Smederevo,PM2.5,17.0,12.2,15.863437326703476
2019-12-29,Smederevo,PM2.5,17.0,12.9,18.462392203984383
2019-12-30,Smederevo,PM2.5,31.0,34.0,28.32431923760718
2019-12-31,Smederevo,PM2.5,47.0,83.7,42.12841401533137
2020-01-01,Smederevo,PM2.5,224.0,131.0,115.31209579493462
2020-01-02,Smederevo,PM2.5,128.0,158.9,78.52838963530387
2020-01-03,Smederevo,PM2.5,77.0,122.4,56.731378208506186
2020-01-04,Smederevo,PM2.5,89.0,105.2,64.6842471069561
2020-01-05,Smederevo,PM2.5,19.0,11.1,15.797139433426294
2020-01-06,Smederevo,PM2.5,36.0,40.7,30.685496705509014
2020-01-07,Smederevo,PM2.5,134.0,139.2,85.51940706905044
2020-01-08,Smederevo,PM2.5,147.0,145.4,86.67905978272894
2020-01-09,Smederevo,PM2.5,110.0,122.3,73.10222938899834
2020-01-10,Smederevo,PM2.5,133.0,138.9,82.05405908810411
2020-01-11,Smederevo,PM2.5,106.0,113.8,72.41180144517539
2020-01-12,Smederevo,PM2.5,56.0,93.4,45.93294497224529
2020-01-13,Smederevo,PM2.5,54.0,70.1,45.46282374989812
2020-01-14,Smederevo,PM2.5,58.0,93.3,49.71434281365616
2020-01-15,Smederevo,PM2.5,158.0,128.0,98.23213375525891
2020-01-16,Smederevo,PM2.5,72.0,91.6,54.76079404696823
2020-01-17,Smederevo,PM2.5,54.0,78.7,42.80763672007916
2020-01-18,Smederevo,PM2.5,36.0,43.9,27.456693684155017
2020-01-19,Smederevo,PM2.5,49.0,43.4,41.78028892105771
2020-01-20,Smederevo,PM2.5,54.0,48.1,44.65224087682298
2020-01-21,Smederevo,PM2.5,49.0,39.7,41.78028892105771
2020-01-22,Smederevo,PM2.5,62.0,76.8,51.622152524128566
2020-01-23,Smederevo,PM2.5,58.0,64.7,47.32007746810178
2020-01-24,Smederevo,PM2.5,100.0,115.3,69.29749093376826
2020-01-25,Smederevo,PM2.5,141.0,165.7,81.8066764992845
2020-01-26,Smederevo,PM2.5,154.0,159.1,84.79208303158393
2020-01-27,Smederevo,PM2.5,57.0,70.2,38.768272574906426
2020-01-28,Smederevo,PM2.5,46.0,65.7,36.08331513244527
2020-01-29,Smederevo,PM2.5,28.0,26.8,22.536130226434715
2020-01-30,Smederevo,PM2.5,60.0,65.3,41.69553879094759
2020-01-31,Smederevo,PM2.5,39.0,53.5,29.450066963507133
2020-02-01,Smederevo,PM2.5,69.0,60.8,51.7490893431051
2020-02-02,Smederevo,PM2.5,19.0,30.7,20.248642732495508
2020-02-03,Smederevo,PM2.5,42.0,47.2,30.106542382972663
2020-02-04,Smederevo,PM2.5,24.0,24.4,18.05883989757413
2020-02-05,Smederevo,PM2.5,4.0,7.0,12.026417640515726
2020-02-06,Smederevo,PM2.5,14.0,14.3,16.842880965015432
2020-02-07,Smederevo,PM2.5,22.0,21.7,18.55781605301352
2020-02-08,Smederevo,PM2.5,48.0,56.8,40.8946087301261
2020-02-09,Smederevo,PM2.5,91.0,95.1,63.4194280445294
2020-02-10,Smederevo,PM2.5,31.0,40.6,19.557590154248565
2020-02-11,Smederevo,PM2.5,15.0,16.3,14.181436247160889
2020-02-12,Smederevo,PM2.5,41.0,54.4,30.48939936742625
2020-02-13,Smederevo,PM2.5,39.0,48.1,32.54484334931213
2020-02-14,Smederevo,PM2.5,31.0,30.5,20.0765988744125
2020-02-15,Smederevo,PM2.5,72.0,63.9,52.36652870141385
2020-02-16,Smederevo,PM2.5,50.0,64.9,36.7731736462618
2020-02-17,Smederevo,PM2.5,75.0,76.7,50.72996648101283
2020-02-18,Smederevo,PM2.5,40.0,57.8,30.93778801149048
2020-02-19,Smederevo,PM2.5,22.0,26.5,23.330562886856875
2020-02-20,Smederevo,PM2.5,23.0,33.8,19.557847396590518
2020-02-21,Smederevo,PM2.5,37.0,39.5,28.2422976901668
2020-02-22,Smederevo,PM2.5,43.0,47.0,28.07789014539096
2020-02-23,Smederevo,PM2.5,42.0,47.8,33.53324639339589
2020-02-24,Smederevo,PM2.5,36.0,38.6,24.01261164485396
2020-02-25,Smederevo,PM2.5,7.0,46.5,17.2424032819112
2020-02-26,Smederevo,PM2.5,3.0,22.0,13.182135046780443
2020-02-27,Smederevo,PM2.5,5.0,23.9,12.646028316210453
2020-02-28,Smederevo,PM2.5,4.0,14.9,12.026417640515726
2020-02-29,Smederevo,PM2.5,3.0,24.3,17.171497301742672
2020-03-01,Smederevo,PM2.5,8.0,24.7,14.637758780599148
2020-03-02,Smederevo,PM2.5,3.0,39.0,11.95932943829978
2020-03-03,Smederevo,PM2.5,3.0,23.4,11.97780392864764
2020-03-04,Smederevo,PM2.5,3.0,25.0,14.128947135300905
2020-03-05,Smederevo,PM2.5,5.0,18.0,14.091052916092174
2020-03-06,Smederevo,PM2.5,6.0,38.6,11.800786117651768
2020-03-07,Smederevo,PM2.5,3.0,31.1,13.382803967264405
2020-03-08,Smederevo,PM2.5,3.0,22.3,14.728139785031363
2020-03-09,Smederevo,PM2.5,4.0,26.4,18.636843719811065
2020-03-10,Smederevo,PM2.5,7.0,36.9,15.020823477684946
2020-03-11,Smederevo,PM2.5,6.0,37.1,18.15938839576831
2020-03-12,Smederevo,PM2.5,3.0,59.4,14.40179794418718
2020-03-13,Smederevo,PM2.5,1.0,34.2,14.44014311848798
2020-03-14,Smederevo,PM2.5,3.0,19.0,17.430094130991588
2020-03-15,Smederevo,PM2.5,2.0,18.4,13.89332352642144
2020-03-16,Smederevo,PM2.5,2.0,17.7,12.904834110575484
2020-03-17,Smederevo,PM2.5,2.0,21.0,14.44014311848798
2020-03-18,Smederevo,PM2.5,6.0,30.8,17.774956549105337
2020-03-19,Smederevo,PM2.5,3.0,63.0,17.50755806682653
2020-03-20,Smederevo,PM2.5,8.0,63.9,18.68904126270001
2020-03-21,Smederevo,PM2.5,3.0,72.9,16.242345357898426
2020-03-22,Smederevo,PM2.5,1.0,40.3,13.685931921492552
2020-03-23,Smederevo,PM2.5,3.0,9.5,12.548751844279243
2020-03-25,Smederevo,PM2.5,3.0,18.1,11.318122509447228
2020-03-26,Smederevo,PM2.5,1.0,24.6,12.904834110575484
2020-03-27,Smederevo,PM2.5,3.0,43.6,12.904834110575484
2020-03-28,Smederevo,PM2.5,4.0,102.5,17.430094130991588
2020-03-29,Smederevo,PM2.5,2.0,75.7,15.239231099323815
2020-03-30,Smederevo,PM2.5,6.0,49.4,13.953330403771364
2020-03-31,Smederevo,PM2.5,4.0,27.1,14.44014311848798
2020-04-01,Smederevo,PM2.5,2.0,15.2,12.836188202149511
2020-04-02,Smederevo,PM2.5,3.0,18.9,13.561293024251071
2020-04-03,Smederevo,PM2.5,1.0,23.2,14.58448388615851
2020-04-04,Smederevo,PM2.5,2.0,42.6,13.561293024251071
2020-04-05,Smederevo,PM2.5,3.0,38.5,12.791226206875097
2020-04-06,Smederevo,PM2.5,3.0,33.5,15.176192229070727
2020-04-07,Smederevo,PM2.5,1.0,24.6,14.461012835112344
2020-04-08,Smederevo,PM2.5,4.0,21.8,14.58448388615851
2020-04-09,Smederevo,PM2.5,6.0,41.2,14.85188236843732
2020-04-10,Smederevo,PM2.5,4.0,54.4,13.31456472558816
2020-04-11,Smederevo,PM2.5,0.0,36.2,16.788120016371938
2020-04-12,Smederevo,PM2.5,1.0,17.2,14.58448388615851
2020-04-13,Smederevo,PM2.5,1.0,24.4,12.866300611175276
2020-04-14,Smederevo,PM2.5,4.0,38.7,11.184195847151829
2020-04-15,Smederevo,PM2.5,2.0,18.5,13.31456472558816
2020-04-16,Smederevo,PM2.5,3.0,24.3,11.773605165874168
2020-04-17,Smederevo,PM2.5,2.0,38.0,11.402804987296228
2020-04-18,Smederevo,PM2.5,0.0,25.5,13.528977181674708
2020-04-19,Smederevo,PM2.5,4.0,23.5,10.894238950335357
2020-04-20,Smederevo,PM2.5,1.0,20.4,10.107097898297107
2020-04-21,Smederevo,PM2.5,1.0,10.0,9.133649275695634
2020-04-22,Smederevo,PM2.5,1.0,21.1,10.572436247372265
2020-04-23,Smederevo,PM2.5,2.0,23.6,11.095774766085327
2020-04-24,Smederevo,PM2.5,2.0,28.0,11.851069101709111
2020-04-25,Smederevo,PM2.5,0.0,28.3,12.271101579277031
2020-04-26,Smederevo,PM2.5,2.0,20.7,10.537530846838845
2020-04-27,Smederevo,PM2.5,0.0,19.3,14.095335334175358
2020-04-28,Smederevo,PM2.5,3.0,22.7,10.502117725638524
2020-04-29,Smederevo,PM2.5,0.0,20.0,13.479158379091606
2020-04-30,Smederevo,PM2.5,1.0,13.2,10.583166777072258
2020-05-01,Smederevo,PM2.5,0.0,11.2,12.607820167987748
2020-05-02,Smederevo,PM2.5,0.0,14.2,11.96113043419441
2020-05-03,Smederevo,PM2.5,1.0,10.3,7.390987262267491
2020-05-04,Smederevo,PM2.5,0.0,10.2,11.15173878072354
2020-05-05,Smederevo,PM2.5,0.0,15.9,12.213518844068684
2020-05-06,Smederevo,PM2.5,0.0,15.6,10.294733277906174
2020-05-07,Smederevo,PM2.5,0.0,8.7,10.055790744770617
2020-05-09,Smederevo,PM2.5,1.0,18.7,9.554190882612298
2020-05-10,Smederevo,PM2.5,0.0,25.6,11.348780219664537
2020-05-11,Smederevo,PM2.5,0.0,18.9,10.356902060430878
2020-05-12,Smederevo,PM2.5,0.0,12.9,10.423571922563925
2020-05-13,Smederevo,PM2.5,0.0,7.6,9.904199130088942
2020-05-14,Smederevo,PM2.5,1.0,11.1,7.814149892380416
2020-05-15,Smederevo,PM2.5,1.0,15.0,9.401083403206524
2020-05-16,Smederevo,PM2.5,0.0,27.1,12.06613140053994
2020-05-17,Smederevo,PM2.5,0.0,17.9,12.696828563492732
2020-05-18,Smederevo,PM2.5,0.0,26.0,12.704582977112068
2020-05-19,Smederevo,PM2.5,0.0,22.3,12.380289045942272
2020-05-20,Smederevo,PM2.5,0.0,25.0,11.134026294092674
2020-05-21,Smederevo,PM2.5,0.0,22.3,11.074253241306282
2020-05-22,Smederevo,PM2.5,0.0,11.1,11.438753736735384
2020-05-23,Smederevo,PM2.5,0.0,9.5,12.608695471900324
2020-05-24,Smederevo,PM2.5,0.0,11.8,10.561602365861622
2020-05-25,Smederevo,PM2.5,0.0,16.4,11.020917986394748
2020-05-26,Smederevo,PM2.5,1.0,6.8,8.214022963365352
2020-05-27,Smederevo,PM2.5,0.0,10.1,10.942939199345394
2020-05-28,Smederevo,PM2.5,0.0,10.2,11.14754787912068
2020-05-29,Smederevo,PM2.5,0.0,8.9,11.439753795723265
2020-05-30,Smederevo,PM2.5,0.0,12.0,12.29271329152065
2020-05-31,Smederevo,PM2.5,0.0,14.7,11.13136807746811
2020-06-01,Smederevo,PM2.5,1.0,6.6,9.40341828326625
2020-06-02,Smederevo,PM2.5,0.0,12.0,12.923144597060965
2020-06-07,Smederevo,PM2.5,0.0,18.0,12.609140726270956
2020-06-08,Smederevo,PM2.5,0.0,17.4,13.291376769486646
2020-06-09,Smederevo,PM2.5,0.0,16.4,13.291376769486646
2020-06-10,Smederevo,PM2.5,0.0,16.2,13.51844864415693
2020-06-11,Smederevo,PM2.5,0.0,18.6,13.709146289556058
2020-06-12,Smederevo,PM2.5,0.0,12.6,12.961046119018537
2020-06-13,Smederevo,PM2.5,0.0,5.8,12.724864743111624
2020-06-14,Smederevo,PM2.5,0.0,7.7,12.023050846478093
2020-06-15,Smederevo,PM2.5,0.0,9.0,13.438858166582644
2020-06-16,Smederevo,PM2.5,0.0,12.9,13.185194803975412
2020-06-17,Smederevo,PM2.5,0.0,16.9,12.776148010814223
2020-06-18,Smederevo,PM2.5,0.0,17.8,11.98445699191281
2020-06-19,Smederevo,PM2.5,0.0,13.9,13.275459094829651
2020-06-20,Smederevo,PM2.5,0.0,8.5,12.60385777827856
2020-06-21,Smederevo,PM2.5,1.0,7.1,8.576314143164515
2020-06-22,Smederevo,PM2.5,0.0,9.0,11.39053607722226
2020-06-23,Smederevo,PM2.5,0.0,12.1,10.54793751691878
2020-06-24,Smederevo,PM2.5,0.0,9.6,12.09634548429249
2020-06-25,Smederevo,PM2.5,0.0,13.2,13.629771789640577
2020-06-26,Smederevo,PM2.5,0.0,19.5,11.411287935358274
2020-06-27,Smederevo,PM2.5,0.0,21.3,10.497668115203874
2020-06-28,Smederevo,PM2.5,0.0,25.6,11.942249204779468
2020-06-29,Smederevo,PM2.5,0.0,21.8,13.350520188992464
2020-06-30,Smederevo,PM2.5,0.0,21.6,12.546389365191157
2020-07-01,Smederevo,PM2.5,0.0,8.2,12.61149744311288
2020-07-02,Smederevo,PM2.5,0.0,14.7,11.841430625736905
2020-07-03,Smederevo,PM2.5,1.0,20.9,8.939292118790759
2020-07-04,Smederevo,PM2.5,0.0,24.5,12.779425898277346
2020-07-05,Smederevo,PM2.5,1.0,12.9,8.759505920018702
2020-07-06,Smederevo,PM2.5,0.0,15.5,13.199019614194532
2020-07-07,Smederevo,PM2.5,0.0,18.9,10.593389170847871
2020-07-08,Smederevo,PM2.5,1.0,10.0,9.159341698087388
2020-07-09,Smederevo,PM2.5,0.0,12.8,13.168899968251274
2020-07-10,Smederevo,PM2.5,0.0,16.6,11.819806424211464
2020-07-11,Smederevo,PM2.5,0.0,16.7,10.316047894462685
2020-07-12,Smederevo,PM2.5,0.0,11.6,11.278449631566897
2020-07-13,Smederevo,PM2.5,0.0,7.5,11.26805927598689
2020-07-14,Smederevo,PM2.5,0.0,7.1,13.168899968251274
2020-07-15,Smederevo,PM2.5,1.0,8.6,9.44791272697934
2020-07-16,Smederevo,PM2.5,0.0,19.7,13.020544236274066
2020-07-17,Smederevo,PM2.5,0.0,21.1,12.47630242247958
2020-07-18,Smederevo,PM2.5,0.0,11.4,13.132077514303678
2020-07-19,Smederevo,PM2.5,1.0,10.7,9.538868410395128
2020-07-20,Smederevo,PM2.5,0.0,13.9,13.33682842341574
2020-07-21,Smederevo,PM2.5,1.0,10.8,9.664412966547657
2020-07-22,Smederevo,PM2.5,1.0,18.1,9.45845600371394
2020-07-23,Smederevo,PM2.5,0.0,20.5,13.759955901398468
2020-07-24,Smederevo,PM2.5,0.0,22.5,13.360743356275442
2020-07-25,Smederevo,PM2.5,0.0,29.6,13.054613578468732
2020-07-26,Smederevo,PM2.5,1.0,15.3,9.743787466463136
2020-07-27,Smederevo,PM2.5,0.0,15.5,12.779425898277346
2020-07-28,Smederevo,PM2.5,0.0,16.1,13.448151568899387
2020-07-29,Smederevo,PM2.5,1.0,17.5,9.4152810118428
2020-07-30,Smederevo,PM2.5,1.0,23.7,9.563636743820007
2020-07-31,Smederevo,PM2.5,0.0,31.3,13.242194606065672
2020-08-01,Smederevo,PM2.5,0.0,32.2,12.001426644952652
2020-08-02,Smederevo,PM2.5,0.0,11.4,13.12470052118031
2020-08-03,Smederevo,PM2.5,1.0,10.2,6.852118195302619
2020-08-04,Smederevo,PM2.5,0.0,20.4,9.78498833857975
2020-08-05,Smederevo,PM2.5,0.0,14.8,12.637045738302897
2020-08-06,Smederevo,PM2.5,0.0,13.3,12.064178006032453
2020-08-07,Smederevo,PM2.5,1.0,17.8,9.009379061502337
2020-08-08,Smederevo,PM2.5,0.0,12.2,13.292628976344776
2020-08-09,Smederevo,PM2.5,1.0,16.6,9.647830638074463
2020-08-10,Smederevo,PM2.5,0.0,22.1,13.42381482680686
2020-08-11,Smederevo,PM2.5,0.0,25.7,13.528995566912933
2020-08-12,Smederevo,PM2.5,1.0,24.9,9.009379061502337
2020-08-13,Smederevo,PM2.5,1.0,17.9,9.566781586640731
2020-08-14,Smederevo,PM2.5,0.0,20.2,13.42381482680686
2020-08-15,Smederevo,PM2.5,0.0,27.3,13.291376769486646
2020-08-16,Smederevo,PM2.5,0.0,20.8,12.905015465754753
2020-08-17,Smederevo,PM2.5,0.0,15.9,11.348536574278477
2020-08-18,Smederevo,PM2.5,1.0,20.8,8.85560182464645
2020-08-19,Smederevo,PM2.5,0.0,19.5,11.942283225446836
2020-08-20,Smederevo,PM2.5,0.0,8.3,12.710358315771169
2020-08-21,Smederevo,PM2.5,0.0,11.1,13.629771789640577
2020-08-22,Smederevo,PM2.5,1.0,17.9,9.846033187288844
2020-08-23,Smederevo,PM2.5,1.0,25.2,9.697677455311636
2020-08-24,Smederevo,PM2.5,0.0,20.2,13.197995158994708
2020-08-25,Smederevo,PM2.5,1.0,11.6,8.992409408462493
2020-08-26,Smederevo,PM2.5,0.0,10.5,13.629771789640577
2020-08-27,Smederevo,PM2.5,0.0,13.8,13.12470052118031
2020-08-28,Smederevo,PM2.5,1.0,10.3,9.009379061502337
2020-08-29,Smederevo,PM2.5,0.0,12.6,10.497668115203874
2020-08-30,Smederevo,PM2.5,0.0,15.1,9.78498833857975
2020-08-31,Smederevo,PM2.5,1.0,14.4,9.009379061502337
2020-09-01,Smederevo,PM2.5,0.0,17.4,12.308660497740131
2020-09-02,Smederevo,PM2.5,0.0,5.8,13.63631115286629
2020-09-03,Smederevo,PM2.5,0.0,5.6,14.068670232920176
2020-09-04,Smederevo,PM2.5,0.0,8.1,12.730629958177998
2020-09-05,Smederevo,PM2.5,0.0,8.6,14.193713678004684
2020-09-06,Smederevo,PM2.5,3.0,13.5,10.147629167888867
2020-09-07,Smederevo,PM2.5,0.0,17.2,12.61873688150424
2020-09-13,Smederevo,PM2.5,0.0,21.8,13.853903834405656
2020-09-14,Smederevo,PM2.5,0.0,22.6,14.079723502217808
2020-09-15,Smederevo,PM2.5,0.0,26.1,12.730629958177998
2020-09-16,Smederevo,PM2.5,0.0,20.4,11.22687142842922
2020-09-17,Smederevo,PM2.5,0.0,11.7,12.4247242193419
2020-09-18,Smederevo,PM2.5,0.0,14.7,11.328014350878824
2020-09-19,Smederevo,PM2.5,0.0,9.4,13.080499311166
2020-09-20,Smederevo,PM2.5,0.0,10.8,11.879761499103395
2020-09-21,Smederevo,PM2.5,0.0,19.2,11.22687142842922
2020-09-22,Smederevo,PM2.5,0.0,37.4,10.514191651805096
2020-09-23,Smederevo,PM2.5,0.0,19.5,11.194497072679628
2020-09-24,Smederevo,PM2.5,1.0,12.8,10.510751298380598
2020-09-25,Smederevo,PM2.5,0.0,18.3,11.2315428326805
2020-09-26,Smederevo,PM2.5,1.0,10.2,8.608474787947626
2020-09-27,Smederevo,PM2.5,0.0,8.9,13.138568826008306
2020-09-28,Smederevo,PM2.5,0.0,9.4,10.892690587686635
2020-09-29,Smederevo,PM2.5,0.0,7.0,13.494506272155853
2020-09-30,Smederevo,PM2.5,1.0,7.9,8.01276272839213
2020-10-04,Smederevo,PM2.5,2.0,12.0,8.860831208880432
2020-10-05,Smederevo,PM2.5,1.0,15.2,10.41995298635372
2020-10-06,Smederevo,PM2.5,0.0,22.6,15.752893344799965
2020-10-07,Smederevo,PM2.5,2.0,16.8,11.32175882236158
2020-10-08,Smederevo,PM2.5,1.0,18.3,8.541017380174337
2020-10-09,Smederevo,PM2.5,2.0,9.5,11.298412449993965
2020-10-10,Smederevo,PM2.5,2.0,14.4,13.361885025857354
2020-10-11,Smederevo,PM2.5,1.0,28.8,13.361885025857354
2020-10-12,Smederevo,PM2.5,2.0,35.2,9.32464678449419
2020-10-13,Smederevo,PM2.5,1.0,13.9,9.282473018028217
2020-10-14,Smederevo,PM2.5,2.0,14.5,11.646096595820088
2020-10-15,Smederevo,PM2.5,1.0,20.6,10.684198007823989
2020-10-16,Smederevo,PM2.5,3.0,20.5,13.249748879406065
2020-10-17,Smederevo,PM2.5,2.0,16.8,14.59713197581136
2020-10-18,Smederevo,PM2.5,4.0,26.9,15.86564347353986
2020-10-19,Smederevo,PM2.5,5.0,33.6,15.898638954213544
2020-10-20,Smederevo,PM2.5,7.0,52.0,14.82504917331805
2020-10-21,Smederevo,PM2.5,2.0,36.0,12.625124660906764
2020-10-22,Smederevo,PM2.5,9.0,31.8,15.23076563740273
2020-10-23,Smederevo,PM2.5,7.0,57.0,16.162034312191444
2020-10-24,Smederevo,PM2.5,2.0,73.2,14.36992189093478
2020-10-25,Smederevo,PM2.5,1.0,78.8,14.826788312578252
2020-10-26,Smederevo,PM2.5,10.0,56.4,17.174128912817796
2020-10-27,Smederevo,PM2.5,1.0,39.2,13.14516157757529
2020-10-28,Smederevo,PM2.5,4.0,20.7,14.59572431296951
2020-10-29,Smederevo,PM2.5,3.0,26.2,15.23963930579082
2020-10-30,Smederevo,PM2.5,7.0,42.7,13.906173587442767
2020-10-31,Smederevo,PM2.5,1.0,39.4,12.653193236314673
2020-11-01,Smederevo,PM2.5,5.0,11.9,18.904211059517436
2020-11-02,Smederevo,PM2.5,7.0,57.1,18.060986748486744
2020-11-03,Smederevo,PM2.5,7.0,73.6,19.493541924036265
2020-11-04,Smederevo,PM2.5,1.0,73.7,18.67455472275054
2020-11-05,Smederevo,PM2.5,1.0,27.7,16.94724259207621
2020-11-06,Smederevo,PM2.5,4.0,18.5,17.409342013822442
2020-11-07,Smederevo,PM2.5,7.0,34.2,19.605104222715397
2020-11-08,Smederevo,PM2.5,8.0,76.3,18.257454292940604
2020-11-09,Smederevo,PM2.5,4.0,56.2,18.58442027353553
2020-11-10,Smederevo,PM2.5,3.0,31.7,18.5970907869156
2020-11-11,Smederevo,PM2.5,24.0,20.3,21.775198778438043
2021-04-21,Smederevo,PM2.5,88.0,30.1,50.75193823070305
2021-04-22,Smederevo,PM2.5,41.0,26.3,28.099852048520475
2021-04-23,Smederevo,PM2.5,37.0,14.3,24.38901998665529
2021-04-24,Smederevo,PM2.5,37.0,23.9,25.77528643542608
2021-04-25,Smederevo,PM2.5,39.0,26.8,27.061853740555485
2021-04-26,Smederevo,PM2.5,32.0,13.9,21.028926704675676
2021-04-27,Smederevo,PM2.5,49.0,16.4,31.836722977891903
2021-04-28,Smederevo,PM2.5,42.0,17.1,24.96642720513257
2021-04-29,Smederevo,PM2.5,30.0,12.9,17.483737556253153
2021-04-30,Smederevo,PM2.5,21.0,14.8,16.471361271826506
2021-05-01,Smederevo,PM2.5,15.0,13.9,11.29592323920679
2021-05-02,Smederevo,PM2.5,6.0,7.27,8.698315488663452
2021-05-03,Smederevo,PM2.5,15.0,6.48,11.514362269954614
2021-05-04,Smederevo,PM2.5,16.0,12.3,13.74577515886448
2021-05-05,Smederevo,PM2.5,9.0,7.95,10.199336866477504
2021-05-06,Smederevo,PM2.5,6.0,4.83,9.938270621977754
2021-05-07,Smederevo,PM2.5,7.0,7.02,8.99829289138341
2021-05-08,Smederevo,PM2.5,15.0,7.86,10.796493601749193
2021-05-09,Smederevo,PM2.5,16.0,11.1,12.259158920772563
2021-05-10,Smederevo,PM2.5,12.0,8.34,9.384482188801131
2021-05-11,Smederevo,PM2.5,10.0,8.47,9.89674878167076
2021-05-12,Smederevo,PM2.5,14.0,8.75,10.332395937127004
2021-05-13,Smederevo,PM2.5,12.0,8.92,11.547272889446509
2021-05-14,Smederevo,PM2.5,5.0,5.31,9.501722655846834
2021-05-15,Smederevo,PM2.5,11.0,7.61,11.829452087394316
2021-05-16,Smederevo,PM2.5,20.0,14.5,14.473612489812442
2021-05-17,Smederevo,PM2.5,13.0,8.75,11.365714192839842
2021-05-18,Smederevo,PM2.5,3.0,3.57,7.707261018591065
2021-05-19,Smederevo,PM2.5,13.0,8.3,12.556873123061424
2021-05-20,Smederevo,PM2.5,16.0,6.26,11.127521350163716
2021-05-21,Smederevo,PM2.5,17.0,8.89,13.09714148869282
2021-05-22,Smederevo,PM2.5,15.0,10.3,11.451064718931423
2021-05-23,Smederevo,PM2.5,6.0,4.87,9.490006507564868
2021-05-24,Smederevo,PM2.5,7.0,5.35,9.08266845398865
2021-05-25,Smederevo,PM2.5,11.0,6.8,8.818989918428608
2021-05-26,Smederevo,PM2.5,3.0,3.55,9.08909074708686
2021-05-27,Smederevo,PM2.5,8.0,5.59,10.671614769146244
2021-05-28,Smederevo,PM2.5,6.0,4.89,8.07580242331948
2021-05-29,Smederevo,PM2.5,6.0,3.68,8.698315488663452
2021-05-30,Smederevo,PM2.5,6.0,4.53,8.77153261304178
2021-05-31,Smederevo,PM2.5,10.0,5.66,9.37182734243001
2021-06-01,Smederevo,PM2.5,15.0,7.16,11.210287677051358
2021-06-02,Smederevo,PM2.5,11.0,6.46,11.258769253302296
2021-06-03,Smederevo,PM2.5,14.0,8.24,12.00790257252368
2021-06-04,Smederevo,PM2.5,18.0,11.4,13.863174367050856
2021-06-05,Smederevo,PM2.5,19.0,11.5,14.491841767964848
2021-06-06,Smederevo,PM2.5,27.0,14.7,16.367647653912503
2021-06-07,Smederevo,PM2.5,23.0,20.0,16.721960348723425
2021-07-16,Smederevo,PM2.5,23.0,8.76,15.464776401573996
2021-07-17,Smederevo,PM2.5,27.0,11.3,16.120551493398104
2021-07-18,Smederevo,PM2.5,15.0,6.55,11.831806361128388
2021-07-19,Smederevo,PM2.5,19.0,8.44,13.760637720126448
2021-07-20,Smederevo,PM2.5,22.0,9.52,13.642633042917478
2021-07-21,Smederevo,PM2.5,20.0,8.44,12.86495480018298
2021-07-22,Smederevo,PM2.5,17.0,7.11,13.009243243215622
2021-07-23,Smederevo,PM2.5,20.0,10.2,14.414235484555034
2021-07-24,Smederevo,PM2.5,30.0,13.1,18.03158285205881
2021-07-25,Smederevo,PM2.5,22.0,11.9,12.24762029605255
2021-07-26,Smederevo,PM2.5,21.0,9.69,12.960300072676675
2021-07-27,Smederevo,PM2.5,23.0,11.9,15.70368600219574
2021-07-28,Smederevo,PM2.5,26.0,12.9,16.035268859521974
2021-07-29,Smederevo,PM2.5,19.0,10.3,14.16186581524645
2021-07-30,Smederevo,PM2.5,18.0,9.82,13.829909878286877
2021-07-31,Smederevo,PM2.5,23.0,14.0,16.112732795356916
2021-08-01,Smederevo,PM2.5,17.0,11.6,12.399172445055395
2021-08-02,Smederevo,PM2.5,8.0,5.96,9.169514901707512
2021-08-03,Smederevo,PM2.5,13.0,7.74,12.282669075738015
2021-08-04,Smederevo,PM2.5,15.0,10.7,12.416949365684868
2021-08-05,Smederevo,PM2.5,14.0,11.2,11.01076388047742
2021-08-06,Smederevo,PM2.5,4.0,3.57,8.825402123919224
2021-08-07,Smederevo,PM2.5,8.0,7.4,10.518608445747324
2021-08-08,Smederevo,PM2.5,18.0,10.4,12.46224941465601
2021-08-09,Smederevo,PM2.5,24.0,13.4,15.885306222936933
2021-08-10,Smederevo,PM2.5,19.0,10.9,14.266022100152696
2021-08-11,Smederevo,PM2.5,12.0,7.4,11.660096948543371
2021-08-12,Smederevo,PM2.5,9.0,6.1,9.44114518245528
2021-08-13,Smederevo,PM2.5,15.0,9.22,12.416949365684868
2021-08-14,Smederevo,PM2.5,23.0,13.0,16.44270874807531
2021-08-15,Smederevo,PM2.5,24.0,15.8,16.44270874807531
2021-08-16,Smederevo,PM2.5,21.0,12.6,13.794810364092044
2021-08-17,Smederevo,PM2.5,10.0,9.14,8.899534055358156
2021-08-18,Smederevo,PM2.5,5.0,4.2,8.217688042600921
2021-08-19,Smederevo,PM2.5,7.0,5.64,10.041855082026544
2021-08-20,Smederevo,PM2.5,8.0,6.71,10.518608445747324
2021-08-21,Smederevo,PM2.5,9.0,6.46,10.641882994517882
2021-08-22,Smederevo,PM2.5,16.0,9.87,13.310101748480026
2021-08-23,Smederevo,PM2.5,14.0,10.6,11.76117427386077
2021-08-24,Smederevo,PM2.5,9.0,5.22,10.084518689424856
2021-08-25,Smederevo,PM2.5,20.0,10.1,14.207178037989824
2021-08-26,Smederevo,PM2.5,24.0,13.8,17.047925838905403
2021-08-27,Smederevo,PM2.5,31.0,19.2,17.741134764733637
2021-08-28,Smederevo,PM2.5,18.0,10.0,13.66502619818764
2021-08-29,Smederevo,PM2.5,15.0,7.71,11.896637495882326
2021-08-30,Smederevo,PM2.5,11.0,6.77,11.62483938628573
2021-08-31,Smederevo,PM2.5,23.0,15.0,16.367647653912503
2021-09-01,Smederevo,PM2.5,9.0,6.57,9.392750582488055
2021-09-02,Smederevo,PM2.5,12.0,7.71,11.810989105779564
2021-09-03,Smederevo,PM2.5,12.0,9.66,12.729110105367749
2021-09-04,Smederevo,PM2.5,13.0,9.6,13.01187238896336
2021-09-05,Smederevo,PM2.5,18.0,11.0,14.740733412253409
2021-09-06,Smederevo,PM2.5,13.0,8.68,11.17952900911852
2021-09-07,Smederevo,PM2.5,13.0,8.58,11.66277884492355
2021-09-08,Smederevo,PM2.5,11.0,7.59,10.944501484441094
2021-09-09,Smederevo,PM2.5,12.0,8.02,10.613136314866884
2021-09-10,Smederevo,PM2.5,18.0,11.3,14.085412001172203
2021-09-11,Smederevo,PM2.5,17.0,9.55,14.329113570343342
2021-09-12,Smederevo,PM2.5,17.0,10.1,14.329113570343342
2021-09-13,Smederevo,PM2.5,20.0,10.0,15.17670328654436
2021-09-14,Smederevo,PM2.5,23.0,11.5,17.04743597054863
2021-09-15,Smederevo,PM2.5,25.0,15.5,17.17191206130066
2021-09-16,Smederevo,PM2.5,21.0,18.0,15.591234211180794
2021-09-17,Smederevo,PM2.5,17.0,13.3,13.475912267577351
2021-09-18,Smederevo,PM2.5,12.0,8.94,11.16294274454811
2021-09-19,Smederevo,PM2.5,13.0,10.2,13.125862564750236
2021-09-20,Smederevo,PM2.5,20.0,11.8,14.172563736172055
2021-09-21,Smederevo,PM2.5,20.0,11.9,15.029008302752676
2021-09-22,Smederevo,PM2.5,27.0,12.7,15.409939582441185
2021-09-23,Smederevo,PM2.5,27.0,15.6,16.875861345531778
2021-09-24,Smederevo,PM2.5,19.0,15.8,14.468507180241774
2021-09-25,Smederevo,PM2.5,25.0,16.9,17.13754650511033
2021-09-26,Smederevo,PM2.5,27.0,21.3,16.94609239348851
2021-09-27,Smederevo,PM2.5,26.0,15.0,16.614509536162274
2021-09-28,Smederevo,PM2.5,28.0,14.6,17.12358571195224
2021-09-29,Smederevo,PM2.5,14.0,9.98,10.417280553162804
2021-09-30,Smederevo,PM2.5,25.0,13.7,15.489114098729402
2021-10-01,Smederevo,PM2.5,26.0,17.0,18.204995261188422
2021-10-02,Smederevo,PM2.5,21.0,14.9,15.156787070484071
2021-10-03,Smederevo,PM2.5,21.0,14.0,14.830074755068395
2021-10-04,Smederevo,PM2.5,22.0,15.3,15.54275453169252
2021-10-05,Smederevo,PM2.5,23.0,16.7,16.128879595011846
2021-10-06,Smederevo,PM2.5,21.0,13.5,14.365379613147518
2021-10-07,Smederevo,PM2.5,20.0,13.4,13.462619716049891
2021-10-08,Smederevo,PM2.5,19.0,9.82,13.362362981510042
2021-10-09,Smederevo,PM2.5,29.0,9.03,17.12701299614712
2021-10-10,Smederevo,PM2.5,32.0,14.4,18.58849740134415
2021-10-11,Smederevo,PM2.5,38.0,14.0,23.082921808167924
2021-10-12,Smederevo,PM2.5,56.0,27.4,36.06861498826522
2021-10-13,Smederevo,PM2.5,39.0,18.9,25.57647684399289
2021-10-14,Smederevo,PM2.5,38.0,13.0,26.95273144281901
2021-10-15,Smederevo,PM2.5,48.0,15.3,33.43401890054462
2021-10-16,Smederevo,PM2.5,46.0,19.5,32.03874841232792
2021-10-17,Smederevo,PM2.5,85.0,42.1,57.68671925081627
2021-10-18,Smederevo,PM2.5,89.0,52.5,59.73264280938044
2021-10-19,Smederevo,PM2.5,66.0,51.7,49.66296055915474
2021-10-20,Smederevo,PM2.5,52.0,36.5,36.87595930537605
2021-10-21,Smederevo,PM2.5,55.0,31.0,38.37499874036426
2021-10-22,Smederevo,PM2.5,48.0,22.5,34.20460174104411
2021-10-23,Smederevo,PM2.5,36.0,12.3,26.067549992105693
2021-10-24,Smederevo,PM2.5,64.0,32.0,44.86804241162381
2021-10-25,Smederevo,PM2.5,48.0,27.9,33.896164933918165
2021-10-26,Smederevo,PM2.5,45.0,20.2,29.141808281523783
2021-10-27,Smederevo,PM2.5,100.0,60.9,66.1854373746639
2021-10-28,Smederevo,PM2.5,124.0,87.8,70.5540338169771
2021-10-29,Smederevo,PM2.5,51.0,45.4,34.41944214126314
2021-10-30,Smederevo,PM2.5,46.0,29.5,32.115374963084626
2021-10-31,Smederevo,PM2.5,46.0,29.0,32.115374963084626
2021-11-01,Smederevo,PM2.5,56.0,36.5,37.7848507925732
2021-11-02,Smederevo,PM2.5,66.0,39.5,41.99708570042084
2021-11-03,Smederevo,PM2.5,51.0,34.5,32.30049216314715
2021-11-04,Smederevo,PM2.5,29.0,16.8,18.92527674042995
2021-11-05,Smederevo,PM2.5,28.0,12.2,21.785485283789868
2021-11-06,Smederevo,PM2.5,71.0,27.0,46.74206830933088
2021-11-07,Smederevo,PM2.5,73.0,45.5,49.38347653241192
2021-11-08,Smederevo,PM2.5,50.0,25.5,32.89473301074734
2021-11-09,Smederevo,PM2.5,96.0,41.7,63.42539699588996
2021-11-10,Smederevo,PM2.5,49.0,27.8,34.249634099694376
2021-11-11,Smederevo,PM2.5,50.0,23.1,33.546980426828505
2021-11-12,Smederevo,PM2.5,93.0,64.7,61.433821903532206
2021-11-13,Smederevo,PM2.5,94.0,65.6,63.370988089119365
2021-11-14,Smederevo,PM2.5,71.0,47.5,47.19700822638828
2021-11-15,Smederevo,PM2.5,61.0,47.4,43.83153689367092
2021-11-16,Smederevo,PM2.5,44.0,23.7,29.59051786561536
2021-11-17,Smederevo,PM2.5,69.0,35.9,47.38456226138204
2021-11-18,Smederevo,PM2.5,79.0,44.3,53.859973889730895
2021-11-19,Smederevo,PM2.5,53.0,25.0,40.67306104561797
2021-11-20,Smederevo,PM2.5,54.0,31.1,40.33927782038635
2021-11-21,Smederevo,PM2.5,87.0,84.0,61.08223317576909
2021-11-22,Smederevo,PM2.5,112.0,70.2,65.70056429901211
2021-11-23,Smederevo,PM2.5,55.0,25.9,37.11408190349975
2021-11-24,Smederevo,PM2.5,95.0,57.4,63.44845202495431
2021-11-25,Smederevo,PM2.5,57.0,32.0,39.2316523739816
2021-11-26,Smederevo,PM2.5,42.0,21.8,25.41996897942168
2021-11-27,Smederevo,PM2.5,50.0,26.4,31.2349573025107
2021-11-28,Smederevo,PM2.5,27.0,15.3,18.10645373752046
2021-11-29,Smederevo,PM2.5,42.0,15.2,28.81388936687794
2021-11-30,Smederevo,PM2.5,43.0,22.7,27.14982407480749
2021-12-01,Smederevo,PM2.5,40.0,29.4,32.265591748664015
2021-12-02,Smederevo,PM2.5,30.0,16.7,22.350888058088827
2021-12-03,Smederevo,PM2.5,43.0,11.8,26.119090175184446
2021-12-04,Smederevo,PM2.5,78.0,44.2,54.94579008436728
2021-12-05,Smederevo,PM2.5,71.0,33.7,42.29852565555456
2021-12-06,Smederevo,PM2.5,64.0,23.4,42.66893968698893
2021-12-07,Smederevo,PM2.5,57.0,24.8,34.63298969286071
2021-12-08,Smederevo,PM2.5,81.0,45.7,59.79138027713187
2021-12-09,Smederevo,PM2.5,61.0,31.9,37.899960141230615
2021-12-10,Smederevo,PM2.5,92.0,44.8,58.16411002813077
2021-12-11,Smederevo,PM2.5,58.0,27.1,37.833724785469066
2021-12-12,Smederevo,PM2.5,42.0,12.1,24.386940992412168
2021-12-13,Smederevo,PM2.5,69.0,26.5,44.60606413076541
2021-12-14,Smederevo,PM2.5,145.0,71.7,86.52549577188044
2021-12-15,Smederevo,PM2.5,119.0,61.1,73.76713935377902
2021-12-16,Smederevo,PM2.5,88.0,43.8,56.66544308424751
2021-12-17,Smederevo,PM2.5,57.0,24.1,35.950799870990295
2021-12-18,Smederevo,PM2.5,49.0,16.2,31.678090339825424
2021-12-19,Smederevo,PM2.5,68.0,33.9,52.36652870141385
2021-12-20,Smederevo,PM2.5,36.0,9.98,23.897719419411526
2021-12-21,Smederevo,PM2.5,99.0,57.0,67.99487110613937
2021-12-22,Smederevo,PM2.5,153.0,119.0,93.10142122251678
2021-12-23,Smederevo,PM2.5,110.0,88.0,69.09342942080309
2021-12-24,Smederevo,PM2.5,43.0,37.6,28.47690719496333
2021-12-25,Smederevo,PM2.5,49.0,31.3,31.065296421285247
2021-12-26,Smederevo,PM2.5,50.0,19.8,33.0389729858693
2021-12-27,Smederevo,PM2.5,68.0,39.0,47.39126368230783
2021-12-28,Smederevo,PM2.5,88.0,60.8,63.87366423388094
2021-12-29,Smederevo,PM2.5,87.0,41.5,55.079449045695696
2021-12-30,Smederevo,PM2.5,91.0,54.5,59.30522353849582
2021-12-31,Smederevo,PM2.5,174.0,118.0,103.92352026932498
2022-01-01,Smederevo,PM2.5,86.0,56.05,53.61770732704738
2022-01-02,Smederevo,PM2.5,79.0,49.85,56.45200862101158
2022-01-03,Smederevo,PM2.5,97.0,73.5,70.26983607151088
2022-01-04,Smederevo,PM2.5,72.0,67.4,52.32206024625258
2022-01-05,Smederevo,PM2.5,47.0,37.95,36.40196074903902
2022-01-06,Smederevo,PM2.5,41.0,17.0,27.33548605297705
2022-01-07,Smederevo,PM2.5,96.0,70.69999999999999,70.26983607151088
2022-01-08,Smederevo,PM2.5,61.0,33.95,42.07053808350558
2022-01-09,Smederevo,PM2.5,78.0,43.5,51.60002122986562
2022-01-10,Smederevo,PM2.5,62.0,40.55,40.43434143814029
2022-01-11,Smederevo,PM2.5,60.0,31.45,41.53231950927685
2022-01-12,Smederevo,PM2.5,66.0,36.95,54.45367377436638
2022-01-13,Smederevo,PM2.5,152.0,107.5,92.07607015540532
2022-01-14,Smederevo,PM2.5,168.0,135.5,97.84935367587954
2022-01-15,Smederevo,PM2.5,104.0,59.7,70.8281189726962
2022-01-16,Smederevo,PM2.5,151.0,102.0,91.57377808616336
2022-01-17,Smederevo,PM2.5,62.0,42.59999999999999,39.96696250597466
2022-01-18,Smederevo,PM2.5,40.0,20.45,29.046868809054985
2022-01-19,Smederevo,PM2.5,100.0,59.8,71.25942508664033
2022-01-20,Smederevo,PM2.5,107.0,76.44999999999999,64.92020608461911
2022-01-21,Smederevo,PM2.5,36.0,15.5,24.336020477848678
2022-01-22,Smederevo,PM2.5,52.0,26.2,33.91241503221922
2022-01-23,Smederevo,PM2.5,50.0,29.35,32.43254254203845
2022-01-24,Smederevo,PM2.5,107.0,66.45,72.79510911639652
2022-01-25,Smederevo,PM2.5,225.0,141.5,112.08683880550454
2022-01-26,Smederevo,PM2.5,100.0,69.3,65.51939088658429
2022-01-27,Smederevo,PM2.5,90.0,49.8,58.99810326589397
2022-01-28,Smederevo,PM2.5,66.0,43.4,43.92714326153861
2022-01-29,Smederevo,PM2.5,60.0,37.7,38.76451848288885
2022-01-30,Smederevo,PM2.5,55.0,39.0,35.92898366915627
2022-01-31,Smederevo,PM2.5,43.0,25.15,31.172117102896443
2022-02-01,Smederevo,PM2.5,59.0,33.55,40.73819504747291
2022-02-02,Smederevo,PM2.5,64.0,42.5,43.48785297851814
2022-02-03,Smederevo,PM2.5,78.0,40.75,46.50640464449205
2022-02-04,Smederevo,PM2.5,72.0,65.55,51.14790822732444
2022-02-05,Smederevo,PM2.5,99.0,67.6,63.47493680704904
2022-02-06,Smederevo,PM2.5,57.0,42.15,44.53130533026246
2022-02-07,Smederevo,PM2.5,32.0,24.2,19.88022274799142
2022-02-08,Smederevo,PM2.5,30.0,16.55,19.689653650005763
2022-02-09,Smederevo,PM2.5,69.0,42.40000000000001,51.84986556583274
2022-02-10,Smederevo,PM2.5,79.0,70.80000000000001,54.75509243896816
2022-02-11,Smederevo,PM2.5,108.0,77.75,72.22110379977626
2022-02-12,Smederevo,PM2.5,43.0,29.35,31.172117102896443
2022-02-13,Smederevo,PM2.5,45.0,37.09999999999999,30.5327685928312
2022-02-14,Smederevo,PM2.5,58.0,36.05,37.50963965140674
2022-02-15,Smederevo,PM2.5,54.0,36.5,38.45715157205071
2022-02-16,Smederevo,PM2.5,87.0,58.4,55.921297266268525
2022-02-17,Smederevo,PM2.5,63.0,51.2,41.893193196383415
2022-02-18,Smederevo,PM2.5,27.0,18.45,18.482074665726877
2022-02-19,Smederevo,PM2.5,29.0,24.9,23.17295637228539
2022-02-20,Smederevo,PM2.5,45.0,24.45,33.14918853426859
2022-02-21,Smederevo,PM2.5,45.0,36.4,28.74090051399412
2022-02-22,Smederevo,PM2.5,27.0,13.415,18.61478585332246
2022-02-23,Smederevo,PM2.5,33.0,17.45,23.72211509540065
2022-02-24,Smederevo,PM2.5,62.0,50.1,50.194130292744674
2022-02-25,Smederevo,PM2.5,42.0,30.85,30.71772160823901
2022-02-26,Smederevo,PM2.5,50.0,27.8,33.878526517746835
2022-02-27,Smederevo,PM2.5,47.0,28.05,30.426687093293324
2022-02-28,Smederevo,PM2.5,65.0,36.8,45.40667678062221
2022-03-01,Smederevo,PM2.5,60.0,35.3,45.96689393375901
2022-03-02,Smederevo,PM2.5,45.0,26.7,32.373085855989366
2022-03-03,Smederevo,PM2.5,88.0,50.25,57.79893144193584
2022-03-04,Smederevo,PM2.5,86.0,64.0,54.18748328326557
2022-03-05,Smederevo,PM2.5,62.0,48.45,47.49793139071485
2022-03-06,Smederevo,PM2.5,46.0,26.25,29.669736878567218
2022-03-07,Smederevo,PM2.5,60.0,33.6,41.16330323017655
2022-03-08,Smederevo,PM2.5,67.0,44.5,43.47639795838062
2022-03-09,Smederevo,PM2.5,54.0,30.35,38.342925365647865
2022-03-10,Smederevo,PM2.5,64.0,35.65,43.77722717156102
2022-03-11,Smederevo,PM2.5,49.0,29.75,37.27345655068422
2022-03-12,Smederevo,PM2.5,110.0,65.5,68.98961907131037
2022-03-13,Smederevo,PM2.5,111.0,81.44999999999999,68.5288474642543
2022-03-14,Smederevo,PM2.5,72.0,58.65,46.74646857113973
2022-03-15,Smederevo,PM2.5,69.0,67.95,49.69770997414061
2022-03-16,Smederevo,PM2.5,66.0,51.95,46.1265241423691
2022-03-17,Smederevo,PM2.5,48.0,29.0,31.773604512689545
2022-03-18,Smederevo,PM2.5,66.0,48.5,46.74646857113973
2022-03-19,Smederevo,PM2.5,52.0,42.45,38.91654832253573
2022-03-20,Smederevo,PM2.5,52.0,40.25,36.97445520106078
2022-03-21,Smederevo,PM2.5,68.0,54.0,49.69770997414061
2022-03-22,Smederevo,PM2.5,66.0,55.09999999999999,48.43249726521249
2022-03-23,Smederevo,PM2.5,51.0,51.40000000000001,38.26366511274961
2022-03-24,Smederevo,PM2.5,51.0,47.75,36.518897456391954
2022-03-25,Smederevo,PM2.5,34.0,26.25,24.269303704054245
2022-03-26,Smederevo,PM2.5,54.0,43.9,41.14911647053866
2022-03-27,Smederevo,PM2.5,30.0,28.95,23.772062838534357
2022-03-28,Smederevo,PM2.5,38.0,33.85,29.855497245958723
2022-03-29,Smederevo,PM2.5,66.0,57.59999999999999,49.69770997414061
2022-03-30,Smederevo,PM2.5,35.0,41.45,26.956383970114526
2022-03-31,Smederevo,PM2.5,34.0,28.5,20.317362468703777
2022-04-01,Smederevo,PM2.5,28.0,21.2,18.69477474958629
2022-04-02,Smederevo,PM2.5,34.0,19.6,22.665681428660925
2022-04-03,Smederevo,PM2.5,38.0,17.65,24.39210555201515
2022-04-04,Smederevo,PM2.5,48.0,29.75,36.22545364871221
2022-04-05,Smederevo,PM2.5,49.0,43.15,35.969514334956784
2022-04-06,Smederevo,PM2.5,37.0,22.75,26.21814887184915
2022-04-07,Smederevo,PM2.5,34.0,25.2,22.674762191299283
2022-04-08,Smederevo,PM2.5,28.0,23.3,21.71801890517904
2022-04-09,Smederevo,PM2.5,14.0,12.54,14.27485010658712
2022-04-10,Smederevo,PM2.5,22.0,13.175,15.860765572654534
2022-04-11,Smederevo,PM2.5,28.0,16.3,18.838248578176824
2022-04-12,Smederevo,PM2.5,32.0,23.95,25.56584508194494
2022-04-13,Smederevo,PM2.5,29.0,27.8,22.741209767086467
2022-04-14,Smederevo,PM2.5,40.0,31.85,29.37119098064029
2022-04-15,Smederevo,PM2.5,23.0,23.6,20.04054899412566
2022-04-16,Smederevo,PM2.5,20.0,15.7,15.053878548895735
2022-04-17,Smederevo,PM2.5,32.0,18.7,19.42938135877733
2022-04-18,Smederevo,PM2.5,24.0,20.2,17.41345800827344
2022-04-19,Smederevo,PM2.5,30.0,21.3,19.21907451930953
2022-04-20,Smederevo,PM2.5,42.0,23.2,26.529999529745723
2022-04-21,Smederevo,PM2.5,41.0,27.25,27.769761389480085
2022-04-22,Smederevo,PM2.5,27.0,18.65,14.956960254747722
2022-04-23,Smederevo,PM2.5,22.0,15.7,15.926263027834542
2022-04-24,Smederevo,PM2.5,21.0,19.65,15.895263109546566
2022-04-25,Smederevo,PM2.5,6.0,11.075,10.769516207917336
2022-04-26,Smederevo,PM2.5,11.0,11.9,13.779077634163766
2022-04-27,Smederevo,PM2.5,16.0,11.95,14.008095293886612
2022-04-28,Smederevo,PM2.5,34.0,18.35,19.162531458064738
2022-04-29,Smederevo,PM2.5,23.0,15.9,18.46785416802584
2022-04-30,Smederevo,PM2.5,21.0,15.4,16.03213897795152
2022-05-01,Smederevo,PM2.5,11.0,8.870000000000001,9.26314442803341
2022-05-02,Smederevo,PM2.5,9.0,8.45,9.001484075564822
2022-05-03,Smederevo,PM2.5,15.0,11.65,12.025996160497378
2022-05-04,Smederevo,PM2.5,19.0,19.45,14.83796425939114
2022-05-05,Smederevo,PM2.5,22.0,18.0,14.666213068577983
2022-05-06,Smederevo,PM2.5,15.0,13.55,10.776550446731807
2022-05-07,Smederevo,PM2.5,13.0,11.45,10.946617355149682
2022-05-08,Smederevo,PM2.5,9.0,9.835,9.17112431043397
2022-05-09,Smederevo,PM2.5,12.0,12.45,11.95078984816204
2022-05-10,Smederevo,PM2.5,20.0,17.05,14.748862028695145
2022-05-11,Smederevo,PM2.5,21.0,17.75,15.636384472563687
2022-05-12,Smederevo,PM2.5,24.0,20.6,16.507581979881824
2022-05-13,Smederevo,PM2.5,27.0,25.55,16.507581979881824
2022-05-14,Smederevo,PM2.5,9.0,7.865,9.520856868039804
2022-05-15,Smederevo,PM2.5,10.0,9.765,10.966390901878656
2022-05-16,Smederevo,PM2.5,18.0,15.85,14.224759062811785
2022-05-17,Smederevo,PM2.5,17.0,17.1,12.91338680880136
2022-05-18,Smederevo,PM2.5,6.0,8.57,7.199228363165955
2022-05-30,Smederevo,PM2.5,32.0,25.45,20.182209500926326
2022-05-31,Smederevo,PM2.5,25.0,20.9,16.320465532591545
2022-06-01,Smederevo,PM2.5,19.0,19.6,14.416780673802036
2022-06-02,Smederevo,PM2.5,35.0,28.95,19.99467635965456
2022-06-03,Smederevo,PM2.5,18.0,18.3,14.0655293861965
2022-06-04,Smederevo,PM2.5,22.0,19.75,13.857561725171845
2022-06-05,Smederevo,PM2.5,13.0,13.39,12.23148762280038
2022-06-06,Smederevo,PM2.5,14.0,16.035,12.260877440133694
2022-06-07,Smederevo,PM2.5,16.0,20.05,11.961008204440216
2022-06-08,Smederevo,PM2.5,12.0,16.585,10.1072693686179
2022-06-09,Smederevo,PM2.5,13.0,13.26,10.77750360614703
2022-06-10,Smederevo,PM2.5,11.0,7.779999999999999,11.689517761424993
2022-06-11,Smederevo,PM2.5,18.0,15.05,12.726650430164293
2022-06-12,Smederevo,PM2.5,15.0,12.9,10.737759043212089
2022-06-13,Smederevo,PM2.5,15.0,12.965,12.510180721070554
2022-06-14,Smederevo,PM2.5,9.0,8.655,8.95789534665025
2022-06-15,Smederevo,PM2.5,9.0,11.535,10.79023872649509
2022-06-16,Smederevo,PM2.5,15.0,19.7,12.416949365684868
2022-06-17,Smederevo,PM2.5,15.0,15.8,11.76117427386077
2022-06-18,Smederevo,PM2.5,9.0,9.905,9.986107902693783
2022-06-19,Smederevo,PM2.5,13.0,14.5,12.056849407925862
2022-06-20,Smederevo,PM2.5,9.0,10.985,10.232836201356696
2022-06-21,Smederevo,PM2.5,14.0,14.6,11.216211553622266
2022-06-22,Smederevo,PM2.5,8.0,8.395,10.29278877793517
2022-06-23,Smederevo,PM2.5,16.0,16.3,12.996593328313285
2022-06-24,Smederevo,PM2.5,18.0,16.2,14.011530099028064
2022-06-25,Smederevo,PM2.5,17.0,16.2,13.581650786809432
2022-06-26,Smederevo,PM2.5,11.0,12.505,11.680436998786634
2022-06-27,Smederevo,PM2.5,22.0,19.15,15.32237928605232
2022-06-28,Smederevo,PM2.5,21.0,19.1,14.995548176154646
2022-06-29,Smederevo,PM2.5,12.0,11.935,9.883933001641536
2022-06-30,Smederevo,PM2.5,14.0,13.5,11.76117427386077
2022-07-01,Smederevo,PM2.5,17.0,17.2,13.418290036376808
2022-07-02,Smederevo,PM2.5,12.0,16.1,11.146893870475942
2022-07-03,Smederevo,PM2.5,21.0,14.4,14.962283687390665
2022-07-04,Smederevo,PM2.5,27.0,22.95,16.261088527334124
2022-07-05,Smederevo,PM2.5,27.0,23.15,15.976578993691833
2022-07-06,Smederevo,PM2.5,12.0,10.745,9.886557787753752
2022-07-07,Smederevo,PM2.5,12.0,10.22,11.478476727802184
2022-07-08,Smederevo,PM2.5,11.0,10.655,10.233865090806804
2022-07-09,Smederevo,PM2.5,8.0,8.52,8.335004610292147
2022-07-10,Smederevo,PM2.5,5.0,6.845,7.484320673635159
2022-07-11,Smederevo,PM2.5,3.0,5.625,7.383177751185554
2022-07-12,Smederevo,PM2.5,5.0,7.625,8.581030542098235
2022-07-13,Smederevo,PM2.5,4.0,6.51,8.036067821859731
2022-07-14,Smederevo,PM2.5,7.0,7.805,9.9376987971203
2022-07-15,Smederevo,PM2.5,10.0,11.375,10.16249492419256
2022-07-16,Smederevo,PM2.5,8.0,10.445,9.77958569986774
2022-07-17,Smederevo,PM2.5,8.0,11.625,9.009518882491763
2022-07-18,Smederevo,PM2.5,8.0,10.085,10.336988225006134
2022-07-19,Smederevo,PM2.5,13.0,14.5,12.101048854996826
2022-07-20,Smederevo,PM2.5,13.0,14.15,12.101048854996826
2022-07-21,Smederevo,PM2.5,18.0,13.9,13.27250735314848
2022-07-22,Smederevo,PM2.5,16.0,16.7,13.128481527738836
2022-07-23,Smederevo,PM2.5,23.0,20.45,16.261088527334124
2022-07-24,Smederevo,PM2.5,20.0,19.15,13.065141940515224
2022-07-25,Smederevo,PM2.5,16.0,13.165,13.128481527738836
2022-07-26,Smederevo,PM2.5,16.0,16.25,12.902661859926685
2022-07-27,Smederevo,PM2.5,16.0,11.02,12.571079002600442
2022-07-28,Smederevo,PM2.5,14.0,11.775,12.23532914494368
2022-07-29,Smederevo,PM2.5,21.0,16.45,14.40488116225227
2022-07-30,Smederevo,PM2.5,26.0,24.15,14.918351167239257
2022-07-31,Smederevo,PM2.5,8.0,8.115,8.436147532741751
2022-08-01,Smederevo,PM2.5,9.0,9.745,9.986107902693783
2022-08-02,Smederevo,PM2.5,11.0,10.025,10.437109513073432
2022-08-03,Smederevo,PM2.5,15.0,12.76,12.565305097662076
2022-08-04,Smederevo,PM2.5,17.0,14.4,13.748265989095206
2022-08-05,Smederevo,PM2.5,19.0,14.85,14.491841767964848
2022-08-06,Smederevo,PM2.5,18.0,14.55,13.893654361356743
2022-08-07,Smederevo,PM2.5,18.0,12.92,13.207399275226756
2022-08-08,Smederevo,PM2.5,16.0,15.55,13.161746016502818
2022-08-09,Smederevo,PM2.5,19.0,13.65,13.76782404054068
2022-08-10,Smederevo,PM2.5,11.0,10.32,10.415485311547991
2022-08-11,Smederevo,PM2.5,7.0,7.390000000000001,9.46354392603739
2022-08-12,Smederevo,PM2.5,15.0,14.665,12.447429359990757
2022-08-13,Smederevo,PM2.5,18.0,13.95,13.696559164765084
2022-08-14,Smederevo,PM2.5,23.0,16.1,16.17366878306984
2022-08-15,Smederevo,PM2.5,21.0,17.75,14.995548176154646
2022-08-16,Smederevo,PM2.5,12.0,11.835,11.08178579255422
2022-08-17,Smederevo,PM2.5,11.0,10.915,11.207176330449409
2022-08-18,Smederevo,PM2.5,16.0,16.45,13.310101748480026
2022-08-19,Smederevo,PM2.5,15.0,16.3,12.00790257252368
2022-08-20,Smederevo,PM2.5,22.0,20.05,14.762012314768526
2022-08-21,Smederevo,PM2.5,15.0,13.3,11.845044573029435
2022-08-22,Smederevo,PM2.5,18.0,12.35,14.118085887626023
2022-08-23,Smederevo,PM2.5,17.0,11.7,13.028005464462566
2022-08-24,Smederevo,PM2.5,26.0,15.45,16.697620268650482
2022-08-25,Smederevo,PM2.5,20.0,13.6,14.787699093320391
2022-08-26,Smederevo,PM2.5,23.0,22.7,16.505460109155113
2022-08-27,Smederevo,PM2.5,22.0,24.75,14.995548176154646
2022-08-28,Smederevo,PM2.5,32.0,29.55,19.74369901795068
2022-08-29,Smederevo,PM2.5,14.0,15.245,12.191167917918085
2022-08-30,Smederevo,PM2.5,14.0,13.75,12.444620864633803
2022-08-31,Smederevo,PM2.5,21.0,18.25,14.98104590863761
2022-09-01,Smederevo,PM2.5,23.0,20.6,16.17237838829522
2022-09-02,Smederevo,PM2.5,13.0,10.545,12.02413078730224
2022-09-03,Smederevo,PM2.5,25.0,21.95,17.228821101543044
2022-09-04,Smederevo,PM2.5,22.0,18.5,15.181916091062057
2022-09-05,Smederevo,PM2.5,19.0,16.95,15.435811479704714
2022-09-06,Smederevo,PM2.5,22.0,17.7,15.838741665166866
2022-09-07,Smederevo,PM2.5,18.0,15.7,13.391639868213598
2022-09-08,Smederevo,PM2.5,20.0,18.85,13.775778334149514
2022-09-09,Smederevo,PM2.5,18.0,19.7,14.398097285629536
2022-09-10,Smederevo,PM2.5,11.0,12.88,11.289693963610748
2022-09-11,Smederevo,PM2.5,3.0,5.775,9.945457389535532
2022-09-12,Smederevo,PM2.5,6.0,6.73,9.089581995586686
2022-09-13,Smederevo,PM2.5,14.0,11.995,12.951872284263548
2022-09-14,Smederevo,PM2.5,14.0,15.9,12.490377587086114
2022-09-15,Smederevo,PM2.5,10.0,14.805,10.938067338906103
2022-09-16,Smederevo,PM2.5,14.0,9.275,12.704021531043146
2022-09-17,Smederevo,PM2.5,10.0,9.98,9.839496291390612
2022-09-18,Smederevo,PM2.5,3.0,4.52,7.341699126982922
2022-09-19,Smederevo,PM2.5,9.0,9.35,10.7376745012175
2022-09-20,Smederevo,PM2.5,8.0,8.254999999999999,10.421575765308472
2022-09-21,Smederevo,PM2.5,14.0,10.7,12.759469171047398
2022-09-22,Smederevo,PM2.5,17.0,15.05,14.274012919806768
2022-09-23,Smederevo,PM2.5,25.0,23.3,17.688426944601286
2022-09-24,Smederevo,PM2.5,33.0,31.25,21.567134128788496
2022-09-25,Smederevo,PM2.5,29.0,26.05,17.103617236754232
2022-09-26,Smederevo,PM2.5,17.0,16.35,12.033354539739497
2022-09-27,Smederevo,PM2.5,15.0,13.3,12.29497473788196
2022-09-28,Smederevo,PM2.5,19.0,16.15,15.129598389455364
2022-09-29,Smederevo,PM2.5,7.0,11.275,9.417523353523666
2022-09-30,Smederevo,PM2.5,10.0,12.25,9.858825804220762
2022-10-01,Smederevo,PM2.5,11.0,11.905,12.115584455457936
2022-10-02,Smederevo,PM2.5,8.0,10.14,10.867319356922168
2022-10-03,Smederevo,PM2.5,5.0,6.255,9.206863686175035
2022-10-04,Smederevo,PM2.5,14.0,10.125,13.211731686823958
2022-10-05,Smederevo,PM2.5,36.0,25.35,27.259851715420844
2022-10-06,Smederevo,PM2.5,28.0,23.05,20.806988309637106
2022-10-07,Smederevo,PM2.5,32.0,34.15,23.741713723654403
2022-10-08,Smederevo,PM2.5,36.0,28.0,24.734193726214365
2022-10-09,Smederevo,PM2.5,53.0,42.9,39.22084519266609
2022-10-10,Smederevo,PM2.5,43.0,34.55,28.26828027317654
2022-10-11,Smederevo,PM2.5,50.0,35.9,34.33437203712014
2022-10-12,Smederevo,PM2.5,67.0,58.7,48.65173614036887
2022-10-13,Smederevo,PM2.5,40.0,32.35,27.560997704769647
2022-10-14,Smederevo,PM2.5,28.0,22.4,19.801720220145988
2022-10-15,Smederevo,PM2.5,26.0,19.7,19.60182804506899
2022-10-16,Smederevo,PM2.5,25.0,18.95,19.37664227032495
2022-10-17,Smederevo,PM2.5,31.0,27.85,21.810446041953348
2022-10-18,Smederevo,PM2.5,29.0,32.45,21.12056329638979
2022-10-19,Smederevo,PM2.5,42.0,35.45,29.969316362674725
2022-10-20,Smederevo,PM2.5,25.0,27.35,21.09800205749748
2022-10-21,Smederevo,PM2.5,32.0,26.75,23.415031745071374
2022-10-22,Smederevo,PM2.5,35.0,32.35,23.655342205618584
2022-10-23,Smederevo,PM2.5,22.0,21.5,21.26786624937585
2022-10-24,Smederevo,PM2.5,28.0,39.09999999999999,22.000495538722294
2022-10-25,Smederevo,PM2.5,23.0,32.05,22.311143739570348
2022-10-26,Smederevo,PM2.5,33.0,34.95,25.461197889089554
2022-10-27,Smederevo,PM2.5,29.0,31.35,22.19661654925122
2022-10-28,Smederevo,PM2.5,40.0,38.5,30.54863598803321
2022-10-29,Smederevo,PM2.5,65.0,64.35,47.63941496610136
2022-10-30,Smederevo,PM2.5,63.0,60.25,46.71501668171421
2022-10-31,Smederevo,PM2.5,84.0,84.4,56.78721224642065
2022-11-01,Smederevo,PM2.5,72.0,77.55,51.20324857094252
2022-11-02,Smederevo,PM2.5,67.0,57.05,51.28071250677746
2022-11-03,Smederevo,PM2.5,60.0,71.1,46.463917610232286
2022-11-04,Smederevo,PM2.5,48.0,49.25,30.29527010049289
2022-11-05,Smederevo,PM2.5,43.0,31.4,27.466082622124937
2022-11-06,Smederevo,PM2.5,47.0,33.05,33.61037264977179
2022-11-07,Smederevo,PM2.5,48.0,34.40000000000001,35.33804313750137
2022-11-08,Smederevo,PM2.5,57.0,49.9,44.471060208622205
2022-11-09,Smederevo,PM2.5,55.0,45.8,39.966375020024216
2022-11-10,Smederevo,PM2.5,51.0,41.9,34.22228340909942
2022-11-11,Smederevo,PM2.5,53.0,38.55,36.06303414484435
2022-11-12,Smederevo,PM2.5,49.0,39.59999999999999,38.88113391717518
2022-11-13,Smederevo,PM2.5,50.0,38.35,35.43546728844374
2022-11-14,Smederevo,PM2.5,47.0,40.95,35.87631548241727
2022-11-15,Smederevo,PM2.5,49.0,26.85,31.996503397234665
2022-11-16,Smederevo,PM2.5,49.0,42.65000000000001,33.28615520854187
2022-11-17,Smederevo,PM2.5,58.0,42.35,40.24292179678975
2022-11-18,Smederevo,PM2.5,49.0,33.7,31.44336491523115
2022-11-19,Smederevo,PM2.5,59.0,29.1,40.20074803032378
2022-11-20,Smederevo,PM2.5,42.0,21.15,28.77171560041197
2022-11-21,Smederevo,PM2.5,59.0,32.25,38.25045656092722
2022-11-22,Smederevo,PM2.5,40.0,25.05,24.17994761359337
2022-11-23,Smederevo,PM2.5,42.0,21.3,25.44760225832525
2022-11-24,Smederevo,PM2.5,39.0,15.2,26.37268277781274
2022-11-25,Smederevo,PM2.5,72.0,43.5,50.015499797849344
2022-11-26,Smederevo,PM2.5,99.0,64.0,68.3588111492355
2022-11-27,Smederevo,PM2.5,95.0,76.55,59.58063188905081
2022-11-28,Smederevo,PM2.5,61.0,42.8,44.2859914356638
2022-11-29,Smederevo,PM2.5,40.0,22.7,28.154064144922856
2022-11-30,Smederevo,PM2.5,18.0,11.055,16.632840464954164
2022-12-01,Smederevo,PM2.5,24.0,14.95,18.546288540902918
2022-12-02,Smederevo,PM2.5,34.0,17.25,22.976759565846905
2022-12-03,Smederevo,PM2.5,37.0,21.95,27.456693684155017
2022-12-04,Smederevo,PM2.5,21.0,8.495000000000001,16.258503928194173
2022-12-05,Smederevo,PM2.5,33.0,17.25,24.81598269959287
2022-12-06,Smederevo,PM2.5,56.0,28.65,33.935429571802175
2022-12-07,Smederevo,PM2.5,67.0,35.25,47.07147289632592
2022-12-08,Smederevo,PM2.5,74.0,47.1,47.12658014724582
2022-12-09,Smederevo,PM2.5,52.0,36.45,32.150297807934336
2022-12-10,Smederevo,PM2.5,28.0,19.45,17.868590691758094
2022-12-11,Smederevo,PM2.5,40.0,14.35,24.248950805809013
2022-12-12,Smederevo,PM2.5,82.0,41.25,55.64730432071338
2022-12-13,Smederevo,PM2.5,88.0,57.5,64.48507076449509
2022-12-14,Smederevo,PM2.5,47.0,29.05,29.169330952204504
2022-12-15,Smederevo,PM2.5,63.0,41.25,39.043710587377205
2022-12-16,Smederevo,PM2.5,50.0,28.05,29.25545543823148
2022-12-17,Smederevo,PM2.5,58.0,31.25,37.34133052347684
2022-12-18,Smederevo,PM2.5,68.0,44.35,52.36652870141385
2022-12-19,Smederevo,PM2.5,69.0,48.09999999999999,50.43350787341023
2022-12-20,Smederevo,PM2.5,56.0,32.7,39.11746814127192
2022-12-21,Smederevo,PM2.5,96.0,82.15,66.19011562829024
2022-12-22,Smederevo,PM2.5,148.0,100.0,87.64337624084764
2022-12-23,Smederevo,PM2.5,112.0,102.7,67.5553318762802
2022-12-24,Smederevo,PM2.5,77.0,66.35,50.10329719954006
2022-12-25,Smederevo,PM2.5,116.0,86.55,75.50365705019927
2022-12-26,Smederevo,PM2.5,64.0,50.3,46.88198787393456
2022-12-27,Smederevo,PM2.5,38.0,29.15,26.71823998253287
2022-12-28,Smederevo,PM2.5,87.0,57.9,63.68296658848181
2022-12-29,Smederevo,PM2.5,71.0,54.65,49.47647981619553
2022-12-30,Smederevo,PM2.5,68.0,63.6,51.98827702102096
2022-12-31,Smederevo,PM2.5,68.0,75.75,53.87274723805815
2022-05-19,Smederevo,PM2.5,5.0,5.67,9.912904078067024
2022-05-20,Smederevo,PM2.5,8.0,9.36,10.583481677553836
2022-05-21,Smederevo,PM2.5,11.0,10.7,11.286888016033933
2022-05-22,Smederevo,PM2.5,9.0,5.87,9.654374146239
2022-05-23,Smederevo,PM2.5,13.0,5.62,12.214025029345333
2022-05-24,Smederevo,PM2.5,11.0,9.47,10.011947161327488
2022-05-25,Smederevo,PM2.5,14.0,11.7,11.29592323920679
2022-05-26,Smederevo,PM2.5,7.0,6.73,9.08266845398865
2022-05-27,Smederevo,PM2.5,13.0,13.2,12.495898039521736
2022-05-28,Smederevo,PM2.5,9.0,8.84,9.101820907410811
2022-05-29,Smederevo,PM2.5,18.0,11.7,13.747735266874264
2023-01-01,Smederevo,PM2.5,85.0,72.95,60.19958974767625
2023-01-02,Smederevo,PM2.5,86.0,91.2,60.19958974767625
2023-01-03,Smederevo,PM2.5,81.0,64.44999999999999,61.78327222015549
2023-01-04,Smederevo,PM2.5,73.0,44.25,55.920795335431045
2023-01-05,Smederevo,PM2.5,52.0,42.05,34.42976427150534
2023-01-06,Smederevo,PM2.5,79.0,39.5,52.31965596892642
2023-01-07,Smederevo,PM2.5,61.0,55.40000000000001,48.39475412347748
2023-01-08,Smederevo,PM2.5,71.0,54.05,49.47647981619553
2023-01-09,Smederevo,PM2.5,47.0,28.65,29.519615588598565
2023-01-10,Smederevo,PM2.5,41.0,15.15,25.76420886357891
2023-01-11,Smederevo,PM2.5,51.0,21.65,31.00881320677163
2023-01-12,Smederevo,PM2.5,99.0,59.5,65.2882756162951
2023-01-13,Smederevo,PM2.5,91.0,63.2,62.2899817614017
2023-01-14,Smederevo,PM2.5,101.0,60.85,65.2882756162951
2023-01-15,Smederevo,PM2.5,68.0,50.15,48.66721015068772
2023-01-16,Smederevo,PM2.5,50.0,28.0,29.73558185437544
2023-01-17,Smederevo,PM2.5,38.0,21.85,22.60542464242545
2023-01-18,Smederevo,PM2.5,32.0,23.8,21.3000143759144
2023-01-19,Smederevo,PM2.5,30.0,18.7,19.078926252200844
2023-01-20,Smederevo,PM2.5,48.0,19.05,30.597416405317222
2023-01-21,Smederevo,PM2.5,59.0,31.65,40.951392972968605
2023-01-22,Smederevo,PM2.5,73.0,51.2,51.35235464004592
2023-01-23,Smederevo,PM2.5,27.0,16.3,17.703537958375485
2023-01-24,Smederevo,PM2.5,31.0,15.95,20.51782501250652
2023-01-25,Smederevo,PM2.5,43.0,20.0,31.591259585609077
2023-01-26,Smederevo,PM2.5,49.0,20.55,31.666498795044767
2023-01-27,Smederevo,PM2.5,62.0,30.55,41.50730068043419
2023-01-28,Smederevo,PM2.5,70.0,31.2,43.60735247555672
2023-01-29,Smederevo,PM2.5,72.0,35.0,43.92714326153861
2023-01-30,Smederevo,PM2.5,71.0,34.95,54.17986751066
2023-01-31,Smederevo,PM2.5,41.0,18.9,26.51462484268858
2023-02-01,Smederevo,PM2.5,64.0,35.65,44.48490410621219
2023-02-02,Smederevo,PM2.5,40.0,17.75,25.718543597233204
2023-02-03,Smederevo,PM2.5,43.0,17.5,26.846820004366425
2023-02-04,Smederevo,PM2.5,23.0,8.615,17.100876995441183
2023-02-05,Smederevo,PM2.5,31.0,14.98,23.071705476461585
2023-02-06,Smederevo,PM2.5,54.0,26.0,39.7048240041096
2023-02-07,Smederevo,PM2.5,64.0,33.5,48.77626784891048
2023-02-08,Smederevo,PM2.5,72.0,41.75,52.5692035573292
2023-02-09,Smederevo,PM2.5,51.0,31.8,37.05799560650286
2023-02-10,Smederevo,PM2.5,77.0,68.15,56.12494961822271
2023-02-11,Smederevo,PM2.5,113.0,93.55,73.56544003799321
2023-02-12,Smederevo,PM2.5,85.0,66.5,53.5593403808078
2023-02-13,Smederevo,PM2.5,104.0,93.75,72.64145778194226
2023-02-14,Smederevo,PM2.5,59.0,37.3,46.47822924752895
2023-02-15,Smederevo,PM2.5,85.0,65.1,61.59257457475636
2023-02-16,Smederevo,PM2.5,63.0,83.85,50.6208720056543
2023-02-17,Smederevo,PM2.5,102.0,85.5,70.60795583418513
2023-02-18,Smederevo,PM2.5,60.0,74.19999999999999,48.03038126851684
2023-02-19,Smederevo,PM2.5,42.0,31.5,30.05893962596975
2023-02-20,Smederevo,PM2.5,35.0,26.55,24.946549477448663
2023-02-21,Smederevo,PM2.5,50.0,54.65000000000001,39.17103537558234
2023-02-22,Smederevo,PM2.5,65.0,60.1,51.54527029004145
2023-02-23,Smederevo,PM2.5,47.0,37.25,38.37563731362306
2023-02-24,Smederevo,PM2.5,51.0,36.6,31.33317132316295
2023-02-25,Smederevo,PM2.5,26.0,21.85,18.237945998192604
2023-02-26,Smederevo,PM2.5,33.0,17.65,21.3534377688056
2023-02-27,Smederevo,PM2.5,36.0,24.5,27.27525886579736
2023-02-28,Smederevo,PM2.5,54.0,36.85,44.88189721358989
2023-03-01,Smederevo,PM2.5,28.0,23.65,22.83309861338632
2023-03-02,Smederevo,PM2.5,28.0,21.1,19.003878274143613
2023-03-03,Smederevo,PM2.5,53.0,38.34999999999999,38.06970808191093
2023-03-04,Smederevo,PM2.5,64.0,45.55,44.4197345015405
2023-03-05,Smederevo,PM2.5,46.0,36.1,34.44767390035407
2023-03-06,Smederevo,PM2.5,49.0,43.55,33.733746224737374
2023-03-07,Smederevo,PM2.5,44.0,39.65000000000001,31.885360249138103
2023-03-08,Smederevo,PM2.5,27.0,24.65,21.142622145286985
2023-03-09,Smederevo,PM2.5,19.0,14.55,17.07891569436051
2023-03-10,Smederevo,PM2.5,34.0,24.4,21.90097558110081
2023-03-11,Smederevo,PM2.5,23.0,12.6,18.93554606680437
2023-03-12,Smederevo,PM2.5,43.0,32.65,29.56704340537201
2023-03-13,Smederevo,PM2.5,40.0,34.3,27.91821039036103
2023-03-14,Smederevo,PM2.5,26.0,19.75,20.71774168890422
2023-03-15,Smederevo,PM2.5,29.0,16.35,18.957947304886112
2023-03-16,Smederevo,PM2.5,23.0,14.7,17.857384088168025
2023-03-17,Smederevo,PM2.5,45.0,39.8,33.77617496546932
2023-03-18,Smederevo,PM2.5,37.0,32.9,26.250229328969045
2023-03-19,Smederevo,PM2.5,41.0,38.4,28.35843671371915
2023-03-20,Smederevo,PM2.5,40.0,36.65,28.91781886586974
2023-03-21,Smederevo,PM2.5,39.0,30.3,28.99111350368414
2023-03-22,Smederevo,PM2.5,39.0,33.15000000000001,29.40396449689671
2023-03-23,Smederevo,PM2.5,43.0,42.75,31.369245644782445
2023-03-24,Smederevo,PM2.5,33.0,27.15,23.87263251249425
2023-03-25,Smederevo,PM2.5,21.0,18.4,19.906568666423343
2023-03-26,Smederevo,PM2.5,11.0,8.92,16.998681006779783
2023-03-27,Smederevo,PM2.5,11.0,8.45,12.984495000118594
2023-03-28,Smederevo,PM2.5,13.0,8.14,13.645071225626763
2023-03-29,Smederevo,PM2.5,20.0,15.95,18.909532114884648
2023-03-30,Smederevo,PM2.5,31.0,24.65,22.74734336655992
2023-03-31,Smederevo,PM2.5,20.0,16.15,20.499697677253643
2023-04-01,Smederevo,PM2.5,26.0,15.05,19.14139100157908
2023-04-02,Smederevo,PM2.5,18.0,15.0,18.434703246050372
2023-04-03,Smederevo,PM2.5,19.0,14.08,16.440118495812502
2023-04-04,Smederevo,PM2.5,26.0,10.79,16.6826096339916
2023-04-05,Smederevo,PM2.5,35.0,18.4,22.72520950442537
2023-04-06,Smederevo,PM2.5,46.0,28.05,33.213404715006085
2023-04-07,Smederevo,PM2.5,57.0,35.9,38.71667952290845
2023-04-08,Smederevo,PM2.5,71.0,60.6,48.72275113992198
2023-04-09,Smederevo,PM2.5,57.0,51.95,37.616024725166056
2023-04-10,Smederevo,PM2.5,43.0,27.25,28.44354754612265
2023-04-11,Smederevo,PM2.5,47.0,34.65,32.156985039281935
2023-04-12,Smederevo,PM2.5,18.0,16.35,16.117746299513115
2023-04-13,Smederevo,PM2.5,22.0,20.0,17.490159186078518
2023-04-14,Smederevo,PM2.5,20.0,11.1,16.144772653387804
2023-04-15,Smederevo,PM2.5,16.0,16.35,16.912491961393567
2023-04-16,Smederevo,PM2.5,19.0,14.95,15.69146508379244
2023-04-17,Smederevo,PM2.5,18.0,11.275,13.892572061242308
2023-04-18,Smederevo,PM2.5,17.0,11.65,14.08617437295292
2023-04-19,Smederevo,PM2.5,25.0,17.85,17.211503107205147
2023-04-20,Smederevo,PM2.5,25.0,18.1,17.652875340637493
2023-04-21,Smederevo,PM2.5,25.0,21.05,18.396905604103303
2023-04-22,Smederevo,PM2.5,31.0,28.9,20.38592828918926
2023-04-23,Smederevo,PM2.5,21.0,19.1,15.567789847034517
2023-04-24,Smederevo,PM2.5,22.0,16.4,14.397316363962863
2023-04-25,Smederevo,PM2.5,16.0,12.8,12.993251259057311
2023-04-26,Smederevo,PM2.5,19.0,14.5,14.500168997510162
2023-04-27,Smederevo,PM2.5,19.0,14.8,14.136057250603644
2023-04-28,Smederevo,PM2.5,23.0,20.95,18.726996263143697
2023-04-29,Smederevo,PM2.5,25.0,23.1,17.41345800827344
2023-04-30,Smederevo,PM2.5,23.0,20.45,18.008883443621546
2023-05-01,Smederevo,PM2.5,19.0,15.4,14.076902289490777
2023-05-02,Smederevo,PM2.5,10.0,8.53,8.400083242517752
2023-05-03,Smederevo,PM2.5,12.0,9.91,10.097161965425258
2023-05-04,Smederevo,PM2.5,20.0,13.3,14.6494841784911
2023-05-05,Smederevo,PM2.5,24.0,22.25,16.67701567626392
2023-05-06,Smederevo,PM2.5,16.0,14.45,12.174237168223936
2023-05-07,Smederevo,PM2.5,13.0,13.555,11.691767215720429
2023-05-08,Smederevo,PM2.5,19.0,14.06,14.318040330759306
2023-05-09,Smederevo,PM2.5,12.0,7.300000000000001,11.01263913527118
2023-05-10,Smederevo,PM2.5,12.0,8.405000000000001,9.78115338036113
2023-05-11,Smederevo,PM2.5,13.0,8.815,9.32090033692625
2023-05-12,Smederevo,PM2.5,18.0,9.63,11.0497613602163
2023-05-13,Smederevo,PM2.5,16.0,11.65,10.675150042726436
2023-05-14,Smederevo,PM2.5,16.0,9.28,10.406416546825747
2023-05-15,Smederevo,PM2.5,22.0,13.45,12.23604767361423
2023-05-16,Smederevo,PM2.5,21.0,13.65,12.56122539258224
2023-05-17,Smederevo,PM2.5,18.0,14.585,12.495724884343211
2023-05-18,Smederevo,PM2.5,17.0,9.98,13.104033369673347
2023-05-19,Smederevo,PM2.5,27.0,17.05,17.303496716111045
2023-05-20,Smederevo,PM2.5,26.0,16.95,15.485319545739689
2023-05-21,Smederevo,PM2.5,15.0,10.52,11.429440517405986
2023-05-22,Smederevo,PM2.5,11.0,9.64,11.36018265384833
2023-05-23,Smederevo,PM2.5,15.0,12.665,12.957009439366264
2023-05-24,Smederevo,PM2.5,19.0,16.53,14.487411596748204
2023-05-25,Smederevo,PM2.5,18.0,18.565,13.66346721573213
2023-05-26,Smederevo,PM2.5,22.0,15.5,15.478527114291545
2023-05-27,Smederevo,PM2.5,21.0,15.15,15.330171382314337
2023-05-28,Smederevo,PM2.5,24.0,16.85,16.172109800614336
2023-05-29,Smederevo,PM2.5,12.0,10.475,11.994720154703064
2023-05-30,Smederevo,PM2.5,15.0,11.225,12.70923065842264
2023-05-31,Smederevo,PM2.5,19.0,12.68,14.369598552481069
2023-06-01,Smederevo,PM2.5,18.0,13.895,13.927388242226897
2023-06-02,Smederevo,PM2.5,18.0,16.0,13.846377410838532
2023-06-03,Smederevo,PM2.5,16.0,12.51,12.587546535152098
2023-06-04,Smederevo,PM2.5,9.0,7.56,9.205918167617424
2023-06-05,Smederevo,PM2.5,13.0,9.235,10.353980098838424
2023-06-06,Smederevo,PM2.5,8.0,6.795,7.837920554259258
2023-06-07,Smederevo,PM2.5,12.0,9.485,10.498237304239549
2023-06-08,Smederevo,PM2.5,20.0,11.465,13.246762161256411
2023-06-09,Smederevo,PM2.5,20.0,12.88,14.43978377974505
2023-06-10,Smederevo,PM2.5,17.0,12.34,14.003177509670373
2023-06-11,Smederevo,PM2.5,19.0,11.835,14.328983768470604
2023-06-12,Smederevo,PM2.5,21.0,13.695,14.98104590863761
2023-06-13,Smederevo,PM2.5,18.0,8.5,13.709039094464837
2023-06-14,Smederevo,PM2.5,14.0,9.715,12.490244003499264
2023-06-15,Smederevo,PM2.5,17.0,10.24,13.437052257623751
2023-06-16,Smederevo,PM2.5,15.0,7.15,10.733562768146122
2023-06-17,Smederevo,PM2.5,21.0,11.29,14.423643383499217
2023-06-18,Smederevo,PM2.5,12.0,9.76,11.607765691865245
2023-06-19,Smederevo,PM2.5,17.0,12.405,13.778385635038465
2023-06-20,Smederevo,PM2.5,29.0,16.445,17.901982845489158
2023-06-21,Smederevo,PM2.5,29.0,18.15,17.57515173559148
2023-06-22,Smederevo,PM2.5,22.0,15.03,15.32237928605232
2023-06-23,Smederevo,PM2.5,22.0,12.845,13.97328574201251
2023-06-24,Smederevo,PM2.5,12.0,7.95,11.336697313129386
2023-06-25,Smederevo,PM2.5,10.0,5.234999999999999,10.352298366846004
2023-06-26,Smederevo,PM2.5,13.0,7.125,11.657013629857175
2023-06-27,Smederevo,PM2.5,27.0,8.975,16.29018371807756
2023-06-28,Smederevo,PM2.5,16.0,6.359999999999999,12.81691309851767
2023-06-29,Smederevo,PM2.5,12.0,9.105,11.40180872903153
2023-06-30,Smederevo,PM2.5,17.0,11.375,13.522446321283052
2023-07-01,Smederevo,PM2.5,18.0,11.175,13.66684157155452
2023-07-02,Smederevo,PM2.5,15.0,8.115,11.834101049823676
2023-07-03,Smederevo,PM2.5,11.0,8.46,11.497354263949203
2023-07-04,Smederevo,PM2.5,17.0,9.405,13.566645768354016
2023-07-05,Smederevo,PM2.5,23.0,10.27,16.26890722537531
2023-07-06,Smederevo,PM2.5,22.0,10.025,14.878141830589495
2023-07-07,Smederevo,PM2.5,14.0,6.76,11.604207927418456
2023-07-08,Smederevo,PM2.5,11.0,6.59,10.121984684916235
2023-07-09,Smederevo,PM2.5,12.0,8.98,11.146893870475942
2023-07-10,Smederevo,PM2.5,17.0,11.08,13.418290036376808
2023-07-11,Smederevo,PM2.5,21.0,12.14,14.40488116225227
2023-07-12,Smederevo,PM2.5,20.0,12.945,14.328631113657623
2023-07-13,Smederevo,PM2.5,17.0,9.875,13.340826100541864
2023-07-14,Smederevo,PM2.5,9.0,5.355,10.083739282600709
2023-07-15,Smederevo,PM2.5,18.0,8.71,13.681554146309669
2023-07-16,Smederevo,PM2.5,26.0,11.29,15.70368600219574
2023-07-17,Smederevo,PM2.5,34.0,14.885,19.907272990904747
2023-07-18,Smederevo,PM2.5,17.0,9.925,13.009243243215622
2023-07-19,Smederevo,PM2.5,11.0,11.695,11.434602902869406
2023-07-20,Smederevo,PM2.5,11.0,7.655,11.515651954303138
2023-07-21,Smederevo,PM2.5,16.0,9.94,12.571079002600442
2023-07-22,Smederevo,PM2.5,11.0,8.025,11.033374807749404
2023-07-23,Smederevo,PM2.5,17.0,9.585,13.630859643530057
2023-07-24,Smederevo,PM2.5,24.0,13.735,15.70368600219574
2023-07-25,Smederevo,PM2.5,14.0,10.93,11.034591332881076
2023-07-26,Smederevo,PM2.5,6.0,5.08,7.762109511493977
2023-07-27,Smederevo,PM2.5,5.0,5.17,7.383177751185554
2023-07-28,Smederevo,PM2.5,12.0,8.83,11.555940663637127
2023-07-29,Smederevo,PM2.5,19.0,11.235,14.31022154722366
2023-07-30,Smederevo,PM2.5,27.0,12.66,16.129632256036462
2023-07-31,Smederevo,PM2.5,8.0,5.3,9.061189318780722
2023-08-01,Smederevo,PM2.5,8.0,7.42,9.714477621946015
2023-08-02,Smederevo,PM2.5,5.0,4.22,9.49172049247792
2023-08-03,Smederevo,PM2.5,16.0,9.055,12.752699223341631
2023-08-04,Smederevo,PM2.5,20.0,11.025,13.268386362781852
2023-08-05,Smederevo,PM2.5,13.0,8.105,10.223253821222894
2023-08-06,Smederevo,PM2.5,5.0,4.43,8.703507343333607
2023-08-07,Smederevo,PM2.5,4.0,4.175,9.586354309827987
2023-08-08,Smederevo,PM2.5,3.0,3.475,9.082673699316734
2023-08-15,Smederevo,PM2.5,14.0,15.1,11.216211553622266
2023-08-16,Smederevo,PM2.5,21.0,19.05,14.8326901766604
2023-08-17,Smederevo,PM2.5,23.0,20.6,16.697620268650482
2023-08-18,Smederevo,PM2.5,22.0,20.35,15.174023554075111
2023-08-19,Smederevo,PM2.5,21.0,18.2,14.58650138299346
2023-08-20,Smederevo,PM2.5,25.0,19.05,16.395364458183632
2023-08-21,Smederevo,PM2.5,27.0,20.2,16.0637816008574
2023-08-22,Smederevo,PM2.5,31.0,21.9,18.492454673448115
2023-08-23,Smederevo,PM2.5,33.0,24.55,20.470678846592214
2023-08-24,Smederevo,PM2.5,25.0,19.35,16.357104377177905
2023-08-25,Smederevo,PM2.5,23.0,18.25,16.44270874807531
2023-08-26,Smederevo,PM2.5,32.0,18.9,19.913276321453832
2023-08-27,Smederevo,PM2.5,20.0,18.0,13.04657502092417
2023-08-28,Smederevo,PM2.5,18.0,15.8,11.29686670768995
2023-08-29,Smederevo,PM2.5,15.0,14.15,10.986844990256694
2023-08-30,Smederevo,PM2.5,14.0,15.9,11.842749884334149
2023-08-31,Smederevo,PM2.5,14.0,10.79,12.402447098167832
2023-09-01,Smederevo,PM2.5,23.0,17.8,17.047204218782273
2023-09-02,Smederevo,PM2.5,24.0,22.25,17.17191206130066
2023-09-03,Smederevo,PM2.5,16.0,13.95,13.447355667764857
2023-09-04,Smederevo,PM2.5,10.0,8.95,9.49494876342675
2023-09-05,Smederevo,PM2.5,13.0,14.1,12.73880881446776
2023-09-06,Smederevo,PM2.5,12.0,13.85,11.810989105779564
2023-09-07,Smederevo,PM2.5,11.0,14.15,11.144688624773336
2023-09-08,Smederevo,PM2.5,10.0,13.9,10.281627439257678
2023-09-09,Smederevo,PM2.5,13.0,16.55,12.454469863824963
2023-09-10,Smederevo,PM2.5,13.0,14.85,12.863516656986151
2023-09-11,Smederevo,PM2.5,12.0,17.8,12.057717404442476
2023-09-12,Smederevo,PM2.5,12.0,18.5,11.810989105779564
2023-09-13,Smederevo,PM2.5,21.0,23.9,15.72475148937999
2023-09-14,Smederevo,PM2.5,24.0,25.45,16.898848486805065
2023-09-15,Smederevo,PM2.5,9.0,9.065,11.159833766751532
2023-09-16,Smederevo,PM2.5,21.0,15.7,15.198751267319748
2023-09-17,Smederevo,PM2.5,17.0,15.1,12.442840004899418
2023-09-18,Smederevo,PM2.5,16.0,15.05,11.324641670367258
2023-09-19,Smederevo,PM2.5,16.0,12.9,11.59316693738658
2023-09-20,Smederevo,PM2.5,18.0,19.15,14.61602556973502
2023-09-21,Smederevo,PM2.5,16.0,16.45,11.902070327738397
2023-09-22,Smederevo,PM2.5,12.0,14.95,10.72712649065376
2023-09-23,Smederevo,PM2.5,11.0,16.3,10.810984206241898
2023-09-24,Smederevo,PM2.5,8.0,7.93,10.579860943293449
2023-09-25,Smederevo,PM2.5,16.0,12.6,12.793043090036996
2023-09-26,Smederevo,PM2.5,18.0,18.2,13.391639868213598
2023-09-27,Smederevo,PM2.5,17.0,17.85,13.12837575828074
2023-09-28,Smederevo,PM2.5,17.0,18.7,13.920066777182155
2023-09-29,Smederevo,PM2.5,22.0,23.55,15.72475148937999
2023-09-30,Smederevo,PM2.5,23.0,21.3,17.13754650511033
2023-10-01,Smederevo,PM2.5,18.0,15.6,15.416448646965629
2023-10-02,Smederevo,PM2.5,13.0,15.0,14.24009096466114
2023-10-03,Smederevo,PM2.5,18.0,17.35,15.6082335135014
2023-10-04,Smederevo,PM2.5,16.0,16.4,14.7963451208763
2023-10-05,Smederevo,PM2.5,11.0,13.15,14.331343004199445
2023-10-06,Smederevo,PM2.5,15.0,16.2,14.675096132165734
2023-10-07,Smederevo,PM2.5,19.0,24.2,17.33985517619629
2023-10-08,Smederevo,PM2.5,12.0,17.6,12.737470170258115
2023-10-09,Smederevo,PM2.5,14.0,15.35,14.7919245626518
2023-10-10,Smederevo,PM2.5,21.0,20.35,16.785640715012885
2023-10-11,Smederevo,PM2.5,12.0,14.35,13.84333850527865
2023-10-12,Smederevo,PM2.5,15.0,21.0,13.617045791896908
2023-10-13,Smederevo,PM2.5,43.0,43.3,28.999015273134557
2023-10-14,Smederevo,PM2.5,36.0,43.84999999999999,25.16516627066599
2023-10-15,Smederevo,PM2.5,13.0,21.75,15.065179005091286
2023-10-16,Smederevo,PM2.5,23.0,24.05,20.98968521402277
2023-10-17,Smederevo,PM2.5,49.0,42.05,37.03372563278555
2023-10-18,Smederevo,PM2.5,43.0,43.59999999999999,30.322935634604512
2023-10-19,Smederevo,PM2.5,17.0,16.95,15.261105570837758
2023-10-20,Smederevo,PM2.5,11.0,13.7,13.669539662027166
2023-10-21,Smederevo,PM2.5,14.0,21.6,14.470265904101446
2023-10-22,Smederevo,PM2.5,4.0,9.685,12.837312240378395
2023-10-23,Smederevo,PM2.5,18.0,25.05,20.00972338032112
2023-10-24,Smederevo,PM2.5,17.0,22.95,16.074928269911492
2023-10-25,Smederevo,PM2.5,6.0,14.5,12.734213699485815
2023-10-26,Smederevo,PM2.5,13.0,17.5,15.961578959361091
2023-10-27,Smederevo,PM2.5,3.0,9.01,11.49047314928259
2023-10-28,Smederevo,PM2.5,20.0,16.65,19.746316273176944
2023-10-29,Smederevo,PM2.5,17.0,17.25,18.025254060248837
2023-10-30,Smederevo,PM2.5,22.0,18.6,17.761544491195355
2023-10-31,Smederevo,PM2.5,12.0,12.0,13.39875619809806
2023-11-01,Smederevo,PM2.5,31.0,16.7,23.853822361322912
2023-11-02,Smederevo,PM2.5,11.0,13.3,13.560204882535274
2023-11-03,Smederevo,PM2.5,27.0,19.75,17.827678957041638
2023-11-04,Smederevo,PM2.5,16.0,28.05,18.075427584329788
2023-11-05,Smederevo,PM2.5,4.0,8.855,12.394625233170611
2023-11-06,Smederevo,PM2.5,23.0,26.15,24.69638453653871
2023-11-07,Smederevo,PM2.5,25.0,21.4,19.745218245137284
2023-11-08,Smederevo,PM2.5,31.0,16.5,22.185947172085797
2023-11-09,Smederevo,PM2.5,12.0,31.0,18.50805845802548
2023-11-10,Smederevo,PM2.5,32.0,18.0,20.56887035914201
2023-11-11,Smederevo,PM2.5,8.0,13.4,13.245032200984063
2023-11-12,Smederevo,PM2.5,37.0,36.6,30.61799157733635
2023-11-13,Smederevo,PM2.5,37.0,53.65,30.99624325772925
2023-11-14,Smederevo,PM2.5,30.0,34.5,23.078924581442323
2023-11-15,Smederevo,PM2.5,20.0,11.75,18.002901136283906
2023-11-16,Smederevo,PM2.5,18.0,15.5,19.874584185566405
2023-11-17,Smederevo,PM2.5,18.0,14.7,15.36839505985916
2023-11-18,Smederevo,PM2.5,14.0,10.84,13.936710546055563
2023-11-19,Smederevo,PM2.5,54.0,24.95,40.33927782038635
2023-11-20,Smederevo,PM2.5,64.0,53.5,44.07507450557328
2023-11-21,Smederevo,PM2.5,28.0,48.65,21.827659050255843
2023-11-22,Smederevo,PM2.5,30.0,26.85,22.185947172085797
2023-11-23,Smederevo,PM2.5,68.0,36.34999999999999,51.28071250677746
2023-11-24,Smederevo,PM2.5,32.0,52.34999999999999,26.09406450098971
2023-11-25,Smederevo,PM2.5,16.0,15.55,16.114774862076732
2023-11-26,Smederevo,PM2.5,9.0,11.32,12.803385470747738
2023-11-27,Smederevo,PM2.5,23.0,17.65,20.093932876609884
2023-11-28,Smederevo,PM2.5,19.0,14.75,15.700617498809812
2023-11-29,Smederevo,PM2.5,76.0,50.45,46.61542978585672
2023-11-30,Smederevo,PM2.5,23.0,35.15000000000001,18.7114648902284
2023-12-01,Smederevo,PM2.5,17.0,16.5,17.77438867570492
2023-12-02,Smederevo,PM2.5,31.0,15.75,18.729920783904262
2023-12-03,Smederevo,PM2.5,43.0,20.45,30.777366882819592
2023-12-04,Smederevo,PM2.5,36.0,46.0,33.47248308137417
2023-12-05,Smederevo,PM2.5,37.0,32.05,27.079921430638425
2023-12-06,Smederevo,PM2.5,65.0,30.7,40.084282417102045
2023-12-07,Smederevo,PM2.5,40.0,26.55,28.883356193402047
2023-12-08,Smederevo,PM2.5,108.0,52.75,66.9014235818862
2023-12-09,Smederevo,PM2.5,45.0,56.2,35.9252732360413
2023-12-10,Smederevo,PM2.5,55.0,40.05,35.81790083986236
2023-12-11,Smederevo,PM2.5,68.0,45.2,46.62649450135781
2023-12-12,Smederevo,PM2.5,40.0,49.25,30.46703866588126
2023-12-13,Smederevo,PM2.5,33.0,22.05,20.508438394121505
2023-12-14,Smederevo,PM2.5,42.0,21.65,30.98640531323511
2023-12-15,Smederevo,PM2.5,18.0,29.1,17.247744705158837
2023-12-16,Smederevo,PM2.5,83.0,38.7,60.19958974767625
2023-12-17,Smederevo,PM2.5,84.0,75.25,62.0129285569224
2023-12-18,Smederevo,PM2.5,103.0,98.9,72.64145778194226
2023-12-19,Smederevo,PM2.5,84.0,104.7,61.78327222015549
2023-12-20,Smederevo,PM2.5,50.0,67.75,39.125101891238735
2023-12-21,Smederevo,PM2.5,29.0,33.4,27.253697096067626
2023-12-22,Smederevo,PM2.5,24.0,16.1,18.23565130949732
2023-12-23,Smederevo,PM2.5,19.0,16.9,17.150113994836605
2023-12-24,Smederevo,PM2.5,61.0,50.6,44.811957025753394
2023-12-25,Smederevo,PM2.5,102.0,69.85,70.60795583418513
2023-12-26,Smederevo,PM2.5,61.0,79.15,50.02290505111798
2023-12-27,Smederevo,PM2.5,56.0,89.85,45.7032886354784
2023-12-28,Smederevo,PM2.5,103.0,59.75,72.14363986394132
2023-12-29,Smederevo,PM2.5,85.0,85.65,61.78327222015549
2023-12-30,Smederevo,PM2.5,83.0,91.95,61.81375221446138
2023-12-31,Smederevo,PM2.5,101.0,65.15,69.21497100710508
2023-08-09,Smederevo,PM2.5,8.0,11.3,10.797860046395437
2023-08-10,Smederevo,PM2.5,10.0,12.0,10.965731545248182
2023-08-11,Smederevo,PM2.5,8.0,13.9,10.548728091690585
2023-08-12,Smederevo,PM2.5,12.0,16.5,11.328514091217132
2023-08-13,Smederevo,PM2.5,16.0,16.5,13.310101748480026
2023-08-14,Smederevo,PM2.5,15.0,18.3,12.00790257252368
2024-01-01,Smederevo,PM2.5,82.0,38.6,51.87066434987808
2024-01-02,Smederevo,PM2.5,47.0,41.5,41.31783114225623
2024-01-03,Smederevo,PM2.5,43.0,38.95,27.63085673307461
2024-01-04,Smederevo,PM2.5,43.0,37.4,29.934582271248267
2024-01-05,Smederevo,PM2.5,24.0,40.5,22.373372181747392
2024-01-06,Smederevo,PM2.5,29.0,21.4,21.861192452857512
2024-01-07,Smederevo,PM2.5,22.0,24.15,17.315981013379016
2024-01-08,Smederevo,PM2.5,28.0,25.1,18.899744230989366
2024-01-09,Smederevo,PM2.5,39.0,34.05,31.047965202189506
2024-01-10,Smederevo,PM2.5,52.0,40.2,44.35557742875879
2024-01-11,Smederevo,PM2.5,73.0,58.75,56.731378208506186
2024-01-12,Smederevo,PM2.5,68.0,58.84999999999999,52.947455237722096
2024-01-13,Smederevo,PM2.5,64.0,51.3,49.80881371488243
2024-01-14,Smederevo,PM2.5,69.0,65.25,52.75675759232297
2024-01-15,Smederevo,PM2.5,18.0,43.7,18.643478890483863
2024-01-16,Smederevo,PM2.5,51.0,27.0,34.66671300478581
2024-01-17,Smederevo,PM2.5,38.0,25.65,24.038863677807083
2024-01-18,Smederevo,PM2.5,26.0,25.9,17.557308768137617
2024-01-19,Smederevo,PM2.5,33.0,20.8,21.8634915512396
2024-01-20,Smederevo,PM2.5,36.0,26.8,25.032442537058778
2024-01-21,Smederevo,PM2.5,106.0,71.25,72.87257305223146
2024-01-22,Smederevo,PM2.5,38.0,55.65,29.026599993228555
2024-01-23,Smederevo,PM2.5,96.0,89.8,62.685197714711066
2024-01-24,Smederevo,PM2.5,54.0,91.2,37.328524204287696
2024-01-25,Smederevo,PM2.5,15.0,16.55,14.489778789871206
2024-01-26,Smederevo,PM2.5,46.0,23.85,34.56668468595723
2024-01-27,Smederevo,PM2.5,18.0,16.35,14.824573650323138
2024-01-28,Smederevo,PM2.5,35.0,22.1,28.246976476211863
2024-01-29,Smederevo,PM2.5,106.0,56.8,72.41180144517539
2024-01-30,Smederevo,PM2.5,71.0,77.8,52.17583105601472
2024-01-31,Smederevo,PM2.5,119.0,77.65,74.25437033107137
2024-02-01,Smederevo,PM2.5,82.0,91.1,62.0129285569224
2024-02-02,Smederevo,PM2.5,39.0,32.59999999999999,26.183326931147032
2024-02-03,Smederevo,PM2.5,39.0,28.05,32.54484334931213
2024-02-04,Smederevo,PM2.5,63.0,23.25,45.89569925783621
2024-02-05,Smederevo,PM2.5,56.0,52.25,43.60294302741805
2024-02-06,Smederevo,PM2.5,70.0,63.65,53.43354803831198
2024-02-07,Smederevo,PM2.5,52.0,66.5,43.58395324705143
2024-02-08,Smederevo,PM2.5,38.0,48.05,33.07161485342884
2024-02-09,Smederevo,PM2.5,30.0,34.09999999999999,24.13195317991284
2024-02-10,Smederevo,PM2.5,31.0,20.5,20.325213662393654
2024-02-11,Smederevo,PM2.5,14.0,13.5,13.776142428332532
2024-02-12,Smederevo,PM2.5,19.0,15.2,17.105645539675344
2024-02-13,Smederevo,PM2.5,22.0,14.35,17.259075245740128
2024-02-14,Smederevo,PM2.5,50.0,23.05,35.71312475805747
2024-02-15,Smederevo,PM2.5,87.0,53.85,63.49541255348804
2024-02-16,Smederevo,PM2.5,74.0,58.59999999999999,55.22589204128735
2024-02-17,Smederevo,PM2.5,61.0,56.0,47.64330784240952
2024-02-18,Smederevo,PM2.5,75.0,42.35,54.29264440779054
2024-02-19,Smederevo,PM2.5,57.0,54.1,46.7202048935718
2024-02-20,Smederevo,PM2.5,34.0,53.8,27.00684462685467
2024-02-21,Smederevo,PM2.5,53.0,29.7,38.83474274093199
2024-02-22,Smederevo,PM2.5,35.0,29.1,26.569205826480506
2024-02-23,Smederevo,PM2.5,12.0,17.25,16.26718922894267
2024-02-24,Smederevo,PM2.5,36.0,23.45,23.05240773331841
2024-02-25,Smederevo,PM2.5,28.0,22.5,19.247000649635723
2024-02-26,Smederevo,PM2.5,33.0,21.35,23.98174998107553
2024-02-27,Smederevo,PM2.5,24.0,23.35,20.580393733364136
2024-02-28,Smederevo,PM2.5,29.0,20.1,21.861192452857512
2024-02-29,Smederevo,PM2.5,37.0,27.4,23.99434490122244
2024-03-01,Smederevo,PM2.5,32.0,18.85,20.783924124274893
2024-03-02,Smederevo,PM2.5,33.0,18.15,20.77484336163653
2024-03-03,Smederevo,PM2.5,31.0,21.6,20.461072896162744
2024-03-04,Smederevo,PM2.5,44.0,23.85,29.17345100921828
2024-03-05,Smederevo,PM2.5,23.0,32.59999999999999,21.142622145286985
2024-03-06,Smederevo,PM2.5,43.0,31.65,30.296610225062995
2024-03-07,Smederevo,PM2.5,28.0,18.5,19.003878274143613
2024-03-08,Smederevo,PM2.5,28.0,25.45,21.769615885738663
2024-03-09,Smederevo,PM2.5,31.0,29.15,19.851373574755883
2024-03-10,Smederevo,PM2.5,31.0,20.0,18.99698112602441
2024-03-11,Smederevo,PM2.5,13.0,21.95,13.645071225626763
2024-03-12,Smederevo,PM2.5,16.0,12.13,18.503915190338017
2024-03-13,Smederevo,PM2.5,41.0,19.4,26.744319787761142
2024-03-14,Smederevo,PM2.5,55.0,25.45,36.84671456379338
2024-03-15,Smederevo,PM2.5,50.0,48.15,38.12758343619358
2024-03-16,Smederevo,PM2.5,47.0,41.85,36.49831306819737
2024-03-17,Smederevo,PM2.5,15.0,29.8,17.327969855953565
2024-03-18,Smederevo,PM2.5,22.0,32.25,21.7515373442511
2024-03-19,Smederevo,PM2.5,35.0,16.6,24.89042483411034
2024-03-20,Smederevo,PM2.5,46.0,34.25,35.484528938102045
2024-03-21,Smederevo,PM2.5,60.0,47.40000000000001,45.17097919752979
2024-03-22,Smederevo,PM2.5,49.0,42.45,38.04750817800648
2024-03-23,Smederevo,PM2.5,19.0,28.9,20.05070153369922
2024-03-24,Smederevo,PM2.5,27.0,13.345,19.138465004808257
2024-03-25,Smederevo,PM2.5,35.0,23.95,23.29702338180697
2024-03-26,Smederevo,PM2.5,18.0,18.55,17.570995311621058
2024-03-27,Smederevo,PM2.5,28.0,14.45,18.11409813288924
2024-03-28,Smederevo,PM2.5,3.0,14.785,11.97550923995235
2024-03-29,Smederevo,PM2.5,10.0,14.195,16.805792501792315
2024-03-30,Smederevo,PM2.5,5.0,13.71,13.496652334861444
2024-03-31,Smederevo,PM2.5,8.0,16.55,14.24108758903915
2024-04-01,Smederevo,PM2.5,12.0,24.8,17.098656067225523
2024-04-02,Smederevo,PM2.5,2.0,8.485,11.276326595565765
2024-04-03,Smederevo,PM2.5,14.0,9.69,17.66047133301481
2024-04-04,Smederevo,PM2.5,5.0,13.31,13.164621832691076
2024-04-05,Smederevo,PM2.5,10.0,13.5,15.470955855177037
2024-04-06,Smederevo,PM2.5,12.0,16.65,16.53281873729538
2024-04-07,Smederevo,PM2.5,7.0,13.445,14.83711293494359
2024-04-08,Smederevo,PM2.5,6.0,7.855,11.935846302541403
2024-04-09,Smederevo,PM2.5,10.0,9.185,13.003183903694008
2024-04-10,Smederevo,PM2.5,11.0,11.725,14.519135159883843
2024-04-11,Smederevo,PM2.5,19.0,16.25,18.317340691810443
2024-04-12,Smederevo,PM2.5,17.0,20.35,17.472988690213157
2024-04-13,Smederevo,PM2.5,11.0,18.0,16.334017040692704
2024-04-14,Smederevo,PM2.5,13.0,16.95,17.077926928655067
2024-04-15,Smederevo,PM2.5,11.0,16.05,14.519135159883843
2024-04-16,Smederevo,PM2.5,9.0,16.3,10.28099377591729
2024-04-17,Smederevo,PM2.5,15.0,6.98,12.290628374705337
2024-04-18,Smederevo,PM2.5,31.0,18.2,16.905055684272522
2024-04-19,Smederevo,PM2.5,37.0,25.7,24.47273917228609
2024-04-20,Smederevo,PM2.5,14.0,21.7,14.849592612730458
2024-04-21,Smederevo,PM2.5,13.0,11.61,12.18054621420995
2024-04-22,Smederevo,PM2.5,31.0,18.35,18.678622874148203
2024-04-23,Smederevo,PM2.5,8.0,13.6,9.005304699433507
2024-04-24,Smederevo,PM2.5,24.0,17.2,17.16932934073917
2024-04-25,Smederevo,PM2.5,38.0,23.95,26.38050352625617
2024-04-26,Smederevo,PM2.5,27.0,30.0,18.62728273629356
2024-04-27,Smederevo,PM2.5,16.0,19.55,14.689152035027538
2024-04-28,Smederevo,PM2.5,15.0,13.99,12.448181371781104
2024-04-29,Smederevo,PM2.5,8.0,13.05,10.401484719866357
2024-04-30,Smederevo,PM2.5,5.0,9.095,8.736978084135636
2024-05-01,Smederevo,PM2.5,5.0,5.72,6.931829880887143
2024-05-02,Smederevo,PM2.5,5.0,7.83,6.931829880887143
2024-05-03,Smederevo,PM2.5,15.0,12.185,11.878898711774246
2024-05-04,Smederevo,PM2.5,17.0,15.2,12.777423494648856
2024-05-06,Smederevo,PM2.5,14.0,13.26,12.660658323774475
2024-05-07,Smederevo,PM2.5,10.0,11.95,10.89562498475926
2024-05-08,Smederevo,PM2.5,14.0,14.5,12.443061882178297
2024-05-09,Smederevo,PM2.5,3.0,7.95,8.990850426006983
2024-05-10,Smederevo,PM2.5,8.0,7.819999999999999,9.404368067016671
2024-05-11,Smederevo,PM2.5,9.0,12.225,10.869950412079614
2024-05-12,Smederevo,PM2.5,12.0,13.96,11.89056720777724
2024-05-13,Smederevo,PM2.5,21.0,12.95,15.357132871915574
2024-05-14,Smederevo,PM2.5,17.0,10.65,13.404092427740531
2024-05-15,Smederevo,PM2.5,6.0,7.705,7.199228363165955
2024-05-16,Smederevo,PM2.5,4.0,7.16,6.931829880887143
2024-05-17,Smederevo,PM2.5,14.0,9.35,9.61971616050288
2024-05-18,Smederevo,PM2.5,15.0,10.585,11.97440323764449
2024-05-19,Smederevo,PM2.5,11.0,10.665,9.842306926458338
2024-05-20,Smederevo,PM2.5,13.0,9.855,10.123054553017344
2024-05-21,Smederevo,PM2.5,6.0,10.57,7.199228363165955
2024-05-22,Smederevo,PM2.5,7.0,10.915,8.85787880383756
2024-05-23,Smederevo,PM2.5,13.0,5.65,11.969896361811053
2024-05-24,Smederevo,PM2.5,9.0,12.955,11.12486193265478
2024-05-25,Smederevo,PM2.5,6.0,11.245,8.07580242331948
2024-05-26,Smederevo,PM2.5,8.0,8.055,8.729853794817057
2024-05-27,Smederevo,PM2.5,7.0,11.395,10.199030703446011
2024-05-28,Smederevo,PM2.5,9.0,9.35,10.31254788694122
2024-05-29,Smederevo,PM2.5,7.0,9.64,9.20320738957298
2024-05-30,Smederevo,PM2.5,9.0,12.175,10.785808555278445
2024-05-31,Smederevo,PM2.5,6.0,10.56,7.985202777604475
2024-06-01,Smederevo,PM2.5,6.0,8.435,8.373206118989165
2024-06-02,Smederevo,PM2.5,4.0,8.6,9.418425854663525
2024-06-03,Smederevo,PM2.5,3.0,7.44,9.28181849932276
2024-06-04,Smederevo,PM2.5,7.0,5.930000000000001,10.20036806929522
2024-06-05,Smederevo,PM2.5,13.0,10.1,12.346882950914054
2024-06-06,Smederevo,PM2.5,12.0,12.125,11.948667977435326
2024-06-07,Smederevo,PM2.5,12.0,10.94,11.737560884378318
2024-06-08,Smederevo,PM2.5,16.0,12.86,13.310101748480026
2024-06-09,Smederevo,PM2.5,17.0,15.91,12.9441351652939
2024-06-10,Smederevo,PM2.5,9.0,13.51,9.44114518245528
2024-06-11,Smederevo,PM2.5,8.0,10.165,10.205100025580585
2024-06-12,Smederevo,PM2.5,21.0,11.43,15.023219675103585
2024-06-13,Smederevo,PM2.5,14.0,14.25,11.845044573029435
2024-06-14,Smederevo,PM2.5,7.0,8.645,8.879995437722718
2024-06-15,Smederevo,PM2.5,12.0,11.345,11.885916616355528
2024-06-16,Smederevo,PM2.5,16.0,11.24,13.310101748480026
2024-06-17,Smederevo,PM2.5,13.0,12.2,12.197064704840606
2024-06-18,Smederevo,PM2.5,20.0,13.895,14.595855705296223
2024-06-19,Smederevo,PM2.5,29.0,16.5,17.497687799756537
2024-06-20,Smederevo,PM2.5,16.0,18.45,13.310101748480026
2024-06-21,Smederevo,PM2.5,14.0,13.48,11.650714231783708
2024-06-22,Smederevo,PM2.5,11.0,15.07,10.415485311547991
2024-06-23,Smederevo,PM2.5,5.0,14.495,9.481177215743324
2024-06-24,Smederevo,PM2.5,7.0,10.29,10.446150127759164
2024-06-25,Smederevo,PM2.5,10.0,9.95,10.67569800225999
2024-06-26,Smederevo,PM2.5,3.0,10.67,7.627549333006542
2024-06-27,Smederevo,PM2.5,8.0,6.805,9.006656902213269
2024-06-28,Smederevo,PM2.5,19.0,10.735,14.326689079775315
2024-06-29,Smederevo,PM2.5,12.0,15.69,11.948667977435326
2024-06-30,Smederevo,PM2.5,13.0,10.695,10.733388391365962
2024-07-01,Smederevo,PM2.5,5.0,11.48,9.236805633922334
2024-07-02,Smederevo,PM2.5,9.0,9.96,9.288967861280714
2024-07-03,Smederevo,PM2.5,12.0,7.635,10.428497489388924
2024-07-04,Smederevo,PM2.5,11.0,11.525,11.507897540683803
2024-07-05,Smederevo,PM2.5,11.0,6.300000000000001,11.582958634846614
2024-07-06,Smederevo,PM2.5,10.0,9.175,9.1706167649589
2024-07-07,Smederevo,PM2.5,15.0,10.675,11.034591332881076
2024-07-08,Smederevo,PM2.5,15.0,13.515,11.826282351782492
2024-07-09,Smederevo,PM2.5,36.0,16.05,21.269660972290666
2024-07-10,Smederevo,PM2.5,40.0,17.5,20.39843060473464
2024-07-11,Smederevo,PM2.5,23.0,16.5,14.933619184819747
2024-07-12,Smederevo,PM2.5,18.0,13.84,11.92906918602249
2024-07-13,Smederevo,PM2.5,21.0,14.38,14.028235489023944
2024-07-14,Smederevo,PM2.5,18.0,14.03,13.025779054485568
2024-07-15,Smederevo,PM2.5,34.0,16.75,19.604321522232247
2024-07-16,Smederevo,PM2.5,31.0,17.9,17.62414893763412
2024-07-17,Smederevo,PM2.5,49.0,16.55,24.19498436396395
2024-07-18,Smederevo,PM2.5,19.0,16.2,13.752819022085264
2024-07-19,Smederevo,PM2.5,12.0,11.63,11.704296395614335
2024-07-20,Smederevo,PM2.5,37.0,12.625,20.55608918044352
2024-07-21,Smederevo,PM2.5,19.0,17.65,14.211858279753608
2024-07-22,Smederevo,PM2.5,15.0,11.98,12.456979514735284
2024-07-23,Smederevo,PM2.5,23.0,12.045,15.776980640010136
2024-07-24,Smederevo,PM2.5,3.0,10.645,8.939292118790759
2024-07-25,Smederevo,PM2.5,7.0,5.12,8.62508057916713
2024-07-26,Smederevo,PM2.5,8.0,8.195,9.77958569986774
2024-07-27,Smederevo,PM2.5,18.0,9.62,13.829909878286877
2024-07-28,Smederevo,PM2.5,6.0,9.325,9.095157323039958
2024-07-29,Smederevo,PM2.5,3.0,4.535,7.383177751185554
2024-07-30,Smederevo,PM2.5,6.0,5.975000000000001,8.848429024377046
2024-07-31,Smederevo,PM2.5,9.0,8.405,10.460262773776693
2024-08-01,Smederevo,PM2.5,8.0,11.055,10.370252713770116
2024-08-02,Smederevo,PM2.5,43.0,13.015,21.19474173953198
2024-08-03,Smederevo,PM2.5,11.0,10.865,10.437109513073432
2024-08-04,Smederevo,PM2.5,6.0,6.2,8.485086524879732
2024-08-05,Smederevo,PM2.5,33.0,8.99,19.74369901795068
2024-08-06,Smederevo,PM2.5,6.0,6.21,8.485086524879732
2024-08-07,Smederevo,PM2.5,7.0,7.125,10.11931901786149
2024-08-08,Smederevo,PM2.5,34.0,7.365,19.762062101748256
2024-08-09,Smederevo,PM2.5,12.0,6.29,10.536823072315716
2024-08-10,Smederevo,PM2.5,19.0,6.38,13.934439242826452
2024-08-11,Smederevo,PM2.5,46.0,9.165,28.0341698925307
2024-08-12,Smederevo,PM2.5,33.0,10.18,20.470678846592214
2024-08-13,Smederevo,PM2.5,11.0,12.1,11.764578855587803
2024-08-14,Smederevo,PM2.5,31.0,13.0,17.35737390389803
2024-08-15,Smederevo,PM2.5,48.0,14.4,29.383194078107284
2024-08-16,Smederevo,PM2.5,38.0,17.85,22.42680738028553
2024-08-17,Smederevo,PM2.5,28.0,16.15,17.57515173559148
2024-08-18,Smederevo,PM2.5,28.0,12.55,15.795789826864562
2024-08-19,Smederevo,PM2.5,25.0,14.15,16.905116269070614
2024-08-20,Smederevo,PM2.5,49.0,12.65,27.04048967754416
2024-08-21,Smederevo,PM2.5,37.0,13.05,21.770719347786265
2024-08-22,Smederevo,PM2.5,29.0,11.55,16.374413923528884
2024-08-23,Smederevo,PM2.5,21.0,12.8,15.143903908131854
2024-08-24,Smederevo,PM2.5,25.0,13.25,16.294353016098103
2024-08-25,Smederevo,PM2.5,45.0,16.15,24.13582288898013
2024-08-26,Smederevo,PM2.5,65.0,20.3,40.340175221301465
2024-08-27,Smederevo,PM2.5,32.0,19.65,19.74369901795068
2024-08-28,Smederevo,PM2.5,48.0,16.6,27.449536470705336
2024-08-29,Smederevo,PM2.5,15.0,16.35,12.00790257252368
2024-08-30,Smederevo,PM2.5,47.0,13.6,29.03251367767023
2024-08-31,Smederevo,PM2.5,32.0,18.05,19.913276321453832
2024-09-01,Smederevo,PM2.5,21.0,18.9,15.72475148937999
2024-09-02,Smederevo,PM2.5,17.0,20.15,14.359593564649227
2024-09-03,Smederevo,PM2.5,22.0,21.7,15.72475148937999
2024-09-04,Smederevo,PM2.5,30.0,25.4,18.794050654048142
2024-09-05,Smederevo,PM2.5,116.0,23.75,58.7143888287908
2024-09-06,Smederevo,PM2.5,15.0,22.85,11.819450547737093
2024-09-07,Smederevo,PM2.5,19.0,15.25,13.219061466476203
2024-09-08,Smederevo,PM2.5,44.0,14.8,26.68553809030399
2024-09-09,Smederevo,PM2.5,56.0,13.9,33.51694689314162
2024-09-10,Smederevo,PM2.5,31.0,18.5,17.749867268060317
2024-09-11,Smederevo,PM2.5,16.0,15.75,13.413528012492124
2024-09-12,Smederevo,PM2.5,8.0,14.5,10.690409233834274
2024-09-13,Smederevo,PM2.5,3.0,8.86,7.860950899923381
2024-09-14,Smederevo,PM2.5,4.0,3.995,9.00843171116506
2024-09-15,Smederevo,PM2.5,7.0,7.1,8.57033920267452
2024-09-16,Smederevo,PM2.5,19.0,10.99,14.229139419706698
2024-09-17,Smederevo,PM2.5,11.0,10.03,12.75019721339156
2024-09-18,Smederevo,PM2.5,33.0,17.1,20.487469457996493
2024-09-19,Smederevo,PM2.5,5.0,17.5,9.358336797865572
2024-09-20,Smederevo,PM2.5,13.0,14.8,11.00988877424937
2024-09-21,Smederevo,PM2.5,19.0,29.4,14.663642556051798
2024-09-22,Smederevo,PM2.5,24.0,25.6,17.02355632932345
2024-09-23,Smederevo,PM2.5,22.0,26.85,14.95851635547883
2024-09-24,Smederevo,PM2.5,12.0,18.6,10.479619036667687
2024-09-25,Smederevo,PM2.5,17.0,21.2,13.8031133482831
2024-09-26,Smederevo,PM2.5,11.0,21.6,11.68965134501184
2024-09-27,Smederevo,PM2.5,8.0,12.9,9.698531074600616
2024-09-28,Smederevo,PM2.5,6.0,13.95,8.770135328500274
2024-09-29,Smederevo,PM2.5,6.0,7.155,7.395388883901486
2024-09-30,Smederevo,PM2.5,10.0,6.46,10.069439859786046
2024-10-01,Smederevo,PM2.5,14.0,16.85,14.90103222485376
2024-10-02,Smederevo,PM2.5,10.0,15.6,11.953258364306976
2024-10-03,Smederevo,PM2.5,13.0,14.15,11.576718697977714
2024-10-04,Smederevo,PM2.5,18.0,13.7,12.96818999037014
2024-10-05,Smederevo,PM2.5,27.0,16.9,18.78812217374007
2024-10-06,Smederevo,PM2.5,22.0,19.55,17.489317333796627
2024-10-07,Smederevo,PM2.5,20.0,31.7,18.09654691912532
2024-10-08,Smederevo,PM2.5,8.0,17.45,10.917459069307975
2024-10-09,Smederevo,PM2.5,27.0,12.48,16.9004072362273
2024-10-10,Smederevo,PM2.5,19.0,13.95,15.343395321867453
2024-10-11,Smederevo,PM2.5,11.0,14.3,12.907275474359352
2024-10-12,Smederevo,PM2.5,27.0,15.75,19.14914693491285
2024-10-13,Smederevo,PM2.5,19.0,32.35,17.68541270919211
2024-10-14,Smederevo,PM2.5,11.0,18.55,13.874753508313484
2024-10-15,Smederevo,PM2.5,19.0,18.7,18.55406344060396
2024-10-16,Smederevo,PM2.5,44.0,26.25,32.99204875701528
2024-10-17,Smederevo,PM2.5,13.0,25.9,15.341012150004047
2024-10-18,Smederevo,PM2.5,8.0,13.35,12.750281567602356
2024-10-19,Smederevo,PM2.5,7.0,11.35,12.499347871693727
2024-10-20,Smederevo,PM2.5,32.0,16.6,23.415031745071374
2024-10-21,Smederevo,PM2.5,48.0,44.5,34.62227212897068
2024-10-22,Smederevo,PM2.5,30.0,56.85,22.407001685044737
2024-10-23,Smederevo,PM2.5,46.0,55.2,35.56935371997239
2024-10-24,Smederevo,PM2.5,37.0,44.5,27.47548638675236
2024-10-25,Smederevo,PM2.5,46.0,38.25,33.36906440449236
2024-10-26,Smederevo,PM2.5,32.0,37.05,23.629329094439324
2024-10-27,Smederevo,PM2.5,36.0,41.2,25.7857048815062
2024-10-28,Smederevo,PM2.5,43.0,42.05,31.738769846577377
2024-10-29,Smederevo,PM2.5,94.0,54.0,61.121890718335095
2024-10-30,Smederevo,PM2.5,61.0,65.3,45.92635208177876
2024-10-31,Smederevo,PM2.5,35.0,54.34999999999999,27.62816811598772
2024-11-01,Smederevo,PM2.5,33.0,49.59999999999999,28.021749047935465
2024-11-02,Smederevo,PM2.5,38.0,35.5,25.688606217476934
2024-11-03,Smederevo,PM2.5,63.0,55.5,47.52463162562905
2024-11-04,Smederevo,PM2.5,50.0,64.4,38.14970438307955
2024-11-05,Smederevo,PM2.5,41.0,50.7,30.689683808700483
2024-11-06,Smederevo,PM2.5,67.0,86.65,49.28407026375372
2024-11-07,Smederevo,PM2.5,41.0,69.9,30.689683808700483
2024-11-08,Smederevo,PM2.5,121.0,72.65,71.14349820553191
2024-11-09,Smederevo,PM2.5,96.0,111.3,67.78552528600086
2024-11-10,Smederevo,PM2.5,74.0,79.2,51.4694208238062
2024-11-11,Smederevo,PM2.5,44.0,57.2,32.30386447729937
2024-11-12,Smederevo,PM2.5,45.0,40.59999999999999,32.94637180727884
2024-11-13,Smederevo,PM2.5,43.0,42.3,33.697740429646146
2024-11-14,Smederevo,PM2.5,32.0,33.2,26.57776913613577
2024-11-15,Smederevo,PM2.5,48.0,32.25,37.61592120824706
2024-11-16,Smederevo,PM2.5,58.0,73.4,46.463917610232286
2024-11-17,Smederevo,PM2.5,79.0,78.5,53.66927624433177
2024-11-18,Smederevo,PM2.5,76.0,106.5,53.48095300508233
2024-11-19,Smederevo,PM2.5,29.0,65.65,20.383256506226363
2024-11-20,Smederevo,PM2.5,14.0,17.25,13.922170058493158
2024-11-21,Smederevo,PM2.5,11.0,17.6,14.094829015799396
2024-11-22,Smederevo,PM2.5,15.0,10.87,13.774080828507032
2024-11-23,Smederevo,PM2.5,39.0,19.95,26.23871417895877
2024-11-24,Smederevo,PM2.5,57.0,43.4,42.0409205992698
2024-11-25,Smederevo,PM2.5,41.0,47.5,29.517717576932867
2024-11-26,Smederevo,PM2.5,48.0,48.85,35.196279610527874
2024-11-27,Smederevo,PM2.5,67.0,65.25,51.51036884354437
2024-11-28,Smederevo,PM2.5,17.0,60.09999999999999,18.513591824944967
2024-11-29,Smederevo,PM2.5,41.0,17.15,26.894641255393736
2024-11-30,Smederevo,PM2.5,44.0,39.25,30.410001473294137
2024-12-01,Smederevo,PM2.5,26.0,21.8,21.958260700736
2024-12-02,Smederevo,PM2.5,46.0,26.75,31.81082231844471
2024-12-03,Smederevo,PM2.5,68.0,49.5,50.43350787341023
2024-12-04,Smederevo,PM2.5,65.0,50.45,51.965624272207485
2024-12-05,Smederevo,PM2.5,22.0,42.1,22.2013833926397
2024-12-06,Smederevo,PM2.5,31.0,20.7,20.280416422254746
2024-12-07,Smederevo,PM2.5,61.0,46.3,43.88387689275172
2024-12-08,Smederevo,PM2.5,11.0,27.8,14.24467558126208
2024-12-09,Smederevo,PM2.5,59.0,37.95,38.837735607267184
2024-12-10,Smederevo,PM2.5,35.0,38.05,31.95437742209384
2024-12-11,Smederevo,PM2.5,31.0,33.05,26.32051838695788
2024-12-12,Smederevo,PM2.5,59.0,37.65,41.580043268045735
2024-12-13,Smederevo,PM2.5,82.0,50.5,62.0129285569224
2024-12-14,Smederevo,PM2.5,57.0,40.1,34.333169803147875
2024-12-15,Smederevo,PM2.5,41.0,36.75,27.92060705639616
2024-12-16,Smederevo,PM2.5,39.0,44.34999999999999,31.140814252551213
2024-12-17,Smederevo,PM2.5,54.0,51.59999999999999,39.66344619927184
2024-12-18,Smederevo,PM2.5,114.0,82.9,73.06570973956939
2024-12-19,Smederevo,PM2.5,121.0,97.55,76.23961994136997
2024-12-20,Smederevo,PM2.5,23.0,64.3,22.373372181747392
2024-12-21,Smederevo,PM2.5,40.0,16.3,23.629340130114286
2024-12-22,Smederevo,PM2.5,45.0,40.90000000000001,35.9252732360413
2024-12-23,Smederevo,PM2.5,30.0,29.55,18.93083702221472
2024-12-24,Smederevo,PM2.5,42.0,24.55,25.7274807730698
2024-12-25,Smederevo,PM2.5,31.0,23.55,20.59069281009101
2024-12-26,Smederevo,PM2.5,51.0,25.9,37.60054211571346
2024-12-27,Smederevo,PM2.5,55.0,42.85,40.905191603326365
2024-12-28,Smederevo,PM2.5,128.0,79.0,78.52838963530387
2024-12-29,Smederevo,PM2.5,151.0,120.5,92.6406496154607
2024-12-30,Smederevo,PM2.5,78.0,114.0,56.52947255684652
2024-12-31,Smederevo,PM2.5,100.0,81.25,71.48908142340721
2021-12-01,Užice,PM2.5,176.0,31.3,95.57861551272404
2021-12-02,Užice,PM2.5,95.0,65.6,55.78978688108181
2021-12-03,Užice,PM2.5,77.0,22.5,49.6740439972722
2021-12-04,Užice,PM2.5,70.0,49.6,48.42866794143559
2021-12-05,Užice,PM2.5,169.0,89.1,90.32102323954793
2021-12-06,Užice,PM2.5,63.0,34.3,43.93297362909197
2021-12-07,Užice,PM2.5,38.0,21.4,28.332664270061763
2021-12-08,Užice,PM2.5,123.0,57.6,77.10025868611513
2021-12-09,Užice,PM2.5,254.0,129.0,110.1138763503761
2021-12-10,Užice,PM2.5,78.0,63.1,50.617492283232885
2021-12-11,Užice,PM2.5,103.0,37.6,65.72667222816773
2021-12-12,Užice,PM2.5,30.0,12.3,20.17326386382982
2021-12-13,Užice,PM2.5,44.0,26.6,32.94061966642674
2021-12-14,Užice,PM2.5,71.0,46.4,54.288094492269096
2021-12-15,Užice,PM2.5,114.0,57.7,74.67241180554333
2021-12-16,Užice,PM2.5,58.0,37.7,42.53285505618933
2021-12-17,Užice,PM2.5,50.0,26.5,31.604451202306254
2021-12-18,Užice,PM2.5,45.0,22.5,31.038857661634815
2021-12-19,Užice,PM2.5,51.0,35.5,36.54984126593839
2021-12-20,Užice,PM2.5,53.0,43.7,35.2451146897535
2021-12-21,Užice,PM2.5,50.0,38.8,37.374358512559255
2021-12-22,Užice,PM2.5,108.0,73.7,74.96395871501272
2021-12-23,Užice,PM2.5,218.0,122.0,115.95909936058725
2021-12-24,Užice,PM2.5,130.0,94.2,70.72971084931746
2021-12-25,Užice,PM2.5,146.0,75.0,73.45370894983559
2021-12-26,Užice,PM2.5,200.0,97.7,98.2977477453616
2021-12-27,Užice,PM2.5,60.0,41.1,41.97299720217379
2021-12-28,Užice,PM2.5,95.0,67.4,66.7448598579982
2021-12-29,Užice,PM2.5,158.0,101.0,91.1061287046236
2021-12-30,Užice,PM2.5,44.0,67.9,33.50047752044228
2022-01-04,Užice,PM2.5,39.0,48.0,29.55831681386373
2022-01-05,Užice,PM2.5,97.0,57.2,63.99719192439432
2022-01-06,Užice,PM2.5,63.0,39.9,44.77448255033767
2022-01-07,Užice,PM2.5,62.0,43.4,45.334340404353206
2022-01-08,Užice,PM2.5,75.0,51.3,50.17020564322247
2022-01-09,Užice,PM2.5,80.0,59.7,54.02564766891543
2022-01-10,Užice,PM2.5,55.0,31.3,40.14853600188686
2022-01-11,Užice,PM2.5,60.0,28.4,42.43797114329346
2022-01-12,Užice,PM2.5,69.0,45.1,48.958484799547925
2022-01-13,Užice,PM2.5,69.0,55.9,56.079490086618215
2022-01-14,Užice,PM2.5,56.0,45.7,46.08921037953984
2022-01-15,Užice,PM2.5,83.0,60.5,56.74602467358819
2022-01-16,Užice,PM2.5,179.0,88.2,106.2311015325768
2022-01-17,Užice,PM2.5,137.0,94.7,81.57232697668886
2022-01-18,Užice,PM2.5,58.0,37.8,37.57765853635704
2022-01-19,Užice,PM2.5,86.0,59.3,63.995782962877165
2022-01-20,Užice,PM2.5,102.0,64.3,63.50185713338016
2022-01-21,Užice,PM2.5,56.0,36.1,38.79217680333882
2022-01-22,Užice,PM2.5,42.0,25.2,28.12265223954997
2022-01-23,Užice,PM2.5,40.0,24.4,27.7272285566674
2022-01-24,Užice,PM2.5,57.0,41.1,39.36237655225957
2022-01-25,Užice,PM2.5,75.0,64.8,57.1584805269639
2022-01-26,Užice,PM2.5,80.0,61.0,52.9077639279313
2022-01-27,Užice,PM2.5,97.0,66.0,65.53503288672721
2022-01-28,Užice,PM2.5,138.0,99.9,81.38722941028777
2022-01-29,Užice,PM2.5,48.0,31.4,34.10414896483249
2022-01-30,Užice,PM2.5,47.0,43.7,34.36233682500827
2022-01-31,Užice,PM2.5,91.0,62.6,58.119578309111006
2022-02-01,Užice,PM2.5,52.0,28.6,35.94450264612714
2022-02-02,Užice,PM2.5,41.0,29.4,31.091229431797974
2022-02-03,Užice,PM2.5,42.0,27.0,26.16175672089052
2022-02-04,Užice,PM2.5,84.0,61.6,62.73514779290853
2022-02-05,Užice,PM2.5,176.0,111.0,99.19481233444196
2022-02-06,Užice,PM2.5,160.0,87.2,92.60642266553084
2022-02-07,Užice,PM2.5,100.0,69.0,57.57771673182484
2022-02-08,Užice,PM2.5,31.0,20.9,19.261103869288355
2022-02-09,Užice,PM2.5,64.0,36.5,45.334340404353206
2022-02-10,Užice,PM2.5,128.0,93.3,77.07453487719029
2022-02-11,Užice,PM2.5,110.0,84.3,74.18676112781304
2022-02-12,Užice,PM2.5,46.0,33.5,35.28520809584174
2022-02-13,Užice,PM2.5,96.0,65.8,70.59354566593319
2022-02-14,Užice,PM2.5,157.0,90.0,96.26142071755336
2022-02-15,Užice,PM2.5,126.0,68.3,73.72380653604114
2022-02-16,Užice,PM2.5,74.0,47.2,49.38613111473801
2022-02-17,Užice,PM2.5,36.0,33.2,30.221400013215327
2022-02-18,Užice,PM2.5,58.0,42.4,42.48444604413958
2022-02-19,Užice,PM2.5,70.0,51.3,53.802443814538805
2022-02-20,Užice,PM2.5,69.0,32.8,47.485219655474886
2022-02-21,Užice,PM2.5,69.0,40.8,51.25501118080924
2022-02-22,Užice,PM2.5,44.0,16.0,31.244067980329337
2022-02-23,Užice,PM2.5,52.0,16.1,36.88060241689063
2022-02-24,Užice,PM2.5,51.0,20.7,41.76433406548121
2022-02-25,Užice,PM2.5,42.0,12.1,34.591366342199976
2022-02-26,Užice,PM2.5,43.0,2.11,30.56679177776477
2022-02-27,Užice,PM2.5,48.0,2.18,29.08754117831878
2022-02-28,Užice,PM2.5,48.0,2.58,35.65376979143425
2022-03-02,Užice,PM2.5,64.0,64.0,47.83111779256768
2022-03-03,Užice,PM2.5,60.0,51.1,46.21769131604452
2022-03-04,Užice,PM2.5,64.0,61.1,48.63182609373087
2022-03-05,Užice,PM2.5,59.0,56.6,39.79479347067104
2022-03-06,Užice,PM2.5,46.0,31.6,31.815676515087297
2022-03-07,Užice,PM2.5,60.0,38.6,40.30956872809213
2022-03-08,Užice,PM2.5,60.0,37.9,40.018573757598254
2022-03-09,Užice,PM2.5,52.0,34.5,36.02077108319005
2022-03-10,Užice,PM2.5,46.0,35.6,31.815676515087297
2022-03-11,Užice,PM2.5,47.0,44.4,35.08315182178729
2022-03-12,Užice,PM2.5,60.0,52.3,46.748451740425
2022-03-13,Užice,PM2.5,73.0,59.0,53.627541218033926
2022-03-14,Užice,PM2.5,68.0,74.7,50.30614470336838
2022-03-15,Užice,PM2.5,75.0,71.5,52.207056162631496
2022-03-16,Užice,PM2.5,52.0,56.0,36.46335089118386
2022-03-17,Užice,PM2.5,55.0,48.0,38.579991440701065
2022-03-18,Užice,PM2.5,60.0,49.5,43.93083204668899
2022-03-19,Užice,PM2.5,51.0,39.7,38.65538552478829
2022-03-20,Užice,PM2.5,58.0,40.9,43.65568442821844
2022-03-21,Užice,PM2.5,66.0,56.6,50.30614470336838
2022-03-22,Užice,PM2.5,59.0,66.0,44.95705614607588
2022-03-23,Užice,PM2.5,54.0,56.3,40.306456445090014
2022-03-24,Užice,PM2.5,41.0,49.3,31.48241780150706
2022-03-25,Užice,PM2.5,37.0,42.1,29.63416029732713
2022-03-26,Užice,PM2.5,36.0,40.5,29.65988410625198
2022-03-27,Užice,PM2.5,39.0,35.8,30.870505103223067
2022-03-28,Užice,PM2.5,42.0,46.2,31.48241780150706
2022-03-29,Užice,PM2.5,49.0,52.1,33.61914312211583
2022-03-30,Užice,PM2.5,29.0,46.7,20.33795518288464
2022-03-31,Užice,PM2.5,22.0,38.3,17.050518972790314
2022-04-01,Užice,PM2.5,16.0,28.4,16.330162796112973
2022-04-02,Užice,PM2.5,17.0,19.1,16.662505377667966
2022-04-03,Užice,PM2.5,35.0,33.1,24.50590368012149
2022-04-04,Užice,PM2.5,46.0,48.1,34.79064139024607
2022-04-05,Užice,PM2.5,35.0,54.7,26.171272951593416
2022-04-06,Užice,PM2.5,21.0,49.3,19.623565856095464
2022-04-07,Užice,PM2.5,20.0,38.2,18.607570044921324
2022-04-08,Užice,PM2.5,5.0,13.8,14.161501260395228
2022-04-09,Užice,PM2.5,13.0,18.6,14.509135878067983
2022-04-10,Užice,PM2.5,27.0,18.4,19.1179436803765
2022-04-11,Užice,PM2.5,25.0,32.8,21.05726052581632
2022-04-12,Užice,PM2.5,31.0,41.8,24.02245182017545
2022-04-13,Užice,PM2.5,22.0,34.0,20.635631253193875
2022-04-14,Užice,PM2.5,24.0,38.1,21.82303034659021
2022-04-15,Užice,PM2.5,23.0,36.9,21.17563368048097
2022-04-16,Užice,PM2.5,30.0,33.1,19.02412866960057
2022-04-17,Užice,PM2.5,12.0,17.9,10.992974292694315
2022-04-18,Užice,PM2.5,18.0,19.5,14.632148835305587
2022-04-19,Užice,PM2.5,22.0,27.7,16.603345299306632
2022-04-20,Užice,PM2.5,36.0,36.0,23.17024334170384
2022-04-21,Užice,PM2.5,59.0,54.4,38.80245507123104
2022-04-22,Užice,PM2.5,27.0,42.1,16.201398193094356
2022-04-23,Užice,PM2.5,17.0,17.7,15.258320808379636
2022-04-24,Užice,PM2.5,12.0,25.6,12.120889258178783
2022-04-25,Užice,PM2.5,9.0,17.6,11.45497131824653
2022-04-26,Užice,PM2.5,16.0,18.1,14.546883612907925
2022-04-27,Užice,PM2.5,12.0,18.8,13.204625671000096
2022-04-28,Užice,PM2.5,21.0,23.3,15.912830285269942
2022-04-29,Užice,PM2.5,28.0,30.7,18.354910860694368
2022-04-30,Užice,PM2.5,23.0,31.7,18.26849710252368
2022-05-01,Užice,PM2.5,23.0,24.7,15.622032742542762
2022-05-02,Užice,PM2.5,21.0,26.3,14.28560081901358
2022-05-03,Užice,PM2.5,21.0,30.2,14.454705394503671
2022-05-04,Užice,PM2.5,18.0,28.4,14.501493400459587
2022-05-05,Užice,PM2.5,25.0,34.0,16.02790727025256
2022-05-06,Užice,PM2.5,27.0,32.6,16.01915492080613
2022-05-07,Užice,PM2.5,24.0,32.3,15.973306658404212
2022-05-08,Užice,PM2.5,15.0,25.9,12.242399081710737
2022-05-09,Užice,PM2.5,11.0,24.5,11.543197233974588
2022-05-10,Užice,PM2.5,17.0,27.2,13.1163890720125
2022-05-11,Užice,PM2.5,15.0,24.6,12.505038461806626
2022-05-12,Užice,PM2.5,15.0,25.1,12.505038461806626
2022-05-13,Užice,PM2.5,18.0,27.8,13.707782883222322
2022-05-14,Užice,PM2.5,12.0,22.5,11.40229760432374
2022-05-15,Užice,PM2.5,8.0,17.2,10.536028501851415
2022-05-16,Užice,PM2.5,10.0,18.1,10.816041413087472
2022-05-17,Užice,PM2.5,14.0,23.5,11.639087793325093
2022-05-18,Užice,PM2.5,8.0,18.5,8.948572857240512
2022-05-19,Užice,PM2.5,5.0,13.6,10.461735424008104
2022-05-20,Užice,PM2.5,6.0,16.1,10.315421572880073
2022-05-21,Užice,PM2.5,9.0,19.1,10.325394491456583
2022-05-22,Užice,PM2.5,10.0,18.7,10.55340203299158
2022-05-23,Užice,PM2.5,12.0,24.4,11.373420801400243
2022-05-24,Užice,PM2.5,13.0,24.7,11.924928420800466
2022-05-25,Užice,PM2.5,10.0,27.5,10.335888445451738
2022-05-26,Užice,PM2.5,11.0,22.4,11.280557853878696
2022-05-27,Užice,PM2.5,12.0,21.6,11.40229760432374
2022-05-28,Užice,PM2.5,12.0,22.2,11.233193028833648
2022-05-29,Užice,PM2.5,13.0,21.3,13.466928995863912
2022-05-30,Užice,PM2.5,17.0,26.7,13.493552515176182
2022-05-31,Užice,PM2.5,13.0,25.1,11.516957003960249
2022-06-01,Užice,PM2.5,9.0,22.3,10.25923586264174
2022-06-02,Užice,PM2.5,18.0,27.0,13.36366981290158
2022-06-03,Užice,PM2.5,28.0,35.0,17.47582308928478
2022-06-04,Užice,PM2.5,20.0,31.2,14.216246756757243
2022-06-05,Užice,PM2.5,11.0,23.0,11.199084163653843
2022-06-06,Užice,PM2.5,15.0,28.0,11.528737300176743
2022-06-07,Užice,PM2.5,14.0,22.7,12.132048588562386
2022-06-08,Užice,PM2.5,15.0,21.4,11.752953974645663
2022-06-09,Užice,PM2.5,7.0,16.1,10.092001732248612
2022-06-10,Užice,PM2.5,12.0,18.8,10.195974616779344
2022-06-11,Užice,PM2.5,13.0,21.5,10.302628826865169
2022-06-12,Užice,PM2.5,13.0,19.5,10.213742806364507
2022-06-13,Užice,PM2.5,15.0,18.9,12.160925391485884
2022-06-14,Užice,PM2.5,5.0,15.8,9.945584693634489
2022-06-15,Užice,PM2.5,7.0,15.8,10.049711332863655
2022-06-16,Užice,PM2.5,9.0,17.1,10.322323631536058
2022-06-17,Užice,PM2.5,12.0,20.8,10.91285249725867
2022-06-18,Užice,PM2.5,11.0,19.0,11.25176318503333
2022-06-19,Užice,PM2.5,9.0,15.1,10.322323631536058
2022-06-20,Užice,PM2.5,13.0,18.9,11.92185756087994
2022-06-21,Užice,PM2.5,23.0,29.7,15.89609339722491
2022-06-22,Užice,PM2.5,25.0,34.6,15.263905305915776
2022-06-23,Užice,PM2.5,29.0,36.1,16.179096128510643
2022-06-24,Užice,PM2.5,23.0,29.2,16.382861090286266
2022-06-25,Užice,PM2.5,12.0,26.5,11.291947111175393
2022-06-26,Užice,PM2.5,14.0,20.6,12.160925391485884
2022-06-27,Užice,PM2.5,19.0,24.3,13.96237919313644
2022-06-28,Užice,PM2.5,16.0,23.5,13.031327231346587
2022-06-29,Užice,PM2.5,13.0,21.9,11.81773092165077
2022-06-30,Užice,PM2.5,12.0,22.7,11.320823914098888
2022-07-01,Užice,PM2.5,11.0,20.5,11.074205561716573
2022-07-02,Užice,PM2.5,17.0,22.4,13.184190599115963
2022-07-03,Užice,PM2.5,18.0,18.7,13.317194041268632
2022-07-04,Užice,PM2.5,27.0,27.6,15.771214795287635
2022-07-05,Užice,PM2.5,23.0,31.4,15.771214795287635
2022-07-06,Užice,PM2.5,6.0,13.0,9.558979013306168
2022-07-07,Užice,PM2.5,13.0,12.8,11.796978958942669
2022-07-08,Užice,PM2.5,12.0,19.1,10.37481753917549
2022-07-09,Užice,PM2.5,14.0,22.8,10.71005638967092
2022-07-10,Užice,PM2.5,3.0,9.23,9.353768694611652
2022-07-11,Užice,PM2.5,2.0,9.35,9.43217152491598
2022-07-12,Užice,PM2.5,3.0,10.9,9.924832730926385
2022-07-13,Užice,PM2.5,3.0,10.1,9.89910892200154
2022-07-14,Užice,PM2.5,5.0,12.9,9.846429900622056
2022-07-15,Užice,PM2.5,8.0,14.7,10.145439659897724
2022-07-16,Užice,PM2.5,7.0,14.2,9.924832730926385
2022-07-17,Užice,PM2.5,6.0,11.4,9.89910892200154
2022-07-18,Užice,PM2.5,4.0,11.5,9.924832730926385
2022-07-19,Užice,PM2.5,9.0,16.3,10.197445029598784
2022-07-20,Užice,PM2.5,15.0,18.8,12.114449619852936
2022-07-21,Užice,PM2.5,12.0,19.7,11.27434814246594
2022-07-22,Užice,PM2.5,12.0,20.2,11.332941359929931
2022-07-23,Užice,PM2.5,32.0,24.1,20.07890968720674
2022-07-24,Užice,PM2.5,26.0,26.7,15.829808012751627
2022-07-25,Užice,PM2.5,21.0,16.6,14.27431886071266
2022-07-26,Užice,PM2.5,19.0,17.7,13.837500591199166
2022-07-27,Užice,PM2.5,21.0,20.4,14.195916030408334
2022-07-28,Užice,PM2.5,21.0,23.2,13.867449463432614
2022-07-29,Užice,PM2.5,21.0,22.7,14.27431886071266
2022-07-30,Užice,PM2.5,21.0,23.3,13.89632626635611
2022-07-31,Užice,PM2.5,21.0,14.5,14.195916030408334
2022-08-01,Užice,PM2.5,21.0,14.6,14.181683875110092
2022-08-02,Užice,PM2.5,21.0,19.5,14.295070823420764
2022-08-03,Užice,PM2.5,21.0,18.3,14.399197462649935
2022-08-04,Užice,PM2.5,21.0,25.6,14.399197462649935
2022-08-05,Užice,PM2.5,21.0,21.4,14.399197462649935
2022-08-06,Užice,PM2.5,21.0,17.8,14.373473653725092
2022-08-07,Užice,PM2.5,21.0,18.0,14.111746575334047
2022-08-08,Užice,PM2.5,21.0,18.7,14.320794632345608
2022-08-09,Užice,PM2.5,21.0,21.0,14.291917829422111
2022-08-10,Užice,PM2.5,21.0,25.3,14.320794632345608
2022-08-11,Užice,PM2.5,21.0,13.7,14.295070823420764
2022-08-12,Užice,PM2.5,21.0,15.4,14.320794632345608
2022-08-13,Užice,PM2.5,21.0,20.4,13.688606541036467
2022-08-14,Užice,PM2.5,21.0,15.5,13.688606541036467
2022-08-15,Užice,PM2.5,21.0,19.7,14.399197462649935
2022-08-16,Užice,PM2.5,21.0,17.4,14.399197462649935
2022-08-17,Užice,PM2.5,21.0,15.2,14.399197462649935
2022-08-18,Užice,PM2.5,21.0,18.8,14.399197462649935
2022-08-19,Užice,PM2.5,24.0,29.9,15.89609339722491
2022-08-20,Užice,PM2.5,18.0,33.4,12.73148172159244
2022-08-21,Užice,PM2.5,8.0,13.6,9.262645814550856
2022-08-22,Užice,PM2.5,18.0,19.9,12.95569839606136
2022-08-23,Užice,PM2.5,18.0,22.1,12.338406149284582
2022-08-24,Užice,PM2.5,17.0,18.8,13.41207882495133
2022-08-25,Užice,PM2.5,30.0,32.4,17.557787843699238
2022-08-26,Užice,PM2.5,25.0,38.9,15.94450240927466
2022-08-27,Užice,PM2.5,15.0,28.6,12.132048588562386
2022-08-28,Užice,PM2.5,14.0,25.8,12.160925391485884
2022-08-29,Užice,PM2.5,15.0,23.2,11.528737300176743
2022-08-30,Užice,PM2.5,13.0,20.4,11.211266639266476
2022-08-31,Užice,PM2.5,15.0,21.7,11.752953974645663
2022-09-01,Užice,PM2.5,21.0,27.3,14.070906793678208
2022-09-02,Užice,PM2.5,10.0,13.0,9.64633609067891
2022-09-03,Užice,PM2.5,18.0,26.6,13.794379077593067
2022-09-04,Užice,PM2.5,11.0,23.4,10.949196324986444
2022-09-05,Užice,PM2.5,5.0,32.7,10.551587799863595
2022-09-06,Užice,PM2.5,0.0,27.9,14.462601811815215
2022-09-07,Užice,PM2.5,0.0,25.0,14.527262147248576
2022-09-08,Užice,PM2.5,0.0,21.2,14.688543614682674
2022-09-09,Užice,PM2.5,0.0,23.1,14.24502884158786
2022-09-10,Užice,PM2.5,0.0,20.0,14.05802356522892
2022-09-11,Užice,PM2.5,0.0,18.3,14.05802356522892
2022-09-12,Užice,PM2.5,0.0,19.4,14.245088224275372
2022-09-13,Užice,PM2.5,0.0,13.8,14.527262147248576
2022-09-14,Užice,PM2.5,0.0,16.5,14.034600941238171
2022-09-15,Užice,PM2.5,0.0,21.9,13.506182348338893
2022-09-16,Užice,PM2.5,0.0,21.0,14.234114455971785
2022-09-17,Užice,PM2.5,0.0,16.0,13.273557913715088
2022-09-18,Užice,PM2.5,4.0,6.8,10.118594939818388
2022-09-19,Užice,PM2.5,10.0,14.3,10.660275276878336
2022-09-20,Užice,PM2.5,11.0,18.6,12.159983210099256
2022-09-21,Užice,PM2.5,15.0,20.9,12.187691299220612
2022-09-22,Užice,PM2.5,18.0,23.8,13.39043572063631
2022-09-23,Užice,PM2.5,24.0,30.4,16.808583431620566
2022-09-24,Užice,PM2.5,19.0,34.1,15.32262651280701
2022-09-25,Užice,PM2.5,37.0,39.3,22.41907660997958
2022-09-26,Užice,PM2.5,42.0,45.6,22.68285242213498
2022-09-27,Užice,PM2.5,16.0,24.4,13.174585608722188
2022-09-28,Užice,PM2.5,22.0,33.2,15.066183049250313
2022-09-29,Užice,PM2.5,18.0,26.5,13.253308859532911
2022-09-30,Užice,PM2.5,9.0,23.8,10.33877016655758
2022-10-01,Užice,PM2.5,6.0,19.2,11.658300205132331
2022-10-02,Užice,PM2.5,11.0,14.2,13.342124649615576
2022-10-03,Užice,PM2.5,9.0,17.5,11.905827262435883
2022-10-04,Užice,PM2.5,19.0,25.4,16.05057711780356
2022-10-05,Užice,PM2.5,31.0,33.0,21.80127572689829
2022-10-06,Užice,PM2.5,21.0,41.8,17.618190625676714
2022-10-07,Užice,PM2.5,23.0,39.0,19.601854253313046
2022-10-08,Užice,PM2.5,16.0,49.5,15.68132655856846
2022-10-09,Užice,PM2.5,7.0,49.3,13.903925206233506
2022-10-10,Užice,PM2.5,54.0,66.7,38.63671460204173
2022-10-11,Užice,PM2.5,59.0,74.3,37.70191485838669
2022-10-12,Užice,PM2.5,27.0,72.1,18.13788307803918
2022-10-13,Užice,PM2.5,60.0,66.3,39.10328163364792
2022-10-14,Užice,PM2.5,36.0,48.6,26.380440572882552
2022-10-15,Užice,PM2.5,27.0,41.0,22.609507586737376
2022-10-16,Užice,PM2.5,38.0,45.1,28.13874066323184
2022-10-17,Užice,PM2.5,38.0,47.3,28.54710552598888
2022-10-18,Užice,PM2.5,33.0,51.5,26.07470465473446
2022-10-19,Užice,PM2.5,32.0,56.7,24.83552608703485
2022-10-20,Užice,PM2.5,32.0,36.0,26.4830695174915
2022-10-21,Užice,PM2.5,34.0,58.8,26.07470465473446
2022-10-22,Užice,PM2.5,35.0,85.1,24.202546230413056
2022-10-23,Užice,PM2.5,35.0,54.3,25.678388996773027
2022-10-24,Užice,PM2.5,35.0,58.3,25.652665187848186
2022-10-25,Užice,PM2.5,50.0,67.3,35.91043638784632
2022-10-26,Užice,PM2.5,38.0,56.0,28.624391340962124
2022-10-27,Užice,PM2.5,30.0,48.5,24.32327838259233
2022-10-28,Užice,PM2.5,35.0,52.7,26.880464376767332
2022-10-29,Užice,PM2.5,43.0,57.3,31.859019139127163
2022-10-30,Užice,PM2.5,59.0,67.9,43.435912703055735
2022-10-31,Užice,PM2.5,41.0,67.2,29.313877692377684
2022-11-01,Užice,PM2.5,35.0,65.6,27.57084267601968
2022-11-02,Užice,PM2.5,41.0,63.9,31.70741418660554
2022-11-03,Užice,PM2.5,52.0,73.8,41.01710350791878
2022-11-04,Užice,PM2.5,41.0,65.1,26.87537284983669
2022-11-05,Užice,PM2.5,31.0,24.3,23.0243270358524
2022-11-06,Užice,PM2.5,37.0,17.9,26.678837355692224
2022-11-07,Užice,PM2.5,45.0,40.7,32.5397981412798
2022-11-08,Užice,PM2.5,54.0,61.5,41.01710350791878
2022-11-09,Užice,PM2.5,63.0,66.8,48.081837986591005
2022-11-10,Užice,PM2.5,60.0,75.9,41.57217567702686
2022-11-11,Užice,PM2.5,40.0,42.6,29.54436116327635
2022-11-12,Užice,PM2.5,52.0,57.0,36.762480097256926
2022-11-13,Užice,PM2.5,70.0,64.6,46.921264234319366
2022-11-14,Užice,PM2.5,74.0,82.4,52.917703225460265
2022-11-15,Užice,PM2.5,73.0,87.0,48.82217569358248
2022-11-16,Užice,PM2.5,102.0,82.2,61.240166559733616
2022-11-17,Užice,PM2.5,53.0,55.6,36.202622243241386
2022-11-18,Užice,PM2.5,67.0,66.0,45.34735012533572
2022-11-19,Užice,PM2.5,51.0,37.1,33.71004240169397
2022-11-20,Užice,PM2.5,38.0,21.6,26.4546206812233
2022-11-21,Užice,PM2.5,40.0,27.6,27.665241678194388
2022-11-22,Užice,PM2.5,113.0,86.9,62.82405749239052
2022-11-23,Užice,PM2.5,79.0,66.2,48.07247801228042
2022-11-24,Užice,PM2.5,82.0,62.4,53.01101620061011
2022-11-25,Užice,PM2.5,47.0,60.2,34.69309041227177
2022-11-26,Užice,PM2.5,88.0,82.8,59.54113088180983
2022-11-27,Užice,PM2.5,76.0,74.8,48.07247801228042
2022-11-28,Užice,PM2.5,47.0,41.5,38.07829067569501
2022-11-29,Užice,PM2.5,46.0,38.1,36.91489359575481
2022-11-30,Užice,PM2.5,40.0,28.5,29.06660845345564
2022-12-01,Užice,PM2.5,36.0,24.2,29.294419545467736
2022-12-02,Užice,PM2.5,20.0,59.0,22.80557949147329
2022-12-07,Užice,PM2.5,52.0,58.5,37.583619939463325
2022-12-08,Užice,PM2.5,88.0,62.1,57.67663501370253
2022-12-09,Užice,PM2.5,183.0,133.0,90.804945587004
2022-12-10,Užice,PM2.5,96.0,79.3,57.4849147214544
2022-12-11,Užice,PM2.5,32.0,15.5,26.524062624686614
2022-12-12,Užice,PM2.5,28.0,33.0,25.241243197059585
2022-12-26,Užice,PM2.5,348.0,120.0,116.98735224787931
2022-12-27,Užice,PM2.5,209.0,164.0,108.9391121499785
2022-12-28,Užice,PM2.5,89.0,65.1,56.793633299572015
2022-12-29,Užice,PM2.5,168.0,135.0,96.26142071755336
2022-12-30,Užice,PM2.5,163.0,145.0,96.26142071755336
2023-01-02,Užice,PM2.5,227.0,138.0,118.27871006162626
2023-01-03,Užice,PM2.5,126.0,138.0,77.10025868611513
2023-01-04,Užice,PM2.5,147.0,128.0,86.66416008162942
2023-01-05,Užice,PM2.5,76.0,93.0,56.4769188340664
2023-01-06,Užice,PM2.5,74.0,81.7,51.05320735735297
2023-01-07,Užice,PM2.5,83.0,79.6,61.88182326776743
2023-01-08,Užice,PM2.5,121.0,104.0,77.02297287114187
2023-01-09,Užice,PM2.5,223.0,137.0,102.60467889666984
2023-01-10,Užice,PM2.5,57.0,64.1,38.006016730444166
2023-01-11,Užice,PM2.5,34.0,17.3,24.25913426119208
2023-01-12,Užice,PM2.5,69.0,51.6,48.26929418395934
2023-01-13,Užice,PM2.5,84.0,74.7,62.81243360788177
2023-01-14,Užice,PM2.5,79.0,62.2,49.89826067174111
2023-01-15,Užice,PM2.5,114.0,80.6,74.67241180554333
2023-01-16,Užice,PM2.5,166.0,128.0,88.85877599224645
2023-01-17,Užice,PM2.5,46.0,49.6,28.630019916715696
2023-01-18,Užice,PM2.5,33.0,25.9,20.131995827621253
2023-01-19,Užice,PM2.5,51.0,37.8,34.29343172582543
2023-01-20,Užice,PM2.5,36.0,20.4,28.51034501698327
2023-01-21,Užice,PM2.5,26.0,43.5,23.25237969879795
2023-02-17,Užice,PM2.5,58.0,58.1,48.04028087784395
2023-02-20,Užice,PM2.5,0.0,37.4,21.555353805825447
2023-02-21,Užice,PM2.5,0.0,52.1,24.492039880191697
2023-02-22,Užice,PM2.5,0.0,46.5,24.492039880191697
2023-02-23,Užice,PM2.5,41.0,56.5,31.951545942803573
2023-02-24,Užice,PM2.5,48.0,49.3,38.185939981139775
2023-02-25,Užice,PM2.5,54.0,39.5,31.69580786060839
2023-02-26,Užice,PM2.5,32.0,17.7,26.549786433611462
2023-02-27,Užice,PM2.5,44.0,25.2,32.32332741964996
2023-02-28,Užice,PM2.5,57.0,38.5,40.50912938213646
2023-03-01,Užice,PM2.5,91.0,52.7,55.3662660812734
2023-03-02,Užice,PM2.5,149.0,86.2,89.29541594631115
2023-03-03,Užice,PM2.5,98.0,53.7,63.07900483785828
2023-03-04,Užice,PM2.5,77.0,50.3,52.98061972289597
2023-03-05,Užice,PM2.5,65.0,50.3,43.76131406961474
2023-03-06,Užice,PM2.5,57.0,48.9,41.36624928681184
2023-03-07,Užice,PM2.5,33.0,28.0,24.40439756971108
2023-03-08,Užice,PM2.5,23.0,34.2,20.91393036804476
2023-03-09,Užice,PM2.5,25.0,23.9,19.16944494765973
2023-03-10,Užice,PM2.5,58.0,42.4,39.28334462870525
2023-03-11,Užice,PM2.5,30.0,17.1,22.61461547261275
2023-03-12,Užice,PM2.5,36.0,24.1,29.63416029732713
2023-03-13,Užice,PM2.5,45.0,39.4,33.86594208122653
2023-03-14,Užice,PM2.5,46.0,37.3,33.01279600488252
2023-03-15,Užice,PM2.5,30.0,16.0,22.164681139669295
2023-03-16,Užice,PM2.5,44.0,27.7,28.386628263900707
2023-03-17,Užice,PM2.5,43.0,35.0,32.89451190441701
2023-03-18,Užice,PM2.5,44.0,38.3,33.86594208122653
2023-03-19,Užice,PM2.5,49.0,50.1,37.5933258192454
2023-03-20,Užice,PM2.5,41.0,37.2,31.48241780150706
2023-03-21,Užice,PM2.5,43.0,48.4,30.81720985750135
2023-03-22,Užice,PM2.5,36.0,33.5,27.582582059336318
2023-03-23,Užice,PM2.5,31.0,32.5,26.12611303575551
2023-03-24,Užice,PM2.5,20.0,24.2,20.586002522023225
2023-03-25,Užice,PM2.5,23.0,21.3,21.518053489170367
2023-03-26,Užice,PM2.5,27.0,18.4,24.10538089608828
2023-03-27,Užice,PM2.5,14.0,14.0,14.451130648891086
2023-03-28,Užice,PM2.5,20.0,13.3,16.00503107686494
2023-03-29,Užice,PM2.5,34.0,22.5,25.970574951734807
2023-03-30,Užice,PM2.5,18.0,19.6,20.47679591260204
2023-03-31,Užice,PM2.5,5.0,8.42,14.879901980367558
2023-04-01,Užice,PM2.5,19.0,14.6,16.689850039592805
2023-04-02,Užice,PM2.5,26.0,17.4,20.313140494313828
2023-04-03,Užice,PM2.5,22.0,10.8,16.897275733812478
2023-04-04,Užice,PM2.5,29.0,9.84,18.957238041039165
2023-04-05,Užice,PM2.5,37.0,14.6,26.172544829343035
2023-04-06,Užice,PM2.5,38.0,19.4,25.45402710522028
2023-04-07,Užice,PM2.5,49.0,18.4,31.96912225778993
2023-04-08,Užice,PM2.5,62.0,26.9,41.85083892667584
2023-04-09,Užice,PM2.5,55.0,26.1,36.58741115356734
2023-04-10,Užice,PM2.5,42.0,13.6,27.211003996113654
2023-04-11,Užice,PM2.5,39.0,12.5,27.334756814264367
2023-04-12,Užice,PM2.5,20.0,5.97,18.823185459509254
2023-04-13,Užice,PM2.5,22.0,5.16,18.624508781719115
2023-04-14,Užice,PM2.5,18.0,2.81,16.072849521384583
2023-04-15,Užice,PM2.5,16.0,1.27,16.885365605807326
2023-04-16,Užice,PM2.5,25.0,0.95,17.382772975862746
2023-05-18,Užice,PM2.5,15.0,14.3,11.243848681102106
2023-05-19,Užice,PM2.5,27.0,23.4,16.041840123931042
2023-05-20,Užice,PM2.5,27.0,24.9,15.484905881439357
2023-05-21,Užice,PM2.5,19.0,19.4,13.472788847046562
2023-05-22,Užice,PM2.5,12.0,15.3,11.376573795398896
2023-05-23,Užice,PM2.5,12.0,15.4,11.40229760432374
2023-07-31,Užice,PM2.5,3.0,11.6,9.967123130311338
2023-08-17,Užice,PM2.5,36.0,27.6,21.659634145595245
2023-08-18,Užice,PM2.5,33.0,26.0,18.84846811090589
2023-08-19,Užice,PM2.5,25.0,19.2,15.94450240927466
2023-08-20,Užice,PM2.5,24.0,18.9,15.756982639989392
2023-08-21,Užice,PM2.5,26.0,21.0,15.89609339722491
2023-08-22,Užice,PM2.5,26.0,22.1,15.89609339722491
2023-08-23,Užice,PM2.5,30.0,24.5,17.48050202872599
2023-08-24,Užice,PM2.5,23.0,24.8,15.94450240927466
2023-08-25,Užice,PM2.5,16.0,18.9,13.109730061650914
2023-08-26,Užice,PM2.5,17.0,19.7,13.442072643205906
2023-08-27,Užice,PM2.5,11.0,20.0,11.277486993958172
2023-08-28,Užice,PM2.5,11.0,19.9,11.048629324106276
2023-08-29,Užice,PM2.5,11.0,15.1,11.173360354729002
2023-08-30,Užice,PM2.5,11.0,8.17,10.981570576114002
2023-08-31,Užice,PM2.5,7.0,8.57,9.97130850255933
2023-09-01,Užice,PM2.5,15.0,15.9,12.514348841204123
2023-09-02,Užice,PM2.5,16.0,15.0,13.676266864084216
2023-09-03,Užice,PM2.5,19.0,16.8,14.266276615473853
2023-09-04,Užice,PM2.5,10.0,11.7,9.22451667119736
2023-09-05,Užice,PM2.5,17.0,16.3,13.301717871582664
2023-09-06,Užice,PM2.5,12.0,15.2,11.678312659520628
2023-09-07,Užice,PM2.5,14.0,17.6,12.255774756811732
2023-09-08,Užice,PM2.5,10.0,14.2,10.899354387964516
2023-09-09,Užice,PM2.5,12.0,13.7,11.965763546836516
2023-09-10,Užice,PM2.5,10.0,11.9,11.116867975504356
2023-09-11,Užice,PM2.5,7.0,15.0,10.616248135296958
2023-09-12,Užice,PM2.5,12.0,19.8,11.965763546836516
2023-09-13,Užice,PM2.5,8.0,18.3,10.8368550642683
2023-09-14,Užice,PM2.5,18.0,21.9,13.745970065543316
2023-09-15,Užice,PM2.5,20.0,19.2,14.646956021448732
2023-09-16,Užice,PM2.5,26.0,21.2,15.870422233026416
2023-09-17,Užice,PM2.5,20.0,18.6,14.646956021448732
2023-09-18,Užice,PM2.5,18.0,18.7,13.745970065543316
2023-09-19,Užice,PM2.5,14.0,22.5,11.91103755281848
2023-09-20,Užice,PM2.5,7.0,19.3,10.551587799863595
2023-09-21,Užice,PM2.5,7.0,20.3,10.06615786788518
2023-09-22,Užice,PM2.5,7.0,18.7,9.3560849222991
2023-09-23,Užice,PM2.5,7.0,19.8,10.32879724798107
2023-09-24,Užice,PM2.5,7.0,6.94,10.147009553277304
2023-09-25,Užice,PM2.5,7.0,8.56,9.571305139856886
2023-09-26,Užice,PM2.5,7.0,20.6,10.264136912547707
2023-09-27,Užice,PM2.5,7.0,17.5,10.17301688928259
2023-09-28,Užice,PM2.5,7.0,17.9,10.590524326372115
2023-09-29,Užice,PM2.5,7.0,18.1,10.616248135296958
2023-09-30,Užice,PM2.5,7.0,19.6,10.616248135296958
2023-10-01,Užice,PM2.5,7.0,21.1,11.961303678580109
2023-10-02,Užice,PM2.5,7.0,16.4,12.525334161455962
2023-10-03,Užice,PM2.5,7.0,22.6,13.032928874022993
2023-10-04,Užice,PM2.5,7.0,17.7,12.44927016972833
2023-10-05,Užice,PM2.5,7.0,18.0,12.474993978653172
2023-10-06,Užice,PM2.5,7.0,17.2,13.08326905682578
2023-10-07,Užice,PM2.5,15.0,19.1,15.458321384816992
2023-10-08,Užice,PM2.5,10.0,19.3,11.988796855654416
2023-10-09,Užice,PM2.5,10.0,17.4,12.61496882872846
2023-10-10,Užice,PM2.5,11.0,18.4,13.390533661665328
2023-10-11,Užice,PM2.5,15.0,17.7,15.072975730336765
2023-10-12,Užice,PM2.5,19.0,22.8,16.387661838925943
2023-10-13,Užice,PM2.5,25.0,28.8,18.399778873318738
2023-10-14,Užice,PM2.5,18.0,26.7,15.86735528899542
2023-10-15,Užice,PM2.5,14.0,14.6,16.639346958883827
2023-10-16,Užice,PM2.5,20.0,15.8,19.79096774000049
2023-10-17,Užice,PM2.5,39.0,35.6,29.83501233793321
2023-10-18,Užice,PM2.5,42.0,37.1,30.44692503621721
2023-10-19,Užice,PM2.5,74.0,52.2,44.37914764732254
2023-10-20,Užice,PM2.5,8.0,24.2,12.86756664514549
2023-10-21,Užice,PM2.5,3.0,19.8,12.83780161816144
2023-10-22,Užice,PM2.5,0.0,17.0,18.189960698149893
2023-10-25,Užice,PM2.5,23.0,27.6,19.854303625409848
2023-10-26,Užice,PM2.5,19.0,18.9,17.84218659101706
2023-10-27,Užice,PM2.5,5.0,15.5,12.83780161816144
2023-10-28,Užice,PM2.5,16.0,21.0,18.1261986156387
2023-10-29,Užice,PM2.5,9.0,28.3,15.798563837979854
2023-10-30,Užice,PM2.5,25.0,27.0,20.710690422123964
2023-10-31,Užice,PM2.5,10.0,27.6,13.548799928581726
2023-11-01,Užice,PM2.5,30.0,25.2,26.836760098584275
2023-11-02,Užice,PM2.5,27.0,35.6,20.957118128147822
2023-11-03,Užice,PM2.5,27.0,17.4,17.984010227770938
2023-11-04,Užice,PM2.5,27.0,25.6,21.7841103711214
2023-11-05,Užice,PM2.5,9.0,15.8,13.140761660056906
2023-11-06,Užice,PM2.5,32.0,29.7,24.44758532981415
2023-11-07,Užice,PM2.5,32.0,39.8,24.695790048824257
2023-11-08,Užice,PM2.5,30.0,19.4,23.64161928262918
2023-11-09,Užice,PM2.5,49.0,43.1,38.226687067100926
2023-11-10,Užice,PM2.5,128.0,65.4,67.73099056920653
2023-11-11,Užice,PM2.5,41.0,40.1,26.392800810794395
2023-11-12,Užice,PM2.5,65.0,41.7,48.081837986591005
2023-11-13,Užice,PM2.5,69.0,52.0,51.01679176619715
2023-11-14,Užice,PM2.5,44.0,53.1,33.27521742619786
2023-11-15,Užice,PM2.5,15.0,22.2,17.37569377722069
2023-11-16,Užice,PM2.5,50.0,29.6,38.30397288207417
2023-11-17,Užice,PM2.5,9.0,25.7,14.06145357332567
2023-11-18,Užice,PM2.5,11.0,9.48,14.276899607064967
2023-11-19,Užice,PM2.5,55.0,27.2,38.20810742418363
2023-11-20,Užice,PM2.5,72.0,66.5,50.93950595122391
2023-11-21,Užice,PM2.5,15.0,71.5,17.854562929606825
2023-11-22,Užice,PM2.5,19.0,25.3,19.57761390095305
2023-11-23,Užice,PM2.5,95.0,34.1,58.900276890227744
2023-11-24,Užice,PM2.5,48.0,51.5,32.788247118264984
2023-11-25,Užice,PM2.5,14.0,20.5,16.55319121174939
2023-11-26,Užice,PM2.5,31.0,14.9,21.4096145579476
2023-11-27,Užice,PM2.5,109.0,44.1,65.2395902737495
2023-11-28,Užice,PM2.5,53.0,72.1,33.89273636270259
2023-11-29,Užice,PM2.5,73.0,30.0,48.344422983761774
2023-11-30,Užice,PM2.5,42.0,60.5,25.755998501245365
2023-12-01,Užice,PM2.5,3.0,15.7,13.24710907048608
2023-12-02,Užice,PM2.5,31.0,13.1,19.115491504878744
2023-12-03,Užice,PM2.5,44.0,21.6,32.09807980858982
2023-12-04,Užice,PM2.5,97.0,53.8,70.59354566593319
2023-12-05,Užice,PM2.5,129.0,105.0,76.61460800838483
2023-12-06,Užice,PM2.5,38.0,85.6,28.734561691452196
2023-12-07,Užice,PM2.5,43.0,24.1,32.529047343632755
2023-12-08,Užice,PM2.5,60.0,34.1,42.93810406049912
2023-12-09,Užice,PM2.5,102.0,64.0,72.67610185481931
2023-12-10,Užice,PM2.5,65.0,105.0,44.77448255033767
2023-12-11,Užice,PM2.5,85.0,65.0,56.927283248123416
2023-12-12,Užice,PM2.5,159.0,87.5,91.72342095140034
2023-12-13,Užice,PM2.5,59.0,90.6,42.64176661509956
2023-12-14,Užice,PM2.5,22.0,32.7,22.45805617770948
2023-12-15,Užice,PM2.5,19.0,20.8,16.109258482153695
2023-12-16,Užice,PM2.5,63.0,34.1,40.42755289657065
2023-12-17,Užice,PM2.5,67.0,65.7,54.288094492269096
2023-12-18,Užice,PM2.5,65.0,108.0,51.275854897689705
2023-12-19,Užice,PM2.5,91.0,114.0,64.05313768091911
2023-12-20,Užice,PM2.5,36.0,109.0,32.852585903284755
2023-12-21,Užice,PM2.5,189.0,70.2,104.28713675658324
2023-12-22,Užice,PM2.5,29.0,25.6,23.312527756541108
2023-12-23,Užice,PM2.5,117.0,35.4,68.6154068291451
2023-12-24,Užice,PM2.5,9.0,77.7,21.77535122746903
2023-12-25,Užice,PM2.5,48.0,35.4,39.00425714193064
2023-12-26,Užice,PM2.5,44.0,47.6,35.98085777282404
2023-12-27,Užice,PM2.5,54.0,56.1,43.90105566351322
2023-12-28,Užice,PM2.5,98.0,98.1,69.26843376905403
2023-12-29,Užice,PM2.5,70.0,115.0,54.288094492269096
2023-12-30,Užice,PM2.5,65.0,121.0,51.35314071266295
2023-12-31,Užice,PM2.5,137.0,75.7,86.66416008162942
2024-01-01,Užice,PM2.5,55.0,63.4,38.0554466904402
2024-01-02,Užice,PM2.5,88.0,43.0,56.793633299572015
2024-01-03,Užice,PM2.5,34.0,35.2,21.72854451639285
2024-01-04,Užice,PM2.5,77.0,35.4,45.69055722127754
2024-01-05,Užice,PM2.5,307.0,82.0,111.9299564840044
2024-01-06,Užice,PM2.5,146.0,144.0,77.03965879192363
2024-01-07,Užice,PM2.5,5.0,51.7,18.614716575518504
2024-01-08,Užice,PM2.5,40.0,19.1,28.318568302101895
2024-01-09,Užice,PM2.5,37.0,33.1,29.76973538149263
2024-01-10,Užice,PM2.5,89.0,37.0,64.60382920223086
2024-01-11,Užice,PM2.5,39.0,47.5,36.2564999159954
2024-01-12,Užice,PM2.5,59.0,44.8,43.167544649690456
2024-01-13,Užice,PM2.5,110.0,48.0,70.38565371238649
2024-01-14,Užice,PM2.5,137.0,77.7,85.62208717161792
2024-01-15,Užice,PM2.5,20.0,131.0,22.620481925072205
2024-01-16,Užice,PM2.5,77.0,56.1,49.89826067174111
2024-01-17,Užice,PM2.5,83.0,116.0,56.41948107694699
2024-01-18,Užice,PM2.5,82.0,48.1,48.43290843774777
2024-01-19,Užice,PM2.5,40.0,34.7,27.43031384153497
2024-01-20,Užice,PM2.5,86.0,26.5,55.56660686259702
2024-01-21,Užice,PM2.5,61.0,45.8,53.358411086575785
2024-01-22,Užice,PM2.5,217.0,79.7,113.96870246128027
2024-01-23,Užice,PM2.5,66.0,102.0,48.958484799547925
2024-01-24,Užice,PM2.5,150.0,95.9,91.20402495367844
2024-01-25,Užice,PM2.5,59.0,69.4,42.50713124726448
2024-01-26,Užice,PM2.5,88.0,47.3,61.332750081056055
2024-01-27,Užice,PM2.5,28.0,29.4,20.286046677227283
2024-01-28,Užice,PM2.5,123.0,34.5,69.60912336617689
2024-01-29,Užice,PM2.5,102.0,45.7,64.81140493007291
2024-01-30,Užice,PM2.5,70.0,62.6,54.21080867729585
2024-01-31,Užice,PM2.5,58.0,85.3,48.06600468676879
2024-02-01,Užice,PM2.5,134.0,94.8,81.0889037332574
2024-02-02,Užice,PM2.5,58.0,45.5,41.08204833228712
2024-02-03,Užice,PM2.5,81.0,47.2,61.39617259003714
2024-02-04,Užice,PM2.5,57.0,53.8,45.77656954536219
2024-02-05,Užice,PM2.5,70.0,42.2,51.51179164211943
2024-02-06,Užice,PM2.5,53.0,41.1,40.45960748929632
2024-02-07,Užice,PM2.5,58.0,47.2,44.76683835166806
2024-02-08,Užice,PM2.5,36.0,45.7,29.05368970545326
2024-02-09,Užice,PM2.5,5.0,29.5,16.532298660474652
2024-02-10,Užice,PM2.5,19.0,13.6,15.792059179790048
2024-02-11,Užice,PM2.5,41.0,18.8,24.742976751520125
2024-02-12,Užice,PM2.5,39.0,22.0,29.94518268842328
2024-02-13,Užice,PM2.5,19.0,19.3,20.385219899553444
2024-02-14,Užice,PM2.5,47.0,30.0,34.10414896483249
2024-02-15,Užice,PM2.5,44.0,31.7,37.3832554846765
2024-02-16,Užice,PM2.5,49.0,46.3,40.70227435993832
2024-02-17,Užice,PM2.5,48.0,58.0,40.47659215355915
2024-02-18,Užice,PM2.5,46.0,35.3,39.28747126469411
2024-02-19,Užice,PM2.5,43.0,41.9,36.00346044510992
2024-02-20,Užice,PM2.5,36.0,55.4,29.294419545467736
2024-02-21,Užice,PM2.5,54.0,32.0,38.20091218624011
2024-02-22,Užice,PM2.5,23.0,38.3,22.446768132302104
2024-02-23,Užice,PM2.5,3.0,21.6,13.330924314679583
2024-02-24,Užice,PM2.5,29.0,22.4,19.768280979405567
2024-02-25,Užice,PM2.5,69.0,16.1,48.26929418395934
2024-02-26,Užice,PM2.5,39.0,41.0,31.33963324451958
2024-02-27,Užice,PM2.5,41.0,43.5,34.56564253327513
2024-02-28,Užice,PM2.5,44.0,41.1,36.97489062191946
2024-02-29,Užice,PM2.5,80.0,57.3,53.31544980603693
2024-03-01,Užice,PM2.5,42.0,43.1,28.30895435542848
2024-03-02,Užice,PM2.5,36.0,29.2,27.582582059336318
2024-03-03,Užice,PM2.5,44.0,25.6,32.24066893520674
2024-03-04,Užice,PM2.5,77.0,38.5,48.35893046914774
2024-03-05,Užice,PM2.5,37.0,38.3,27.553705256412822
2024-03-06,Užice,PM2.5,32.0,34.4,25.11057463399872
2024-03-07,Užice,PM2.5,28.0,20.7,23.121434294087944
2024-03-08,Užice,PM2.5,24.0,31.0,22.66262390038304
2024-03-09,Užice,PM2.5,58.0,38.9,41.244169668030295
2024-03-10,Užice,PM2.5,6.0,16.6,14.794572819914007
2024-03-11,Užice,PM2.5,39.0,22.0,24.598486836983724
2024-03-12,Užice,PM2.5,11.0,16.8,17.406757313898133
2024-03-13,Užice,PM2.5,32.0,21.8,24.014413234835803
2024-03-14,Užice,PM2.5,53.0,34.7,35.43397379779832
2024-03-15,Užice,PM2.5,40.0,34.4,29.270955766128115
2024-03-16,Užice,PM2.5,46.0,33.7,33.61862662776142
2024-03-17,Užice,PM2.5,36.0,28.8,27.071133217370527
2024-03-18,Užice,PM2.5,34.0,32.8,25.11057463399872
2024-03-19,Užice,PM2.5,33.0,22.0,24.217174332981504
2024-03-20,Užice,PM2.5,44.0,29.9,33.86594208122653
2024-03-21,Užice,PM2.5,36.0,33.9,29.65988410625198
2024-03-22,Užice,PM2.5,39.0,30.7,30.870505103223067
2024-03-23,Užice,PM2.5,12.0,19.6,18.228739695104835
2024-03-24,Užice,PM2.5,10.0,24.1,17.22066018084373
2024-03-25,Užice,PM2.5,33.0,12.4,25.56695506288869
2024-03-26,Užice,PM2.5,51.0,34.8,33.8117796804201
2024-03-27,Užice,PM2.5,19.0,60.2,17.381770522973483
2024-03-28,Užice,PM2.5,28.0,15.6,19.53151428911053
2024-03-29,Užice,PM2.5,16.0,19.8,19.145532495115265
2024-03-30,Užice,PM2.5,1.0,12.4,15.008085489286184
2024-03-31,Užice,PM2.5,3.0,24.0,17.996505218311334
2024-04-01,Užice,PM2.5,6.0,27.5,12.346133153757265
2024-04-02,Užice,PM2.5,11.0,9.35,13.75599836739264
2024-04-03,Užice,PM2.5,4.0,16.1,15.898245451924636
2024-04-04,Užice,PM2.5,9.0,11.8,15.043215506236034
2024-04-05,Užice,PM2.5,6.0,14.7,15.15487511749017
2024-04-06,Užice,PM2.5,11.0,15.0,16.332310595781895
2024-04-07,Užice,PM2.5,9.0,14.1,15.351423424434936
2024-04-08,Užice,PM2.5,6.0,14.5,15.10453493468738
2024-04-09,Užice,PM2.5,13.0,19.1,16.976681162703656
2024-04-10,Užice,PM2.5,10.0,17.6,14.683604595422404
2024-04-11,Užice,PM2.5,34.0,21.6,25.43887262064014
2024-04-12,Užice,PM2.5,28.0,27.0,22.530646691108487
2024-04-13,Užice,PM2.5,9.0,20.7,15.37714723335978
2024-04-14,Užice,PM2.5,7.0,12.9,15.10453493468738
2024-04-15,Užice,PM2.5,15.0,15.1,15.236774051536491
2024-04-17,Užice,PM2.5,11.0,10.5,12.685763742291682
2024-04-18,Užice,PM2.5,14.0,15.1,13.704552032360452
2024-04-19,Užice,PM2.5,20.0,18.0,17.212816187671468
2024-04-20,Užice,PM2.5,13.0,18.1,14.840024161489838
2024-04-21,Užice,PM2.5,25.0,14.0,17.158556301393823
2024-04-22,Užice,PM2.5,30.0,22.9,21.50044916448141
2024-04-23,Užice,PM2.5,39.0,27.2,25.58823836704584
2024-04-24,Užice,PM2.5,17.0,17.7,14.6939249387354
2024-04-25,Užice,PM2.5,25.0,24.7,17.83915340475272
2024-04-26,Užice,PM2.5,14.0,14.7,15.157494822400109
2024-04-27,Užice,PM2.5,11.0,12.5,13.571487868952614
2024-04-28,Užice,PM2.5,9.0,13.5,12.446779714908688
2024-04-29,Užice,PM2.5,8.0,13.3,11.9738126908281
2024-04-30,Užice,PM2.5,11.0,13.4,12.270908477365197
2024-05-01,Užice,PM2.5,14.0,14.0,12.024885494170892
2024-05-02,Užice,PM2.5,13.0,16.8,11.292740329491329
2024-05-03,Užice,PM2.5,12.0,10.5,10.605032997407967
2024-05-04,Užice,PM2.5,12.0,14.4,11.046763259416734
2024-05-06,Užice,PM2.5,4.0,9.04,10.027970685564185
2024-05-07,Užice,PM2.5,8.0,13.3,10.288704183165532
2024-05-08,Užice,PM2.5,16.0,15.6,13.083924118647944
2024-05-09,Užice,PM2.5,20.0,24.7,13.715872538475748
2024-05-10,Užice,PM2.5,19.0,22.6,13.837933310923235
2024-05-11,Užice,PM2.5,18.0,17.5,13.854096734350351
2024-05-12,Užice,PM2.5,12.0,18.4,11.046763259416734
2024-05-13,Užice,PM2.5,13.0,16.9,11.966516254156828
2024-05-14,Užice,PM2.5,15.0,23.3,11.886864736803728
2024-05-15,Užice,PM2.5,8.0,15.3,10.00299958490885
2024-05-16,Užice,PM2.5,25.0,19.0,15.533314893489107
2024-05-17,Užice,PM2.5,16.0,28.7,12.620139715561036
2024-05-18,Užice,PM2.5,6.0,17.1,10.315421572880073
2024-05-19,Užice,PM2.5,2.0,15.6,10.052782192784182
2024-05-20,Užice,PM2.5,10.0,13.6,10.601811045041332
2024-05-21,Užice,PM2.5,11.0,24.1,10.964230163639312
2024-05-22,Užice,PM2.5,3.0,13.7,9.846182990860418
2024-05-23,Užice,PM2.5,4.0,9.11,9.846182990860418
2024-05-24,Užice,PM2.5,11.0,12.7,11.328966865928448
2024-05-25,Užice,PM2.5,4.0,12.7,10.250761237446712
2024-05-26,Užice,PM2.5,9.0,8.87,10.013417121253546
2024-05-27,Užice,PM2.5,8.0,10.7,10.536028501851415
2024-05-28,Užice,PM2.5,8.0,9.71,10.273389121755525
2024-05-29,Užice,PM2.5,21.0,17.2,14.373391519646963
2024-05-30,Užice,PM2.5,11.0,19.4,11.280557853878696
2024-05-31,Užice,PM2.5,6.0,14.6,9.253237404544745
2024-06-01,Užice,PM2.5,8.0,9.99,9.062233186566376
2024-06-02,Užice,PM2.5,8.0,11.4,10.20723049294068
2024-06-03,Užice,PM2.5,5.0,13.2,9.97130850255933
2024-06-04,Užice,PM2.5,3.0,8.3,10.049711332863655
2024-06-05,Užice,PM2.5,5.0,7.92,10.092001732248612
2024-06-06,Užice,PM2.5,9.0,10.2,10.322323631536058
2024-06-07,Užice,PM2.5,17.0,12.7,13.442072643205906
2024-06-08,Užice,PM2.5,25.0,15.8,15.89609339722491
2024-06-09,Užice,PM2.5,13.0,18.8,11.843454730575614
2024-06-10,Užice,PM2.5,3.0,14.8,8.763223427290706
2024-06-11,Užice,PM2.5,20.0,15.5,14.1905229478324
2024-06-12,Užice,PM2.5,2.0,15.4,9.764709300635566
2024-06-13,Užice,PM2.5,2.0,9.3,9.764709300635566
2024-06-14,Užice,PM2.5,9.0,9.15,10.25923586264174
2024-06-15,Užice,PM2.5,7.0,10.5,10.049711332863655
2024-06-16,Užice,PM2.5,16.0,10.1,13.031327231346587
2024-06-17,Užice,PM2.5,19.0,14.0,13.96237919313644
2024-06-18,Užice,PM2.5,20.0,16.4,14.29464958706157
2024-06-19,Užice,PM2.5,12.0,14.3,11.399226744403215
2024-06-20,Užice,PM2.5,13.0,23.4,11.980450778343933
2024-06-21,Užice,PM2.5,7.0,30.3,10.029901720023322
2024-06-22,Užice,PM2.5,12.0,33.6,11.37941713156288
2024-06-23,Užice,PM2.5,15.0,24.4,11.752953974645663
2024-06-24,Užice,PM2.5,19.0,20.7,13.932385374881864
2024-06-25,Užice,PM2.5,6.0,17.4,9.764709300635566
2024-06-26,Užice,PM2.5,7.0,17.3,9.738985491710723
2024-06-27,Užice,PM2.5,6.0,13.5,9.764709300635566
2024-06-28,Užice,PM2.5,16.0,14.4,13.079736243396338
2024-06-29,Užice,PM2.5,28.0,19.0,16.859693231869542
2024-06-30,Užice,PM2.5,17.0,16.7,13.442072643205906
2024-07-01,Užice,PM2.5,23.0,16.3,15.908210843055944
2024-07-02,Užice,PM2.5,18.0,14.4,12.686107969519664
2024-07-03,Užice,PM2.5,9.0,9.98,10.134357260704466
2024-07-04,Užice,PM2.5,20.0,12.6,14.09136815481997
2024-07-05,Užice,PM2.5,17.0,15.8,13.317194041268632
2024-07-06,Užice,PM2.5,13.0,12.5,11.796978958942669
2024-07-07,Užice,PM2.5,16.0,10.7,12.98485145971364
2024-07-08,Užice,PM2.5,16.0,14.7,12.906448629409311
2024-07-09,Užice,PM2.5,18.0,14.2,13.375787258732624
2024-07-10,Užice,PM2.5,17.0,16.0,13.317194041268632
2024-07-11,Užice,PM2.5,14.0,15.5,12.173042837316927
2024-07-12,Užice,PM2.5,15.0,15.9,12.173042837316927
2024-07-13,Užice,PM2.5,25.0,20.5,15.829808012751627
2024-07-14,Užice,PM2.5,15.0,19.2,11.795050242960375
2024-07-15,Užice,PM2.5,37.0,17.3,21.702631172786887
2024-07-16,Užice,PM2.5,29.0,20.4,17.40953770481149
2024-07-17,Užice,PM2.5,41.0,27.1,21.39883239231924
2024-07-18,Užice,PM2.5,20.0,21.5,14.13977716686972
2024-07-19,Užice,PM2.5,30.0,19.1,17.43290924176196
2024-07-20,Užice,PM2.5,8.0,20.0,10.082351891003407
2024-07-21,Užice,PM2.5,29.0,16.6,16.734814629932263
2024-07-22,Užice,PM2.5,33.0,20.9,19.355777600277754
2024-07-23,Užice,PM2.5,23.0,20.7,15.742337992364138
2024-07-24,Užice,PM2.5,19.0,22.7,13.206414519450195
2024-07-25,Užice,PM2.5,7.0,11.1,9.628916313082213
2024-07-26,Užice,PM2.5,10.0,10.4,10.425452571133782
2024-07-27,Užice,PM2.5,10.0,12.1,10.425452571133782
2024-07-28,Užice,PM2.5,10.0,10.2,10.425452571133782
2024-07-29,Užice,PM2.5,4.0,8.26,9.43217152491598
2024-07-30,Užice,PM2.5,6.0,7.61,9.89910892200154
2024-07-31,Užice,PM2.5,6.0,8.72,9.924832730926385
2024-08-01,Užice,PM2.5,6.0,11.4,10.049711332863655
2024-08-02,Užice,PM2.5,18.0,16.4,13.36366981290158
2024-08-03,Užice,PM2.5,6.0,16.1,10.092001732248612
2024-08-04,Užice,PM2.5,6.0,8.42,10.049711332863655
2024-08-05,Užice,PM2.5,8.0,9.59,10.191915431530672
2024-08-06,Užice,PM2.5,5.0,9.4,10.049711332863655
2024-08-07,Užice,PM2.5,4.0,8.83,10.049711332863655
2024-08-08,Užice,PM2.5,13.0,9.54,11.843454730575614
2024-08-09,Užice,PM2.5,8.0,10.6,10.191915431530672
2024-08-10,Užice,PM2.5,6.0,8.95,10.049711332863655
2024-08-11,Užice,PM2.5,25.0,10.1,15.974496227529226
2024-08-12,Užice,PM2.5,14.0,13.0,12.297921439254202
2024-08-13,Užice,PM2.5,12.0,11.0,11.457819961867209
2024-08-14,Užice,PM2.5,9.0,12.9,10.302514018695724
2024-08-15,Užice,PM2.5,23.0,15.0,15.9546866146889
2024-08-16,Užice,PM2.5,28.0,18.0,16.869877437283776
2024-08-17,Užice,PM2.5,31.0,21.1,17.56797204911347
2024-08-18,Užice,PM2.5,23.0,23.8,15.89609339722491
2024-08-19,Užice,PM2.5,13.0,18.2,11.435483313735396
2024-08-20,Užice,PM2.5,11.0,16.8,10.566896072344706
2024-08-21,Užice,PM2.5,19.0,13.7,13.883976362832112
2024-08-22,Užice,PM2.5,14.0,13.3,12.160925391485884
2024-08-23,Užice,PM2.5,12.0,13.6,11.399226744403215
2024-08-24,Užice,PM2.5,12.0,12.1,11.399226744403215
2024-08-25,Užice,PM2.5,14.0,12.1,12.23932822179021
2024-08-26,Užice,PM2.5,18.0,14.7,13.36366981290158
2024-08-27,Užice,PM2.5,27.0,22.0,15.89609339722491
2024-08-28,Užice,PM2.5,26.0,20.4,15.89609339722491
2024-08-29,Užice,PM2.5,17.0,19.7,13.337946003976736
2024-08-30,Užice,PM2.5,14.0,15.3,11.94341180394604
2024-08-31,Užice,PM2.5,17.0,16.2,13.36366981290158
2024-09-01,Užice,PM2.5,18.0,17.8,13.982885636714364
2024-09-02,Užice,PM2.5,12.0,16.7,11.965763546836516
2024-09-03,Užice,PM2.5,30.0,20.3,18.74045450354777
2024-09-04,Užice,PM2.5,30.0,27.5,17.891679084291216
2024-09-05,Užice,PM2.5,40.0,29.7,24.015468531093585
2024-09-06,Užice,PM2.5,19.0,34.6,14.266276615473853
2024-09-07,Užice,PM2.5,11.0,24.0,11.581384416295585
2024-09-08,Užice,PM2.5,15.0,21.9,12.805865024223513
2024-09-09,Užice,PM2.5,4.0,22.6,9.80880273604818
2024-09-10,Užice,PM2.5,7.0,13.8,9.31220371896068
2024-09-11,Užice,PM2.5,8.0,12.0,10.666816560555668
2024-09-12,Užice,PM2.5,4.0,10.8,10.32879724798107
2024-09-13,Užice,PM2.5,1.0,7.29,9.978076933799546
2024-09-14,Užice,PM2.5,4.0,4.59,10.199446625210513
2024-09-16,Užice,PM2.5,14.0,5.14,12.187691299220612
2024-09-17,Užice,PM2.5,8.0,13.8,12.16040812356936
2024-09-18,Užice,PM2.5,20.0,16.8,14.697296204251522
2024-09-19,Užice,PM2.5,16.0,15.9,13.055996249950898
2024-09-20,Užice,PM2.5,14.0,20.3,12.591634656177373
2024-09-21,Užice,PM2.5,13.0,16.6,12.538734546116032
2024-09-22,Užice,PM2.5,14.0,17.4,13.599575541460778
2024-09-23,Užice,PM2.5,17.0,19.3,14.008609445639207
2024-09-24,Užice,PM2.5,10.0,25.6,10.902637607458216
2024-09-25,Užice,PM2.5,18.0,18.9,13.768655268668224
2024-09-26,Užice,PM2.5,16.0,18.1,13.183605658073812
2024-09-27,Užice,PM2.5,8.0,15.0,10.344193858257896
2024-09-28,Užice,PM2.5,9.0,13.8,10.600497244948626
2024-09-29,Užice,PM2.5,7.0,5.5,8.534290362728978
2024-09-30,Užice,PM2.5,12.0,11.7,12.064209373004458
2024-10-01,Užice,PM2.5,16.0,18.3,16.3287232246777
2024-10-02,Užice,PM2.5,23.0,23.4,18.09909470151805
2024-10-03,Užice,PM2.5,49.0,26.9,30.47064888234828
2024-10-04,Užice,PM2.5,9.0,27.5,11.988521138390391
2024-10-05,Užice,PM2.5,8.0,16.6,12.075415619222577
2024-10-06,Užice,PM2.5,21.0,16.2,16.108300773400334
2024-10-07,Užice,PM2.5,11.0,17.4,14.982130834715244
2024-10-08,Užice,PM2.5,21.0,24.5,16.403518454059927
2024-10-09,Užice,PM2.5,6.0,19.5,10.983314388555453
2024-10-10,Užice,PM2.5,10.0,13.9,11.263044213177505
2024-10-11,Užice,PM2.5,10.0,15.5,12.206997411888242
2024-10-12,Užice,PM2.5,22.0,20.4,16.952580873773268
2024-10-13,Užice,PM2.5,21.0,26.5,17.618190625676714
2024-10-14,Užice,PM2.5,22.0,28.7,17.844344308780723
2024-10-15,Užice,PM2.5,24.0,27.6,21.962110920628135
2024-10-16,Užice,PM2.5,26.0,24.4,22.609507586737376
2024-10-17,Užice,PM2.5,55.0,32.3,41.63212823937943
2024-10-18,Užice,PM2.5,62.0,39.5,41.48884813301658
2024-10-19,Užice,PM2.5,28.0,32.1,23.367464114058443
2024-10-20,Užice,PM2.5,36.0,32.1,28.624391340962124
2024-10-21,Užice,PM2.5,44.0,42.6,32.83044931593669
2024-10-22,Užice,PM2.5,38.0,45.5,28.13874066323184
2024-10-23,Užice,PM2.5,39.0,44.5,29.349361660202923
2024-10-24,Užice,PM2.5,49.0,51.9,36.55783305395555
2024-10-25,Užice,PM2.5,52.0,57.4,39.27096367980016
2024-10-26,Užice,PM2.5,46.0,55.7,35.1687537676362
2024-10-27,Užice,PM2.5,52.0,53.8,37.78958706344672
2024-10-28,Užice,PM2.5,44.0,46.0,32.087078981502216
2024-10-29,Užice,PM2.5,48.0,46.9,36.33215084757639
2024-10-30,Užice,PM2.5,40.0,47.2,29.83501233793321
2024-10-31,Užice,PM2.5,41.0,38.5,30.44692503621721
2024-11-01,Užice,PM2.5,39.0,37.4,31.581152166051837
2024-11-02,Užice,PM2.5,25.0,40.7,23.36537299530223
2024-11-03,Užice,PM2.5,39.0,29.3,29.06660845345564
2024-11-04,Užice,PM2.5,45.0,45.4,34.5765891440553
2024-11-05,Užice,PM2.5,58.0,49.7,45.66770320890465
2024-11-06,Užice,PM2.5,66.0,63.4,51.01679176619715
2024-11-07,Užice,PM2.5,62.0,71.0,48.081837986591005
2024-11-08,Užice,PM2.5,68.0,75.8,51.01679176619715
2024-11-09,Užice,PM2.5,74.0,80.0,52.917703225460265
2024-11-10,Užice,PM2.5,90.0,80.5,59.54113088180983
2024-11-11,Užice,PM2.5,58.0,68.1,40.47713072042936
2024-11-12,Užice,PM2.5,40.0,43.0,29.54436116327635
2024-11-13,Užice,PM2.5,44.0,37.7,34.5765891440553
2024-11-14,Užice,PM2.5,21.0,32.0,21.312321520602225
2024-11-15,Užice,PM2.5,43.0,27.9,31.090615254649585
2024-11-16,Užice,PM2.5,57.0,45.8,39.28274053562026
2024-11-17,Užice,PM2.5,87.0,83.6,59.46384506683658
2024-11-18,Užice,PM2.5,83.0,107.0,58.610520541695486
2024-11-19,Užice,PM2.5,147.0,120.0,82.36663325617067
2024-11-20,Užice,PM2.5,21.0,39.7,16.709201766749057
2024-11-21,Užice,PM2.5,76.0,32.4,47.04625391289353
2024-11-22,Užice,PM2.5,51.0,28.0,29.39799747747008
2024-11-23,Užice,PM2.5,55.0,30.3,38.71659794665583
2024-11-24,Užice,PM2.5,77.0,67.8,54.363241654065
2024-11-25,Užice,PM2.5,87.0,104.0,59.54113088180983
2024-11-26,Užice,PM2.5,88.0,128.0,58.51490678242294
2024-11-27,Užice,PM2.5,89.0,81.0,59.54113088180983
2024-11-28,Užice,PM2.5,18.0,92.9,20.807225602054064
2024-11-29,Užice,PM2.5,28.0,16.6,22.50492175794072
2024-11-30,Užice,PM2.5,32.0,24.4,23.46783799846462
2024-12-01,Užice,PM2.5,23.0,30.0,21.625765312476567
2024-12-02,Užice,PM2.5,46.0,26.3,39.18155350457246
2024-12-03,Užice,PM2.5,37.0,35.2,33.25448332467518
2024-12-04,Užice,PM2.5,49.0,37.4,35.26215975103663
2024-12-05,Užice,PM2.5,270.0,54.4,111.40104875944265
2024-12-06,Užice,PM2.5,44.0,75.1,32.94061966642674
2024-12-07,Užice,PM2.5,51.0,45.4,35.98998341192285
2024-12-08,Užice,PM2.5,96.0,59.7,63.690275897190766
2024-12-09,Užice,PM2.5,66.0,61.9,54.288094492269096
2024-12-10,Užice,PM2.5,42.0,34.4,31.38266270807655
2024-12-11,Užice,PM2.5,24.0,24.5,23.25237969879795
2024-12-12,Užice,PM2.5,39.0,27.1,29.887748295662043
2024-12-13,Užice,PM2.5,55.0,44.3,45.6449279763157
2024-12-14,Užice,PM2.5,169.0,78.6,90.48039699702416
2024-12-15,Užice,PM2.5,63.0,40.0,45.334340404353206
2024-12-16,Užice,PM2.5,44.0,29.5,34.38347923457278
2024-12-17,Užice,PM2.5,47.0,73.3,40.96224283128944
2024-12-18,Užice,PM2.5,93.0,84.5,64.05313768091911
2024-12-19,Užice,PM2.5,102.0,102.0,69.19849646927798
2024-12-20,Užice,PM2.5,19.0,74.9,20.385219899553444
2024-12-21,Užice,PM2.5,50.0,22.0,32.80472529690958
2024-12-22,Užice,PM2.5,117.0,52.4,76.01081812050397
2024-12-23,Užice,PM2.5,16.0,55.1,19.37829139337504
2024-12-24,Užice,PM2.5,23.0,8.28,19.930312329614168
2024-12-25,Užice,PM2.5,37.0,14.6,27.10794730513081
2024-12-26,Užice,PM2.5,37.0,25.9,29.294419545467736
2024-12-27,Užice,PM2.5,27.0,26.2,25.209054088595217
2024-12-28,Užice,PM2.5,57.0,44.8,46.26222022309248
2024-12-29,Užice,PM2.5,36.0,55.7,35.25975369858803
2024-12-30,Užice,PM2.5,68.0,108.0,55.54872966223773
2024-12-31,Užice,PM2.5,157.0,107.0,98.92445359937444
2019-11-06,Valjevo,PM2.5,10.0,29.8,16.186243919052846
2019-11-09,Valjevo,PM2.5,56.0,41.3,40.146738789385736
2019-11-10,Valjevo,PM2.5,38.0,27.4,28.256451737385767
2019-11-11,Valjevo,PM2.5,60.0,48.3,46.28091423865432
2019-11-12,Valjevo,PM2.5,56.0,54.7,34.453380073616465
2019-11-13,Valjevo,PM2.5,7.0,12.3,13.519199985500412
2019-11-14,Valjevo,PM2.5,29.0,32.4,24.27382286490793
2019-11-15,Valjevo,PM2.5,23.0,53.8,23.348290734600035
2019-11-16,Valjevo,PM2.5,20.0,77.1,18.26997014360017
2019-11-17,Valjevo,PM2.5,19.0,38.9,18.263994023396176
2019-11-18,Valjevo,PM2.5,19.0,38.9,19.842407550097537
2019-11-20,Valjevo,PM2.5,13.0,38.8,14.573233059213091
2019-11-23,Valjevo,PM2.5,58.0,67.2,42.65128141771682
2019-11-24,Valjevo,PM2.5,39.0,63.7,28.596623627820783
2019-12-03,Valjevo,PM2.5,48.0,60.5,32.5699513978867
2019-12-05,Valjevo,PM2.5,62.0,53.0,51.85858707476785
2019-12-06,Valjevo,PM2.5,62.0,128.7,50.80322757190287
2021-03-06,Valjevo,PM2.5,8.0,48.5,13.899929322983049
2021-03-11,Valjevo,PM2.5,49.0,59.0,38.18008728282539
2021-03-12,Valjevo,PM2.5,38.0,119.0,27.44592001896016
2021-03-13,Valjevo,PM2.5,18.0,41.8,19.953518528996703
2021-06-01,Valjevo,PM2.5,10.0,11.6,9.209652171451072
2021-06-02,Valjevo,PM2.5,14.0,11.4,11.881651297919593
2021-06-03,Valjevo,PM2.5,9.0,11.2,10.113636518884228
2021-06-04,Valjevo,PM2.5,9.0,11.5,10.67157447455279
2021-06-05,Valjevo,PM2.5,13.0,12.9,11.974485957960797
2021-06-06,Valjevo,PM2.5,19.0,17.3,13.801175293139606
2021-06-07,Valjevo,PM2.5,23.0,21.4,15.886019689739296
2021-06-08,Valjevo,PM2.5,14.0,15.1,11.881651297919593
2021-06-09,Valjevo,PM2.5,14.0,14.2,11.881651297919593
2021-06-10,Valjevo,PM2.5,13.0,16.0,10.471453771826033
2021-06-11,Valjevo,PM2.5,16.0,17.3,12.822236231624236
2021-06-12,Valjevo,PM2.5,11.0,12.6,10.76760580161382
2021-06-13,Valjevo,PM2.5,7.0,10.1,8.383635145429114
2021-06-14,Valjevo,PM2.5,5.0,9.21,8.797959574943654
2021-06-15,Valjevo,PM2.5,6.0,10.3,9.747579197787568
2021-06-16,Valjevo,PM2.5,9.0,10.8,10.113636518884228
2021-06-17,Valjevo,PM2.5,10.0,11.4,10.440243267802332
2021-06-18,Valjevo,PM2.5,12.0,12.4,11.673693268931675
2021-06-19,Valjevo,PM2.5,9.0,10.5,9.42129823106979
2021-06-20,Valjevo,PM2.5,9.0,10.3,10.41081267990437
2021-06-21,Valjevo,PM2.5,12.0,18.9,11.621879068542682
2021-06-22,Valjevo,PM2.5,13.0,28.5,11.974485957960797
2021-06-23,Valjevo,PM2.5,12.0,23.9,11.673693268931675
2021-06-24,Valjevo,PM2.5,10.0,24.9,10.630989718435984
2021-06-25,Valjevo,PM2.5,6.0,20.5,10.403770396448657
2021-06-26,Valjevo,PM2.5,7.0,12.3,10.20914179702206
2021-06-27,Valjevo,PM2.5,4.0,6.48,10.45558459683765
2021-06-28,Valjevo,PM2.5,10.0,9.7,10.729398322450526
2021-06-29,Valjevo,PM2.5,14.0,15.9,12.15043419893996
2021-06-30,Valjevo,PM2.5,7.0,17.6,10.37149498765594
2021-07-01,Valjevo,PM2.5,4.0,9.53,9.627532547404996
2021-07-02,Valjevo,PM2.5,2.0,6.44,9.419143837647216
2021-07-03,Valjevo,PM2.5,5.0,7.69,8.858297921952815
2021-07-04,Valjevo,PM2.5,6.0,7.66,10.252880142887104
2021-07-05,Valjevo,PM2.5,12.0,10.5,11.394310505119796
2021-07-06,Valjevo,PM2.5,18.0,14.6,13.430077547051852
2021-07-07,Valjevo,PM2.5,21.0,16.0,14.753396521367067
2021-07-08,Valjevo,PM2.5,17.0,14.2,13.132943749162749
2021-07-09,Valjevo,PM2.5,15.0,14.4,11.67480993718114
2021-07-10,Valjevo,PM2.5,12.0,11.6,11.689551208658424
2021-07-11,Valjevo,PM2.5,16.0,13.2,12.774325390467476
2021-07-12,Valjevo,PM2.5,22.0,16.3,14.753396521367067
2021-07-13,Valjevo,PM2.5,23.0,16.8,15.916016968416027
2021-07-14,Valjevo,PM2.5,17.0,12.3,12.893205466321676
2021-07-15,Valjevo,PM2.5,9.0,13.2,9.81252346091914
2021-07-16,Valjevo,PM2.5,16.0,17.1,12.570174795402236
2021-07-17,Valjevo,PM2.5,24.0,20.0,15.432570237097964
2021-07-18,Valjevo,PM2.5,19.0,17.1,13.694077319265462
2021-07-19,Valjevo,PM2.5,17.0,17.4,12.747905621859232
2021-07-20,Valjevo,PM2.5,16.0,16.2,11.759636258103928
2021-07-21,Valjevo,PM2.5,12.0,13.3,10.154760988036893
2021-07-22,Valjevo,PM2.5,11.0,12.9,11.032769749292576
2021-07-23,Valjevo,PM2.5,20.0,16.8,14.07911544656898
2021-07-24,Valjevo,PM2.5,31.0,23.5,18.093539000708034
2021-07-25,Valjevo,PM2.5,25.0,21.0,15.81663906261863
2021-07-26,Valjevo,PM2.5,18.0,21.4,13.392928590425262
2021-07-27,Valjevo,PM2.5,17.0,19.0,13.232321654960147
2021-07-28,Valjevo,PM2.5,15.0,18.4,12.212693682825211
2021-07-29,Valjevo,PM2.5,15.0,17.3,12.159213140905456
2021-07-30,Valjevo,PM2.5,17.0,15.2,13.153967260970097
2021-07-31,Valjevo,PM2.5,14.0,13.0,12.115278427681488
2021-08-01,Valjevo,PM2.5,10.0,15.9,10.57750917651623
2021-08-02,Valjevo,PM2.5,6.0,9.35,9.99605524518363
2021-08-03,Valjevo,PM2.5,7.0,9.04,10.469903591670482
2021-08-04,Valjevo,PM2.5,7.0,9.64,10.46823725013972
2021-08-05,Valjevo,PM2.5,7.0,12.6,9.762431365263817
2021-08-06,Valjevo,PM2.5,2.0,4.94,10.454615295054792
2021-08-07,Valjevo,PM2.5,3.0,5.67,10.293231406203772
2021-08-08,Valjevo,PM2.5,13.0,9.99,11.876077353946252
2021-08-09,Valjevo,PM2.5,15.0,13.5,12.19122535424684
2021-08-10,Valjevo,PM2.5,12.0,11.3,11.673693268931675
2021-08-11,Valjevo,PM2.5,9.0,10.1,10.370144315348302
2021-08-12,Valjevo,PM2.5,7.0,8.06,10.062188440405455
2021-08-13,Valjevo,PM2.5,10.0,9.85,10.57750917651623
2021-08-14,Valjevo,PM2.5,13.0,12.5,11.876077353946252
2021-08-15,Valjevo,PM2.5,14.0,12.7,12.341180649573612
2021-08-16,Valjevo,PM2.5,15.0,14.5,12.435452346800249
2021-08-17,Valjevo,PM2.5,7.0,10.2,8.873655467895842
2021-08-18,Valjevo,PM2.5,3.0,5.73,9.99605524518363
2021-08-19,Valjevo,PM2.5,4.0,6.09,10.45558459683765
2021-08-20,Valjevo,PM2.5,5.0,7.09,10.553993200852192
2021-08-21,Valjevo,PM2.5,5.0,7.47,10.454615295054792
2021-08-22,Valjevo,PM2.5,8.0,8.55,10.620126396074015
2021-08-23,Valjevo,PM2.5,10.0,11.1,9.980713916148312
2021-08-24,Valjevo,PM2.5,13.0,11.5,11.473787140556386
2021-08-25,Valjevo,PM2.5,15.0,14.0,11.740981782376403
2021-08-26,Valjevo,PM2.5,20.0,17.2,14.669096431023538
2021-08-27,Valjevo,PM2.5,15.0,15.8,11.870808942776502
2021-08-28,Valjevo,PM2.5,13.0,12.9,12.063940405005912
2021-08-29,Valjevo,PM2.5,9.0,9.61,9.751565930342773
2021-08-30,Valjevo,PM2.5,6.0,8.36,10.553993200852192
2021-08-31,Valjevo,PM2.5,7.0,9.26,10.620126396074015
2021-09-01,Valjevo,PM2.5,6.0,9.45,9.150279151046089
2021-09-02,Valjevo,PM2.5,9.0,11.5,10.396145966705827
2021-09-03,Valjevo,PM2.5,8.0,10.5,11.052703287277138
2021-09-04,Valjevo,PM2.5,9.0,9.29,11.10415136575591
2021-09-05,Valjevo,PM2.5,10.0,9.45,11.161975213653648
2021-09-06,Valjevo,PM2.5,13.0,12.6,12.216316398530264
2021-09-07,Valjevo,PM2.5,13.0,13.0,11.947533497509896
2021-09-08,Valjevo,PM2.5,9.0,10.8,10.396145966705827
2021-09-09,Valjevo,PM2.5,8.0,10.9,10.344697888227056
2021-09-10,Valjevo,PM2.5,10.0,12.7,11.26038381766819
2021-09-11,Valjevo,PM2.5,14.0,13.3,12.970574748805818
2021-09-12,Valjevo,PM2.5,13.0,13.0,12.353582307244162
2021-09-13,Valjevo,PM2.5,12.0,12.7,12.20467876414934
2021-09-14,Valjevo,PM2.5,13.0,13.8,12.505471453178458
2021-09-15,Valjevo,PM2.5,16.0,14.9,13.704832547664768
2021-09-16,Valjevo,PM2.5,12.0,16.5,12.013932313515689
2021-09-17,Valjevo,PM2.5,10.0,7.85,10.849399218616234
2021-09-18,Valjevo,PM2.5,9.0,11.9,10.539507961732166
2021-09-19,Valjevo,PM2.5,9.0,11.4,11.202559969770451
2021-09-20,Valjevo,PM2.5,13.0,15.4,12.124009367355768
2021-09-21,Valjevo,PM2.5,13.0,16.3,13.022197717812404
2021-09-22,Valjevo,PM2.5,20.0,17.3,14.36221107221374
2021-09-23,Valjevo,PM2.5,26.0,21.4,16.87222674566869
2021-09-24,Valjevo,PM2.5,18.0,16.8,14.682438370231862
2021-09-25,Valjevo,PM2.5,15.0,15.8,13.064846446032451
2021-09-26,Valjevo,PM2.5,10.0,12.0,11.26038381766819
2021-09-27,Valjevo,PM2.5,11.0,16.4,11.758120648485502
2021-09-28,Valjevo,PM2.5,20.0,19.8,14.451397519938988
2021-09-29,Valjevo,PM2.5,18.0,18.0,13.95424876635616
2021-09-30,Valjevo,PM2.5,28.0,24.0,17.63629393003147
2021-10-01,Valjevo,PM2.5,32.0,29.4,22.035071920203837
2021-10-02,Valjevo,PM2.5,24.0,25.4,18.50431271589328
2021-10-03,Valjevo,PM2.5,24.0,23.3,18.238304214338196
2021-10-04,Valjevo,PM2.5,23.0,22.3,18.40065740497207
2021-10-05,Valjevo,PM2.5,19.0,22.9,15.152781458076378
2021-10-06,Valjevo,PM2.5,26.0,25.5,15.554044753579316
2021-10-07,Valjevo,PM2.5,20.0,20.5,12.937698949725984
2021-10-08,Valjevo,PM2.5,9.0,14.1,10.11202032827508
2021-10-09,Valjevo,PM2.5,10.0,17.9,11.100828902040734
2021-10-10,Valjevo,PM2.5,18.0,21.9,13.916289925998951
2021-10-11,Valjevo,PM2.5,30.0,28.8,18.1299248793364
2021-10-12,Valjevo,PM2.5,51.0,45.1,31.06125453564569
2021-10-13,Valjevo,PM2.5,32.0,31.8,20.680404594604425
2021-10-14,Valjevo,PM2.5,48.0,39.8,31.89609318786582
2021-10-15,Valjevo,PM2.5,49.0,41.7,32.1434768332213
2021-10-16,Valjevo,PM2.5,44.0,37.6,29.862776749769587
2021-10-17,Valjevo,PM2.5,72.0,48.3,49.80870831448643
2021-10-18,Valjevo,PM2.5,61.0,44.1,46.29107025755851
2021-10-19,Valjevo,PM2.5,64.0,42.8,46.29107025755851
2021-10-20,Valjevo,PM2.5,62.0,53.8,46.19266165354396
2021-10-21,Valjevo,PM2.5,44.0,46.7,31.822858639763517
2021-10-22,Valjevo,PM2.5,66.0,56.7,45.89782235093073
2021-10-23,Valjevo,PM2.5,36.0,33.7,25.782712453574117
2021-10-24,Valjevo,PM2.5,48.0,31.0,36.25847187259573
2021-10-25,Valjevo,PM2.5,69.0,46.4,47.57055246105607
2021-10-26,Valjevo,PM2.5,77.0,61.6,51.4378874557024
2021-10-27,Valjevo,PM2.5,97.0,70.6,66.63203083220847
2021-10-28,Valjevo,PM2.5,98.0,67.7,66.53362222819393
2021-10-29,Valjevo,PM2.5,93.0,63.2,57.58402224225173
2021-10-30,Valjevo,PM2.5,80.0,61.6,49.66447332058062
2021-10-31,Valjevo,PM2.5,102.0,66.4,65.45942802679684
2021-11-01,Valjevo,PM2.5,78.0,70.9,52.83630047786687
2021-11-02,Valjevo,PM2.5,59.0,58.1,39.75409362868528
2021-11-03,Valjevo,PM2.5,34.0,36.0,24.33335443001855
2021-11-04,Valjevo,PM2.5,17.0,20.8,15.777479406563938
2021-11-05,Valjevo,PM2.5,29.0,20.9,22.843454337543736
2021-11-06,Valjevo,PM2.5,38.0,24.6,25.97284168747017
2021-11-07,Valjevo,PM2.5,46.0,32.5,33.823692626349114
2021-11-08,Valjevo,PM2.5,43.0,37.4,28.178161145369756
2021-11-09,Valjevo,PM2.5,84.0,48.8,54.85992244867239
2021-11-10,Valjevo,PM2.5,61.0,68.0,44.96867173850281
2021-11-11,Valjevo,PM2.5,48.0,58.0,38.65984466506788
2021-11-12,Valjevo,PM2.5,47.0,41.0,38.21892001763628
2021-11-13,Valjevo,PM2.5,114.0,84.1,73.17294878025429
2021-11-14,Valjevo,PM2.5,85.0,95.0,59.7410419955546
2021-11-15,Valjevo,PM2.5,85.0,92.1,59.7410419955546
2021-11-16,Valjevo,PM2.5,56.0,53.4,38.21359492466292
2021-11-17,Valjevo,PM2.5,109.0,85.9,69.78555644030794
2021-11-18,Valjevo,PM2.5,67.0,75.0,50.11010707851927
2021-11-19,Valjevo,PM2.5,46.0,51.4,36.781650026402176
2021-11-20,Valjevo,PM2.5,54.0,50.4,40.07161316087939
2021-11-21,Valjevo,PM2.5,65.0,53.3,48.42641518531714
2021-11-22,Valjevo,PM2.5,88.0,63.3,55.07354621343151
2021-11-23,Valjevo,PM2.5,73.0,50.9,45.715240023155694
2021-11-24,Valjevo,PM2.5,106.0,83.8,69.6871478362934
2021-11-25,Valjevo,PM2.5,80.0,115.0,53.38084942348577
2021-11-26,Valjevo,PM2.5,35.0,65.7,23.045651544534994
2021-11-27,Valjevo,PM2.5,66.0,129.0,46.07167784149404
2021-11-28,Valjevo,PM2.5,28.0,46.4,21.860923748981964
2021-11-29,Valjevo,PM2.5,35.0,38.7,24.87563907743097
2021-11-30,Valjevo,PM2.5,37.0,50.7,24.134113375277288
2021-12-01,Valjevo,PM2.5,62.0,109.0,47.89401344702891
2021-12-02,Valjevo,PM2.5,25.0,25.5,20.65686726449006
2021-12-03,Valjevo,PM2.5,51.0,42.7,32.07388829174804
2021-12-04,Valjevo,PM2.5,77.0,59.6,50.71424102653295
2021-12-05,Valjevo,PM2.5,118.0,119.0,69.3167313641909
2021-12-06,Valjevo,PM2.5,42.0,35.7,27.17418035216393
2021-12-07,Valjevo,PM2.5,41.0,36.0,23.71930732435343
2021-12-08,Valjevo,PM2.5,96.0,81.3,69.85439479006985
2021-12-09,Valjevo,PM2.5,40.0,60.7,25.699121753762
2021-12-10,Valjevo,PM2.5,44.0,40.5,33.280633995208895
2021-12-11,Valjevo,PM2.5,49.0,56.1,31.52642692315826
2021-12-12,Valjevo,PM2.5,29.0,19.0,16.912498324149144
2021-12-13,Valjevo,PM2.5,69.0,62.0,41.87428687809016
2021-12-14,Valjevo,PM2.5,87.0,70.2,62.81383791978498
2021-12-15,Valjevo,PM2.5,82.0,76.5,62.124333855589306
2021-12-16,Valjevo,PM2.5,61.0,57.5,42.93593237813773
2021-12-17,Valjevo,PM2.5,49.0,41.0,28.399317251165797
2021-12-18,Valjevo,PM2.5,59.0,56.7,36.42861583795904
2021-12-19,Valjevo,PM2.5,101.0,65.9,63.49674283151068
2021-12-20,Valjevo,PM2.5,40.0,34.6,24.48612949069649
2021-12-21,Valjevo,PM2.5,102.0,47.0,67.99276758590344
2021-12-22,Valjevo,PM2.5,196.0,130.0,92.31869432378384
2021-12-23,Valjevo,PM2.5,234.0,150.0,103.04005927448328
2021-12-24,Valjevo,PM2.5,71.0,91.3,48.74633649687759
2021-12-25,Valjevo,PM2.5,55.0,58.5,36.85698406181792
2021-12-26,Valjevo,PM2.5,65.0,48.8,42.82185447614805
2021-12-27,Valjevo,PM2.5,52.0,39.0,36.98740872838624
2021-12-28,Valjevo,PM2.5,112.0,71.3,75.26103038702766
2021-12-29,Valjevo,PM2.5,136.0,86.7,80.11991531692661
2021-12-30,Valjevo,PM2.5,95.0,48.7,62.51956625133109
2021-12-31,Valjevo,PM2.5,214.0,149.0,110.35668066619289
2022-01-01,Valjevo,PM2.5,65.0,75.8,45.846523232063056
2022-01-02,Valjevo,PM2.5,86.0,54.2,62.12625041799873
2022-01-03,Valjevo,PM2.5,131.0,85.5,80.44731685879763
2022-01-04,Valjevo,PM2.5,145.0,104.0,87.42855166200638
2022-01-05,Valjevo,PM2.5,158.0,129.0,88.48615417785895
2022-01-06,Valjevo,PM2.5,71.0,35.2,44.53960188516941
2022-01-07,Valjevo,PM2.5,126.0,67.6,79.53156860577889
2022-01-08,Valjevo,PM2.5,105.0,60.8,66.41936207990236
2022-01-09,Valjevo,PM2.5,78.0,49.4,50.8126496305475
2022-01-10,Valjevo,PM2.5,84.0,46.6,51.18879763775927
2022-01-11,Valjevo,PM2.5,88.0,47.8,51.08673123184709
2022-01-12,Valjevo,PM2.5,100.0,57.3,61.04986220279967
2022-01-13,Valjevo,PM2.5,158.0,88.9,101.19771801287985
2022-01-14,Valjevo,PM2.5,178.0,120.0,97.79030280244032
2022-01-15,Valjevo,PM2.5,137.0,63.4,80.10102935110932
2022-01-16,Valjevo,PM2.5,200.0,81.5,105.69780473627796
2022-01-17,Valjevo,PM2.5,66.0,46.2,44.14113774005203
2022-01-18,Valjevo,PM2.5,64.0,48.1,38.50677137325976
2022-01-19,Valjevo,PM2.5,127.0,68.2,77.53636809708077
2022-01-20,Valjevo,PM2.5,118.0,63.5,67.7557112142748
2022-01-21,Valjevo,PM2.5,73.0,45.7,43.29926855177805
2022-01-22,Valjevo,PM2.5,58.0,38.9,36.7140955510231
2022-01-23,Valjevo,PM2.5,71.0,44.2,44.83357043602682
2022-01-24,Valjevo,PM2.5,79.0,52.7,49.48303218522945
2022-01-25,Valjevo,PM2.5,135.0,70.8,84.52074873978155
2022-01-26,Valjevo,PM2.5,111.0,68.3,67.56584612422917
2022-01-27,Valjevo,PM2.5,153.0,90.0,90.19141054958511
2022-01-28,Valjevo,PM2.5,112.0,77.9,67.45015974440454
2022-01-29,Valjevo,PM2.5,87.0,50.9,52.2408600332439
2022-01-30,Valjevo,PM2.5,132.0,81.2,71.27875528641485
2022-01-31,Valjevo,PM2.5,77.0,54.5,49.17752921508999
2022-02-01,Valjevo,PM2.5,93.0,55.9,52.79443018632727
2022-02-02,Valjevo,PM2.5,80.0,49.9,47.96268631434363
2022-02-03,Valjevo,PM2.5,81.0,51.4,50.46463548877406
2022-02-04,Valjevo,PM2.5,177.0,100.0,91.47765291612826
2022-02-05,Valjevo,PM2.5,194.0,99.6,97.87309631664318
2022-02-06,Valjevo,PM2.5,106.0,64.8,71.55572592239012
2022-02-07,Valjevo,PM2.5,74.0,50.2,42.11528330590097
2022-02-08,Valjevo,PM2.5,52.0,47.3,31.54251169264782
2022-02-09,Valjevo,PM2.5,129.0,69.7,69.55762654846401
2022-02-10,Valjevo,PM2.5,125.0,67.4,76.356863544494
2022-02-11,Valjevo,PM2.5,98.0,54.9,70.4363507862833
2022-02-12,Valjevo,PM2.5,78.0,33.9,47.903435505673535
2022-02-13,Valjevo,PM2.5,124.0,65.3,76.04150611521973
2022-02-14,Valjevo,PM2.5,157.0,76.8,85.52370841977424
2022-02-15,Valjevo,PM2.5,115.0,61.3,67.98721985873553
2022-02-16,Valjevo,PM2.5,108.0,61.5,65.17369935926052
2022-02-17,Valjevo,PM2.5,144.0,88.0,83.21381212484948
2022-02-18,Valjevo,PM2.5,81.0,61.8,55.37263505069286
2022-02-19,Valjevo,PM2.5,78.0,39.5,53.79856985418683
2022-02-20,Valjevo,PM2.5,87.0,38.8,56.37994646545014
2022-02-21,Valjevo,PM2.5,77.0,45.3,47.92997652026581
2022-02-22,Valjevo,PM2.5,57.0,31.0,34.8204163440131
2022-02-23,Valjevo,PM2.5,74.0,50.5,48.6432144947946
2022-02-24,Valjevo,PM2.5,87.0,48.0,63.25199608423757
2022-02-25,Valjevo,PM2.5,85.0,48.1,60.09196605321016
2022-02-26,Valjevo,PM2.5,61.0,27.1,41.55627854853687
2022-02-27,Valjevo,PM2.5,64.0,25.8,38.35664882116225
2022-02-28,Valjevo,PM2.5,68.0,33.8,46.31957932610665
2022-03-01,Valjevo,PM2.5,71.0,43.4,45.27104392413898
2022-03-02,Valjevo,PM2.5,86.0,51.9,56.494177315355365
2022-03-03,Valjevo,PM2.5,102.0,59.2,66.21146577822343
2022-03-04,Valjevo,PM2.5,99.0,53.2,67.30478641465754
2022-03-05,Valjevo,PM2.5,103.0,58.5,69.13533624325238
2022-03-06,Valjevo,PM2.5,72.0,39.5,42.6549499991706
2022-03-07,Valjevo,PM2.5,89.0,51.0,54.72173878423301
2022-03-08,Valjevo,PM2.5,88.0,53.4,52.94176134329577
2022-03-09,Valjevo,PM2.5,117.0,63.2,65.28520848728911
2022-03-10,Valjevo,PM2.5,77.0,48.8,45.49601219734407
2022-03-11,Valjevo,PM2.5,60.0,46.8,43.78190704803904
2022-03-12,Valjevo,PM2.5,94.0,49.6,65.82857314195192
2022-03-13,Valjevo,PM2.5,117.0,58.0,71.77757905793437
2022-03-14,Valjevo,PM2.5,107.0,63.9,69.13533624325238
2022-03-15,Valjevo,PM2.5,96.0,53.1,67.79480947031536
2022-03-16,Valjevo,PM2.5,100.0,65.0,61.70926138675466
2022-03-17,Valjevo,PM2.5,69.0,39.9,46.66611466064866
2022-03-18,Valjevo,PM2.5,93.0,49.0,58.3943877518677
2022-03-19,Valjevo,PM2.5,76.0,44.7,52.57627396264552
2022-03-20,Valjevo,PM2.5,83.0,35.0,55.74945015453882
2022-03-21,Valjevo,PM2.5,96.0,52.0,67.69640086630082
2022-03-22,Valjevo,PM2.5,77.0,49.7,51.48295332621139
2022-03-23,Valjevo,PM2.5,85.0,50.7,59.261284613312114
2022-03-24,Valjevo,PM2.5,59.0,41.3,44.31622176833443
2022-03-25,Valjevo,PM2.5,58.0,37.0,44.31622176833443
2022-03-26,Valjevo,PM2.5,54.0,35.7,41.54242179120838
2022-03-27,Valjevo,PM2.5,49.0,31.7,36.69515219474799
2022-03-28,Valjevo,PM2.5,54.0,37.2,41.54242179120838
2022-03-29,Valjevo,PM2.5,71.0,55.0,50.796312578955416
2022-03-30,Valjevo,PM2.5,44.0,41.7,30.086541420962057
2022-03-31,Valjevo,PM2.5,32.0,24.1,21.36088152193382
2022-04-01,Valjevo,PM2.5,22.0,16.5,18.69913331363764
2022-04-02,Valjevo,PM2.5,33.0,18.0,23.300254914095543
2022-04-03,Valjevo,PM2.5,55.0,27.4,34.90463526157429
2022-04-04,Valjevo,PM2.5,66.0,41.9,49.41612445931237
2022-04-05,Valjevo,PM2.5,56.0,37.9,40.67326541635253
2022-04-06,Valjevo,PM2.5,34.0,27.8,24.81205809253592
2022-04-07,Valjevo,PM2.5,48.0,28.5,30.546656689475935
2022-04-08,Valjevo,PM2.5,24.0,26.1,21.3782087632058
2022-04-09,Valjevo,PM2.5,15.0,10.0,14.711043679234772
2022-04-10,Valjevo,PM2.5,36.0,19.5,22.302453706895832
2022-04-11,Valjevo,PM2.5,52.0,27.9,37.052867623136265
2022-04-12,Valjevo,PM2.5,49.0,30.1,36.38251835376903
2022-04-13,Valjevo,PM2.5,40.0,26.0,30.05762559978193
2022-04-14,Valjevo,PM2.5,37.0,24.2,29.06342069593935
2022-04-15,Valjevo,PM2.5,29.0,20.8,22.945661071541537
2022-04-16,Valjevo,PM2.5,17.0,16.5,14.274135573077968
2022-04-17,Valjevo,PM2.5,8.0,9.56,10.709496135520912
2022-04-18,Valjevo,PM2.5,19.0,15.9,15.272253465213906
2022-04-19,Valjevo,PM2.5,22.0,19.3,17.013127641378308
2022-04-20,Valjevo,PM2.5,53.0,32.7,33.84779323038544
2022-04-21,Valjevo,PM2.5,39.0,35.7,25.66941416530168
2022-04-22,Valjevo,PM2.5,17.0,19.0,13.223771522026889
2022-04-23,Valjevo,PM2.5,20.0,17.6,15.748298421843314
2022-04-24,Valjevo,PM2.5,18.0,20.6,15.63668596843836
2022-04-25,Valjevo,PM2.5,10.0,12.6,11.900905917382598
2022-04-26,Valjevo,PM2.5,8.0,9.63,12.120031249293074
2022-04-27,Valjevo,PM2.5,14.0,12.9,13.378727535223351
2022-04-28,Valjevo,PM2.5,26.0,23.5,16.091467693281356
2022-04-29,Valjevo,PM2.5,33.0,28.0,20.553097344714097
2022-04-30,Valjevo,PM2.5,25.0,20.4,18.156367079948456
2022-05-01,Valjevo,PM2.5,20.0,17.0,13.568131181593442
2022-05-02,Valjevo,PM2.5,17.0,15.0,12.468221600199886
2022-05-03,Valjevo,PM2.5,21.0,18.0,15.684055173214976
2022-05-04,Valjevo,PM2.5,17.0,16.5,14.393837832750316
2022-05-05,Valjevo,PM2.5,20.0,18.6,14.565291635291718
2022-05-06,Valjevo,PM2.5,17.0,21.7,13.56660869774859
2022-05-07,Valjevo,PM2.5,16.0,17.4,12.879326621526246
2022-05-08,Valjevo,PM2.5,14.0,15.0,11.705846324637582
2022-05-09,Valjevo,PM2.5,9.0,14.2,10.83658339528595
2022-05-10,Valjevo,PM2.5,13.0,16.5,11.947779126277448
2022-05-11,Valjevo,PM2.5,12.0,14.1,12.03551939769392
2022-05-12,Valjevo,PM2.5,13.0,15.3,12.139494878693956
2022-05-13,Valjevo,PM2.5,13.0,14.8,12.139494878693956
2022-05-14,Valjevo,PM2.5,9.0,12.7,10.128577996235869
2022-05-15,Valjevo,PM2.5,5.0,8.01,10.70672701702906
2022-05-16,Valjevo,PM2.5,7.0,10.7,10.88354392082172
2022-05-17,Valjevo,PM2.5,11.0,13.6,10.819479563605308
2022-05-18,Valjevo,PM2.5,5.0,9.91,8.29085277657985
2022-05-19,Valjevo,PM2.5,3.0,7.2,10.96278901577269
2022-05-20,Valjevo,PM2.5,6.0,8.26,10.817410725599895
2022-05-21,Valjevo,PM2.5,8.0,9.94,10.134859514519508
2022-05-22,Valjevo,PM2.5,6.0,8.97,10.466246178933591
2022-05-23,Valjevo,PM2.5,7.0,10.8,10.692797470188069
2022-05-24,Valjevo,PM2.5,13.0,14.4,12.047157032074846
2022-05-25,Valjevo,PM2.5,11.0,15.8,11.531076324245658
2022-05-26,Valjevo,PM2.5,5.0,9.17,10.06872631929768
2022-05-27,Valjevo,PM2.5,10.0,12.0,10.703660792550036
2022-05-28,Valjevo,PM2.5,9.0,12.6,10.171062757122732
2022-05-29,Valjevo,PM2.5,13.0,13.4,12.853038351356988
2022-05-30,Valjevo,PM2.5,20.0,19.1,14.607776396178584
2022-05-31,Valjevo,PM2.5,17.0,19.1,13.31620763029302
2022-06-01,Valjevo,PM2.5,10.0,14.2,10.427286372112697
2022-06-02,Valjevo,PM2.5,17.0,17.8,13.055945337996144
2022-06-03,Valjevo,PM2.5,19.0,17.3,14.301874110544016
2022-06-04,Valjevo,PM2.5,13.0,15.4,11.266325197888698
2022-06-05,Valjevo,PM2.5,9.0,10.9,10.67157447455279
2022-06-06,Valjevo,PM2.5,11.0,14.0,10.988297368359753
2022-06-07,Valjevo,PM2.5,10.0,11.7,10.277890077168454
2022-06-08,Valjevo,PM2.5,8.0,11.9,10.224749977535744
2022-06-09,Valjevo,PM2.5,3.0,9.69,10.35427152596362
2022-06-10,Valjevo,PM2.5,14.0,14.9,11.349533924129627
2022-06-11,Valjevo,PM2.5,14.0,15.8,9.92373657180505
2022-06-12,Valjevo,PM2.5,10.0,11.9,8.399738573741281
2022-06-13,Valjevo,PM2.5,9.0,10.8,10.113636518884228
2022-06-14,Valjevo,PM2.5,4.0,8.7,9.11297050673554
2022-06-15,Valjevo,PM2.5,5.0,8.93,10.553993200852192
2022-06-16,Valjevo,PM2.5,10.0,10.5,10.729398322450526
2022-06-17,Valjevo,PM2.5,10.0,13.4,9.520694105996036
2022-06-18,Valjevo,PM2.5,6.0,10.7,9.556832747153916
2022-06-19,Valjevo,PM2.5,6.0,8.51,10.45558459683765
2022-06-20,Valjevo,PM2.5,11.0,11.6,11.516290207916033
2022-06-21,Valjevo,PM2.5,17.0,17.2,12.706395912632969
2022-06-22,Valjevo,PM2.5,14.0,13.5,12.248842802954504
2022-06-23,Valjevo,PM2.5,27.0,23.1,15.598507688278486
2022-06-24,Valjevo,PM2.5,11.0,13.0,11.516290207916033
2022-06-25,Valjevo,PM2.5,9.0,16.5,10.521351670149254
2022-06-26,Valjevo,PM2.5,8.0,11.5,10.521717792059476
2022-06-27,Valjevo,PM2.5,8.0,10.4,10.620126396074015
2022-06-28,Valjevo,PM2.5,11.0,11.7,11.214860048711545
2022-06-29,Valjevo,PM2.5,11.0,13.6,10.013012524659256
2022-06-30,Valjevo,PM2.5,15.0,16.5,12.231749000476958
2022-07-01,Valjevo,PM2.5,14.0,16.3,12.138476195623069
2022-07-02,Valjevo,PM2.5,8.0,12.2,9.512599335044303
2022-07-03,Valjevo,PM2.5,12.0,12.4,11.549343208971182
2022-07-04,Valjevo,PM2.5,23.0,19.1,15.576900779777551
2022-07-05,Valjevo,PM2.5,17.0,17.8,12.981235222290412
2022-07-06,Valjevo,PM2.5,6.0,8.34,8.697155665342581
2022-07-07,Valjevo,PM2.5,5.0,7.71,9.773296581208594
2022-07-08,Valjevo,PM2.5,6.0,9.03,8.722280157455065
2022-07-09,Valjevo,PM2.5,5.0,9.45,8.148654034654358
2022-07-10,Valjevo,PM2.5,2.0,4.56,8.347499228884015
2022-07-11,Valjevo,PM2.5,4.0,7.78,8.347499228884015
2022-07-12,Valjevo,PM2.5,2.0,7.0,9.524820533812532
2022-07-22,Valjevo,PM2.5,9.0,10.7,9.890877854909192
2022-07-23,Valjevo,PM2.5,17.0,13.6,13.232321654960147
2022-07-24,Valjevo,PM2.5,17.0,16.2,12.596029305301531
2022-07-25,Valjevo,PM2.5,9.0,9.63,10.188054015929334
2022-07-26,Valjevo,PM2.5,11.0,10.9,11.032769749292576
2022-07-27,Valjevo,PM2.5,15.0,12.4,11.97198609820128
2022-07-28,Valjevo,PM2.5,10.0,13.2,10.40508749654386
2022-07-29,Valjevo,PM2.5,19.0,15.2,14.07911544656898
2022-07-30,Valjevo,PM2.5,18.0,16.6,12.871350908662397
2022-07-31,Valjevo,PM2.5,6.0,9.68,9.44646613982248
2022-08-01,Valjevo,PM2.5,8.0,10.1,9.813712393009393
2022-08-02,Valjevo,PM2.5,9.0,10.9,10.41081267990437
2022-08-03,Valjevo,PM2.5,11.0,11.4,11.255528413267612
2022-08-04,Valjevo,PM2.5,9.0,11.1,10.572196568755391
2022-08-05,Valjevo,PM2.5,10.0,11.2,10.630989718435984
2022-08-06,Valjevo,PM2.5,10.0,10.7,10.171460366781965
2022-08-07,Valjevo,PM2.5,8.0,9.46,9.225544175139728
2022-08-08,Valjevo,PM2.5,12.0,12.5,11.52347046452814
2022-08-09,Valjevo,PM2.5,18.0,15.2,13.18105683536306
2022-08-10,Valjevo,PM2.5,12.0,13.0,10.77494141924794
2022-08-11,Valjevo,PM2.5,6.0,9.13,9.747579197787568
2022-08-12,Valjevo,PM2.5,4.0,8.56,10.454615295054792
2022-08-24,Valjevo,PM2.5,15.0,14.8,12.599653112089824
2022-08-25,Valjevo,PM2.5,23.0,20.5,16.505997952870594
2022-08-26,Valjevo,PM2.5,16.0,19.5,12.983100601813453
2022-08-27,Valjevo,PM2.5,16.0,17.5,13.173847052447105
2022-08-28,Valjevo,PM2.5,19.0,19.4,14.002117035402376
2022-08-29,Valjevo,PM2.5,11.0,13.6,11.086705972374295
2022-08-30,Valjevo,PM2.5,12.0,14.7,11.239984499156254
2022-08-31,Valjevo,PM2.5,13.0,13.4,11.544901722419056
2022-09-01,Valjevo,PM2.5,13.0,16.0,11.358373665926262
2022-09-02,Valjevo,PM2.5,9.0,10.9,9.943727090373883
2022-09-03,Valjevo,PM2.5,19.0,18.7,15.00933547560755
2022-09-04,Valjevo,PM2.5,23.0,18.9,16.71224588849559
2022-09-05,Valjevo,PM2.5,30.0,25.7,18.164107962372636
2022-09-06,Valjevo,PM2.5,22.0,19.7,15.316394229926114
2022-09-07,Valjevo,PM2.5,19.0,19.1,14.832859605761678
2022-09-08,Valjevo,PM2.5,12.0,14.2,12.30308736816388
2022-09-09,Valjevo,PM2.5,7.0,12.0,10.752946212135498
2022-09-10,Valjevo,PM2.5,7.0,10.9,10.596932531967518
2022-09-11,Valjevo,PM2.5,4.0,7.32,11.163045961901185
2022-09-12,Valjevo,PM2.5,3.0,8.36,9.499650024501914
2022-09-13,Valjevo,PM2.5,5.0,9.25,10.336294289767642
2022-09-14,Valjevo,PM2.5,6.0,10.6,10.824216901421437
2022-09-15,Valjevo,PM2.5,3.0,13.7,10.08781824237158
2022-09-16,Valjevo,PM2.5,6.0,10.1,10.682688482679987
2022-09-17,Valjevo,PM2.5,8.0,10.0,10.087656559537784
2022-09-18,Valjevo,PM2.5,3.0,5.32,9.574795242800764
2022-09-19,Valjevo,PM2.5,11.0,13.4,11.82510321698182
2022-09-20,Valjevo,PM2.5,9.0,11.0,11.538169784181498
2022-09-21,Valjevo,PM2.5,13.0,15.6,11.42906586592081
2022-09-22,Valjevo,PM2.5,13.0,14.6,11.677541913316873
2022-09-23,Valjevo,PM2.5,23.0,18.9,16.917673675777678
2022-09-24,Valjevo,PM2.5,25.0,20.1,17.741600935881703
2022-09-25,Valjevo,PM2.5,34.0,26.5,20.218978944090207
2022-09-26,Valjevo,PM2.5,12.0,18.7,11.453165741931826
2022-09-27,Valjevo,PM2.5,18.0,20.6,13.933420638788984
2022-09-28,Valjevo,PM2.5,13.0,20.7,12.532078733868005
2022-09-29,Valjevo,PM2.5,15.0,21.2,12.61333820075038
2022-09-30,Valjevo,PM2.5,8.0,14.5,10.59317393562312
2022-10-01,Valjevo,PM2.5,4.0,11.7,11.485463439059997
2022-10-02,Valjevo,PM2.5,7.0,8.74,11.56479301258405
2022-10-03,Valjevo,PM2.5,8.0,13.6,11.042794788758314
2022-10-04,Valjevo,PM2.5,11.0,13.6,12.879253417759974
2022-10-05,Valjevo,PM2.5,21.0,19.2,18.53330125491473
2022-10-06,Valjevo,PM2.5,21.0,19.3,18.434892650900185
2022-10-07,Valjevo,PM2.5,40.0,31.3,28.49751755776562
2022-10-08,Valjevo,PM2.5,32.0,26.7,22.457355241015016
2022-10-09,Valjevo,PM2.5,43.0,37.3,28.59593577732974
2022-10-10,Valjevo,PM2.5,47.0,43.4,34.78808935456899
2022-10-11,Valjevo,PM2.5,60.0,54.3,38.28059973397269
2022-10-12,Valjevo,PM2.5,58.0,51.7,39.21990208500877
2022-10-13,Valjevo,PM2.5,63.0,53.9,41.295761355154994
2022-10-14,Valjevo,PM2.5,39.0,37.2,28.39910895375108
2022-10-15,Valjevo,PM2.5,32.0,30.6,24.83115001560981
2022-10-16,Valjevo,PM2.5,30.0,24.3,24.919272873260866
2022-10-17,Valjevo,PM2.5,33.0,26.5,26.112641855469064
2022-10-18,Valjevo,PM2.5,35.0,26.0,27.40532183103245
2022-10-19,Valjevo,PM2.5,35.0,36.1,26.10135442241888
2022-10-20,Valjevo,PM2.5,33.0,25.1,25.922300310898866
2022-10-21,Valjevo,PM2.5,55.0,39.7,40.77037057200941
2022-10-22,Valjevo,PM2.5,34.0,31.7,25.431447197056503
2022-10-23,Valjevo,PM2.5,25.0,20.8,21.967945930406465
2022-10-24,Valjevo,PM2.5,23.0,29.1,21.84293004570237
2022-10-25,Valjevo,PM2.5,24.0,27.9,21.869537326391924
2022-10-26,Valjevo,PM2.5,24.0,21.6,23.28199217445489
2022-10-27,Valjevo,PM2.5,24.0,21.2,22.5957976485766
2022-10-28,Valjevo,PM2.5,35.0,27.5,27.87286931793595
2022-10-29,Valjevo,PM2.5,50.0,35.2,37.11571724873309
2022-10-30,Valjevo,PM2.5,58.0,38.9,44.49458038654408
2022-10-31,Valjevo,PM2.5,56.0,40.8,41.30805570730203
2022-11-01,Valjevo,PM2.5,38.0,36.0,30.77956836606399
2022-11-02,Valjevo,PM2.5,45.0,48.9,35.35565582871341
2022-11-03,Valjevo,PM2.5,71.0,54.7,51.69345077061122
2022-11-04,Valjevo,PM2.5,56.0,64.7,36.929053617561856
2022-11-05,Valjevo,PM2.5,28.0,22.7,21.89785250091249
2022-11-06,Valjevo,PM2.5,30.0,24.3,22.7446498966767
2022-11-07,Valjevo,PM2.5,43.0,38.7,33.54606646513777
2022-11-08,Valjevo,PM2.5,66.0,46.7,51.69345077061122
2022-11-09,Valjevo,PM2.5,67.0,37.5,51.69345077061122
2022-11-10,Valjevo,PM2.5,39.0,33.2,30.073427327455114
2022-11-11,Valjevo,PM2.5,43.0,34.1,29.353033651942383
2022-11-12,Valjevo,PM2.5,69.0,48.6,47.89462625626712
2022-11-13,Valjevo,PM2.5,73.0,48.6,51.53508875220716
2022-11-14,Valjevo,PM2.5,99.0,66.3,68.27456685255784
2022-11-15,Valjevo,PM2.5,121.0,89.5,71.10150311812362
2022-11-16,Valjevo,PM2.5,105.0,95.1,64.86883882969889
2022-11-17,Valjevo,PM2.5,46.0,37.5,32.49334899253659
2022-11-18,Valjevo,PM2.5,102.0,71.9,61.64933763857423
2022-11-19,Valjevo,PM2.5,55.0,38.8,34.600069231394926
2022-11-20,Valjevo,PM2.5,39.0,27.3,26.57543213966947
2022-11-21,Valjevo,PM2.5,78.0,49.5,45.393033366877226
2022-11-22,Valjevo,PM2.5,47.0,40.4,28.906683432083188
2022-11-23,Valjevo,PM2.5,56.0,33.9,35.44431688016325
2022-11-24,Valjevo,PM2.5,113.0,64.4,65.73303386918309
2022-11-25,Valjevo,PM2.5,77.0,48.1,48.26229479812433
2022-11-26,Valjevo,PM2.5,91.0,56.8,60.99180354649753
2022-11-27,Valjevo,PM2.5,93.0,69.7,55.878284286641765
2022-11-28,Valjevo,PM2.5,57.0,42.2,42.62500425049153
2022-11-29,Valjevo,PM2.5,54.0,35.6,38.81503819827037
2022-11-30,Valjevo,PM2.5,44.0,32.1,30.27860472155054
2022-12-01,Valjevo,PM2.5,21.0,18.4,20.99926337211777
2022-12-02,Valjevo,PM2.5,83.0,48.2,57.00763722555627
2022-12-03,Valjevo,PM2.5,179.0,101.0,108.60162986037484
2022-12-04,Valjevo,PM2.5,70.0,63.1,41.23744155149996
2022-12-05,Valjevo,PM2.5,107.0,61.9,70.40529421442847
2022-12-06,Valjevo,PM2.5,118.0,81.2,67.5683880710852
2022-12-07,Valjevo,PM2.5,49.0,38.5,33.14400020643244
2022-12-08,Valjevo,PM2.5,121.0,77.4,70.2920990810661
2022-12-09,Valjevo,PM2.5,135.0,94.5,78.5520686319687
2022-12-10,Valjevo,PM2.5,64.0,54.0,41.02196382824148
2022-12-11,Valjevo,PM2.5,36.0,22.1,22.60654810415166
2022-12-12,Valjevo,PM2.5,61.0,41.8,44.63915553846468
2022-12-13,Valjevo,PM2.5,81.0,54.4,62.36845685377418
2022-12-14,Valjevo,PM2.5,148.0,98.6,87.32151455303979
2022-12-15,Valjevo,PM2.5,208.0,124.0,99.92069993422942
2022-12-16,Valjevo,PM2.5,98.0,72.1,68.35998990638298
2022-12-17,Valjevo,PM2.5,48.0,30.7,29.73044599924549
2022-12-18,Valjevo,PM2.5,64.0,43.0,50.70481896788832
2022-12-19,Valjevo,PM2.5,120.0,92.1,73.44376896302965
2022-12-20,Valjevo,PM2.5,139.0,84.4,85.71298617724558
2022-12-21,Valjevo,PM2.5,193.0,132.0,105.05358053665144
2022-12-22,Valjevo,PM2.5,234.0,152.0,118.4625245219819
2022-12-23,Valjevo,PM2.5,134.0,89.8,83.27747986854287
2022-12-24,Valjevo,PM2.5,145.0,109.0,81.83285707821607
2022-12-25,Valjevo,PM2.5,112.0,61.6,75.80036363847383
2022-12-26,Valjevo,PM2.5,133.0,102.0,84.84846893565185
2022-12-27,Valjevo,PM2.5,79.0,50.7,47.86943948057821
2022-12-28,Valjevo,PM2.5,111.0,61.5,71.08091439536244
2022-12-29,Valjevo,PM2.5,163.0,134.0,101.03953495289618
2022-12-30,Valjevo,PM2.5,132.0,112.0,80.44731685879763
2022-12-31,Valjevo,PM2.5,134.0,83.4,87.82016611364966
2023-01-01,Valjevo,PM2.5,110.0,68.2,75.70195503445929
2023-01-02,Valjevo,PM2.5,128.0,84.2,79.43316000176435
2023-01-03,Valjevo,PM2.5,103.0,65.2,72.31456269451294
2023-01-04,Valjevo,PM2.5,142.0,84.4,87.9185747176642
2023-01-05,Valjevo,PM2.5,139.0,120.0,82.14617459561823
2023-01-06,Valjevo,PM2.5,112.0,64.4,70.13173607866945
2023-01-07,Valjevo,PM2.5,122.0,71.2,77.99234987778915
2023-01-08,Valjevo,PM2.5,120.0,76.2,75.70195503445929
2023-01-09,Valjevo,PM2.5,78.0,58.6,43.7131457580002
2023-01-10,Valjevo,PM2.5,28.0,18.5,18.69774622838236
2023-01-11,Valjevo,PM2.5,76.0,48.8,41.575950054454815
2023-01-12,Valjevo,PM2.5,125.0,76.2,74.9888823606721
2023-01-13,Valjevo,PM2.5,129.0,82.1,79.43316000176435
2023-01-14,Valjevo,PM2.5,105.0,69.0,64.83116775706111
2023-01-15,Valjevo,PM2.5,131.0,91.9,80.7626742880719
2023-01-16,Valjevo,PM2.5,149.0,98.5,82.62889907490911
2023-01-17,Valjevo,PM2.5,40.0,29.6,24.33600693859897
2023-01-18,Valjevo,PM2.5,18.0,11.5,17.325848639376137
2023-01-19,Valjevo,PM2.5,16.0,13.2,19.12551290580844
2023-01-20,Valjevo,PM2.5,65.0,41.2,41.5413197526021
2023-01-21,Valjevo,PM2.5,66.0,46.1,47.78792315875953
2023-01-22,Valjevo,PM2.5,71.0,48.4,54.3208656288308
2023-01-23,Valjevo,PM2.5,75.0,45.5,43.84468887018898
2023-01-24,Valjevo,PM2.5,44.0,28.2,28.98376971573957
2023-01-25,Valjevo,PM2.5,52.0,43.1,40.14497328000252
2023-01-26,Valjevo,PM2.5,38.0,29.2,27.26306662078542
2023-01-27,Valjevo,PM2.5,53.0,38.4,35.833877302255125
2023-01-28,Valjevo,PM2.5,55.0,39.5,36.06274220256341
2023-01-29,Valjevo,PM2.5,75.0,55.9,48.17218295604125
2023-01-30,Valjevo,PM2.5,80.0,54.1,51.877246698266326
2023-01-31,Valjevo,PM2.5,47.0,38.6,29.82140783927189
2023-02-01,Valjevo,PM2.5,80.0,64.3,49.4660664222854
2023-02-02,Valjevo,PM2.5,59.0,48.5,40.22893024209346
2023-02-03,Valjevo,PM2.5,61.0,44.4,39.30707083826547
2023-02-04,Valjevo,PM2.5,22.0,18.9,15.4090350719863
2023-02-05,Valjevo,PM2.5,22.0,18.7,16.895133455763077
2023-02-06,Valjevo,PM2.5,43.0,42.7,28.033471916672397
2023-02-07,Valjevo,PM2.5,55.0,53.1,44.25846668415736
2023-02-08,Valjevo,PM2.5,74.0,56.6,48.77876943495557
2023-02-09,Valjevo,PM2.5,91.0,74.3,61.765363782708114
2023-02-10,Valjevo,PM2.5,108.0,80.1,73.10110848091291
2023-02-11,Valjevo,PM2.5,124.0,90.1,77.0850423669539
2023-02-12,Valjevo,PM2.5,115.0,74.2,67.2079533086291
2023-02-13,Valjevo,PM2.5,123.0,77.6,77.08622213839908
2023-02-14,Valjevo,PM2.5,71.0,55.8,47.15783318533953
2023-02-15,Valjevo,PM2.5,108.0,67.6,72.04574897804794
2023-02-16,Valjevo,PM2.5,78.0,68.0,55.80624693828587
2023-02-17,Valjevo,PM2.5,89.0,58.1,63.15358748022302
2023-02-18,Valjevo,PM2.5,75.0,64.3,55.000866453353744
2023-02-19,Valjevo,PM2.5,133.0,57.9,80.34620060546037
2023-02-20,Valjevo,PM2.5,57.0,39.2,39.03247758050905
2023-02-21,Valjevo,PM2.5,67.0,46.9,53.14826282341914
2023-02-22,Valjevo,PM2.5,67.0,43.6,53.85523470433671
2023-02-23,Valjevo,PM2.5,78.0,53.3,50.3798258142569
2023-02-24,Valjevo,PM2.5,85.0,76.9,56.06956221283
2023-02-25,Valjevo,PM2.5,39.0,35.3,27.458934999345843
2023-02-26,Valjevo,PM2.5,47.0,34.8,31.52642692315826
2023-02-27,Valjevo,PM2.5,75.0,50.2,48.2244012532392
2023-02-28,Valjevo,PM2.5,67.0,51.9,48.42071274916674
2023-03-01,Valjevo,PM2.5,95.0,60.4,60.62818684931732
2023-03-02,Valjevo,PM2.5,94.0,68.3,59.85927807023928
2023-03-03,Valjevo,PM2.5,63.0,47.8,44.3628617415908
2023-03-04,Valjevo,PM2.5,80.0,53.1,49.31814251793003
2023-03-05,Valjevo,PM2.5,70.0,48.0,49.63034969627678
2023-03-06,Valjevo,PM2.5,80.0,67.1,48.46089714179267
2023-03-07,Valjevo,PM2.5,68.0,53.6,47.02325442238136
2023-03-08,Valjevo,PM2.5,67.0,65.0,45.92993378594724
2023-03-09,Valjevo,PM2.5,49.0,46.9,30.541491856387985
2023-03-10,Valjevo,PM2.5,72.0,54.7,44.95568649486468
2023-03-11,Valjevo,PM2.5,48.0,38.5,30.834528962509207
2023-03-12,Valjevo,PM2.5,46.0,35.5,35.89115175747939
2023-03-13,Valjevo,PM2.5,72.0,64.3,51.11528478435418
2023-03-14,Valjevo,PM2.5,69.0,70.0,49.09603497598139
2023-03-15,Valjevo,PM2.5,28.0,28.4,18.765175301706
2023-03-16,Valjevo,PM2.5,58.0,39.8,36.90257070174465
2023-03-17,Valjevo,PM2.5,74.0,43.1,52.89583420349025
2023-03-18,Valjevo,PM2.5,70.0,46.2,49.63034969627678
2023-03-19,Valjevo,PM2.5,76.0,48.2,52.89583420349025
2023-03-20,Valjevo,PM2.5,62.0,40.3,47.525592516627725
2023-03-21,Valjevo,PM2.5,51.0,38.7,35.60106530368844
2023-03-22,Valjevo,PM2.5,47.0,30.8,37.47311540190782
2023-03-23,Valjevo,PM2.5,46.0,35.0,37.47449544957134
2023-03-24,Valjevo,PM2.5,32.0,27.7,26.96241745742577
2023-03-25,Valjevo,PM2.5,34.0,26.7,24.605527456562765
2023-03-26,Valjevo,PM2.5,39.0,25.1,31.46358007719502
2023-03-27,Valjevo,PM2.5,25.0,20.3,17.884999245145952
2023-03-28,Valjevo,PM2.5,34.0,18.5,20.451010461127407
2023-03-29,Valjevo,PM2.5,52.0,30.3,35.93917595993496
2023-03-30,Valjevo,PM2.5,54.0,46.7,41.44401318719383
2023-03-31,Valjevo,PM2.5,35.0,29.3,27.861369818060258
2023-04-01,Valjevo,PM2.5,56.0,36.6,33.45750330818562
2023-04-02,Valjevo,PM2.5,39.0,26.4,27.98932838297157
2023-04-03,Valjevo,PM2.5,38.0,28.9,22.95408381834642
2023-04-04,Valjevo,PM2.5,44.0,29.6,24.98525196646334
2023-04-05,Valjevo,PM2.5,67.0,41.4,43.31109761107297
2023-04-06,Valjevo,PM2.5,72.0,48.7,43.077866399552434
2023-04-07,Valjevo,PM2.5,65.0,41.9,40.29174560662148
2023-04-08,Valjevo,PM2.5,97.0,69.5,61.97342166139734
2023-04-09,Valjevo,PM2.5,74.0,56.3,46.06201488545094
2023-04-10,Valjevo,PM2.5,63.0,46.8,38.499968047662925
2023-04-11,Valjevo,PM2.5,56.0,41.9,36.051477333383865
2023-04-12,Valjevo,PM2.5,34.0,22.4,24.020657760758628
2023-04-13,Valjevo,PM2.5,25.0,23.1,21.523426420548507
2023-04-14,Valjevo,PM2.5,30.0,18.1,20.823284146040468
2023-04-15,Valjevo,PM2.5,39.0,26.9,28.358149849330776
2023-04-16,Valjevo,PM2.5,34.0,26.6,20.265457396688177
2023-04-17,Valjevo,PM2.5,48.0,32.2,29.635513369069866
2023-04-18,Valjevo,PM2.5,35.0,21.7,21.770199451231
2023-04-19,Valjevo,PM2.5,41.0,30.1,26.330151016387244
2023-04-20,Valjevo,PM2.5,42.0,29.5,26.77615428488025
2023-04-21,Valjevo,PM2.5,34.0,30.6,20.9219188110733
2023-04-22,Valjevo,PM2.5,35.0,26.1,23.96595861123306
2023-04-23,Valjevo,PM2.5,29.0,25.8,19.77225984963885
2023-04-24,Valjevo,PM2.5,33.0,28.7,20.484768228511125
2023-04-25,Valjevo,PM2.5,28.0,19.2,17.888163302839548
2023-04-26,Valjevo,PM2.5,32.0,21.6,19.413529379604373
2023-04-27,Valjevo,PM2.5,32.0,23.3,21.583014729365644
2023-04-28,Valjevo,PM2.5,32.0,27.1,22.991232903941164
2023-04-29,Valjevo,PM2.5,38.0,36.0,24.28351994881474
2023-04-30,Valjevo,PM2.5,24.0,20.6,17.58519994369036
2023-05-01,Valjevo,PM2.5,22.0,17.9,14.788064464807734
2023-05-02,Valjevo,PM2.5,26.0,23.2,14.898915473881988
2023-05-03,Valjevo,PM2.5,28.0,23.5,15.84134651958216
2023-05-04,Valjevo,PM2.5,38.0,31.1,23.09957797738393
2023-05-05,Valjevo,PM2.5,30.0,26.5,17.771524107198587
2023-05-06,Valjevo,PM2.5,16.0,16.1,13.285375431260512
2023-05-07,Valjevo,PM2.5,11.0,11.3,11.681299128649194
2023-05-08,Valjevo,PM2.5,22.0,21.5,15.688962353414702
2023-05-09,Valjevo,PM2.5,17.0,17.1,14.384197567134663
2023-05-10,Valjevo,PM2.5,10.0,10.1,9.407926486906778
2023-05-11,Valjevo,PM2.5,20.0,15.7,11.927169463554009
2023-05-12,Valjevo,PM2.5,26.0,18.5,13.953639176007464
2023-05-13,Valjevo,PM2.5,22.0,21.2,15.31929397444756
2023-05-14,Valjevo,PM2.5,13.0,15.9,9.85187796132549
2023-05-15,Valjevo,PM2.5,20.0,20.2,13.715370009059663
2023-05-16,Valjevo,PM2.5,22.0,22.7,13.887475250042382
2023-05-17,Valjevo,PM2.5,7.0,11.0,10.332716440475236
2023-05-18,Valjevo,PM2.5,14.0,11.5,11.148874368834344
2023-05-19,Valjevo,PM2.5,33.0,27.9,20.11534985369441
2023-05-20,Valjevo,PM2.5,26.0,24.0,14.816864485570822
2023-05-21,Valjevo,PM2.5,17.0,17.6,12.133169172114943
2023-05-22,Valjevo,PM2.5,14.0,16.2,11.954322372033644
2023-05-23,Valjevo,PM2.5,12.0,14.6,11.84477294706027
2023-05-24,Valjevo,PM2.5,16.0,17.2,13.085130728745648
2023-05-25,Valjevo,PM2.5,9.0,15.4,10.271939991262206
2023-05-26,Valjevo,PM2.5,12.0,15.5,11.29447042017599
2023-05-27,Valjevo,PM2.5,15.0,19.4,12.281825280780795
2023-05-28,Valjevo,PM2.5,17.0,18.9,13.50022080992133
2023-05-29,Valjevo,PM2.5,15.0,20.2,12.208118643978858
2023-05-30,Valjevo,PM2.5,15.0,19.2,12.208118643978858
2023-05-31,Valjevo,PM2.5,13.0,15.9,11.835613269318632
2023-06-01,Valjevo,PM2.5,17.0,20.6,13.052790105545316
2023-06-02,Valjevo,PM2.5,19.0,21.9,13.76975673675405
2023-06-03,Valjevo,PM2.5,25.0,28.1,15.178547463332633
2023-06-04,Valjevo,PM2.5,7.0,12.3,10.168618150791945
2023-06-05,Valjevo,PM2.5,7.0,13.2,10.56420255294634
2023-06-06,Valjevo,PM2.5,9.0,13.6,10.614681329642256
2023-06-07,Valjevo,PM2.5,14.0,15.7,11.809063275783648
2023-06-08,Valjevo,PM2.5,16.0,17.5,13.21633181333397
2023-06-09,Valjevo,PM2.5,19.0,20.8,14.34435887143088
2023-06-10,Valjevo,PM2.5,11.0,16.3,11.113999994526166
2023-06-11,Valjevo,PM2.5,8.0,12.1,10.21783618268415
2023-06-12,Valjevo,PM2.5,9.0,15.2,10.008522466514505
2023-06-13,Valjevo,PM2.5,7.0,12.2,10.062188440405455
2023-06-14,Valjevo,PM2.5,8.0,13.8,10.551927448390046
2023-06-15,Valjevo,PM2.5,12.0,15.4,11.141575895141711
2023-06-16,Valjevo,PM2.5,16.0,17.3,10.599118743954206
2023-06-17,Valjevo,PM2.5,14.0,18.1,11.924136058806456
2023-06-18,Valjevo,PM2.5,8.0,11.2,9.813712393009393
2023-06-19,Valjevo,PM2.5,13.0,14.9,11.974485957960797
2023-06-20,Valjevo,PM2.5,20.0,19.2,14.203465506529472
2023-06-21,Valjevo,PM2.5,23.0,20.8,16.13877563239106
2023-06-22,Valjevo,PM2.5,27.0,23.2,15.948029181757406
2023-06-23,Valjevo,PM2.5,20.0,24.2,14.111127659910364
2023-06-24,Valjevo,PM2.5,12.0,15.5,10.564310390350082
2023-06-25,Valjevo,PM2.5,15.0,14.0,12.018407756033092
2023-06-26,Valjevo,PM2.5,10.0,13.0,9.980713916148312
2023-06-27,Valjevo,PM2.5,10.0,12.9,10.277890077168454
2023-06-28,Valjevo,PM2.5,8.0,13.1,10.119427578669608
2023-06-29,Valjevo,PM2.5,8.0,11.8,10.620126396074015
2023-06-30,Valjevo,PM2.5,13.0,13.8,11.974485957960797
2023-07-01,Valjevo,PM2.5,9.0,13.6,10.27205281257316
2023-07-02,Valjevo,PM2.5,12.0,14.4,11.142243096133466
2023-07-03,Valjevo,PM2.5,8.0,11.8,10.29895912808444
2023-07-04,Valjevo,PM2.5,14.0,15.3,11.835916996543286
2023-07-05,Valjevo,PM2.5,21.0,19.2,14.600718692711874
2023-07-06,Valjevo,PM2.5,25.0,23.2,15.814018532327824
2023-07-07,Valjevo,PM2.5,9.0,12.3,9.394104635461304
2023-07-08,Valjevo,PM2.5,8.0,10.6,9.590953729034355
2023-07-09,Valjevo,PM2.5,7.0,9.06,10.297989826301585
2023-07-10,Valjevo,PM2.5,9.0,11.4,10.448815810577754
2023-07-11,Valjevo,PM2.5,18.0,16.6,13.483558088971607
2023-07-12,Valjevo,PM2.5,12.0,16.7,11.371610909183731
2023-07-13,Valjevo,PM2.5,13.0,16.1,11.574964295981164
2023-07-14,Valjevo,PM2.5,6.0,8.77,10.154471538872562
2023-07-15,Valjevo,PM2.5,21.0,20.1,14.654018615569669
2023-07-16,Valjevo,PM2.5,28.0,24.4,17.31140048936543
2023-07-17,Valjevo,PM2.5,29.0,24.8,17.31140048936543
2023-07-18,Valjevo,PM2.5,15.0,15.3,12.050340492191332
2023-07-19,Valjevo,PM2.5,7.0,11.5,10.29895912808444
2023-07-20,Valjevo,PM2.5,6.0,10.5,10.026667562287669
2023-07-21,Valjevo,PM2.5,8.0,13.0,10.31901333810893
2023-07-22,Valjevo,PM2.5,10.0,13.2,10.353961829820298
2023-07-23,Valjevo,PM2.5,18.0,14.7,13.608573973675696
2023-07-24,Valjevo,PM2.5,16.0,16.0,12.95108838847207
2023-07-25,Valjevo,PM2.5,10.0,17.8,9.870347308816877
2023-07-26,Valjevo,PM2.5,5.0,11.6,9.276523361760706
2023-07-27,Valjevo,PM2.5,5.0,7.35,8.858297921952815
2023-07-28,Valjevo,PM2.5,6.0,8.47,10.331234536877156
2023-07-29,Valjevo,PM2.5,16.0,14.3,12.95108838847207
2023-07-30,Valjevo,PM2.5,19.0,18.7,14.030597552400538
2023-07-31,Valjevo,PM2.5,5.0,9.97,9.694942187218542
2023-08-01,Valjevo,PM2.5,4.0,9.11,10.443309492281356
2023-08-02,Valjevo,PM2.5,2.0,5.9,10.143008601800236
2023-08-03,Valjevo,PM2.5,9.0,10.8,10.67157447455279
2023-08-04,Valjevo,PM2.5,13.0,15.4,11.875108052163396
2023-08-05,Valjevo,PM2.5,15.0,15.3,12.00586811125851
2023-08-06,Valjevo,PM2.5,4.0,8.44,9.897854987665498
2023-08-07,Valjevo,PM2.5,2.0,6.31,10.053294383447785
2023-08-08,Valjevo,PM2.5,2.0,6.16,10.252563041647704
2023-08-09,Valjevo,PM2.5,4.0,7.57,10.553993200852192
2023-08-10,Valjevo,PM2.5,6.0,9.88,10.293231406203772
2023-08-11,Valjevo,PM2.5,5.0,8.9,10.293231406203772
2023-08-12,Valjevo,PM2.5,7.0,8.56,10.46823725013972
2023-08-13,Valjevo,PM2.5,10.0,10.6,10.729398322450526
2023-08-14,Valjevo,PM2.5,13.0,14.0,11.876077353946252
2023-08-15,Valjevo,PM2.5,14.0,16.5,11.881651297919593
2023-08-16,Valjevo,PM2.5,28.0,25.8,16.95919928262881
2023-08-17,Valjevo,PM2.5,36.0,30.9,22.62990116680717
2023-08-18,Valjevo,PM2.5,40.0,35.6,23.69105670395351
2023-08-19,Valjevo,PM2.5,29.0,24.8,17.507285892110257
2023-08-20,Valjevo,PM2.5,23.0,20.5,15.878013837742635
2023-08-21,Valjevo,PM2.5,23.0,19.8,15.878013837742635
2023-08-22,Valjevo,PM2.5,23.0,18.8,16.04036702837652
2023-08-23,Valjevo,PM2.5,28.0,23.5,17.534159153340465
2023-08-24,Valjevo,PM2.5,18.0,17.9,13.515570302312993
2023-08-25,Valjevo,PM2.5,16.0,15.8,13.173847052447105
2023-08-26,Valjevo,PM2.5,17.0,18.3,13.35667171492064
2023-08-27,Valjevo,PM2.5,14.0,15.8,12.178827458939734
2023-08-28,Valjevo,PM2.5,16.0,17.6,12.615909096778545
2023-08-29,Valjevo,PM2.5,12.0,14.4,11.52347046452814
2023-08-30,Valjevo,PM2.5,4.0,9.09,10.15861678231392
2023-08-31,Valjevo,PM2.5,10.0,13.1,10.334021903912252
2023-09-01,Valjevo,PM2.5,12.0,15.9,12.10336569327531
2023-09-02,Valjevo,PM2.5,13.0,12.9,12.505471453178458
2023-09-03,Valjevo,PM2.5,15.0,15.0,12.713681899366147
2023-09-04,Valjevo,PM2.5,8.0,12.3,9.354239456967523
2023-09-05,Valjevo,PM2.5,12.0,13.7,12.08546765630002
2023-09-06,Valjevo,PM2.5,11.0,13.6,11.786513908485276
2023-09-07,Valjevo,PM2.5,11.0,14.3,11.489337747465134
2023-09-08,Valjevo,PM2.5,10.0,13.7,10.702445861999628
2023-09-09,Valjevo,PM2.5,10.0,13.8,10.99962202301977
2023-09-10,Valjevo,PM2.5,10.0,11.8,11.26038381766819
2023-09-11,Valjevo,PM2.5,8.0,13.0,11.052703287277138
2023-09-12,Valjevo,PM2.5,9.0,16.1,11.10415136575591
2023-09-13,Valjevo,PM2.5,13.0,15.8,12.505471453178458
2023-09-14,Valjevo,PM2.5,14.0,17.2,12.568284535415952
2023-09-15,Valjevo,PM2.5,9.0,12.0,10.701861152366044
2023-09-16,Valjevo,PM2.5,19.0,18.3,14.430569392371812
2023-09-17,Valjevo,PM2.5,20.0,19.3,15.00933547560755
2023-09-18,Valjevo,PM2.5,16.0,17.9,13.081164026066642
2023-09-19,Valjevo,PM2.5,14.0,19.1,12.670817673664178
2023-09-20,Valjevo,PM2.5,9.0,12.3,11.32757585447454
2023-09-21,Valjevo,PM2.5,11.0,17.9,11.72078334255571
2023-09-22,Valjevo,PM2.5,8.0,16.7,10.699603646009608
2023-09-23,Valjevo,PM2.5,5.0,13.9,10.824216901421437
2023-09-24,Valjevo,PM2.5,2.0,5.06,10.371798025089491
2023-09-25,Valjevo,PM2.5,9.0,10.5,10.112399237977808
2023-09-26,Valjevo,PM2.5,18.0,19.3,13.777772896510289
2023-09-27,Valjevo,PM2.5,11.0,14.9,11.240861700069072
2023-09-28,Valjevo,PM2.5,11.0,14.7,11.489337747465134
2023-09-29,Valjevo,PM2.5,10.0,13.1,11.26038381766819
2023-09-30,Valjevo,PM2.5,16.0,16.2,13.60545464186737
2023-10-01,Valjevo,PM2.5,12.0,15.3,12.010929585009178
2023-10-02,Valjevo,PM2.5,11.0,12.7,13.203841820714128
2023-10-03,Valjevo,PM2.5,12.0,14.9,14.033983645527234
2023-10-04,Valjevo,PM2.5,8.0,11.8,12.059201961476049
2023-10-05,Valjevo,PM2.5,9.0,11.9,13.031864851148349
2023-10-06,Valjevo,PM2.5,10.0,12.8,12.93779955311179
2023-10-07,Valjevo,PM2.5,12.0,13.2,15.20423205781477
2023-10-08,Valjevo,PM2.5,8.0,11.9,10.867929332391896
2023-10-09,Valjevo,PM2.5,11.0,13.2,13.28376303160505
2023-10-10,Valjevo,PM2.5,13.0,15.4,13.840367385664354
2023-10-11,Valjevo,PM2.5,18.0,18.8,16.290031618260823
2023-10-12,Valjevo,PM2.5,15.0,16.9,14.795742723395806
2023-10-13,Valjevo,PM2.5,24.0,22.2,18.49906600898661
2023-10-14,Valjevo,PM2.5,19.0,19.3,16.662164487139567
2023-10-15,Valjevo,PM2.5,12.0,13.0,15.882222652171592
2023-10-16,Valjevo,PM2.5,21.0,16.2,21.07178480669837
2023-10-17,Valjevo,PM2.5,40.0,29.6,30.79082449474596
2023-10-18,Valjevo,PM2.5,46.0,37.2,36.311716811464485
2023-10-19,Valjevo,PM2.5,21.0,42.2,17.971595826547468
2023-10-20,Valjevo,PM2.5,11.0,18.8,14.276454283317516
2023-10-21,Valjevo,PM2.5,6.0,12.1,12.819748327361676
2023-10-22,Valjevo,PM2.5,6.0,8.74,14.386078107323293
2023-10-23,Valjevo,PM2.5,14.0,14.2,18.143743666899468
2023-10-24,Valjevo,PM2.5,8.0,18.3,14.946620251437118
2023-10-25,Valjevo,PM2.5,7.0,15.5,15.664278614626014
2023-10-26,Valjevo,PM2.5,16.0,21.4,18.779592861743875
2023-10-27,Valjevo,PM2.5,7.0,7.31,13.075449713189911
2023-10-28,Valjevo,PM2.5,18.0,31.1,19.39308032307382
2023-10-29,Valjevo,PM2.5,16.0,23.8,18.85291694111813
2023-10-30,Valjevo,PM2.5,6.0,31.6,14.880487056215292
2023-10-31,Valjevo,PM2.5,19.0,18.2,17.44162072920067
2023-11-01,Valjevo,PM2.5,31.0,28.1,24.709125540616544
2023-11-02,Valjevo,PM2.5,1.0,19.2,18.07284761583484
2023-11-03,Valjevo,PM2.5,22.0,20.0,17.298554272970858
2023-11-04,Valjevo,PM2.5,50.0,36.7,34.61529955462351
2023-11-05,Valjevo,PM2.5,54.0,22.0,33.48811274340338
2023-11-06,Valjevo,PM2.5,32.0,35.6,28.146792327461704
2023-11-07,Valjevo,PM2.5,17.0,48.9,20.22745062412633
2023-11-08,Valjevo,PM2.5,48.0,30.5,31.72502723143197
2023-11-09,Valjevo,PM2.5,65.0,51.7,48.32800658130259
2023-11-10,Valjevo,PM2.5,70.0,90.0,44.290258349467805
2023-11-11,Valjevo,PM2.5,64.0,35.1,39.39907645462693
2023-11-12,Valjevo,PM2.5,71.0,40.7,51.59504216659667
2023-11-13,Valjevo,PM2.5,54.0,48.4,41.92377056943632
2023-11-14,Valjevo,PM2.5,59.0,61.6,45.6470933512356
2023-11-15,Valjevo,PM2.5,35.0,41.1,23.7807094068129
2023-11-16,Valjevo,PM2.5,63.0,37.4,43.42780988264619
2023-11-17,Valjevo,PM2.5,9.0,25.1,13.9050883379602
2023-11-18,Valjevo,PM2.5,17.0,14.3,15.01848477635358
2023-11-19,Valjevo,PM2.5,86.0,44.8,58.6668477941575
2023-11-20,Valjevo,PM2.5,84.0,66.6,55.55429665126474
2023-11-21,Valjevo,PM2.5,43.0,83.7,28.61908579280137
2023-11-22,Valjevo,PM2.5,50.0,31.9,31.501051409260118
2023-11-23,Valjevo,PM2.5,127.0,39.8,76.90415374755935
2023-11-24,Valjevo,PM2.5,37.0,76.0,25.874433083455628
2023-11-25,Valjevo,PM2.5,31.0,20.6,19.89010776287262
2023-11-26,Valjevo,PM2.5,99.0,28.6,58.46863916161701
2023-11-27,Valjevo,PM2.5,93.0,53.8,59.04123753392605
2023-11-28,Valjevo,PM2.5,118.0,27.9,64.15208082841019
2023-11-29,Valjevo,PM2.5,138.0,68.9,79.36299068795871
2023-11-30,Valjevo,PM2.5,27.0,58.4,21.101355834530764
2023-12-01,Valjevo,PM2.5,4.0,10.8,13.789123594384185
2023-12-02,Valjevo,PM2.5,32.0,13.5,23.824836274496445
2023-12-03,Valjevo,PM2.5,62.0,34.8,39.36255310279888
2023-12-04,Valjevo,PM2.5,117.0,57.2,76.14596921865984
2023-12-05,Valjevo,PM2.5,248.0,112.0,106.30424765620106
2023-12-06,Valjevo,PM2.5,118.0,71.8,68.56109169920688
2023-12-07,Valjevo,PM2.5,37.0,49.9,27.93137245003981
2023-12-08,Valjevo,PM2.5,147.0,55.2,81.96684818717507
2023-12-09,Valjevo,PM2.5,89.0,78.4,63.6192184047171
2023-12-10,Valjevo,PM2.5,133.0,81.2,77.93167438855984
2023-12-11,Valjevo,PM2.5,279.0,112.0,110.85559532437162
2023-12-12,Valjevo,PM2.5,171.0,102.0,95.99128671655136
2023-12-13,Valjevo,PM2.5,47.0,40.7,35.702443533026326
2023-12-14,Valjevo,PM2.5,35.0,34.4,26.245913075782624
2023-12-15,Valjevo,PM2.5,50.0,33.2,28.83098841906593
2023-12-16,Valjevo,PM2.5,121.0,41.1,71.19147756125274
2023-12-17,Valjevo,PM2.5,91.0,68.5,63.6192184047171
2023-12-18,Valjevo,PM2.5,91.0,75.4,63.6192184047171
2023-12-19,Valjevo,PM2.5,80.0,94.9,56.008264281705344
2023-12-20,Valjevo,PM2.5,102.0,98.4,68.89430462667836
2023-12-21,Valjevo,PM2.5,55.0,69.4,45.16533733528242
2023-12-22,Valjevo,PM2.5,186.0,49.9,92.56672346044203
2023-12-23,Valjevo,PM2.5,94.0,55.0,59.93414205936446
2023-12-24,Valjevo,PM2.5,64.0,81.9,50.39055832131434
2023-12-25,Valjevo,PM2.5,70.0,74.9,53.61111170615184
2023-12-26,Valjevo,PM2.5,94.0,62.1,67.88038587954901
2023-12-27,Valjevo,PM2.5,84.0,70.3,62.46686545778873
2023-12-28,Valjevo,PM2.5,87.0,70.2,63.6192184047171
2023-12-29,Valjevo,PM2.5,160.0,85.4,100.63238156567267
2023-12-30,Valjevo,PM2.5,71.0,76.2,54.22245702481624
2023-12-31,Valjevo,PM2.5,153.0,84.5,100.53397296165816
2024-01-01,Valjevo,PM2.5,104.0,68.0,64.41168499580337
2024-01-02,Valjevo,PM2.5,132.0,77.8,76.71001109862293
2024-01-03,Valjevo,PM2.5,167.0,75.2,87.1310459850438
2024-01-04,Valjevo,PM2.5,153.0,71.0,91.87165685864234
2024-01-05,Valjevo,PM2.5,224.0,76.2,123.999083378388
2024-01-06,Valjevo,PM2.5,103.0,117.0,63.71019883789517
2024-01-07,Valjevo,PM2.5,21.0,40.6,21.888182113187
2024-01-08,Valjevo,PM2.5,61.0,39.4,36.087910005428085
2024-01-09,Valjevo,PM2.5,113.0,48.6,69.84119162535147
2024-01-10,Valjevo,PM2.5,100.0,79.5,71.49171028914827
2024-01-11,Valjevo,PM2.5,91.0,88.9,64.67457790758208
2024-01-12,Valjevo,PM2.5,126.0,67.4,73.15955099146777
2024-01-13,Valjevo,PM2.5,177.0,94.6,103.62529875423962
2024-01-14,Valjevo,PM2.5,181.0,144.0,94.30367413016889
2024-01-15,Valjevo,PM2.5,83.0,196.0,54.73757046286394
2024-01-16,Valjevo,PM2.5,106.0,75.4,66.24889926508928
2024-01-17,Valjevo,PM2.5,117.0,74.9,66.1476579518545
2024-01-18,Valjevo,PM2.5,88.0,48.1,52.433837419612345
2024-01-19,Valjevo,PM2.5,41.0,40.5,25.448712888641435
2024-01-20,Valjevo,PM2.5,103.0,50.1,64.71718796594278
2024-01-21,Valjevo,PM2.5,90.0,77.8,64.67457790758208
2024-01-22,Valjevo,PM2.5,168.0,108.0,105.23579039226104
2024-01-23,Valjevo,PM2.5,73.0,133.0,49.362341897389214
2024-01-24,Valjevo,PM2.5,99.0,115.0,69.6722678338382
2024-01-25,Valjevo,PM2.5,63.0,99.5,42.267626548883335
2024-01-26,Valjevo,PM2.5,108.0,61.6,67.0768201241515
2024-01-27,Valjevo,PM2.5,42.0,29.4,25.53682594872085
2024-01-28,Valjevo,PM2.5,71.0,44.8,43.75273918913922
2024-01-29,Valjevo,PM2.5,99.0,80.2,70.5613666709874
2024-01-30,Valjevo,PM2.5,68.0,79.0,54.22245702481624
2024-01-31,Valjevo,PM2.5,80.0,77.0,56.25608090158772
2024-02-01,Valjevo,PM2.5,78.0,93.7,55.80624693828587
2024-02-02,Valjevo,PM2.5,65.0,60.0,40.24349716806971
2024-02-03,Valjevo,PM2.5,79.0,74.8,53.79856985418683
2024-02-04,Valjevo,PM2.5,51.0,57.4,37.10503306562938
2024-02-05,Valjevo,PM2.5,60.0,72.0,46.63183829630987
2024-02-06,Valjevo,PM2.5,68.0,65.2,53.61111170615184
2024-02-07,Valjevo,PM2.5,70.0,59.9,53.85523470433671
2024-02-08,Valjevo,PM2.5,58.0,70.5,48.14949232475109
2024-02-09,Valjevo,PM2.5,17.0,33.6,22.2083462823572
2024-02-10,Valjevo,PM2.5,15.0,11.9,15.093633977032113
2024-02-11,Valjevo,PM2.5,90.0,15.3,51.20427309332911
2024-02-12,Valjevo,PM2.5,47.0,41.0,33.77224799705361
2024-02-13,Valjevo,PM2.5,31.0,24.5,19.29547191770337
2024-02-14,Valjevo,PM2.5,60.0,38.3,37.51058096725104
2024-02-15,Valjevo,PM2.5,64.0,43.1,50.33759664740879
2024-02-16,Valjevo,PM2.5,83.0,50.4,62.0996431373092
2024-02-17,Valjevo,PM2.5,61.0,55.5,50.33759664740879
2024-02-18,Valjevo,PM2.5,67.0,44.3,45.3797152106213
2024-02-19,Valjevo,PM2.5,59.0,50.0,48.63951538040891
2024-02-20,Valjevo,PM2.5,39.0,51.2,30.555140330837546
2024-02-21,Valjevo,PM2.5,76.0,46.6,49.50847066416717
2024-02-22,Valjevo,PM2.5,41.0,51.8,33.79858191877879
2024-02-23,Valjevo,PM2.5,3.0,11.2,15.071986165943434
2024-02-24,Valjevo,PM2.5,90.0,24.5,55.35390224111472
2024-02-25,Valjevo,PM2.5,66.0,43.8,46.59157063390601
2024-02-26,Valjevo,PM2.5,89.0,50.0,62.76197302857975
2024-02-27,Valjevo,PM2.5,64.0,57.3,48.4283281673243
2024-02-28,Valjevo,PM2.5,57.0,54.5,45.9785174246657
2024-02-29,Valjevo,PM2.5,88.0,66.7,58.4134397276454
2024-03-01,Valjevo,PM2.5,58.0,26.9,37.154148384369165
2024-03-02,Valjevo,PM2.5,74.0,40.6,49.26747250395924
2024-03-03,Valjevo,PM2.5,46.0,39.0,34.62304748467384
2024-03-04,Valjevo,PM2.5,61.0,48.3,46.11271163934886
2024-03-05,Valjevo,PM2.5,95.0,46.9,61.072797728757386
2024-03-06,Valjevo,PM2.5,125.0,57.0,71.05012435073503
2024-03-07,Valjevo,PM2.5,43.0,28.8,28.50655073103843
2024-03-08,Valjevo,PM2.5,23.0,52.7,23.28494030977957
2024-03-09,Valjevo,PM2.5,43.0,39.6,29.58922998484164
2024-03-10,Valjevo,PM2.5,6.0,10.6,14.837405496748987
2024-03-11,Valjevo,PM2.5,66.0,16.0,42.12094358241494
2024-03-12,Valjevo,PM2.5,20.0,27.7,20.498860471239517
2024-03-13,Valjevo,PM2.5,36.0,26.9,22.77591559287249
2024-03-14,Valjevo,PM2.5,79.0,44.3,45.01585905606488
2024-03-15,Valjevo,PM2.5,53.0,50.0,41.54242179120838
2024-03-16,Valjevo,PM2.5,49.0,39.8,35.00931227046109
2024-03-17,Valjevo,PM2.5,50.0,34.1,33.45517757215299
2024-03-18,Valjevo,PM2.5,60.0,33.2,42.324165434800925
2024-03-19,Valjevo,PM2.5,45.0,31.5,32.01038254449966
2024-03-20,Valjevo,PM2.5,66.0,35.1,51.11528478435418
2024-03-21,Valjevo,PM2.5,46.0,34.1,37.37608684555679
2024-03-22,Valjevo,PM2.5,61.0,38.3,47.20603227578299
2024-03-23,Valjevo,PM2.5,21.0,27.1,22.726082548243877
2024-03-24,Valjevo,PM2.5,57.0,21.9,38.53673363090665
2024-03-25,Valjevo,PM2.5,75.0,34.4,48.56050062304167
2024-03-26,Valjevo,PM2.5,29.0,42.3,20.20001516667241
2024-03-27,Valjevo,PM2.5,17.0,31.2,15.703407489544414
2024-03-28,Valjevo,PM2.5,21.0,11.1,16.98347729155277
2024-03-29,Valjevo,PM2.5,27.0,21.5,22.96224147719264
2024-03-30,Valjevo,PM2.5,1.0,12.7,17.18234934691206
2024-03-31,Valjevo,PM2.5,3.0,26.3,17.472151911068213
2024-04-01,Valjevo,PM2.5,6.0,29.0,16.697632297539425
2024-04-02,Valjevo,PM2.5,6.0,12.9,12.961626646508904
2024-04-03,Valjevo,PM2.5,13.0,17.3,18.482912209075145
2024-04-04,Valjevo,PM2.5,20.0,13.9,17.866391046545157
2024-04-05,Valjevo,PM2.5,8.0,13.2,15.958304234900831
2024-04-06,Valjevo,PM2.5,11.0,14.0,16.85446804674285
2024-04-07,Valjevo,PM2.5,6.0,12.1,14.612919085745332
2024-04-08,Valjevo,PM2.5,7.0,12.3,14.430576233571095
2024-04-09,Valjevo,PM2.5,19.0,16.3,19.393815787900344
2024-04-10,Valjevo,PM2.5,4.0,16.6,14.612919085745332
2024-04-11,Valjevo,PM2.5,23.0,19.9,20.1977015172842
2024-04-12,Valjevo,PM2.5,25.0,24.7,20.1977015172842
2024-04-13,Valjevo,PM2.5,10.0,17.7,14.788324207343669
2024-04-14,Valjevo,PM2.5,6.0,10.5,15.990579643693543
2024-04-15,Valjevo,PM2.5,12.0,16.3,15.582551710443292
2024-04-16,Valjevo,PM2.5,1.0,21.4,10.103349266986855
2024-04-17,Valjevo,PM2.5,18.0,14.6,14.314955848022878
2024-04-18,Valjevo,PM2.5,25.0,19.5,16.35529807314806
2024-04-19,Valjevo,PM2.5,38.0,21.5,25.951996704988755
2024-04-20,Valjevo,PM2.5,27.0,23.8,19.2049292427751
2024-04-21,Valjevo,PM2.5,39.0,21.1,24.83605227545589
2024-04-22,Valjevo,PM2.5,60.0,26.7,42.88431334557541
2024-04-23,Valjevo,PM2.5,55.0,28.7,34.86971232939591
2024-04-24,Valjevo,PM2.5,26.0,29.4,17.616352628044304
2024-04-25,Valjevo,PM2.5,56.0,32.2,36.41192161293044
2024-04-26,Valjevo,PM2.5,25.0,23.1,18.669585439490564
2024-04-27,Valjevo,PM2.5,15.0,15.9,14.771961647113184
2024-04-28,Valjevo,PM2.5,15.0,11.4,13.953844593142923
2024-04-29,Valjevo,PM2.5,11.0,14.6,12.09962958497844
2024-04-30,Valjevo,PM2.5,5.0,12.1,10.40764706321871
2024-05-01,Valjevo,PM2.5,17.0,9.06,11.409963968426355
2024-05-02,Valjevo,PM2.5,22.0,16.4,13.907077793887376
2024-05-03,Valjevo,PM2.5,14.0,12.6,11.688207620280505
2024-05-04,Valjevo,PM2.5,9.0,12.8,10.419538804518796
2024-05-06,Valjevo,PM2.5,5.0,9.93,10.719002121585351
2024-05-07,Valjevo,PM2.5,7.0,10.3,10.63078797816996
2024-05-08,Valjevo,PM2.5,14.0,13.9,12.20230796093145
2024-05-09,Valjevo,PM2.5,13.0,14.9,12.019626448946942
2024-05-10,Valjevo,PM2.5,9.0,13.4,10.48348375401842
2024-05-11,Valjevo,PM2.5,12.0,12.4,11.84477294706027
2024-05-12,Valjevo,PM2.5,9.0,12.5,10.4745085297635
2024-05-13,Valjevo,PM2.5,8.0,9.95,10.785135316807178
2024-05-14,Valjevo,PM2.5,42.0,20.2,25.72161991174112
2024-05-15,Valjevo,PM2.5,8.0,13.5,9.423231133957866
2024-05-16,Valjevo,PM2.5,9.0,14.0,8.611002588781743
2024-05-17,Valjevo,PM2.5,16.0,19.3,11.249809089519278
2024-05-18,Valjevo,PM2.5,12.0,13.1,11.883630251759625
2024-05-19,Valjevo,PM2.5,1.0,15.7,10.63984388799292
2024-05-20,Valjevo,PM2.5,11.0,10.8,11.09213929706556
2024-05-21,Valjevo,PM2.5,19.0,21.2,13.31572731349252
2024-05-22,Valjevo,PM2.5,3.0,14.3,10.364991849267952
2024-05-23,Valjevo,PM2.5,2.0,8.59,10.213102703333655
2024-05-24,Valjevo,PM2.5,9.0,10.5,10.532701785910628
2024-05-25,Valjevo,PM2.5,3.0,14.1,10.06872631929768
2024-05-26,Valjevo,PM2.5,8.0,9.7,10.785135316807178
2024-05-27,Valjevo,PM2.5,10.0,13.7,10.894407243183688
2024-05-28,Valjevo,PM2.5,9.0,13.6,10.83658339528595
2024-05-29,Valjevo,PM2.5,11.0,16.1,10.46370092325117
2024-05-30,Valjevo,PM2.5,8.0,13.8,10.481253707431854
2024-05-31,Valjevo,PM2.5,4.0,13.9,9.82025027190162
2024-06-01,Valjevo,PM2.5,4.0,10.7,9.159410979917904
2024-06-02,Valjevo,PM2.5,9.0,9.57,10.480828023919138
2024-06-03,Valjevo,PM2.5,3.0,10.4,9.999813841528027
2024-06-04,Valjevo,PM2.5,4.0,8.93,10.264838146203996
2024-06-05,Valjevo,PM2.5,6.0,9.83,10.151702987462324
2024-06-06,Valjevo,PM2.5,12.0,10.7,11.673693268931675
2024-06-07,Valjevo,PM2.5,14.0,12.0,12.341180649573612
2024-06-08,Valjevo,PM2.5,19.0,14.7,14.301874110544016
2024-06-09,Valjevo,PM2.5,13.0,18.5,11.6853309033126
2024-06-10,Valjevo,PM2.5,5.0,14.6,8.807522272674017
2024-06-11,Valjevo,PM2.5,5.0,12.7,10.162741316547605
2024-06-12,Valjevo,PM2.5,14.0,14.1,11.755582733863896
2024-06-13,Valjevo,PM2.5,5.0,14.5,9.897854987665498
2024-06-14,Valjevo,PM2.5,10.0,11.0,9.980713916148312
2024-06-15,Valjevo,PM2.5,9.0,10.4,10.67157447455279
2024-06-16,Valjevo,PM2.5,12.0,10.1,11.581355422312566
2024-06-17,Valjevo,PM2.5,22.0,15.5,14.78540873470845
2024-06-18,Valjevo,PM2.5,20.0,17.8,14.203465506529472
2024-06-19,Valjevo,PM2.5,14.0,15.6,12.439589253588156
2024-06-20,Valjevo,PM2.5,11.0,18.8,11.516290207916033
2024-06-21,Valjevo,PM2.5,7.0,27.9,10.620126396074015
2024-06-22,Valjevo,PM2.5,10.0,30.7,10.331232643294344
2024-06-23,Valjevo,PM2.5,9.0,16.7,9.813879443742588
2024-06-24,Valjevo,PM2.5,11.0,17.9,11.582082369191069
2024-06-25,Valjevo,PM2.5,4.0,15.1,10.254236125710552
2024-06-26,Valjevo,PM2.5,4.0,16.5,9.447822122645928
2024-06-27,Valjevo,PM2.5,4.0,16.5,10.15861678231392
2024-06-28,Valjevo,PM2.5,11.0,15.4,11.56289950303658
2024-06-29,Valjevo,PM2.5,22.0,16.9,14.687000130693908
2024-06-30,Valjevo,PM2.5,13.0,16.8,11.713724163312374
2024-07-01,Valjevo,PM2.5,3.0,14.9,10.154471538872562
2024-07-02,Valjevo,PM2.5,8.0,8.82,9.40573547542836
2024-07-03,Valjevo,PM2.5,5.0,9.87,9.44646613982248
2024-07-04,Valjevo,PM2.5,11.0,11.2,10.954415355302524
2024-07-05,Valjevo,PM2.5,7.0,8.17,10.29895912808444
2024-07-06,Valjevo,PM2.5,11.0,9.77,11.032769749292576
2024-07-07,Valjevo,PM2.5,22.0,12.0,14.753396521367067
2024-07-08,Valjevo,PM2.5,21.0,15.9,14.675042127377017
2024-07-09,Valjevo,PM2.5,17.0,13.6,13.133913050945605
2024-07-10,Valjevo,PM2.5,14.0,13.8,12.11745268381572
2024-07-11,Valjevo,PM2.5,15.0,13.2,12.200418578268918
2024-07-12,Valjevo,PM2.5,14.0,13.3,12.064941443678824
2024-07-13,Valjevo,PM2.5,43.0,20.9,20.347242533372917
2024-07-14,Valjevo,PM2.5,13.0,24.6,11.748583736068673
2024-07-15,Valjevo,PM2.5,38.0,17.7,20.560275309655825
2024-07-16,Valjevo,PM2.5,36.0,19.7,21.1464150911294
2024-07-17,Valjevo,PM2.5,25.0,26.0,15.760984264564636
2024-07-18,Valjevo,PM2.5,21.0,14.8,14.575664221579617
2024-07-19,Valjevo,PM2.5,25.0,15.3,15.739253970411427
2024-07-20,Valjevo,PM2.5,17.0,16.6,12.851408061890314
2024-07-21,Valjevo,PM2.5,15.0,15.8,12.060015854170018
2024-07-22,Valjevo,PM2.5,15.0,13.8,12.311102286839754
2024-07-23,Valjevo,PM2.5,17.0,13.7,13.0020781150358
2024-07-24,Valjevo,PM2.5,8.0,14.9,9.69366574262682
2024-07-25,Valjevo,PM2.5,5.0,7.34,8.936652315942867
2024-07-26,Valjevo,PM2.5,5.0,8.06,9.773296581208594
2024-07-27,Valjevo,PM2.5,8.0,9.06,10.29895912808444
2024-07-28,Valjevo,PM2.5,8.0,8.07,10.29895912808444
2024-07-29,Valjevo,PM2.5,3.0,6.84,8.936652315942867
2024-07-30,Valjevo,PM2.5,5.0,7.15,9.58789945225836
2024-07-31,Valjevo,PM2.5,5.0,7.59,10.331234536877156
2024-08-01,Valjevo,PM2.5,6.0,9.64,10.45558459683765
2024-08-02,Valjevo,PM2.5,16.0,11.2,12.88469199779891
2024-08-03,Valjevo,PM2.5,8.0,10.8,9.871441989771805
2024-08-04,Valjevo,PM2.5,5.0,7.81,10.454615295054792
2024-08-05,Valjevo,PM2.5,6.0,8.23,10.252563041647704
2024-08-06,Valjevo,PM2.5,4.0,7.58,9.805308794549978
2024-08-07,Valjevo,PM2.5,6.0,6.75,10.45558459683765
2024-08-08,Valjevo,PM2.5,9.0,7.15,10.573165870538247
2024-08-09,Valjevo,PM2.5,5.0,7.65,9.805308794549978
2024-08-10,Valjevo,PM2.5,5.0,7.33,9.99605524518363
2024-08-11,Valjevo,PM2.5,10.0,7.72,10.630989718435984
2024-08-12,Valjevo,PM2.5,12.0,9.78,11.772101872946218
2024-08-13,Valjevo,PM2.5,12.0,10.6,11.772101872946218
2024-08-14,Valjevo,PM2.5,7.0,9.86,10.330971341425824
2024-08-15,Valjevo,PM2.5,19.0,12.0,14.203465506529472
2024-08-16,Valjevo,PM2.5,16.0,14.5,13.074469146649706
2024-08-17,Valjevo,PM2.5,26.0,15.8,15.849620577742863
2024-08-18,Valjevo,PM2.5,25.0,21.1,15.61078279283478
2024-08-19,Valjevo,PM2.5,13.0,17.5,11.725854549542715
2024-08-20,Valjevo,PM2.5,11.0,12.6,11.32554375728238
2024-08-21,Valjevo,PM2.5,19.0,11.0,13.999762160206185
2024-08-22,Valjevo,PM2.5,15.0,12.8,11.57722414334663
2024-08-23,Valjevo,PM2.5,13.0,12.7,11.876077353946252
2024-08-24,Valjevo,PM2.5,15.0,10.5,12.435452346800249
2024-08-25,Valjevo,PM2.5,35.0,10.6,21.391119926646084
2024-08-26,Valjevo,PM2.5,36.0,12.9,23.420740036098827
2024-08-27,Valjevo,PM2.5,42.0,16.1,24.78631217667029
2024-08-28,Valjevo,PM2.5,25.0,15.8,15.580837676722505
2024-08-29,Valjevo,PM2.5,15.0,15.4,11.785176544512575
2024-08-30,Valjevo,PM2.5,33.0,12.7,19.985169609892694
2024-08-31,Valjevo,PM2.5,35.0,12.5,19.5767121771918
2024-09-01,Valjevo,PM2.5,36.0,13.3,23.492196179662464
2024-09-02,Valjevo,PM2.5,24.0,14.4,16.571352523594175
2024-09-03,Valjevo,PM2.5,22.0,16.6,15.507140680559766
2024-09-04,Valjevo,PM2.5,40.0,18.7,24.990858497253846
2024-09-05,Valjevo,PM2.5,51.0,19.6,29.83116889607974
2024-09-06,Valjevo,PM2.5,24.0,22.3,16.421129719190642
2024-09-07,Valjevo,PM2.5,28.0,16.8,16.99619177167752
2024-09-08,Valjevo,PM2.5,20.0,13.7,14.274921650093116
2024-09-09,Valjevo,PM2.5,6.0,16.7,9.928678954921514
2024-09-10,Valjevo,PM2.5,4.0,10.3,9.286812565227129
2024-09-11,Valjevo,PM2.5,3.0,9.29,10.212834127075666
2024-09-12,Valjevo,PM2.5,7.0,8.99,11.051733985494282
2024-09-15,Valjevo,PM2.5,1.0,4.29,9.263728954710713
2024-09-16,Valjevo,PM2.5,31.0,10.3,16.965611264565215
2024-09-17,Valjevo,PM2.5,9.0,13.4,12.543213494508429
2024-09-18,Valjevo,PM2.5,25.0,17.3,17.036983448088247
2024-09-19,Valjevo,PM2.5,10.0,15.5,10.75968500026378
2024-09-20,Valjevo,PM2.5,16.0,15.2,12.7617757881574
2024-09-21,Valjevo,PM2.5,10.0,12.6,11.149700109097354
2024-09-22,Valjevo,PM2.5,14.0,11.4,13.017544434964073
2024-09-23,Valjevo,PM2.5,16.0,14.3,13.606423943650226
2024-09-24,Valjevo,PM2.5,12.0,17.0,12.167341458219548
2024-09-25,Valjevo,PM2.5,12.0,14.4,12.479563238009751
2024-09-26,Valjevo,PM2.5,10.0,18.1,10.702445861999628
2024-09-27,Valjevo,PM2.5,8.0,12.3,10.89035009664326
2024-09-28,Valjevo,PM2.5,2.0,10.6,10.571460958769674
2024-09-29,Valjevo,PM2.5,3.0,6.78,8.044264228137678
2024-09-30,Valjevo,PM2.5,9.0,12.0,10.186213867564655
2024-10-01,Valjevo,PM2.5,27.0,14.7,19.5709058172596
2024-10-02,Valjevo,PM2.5,16.0,24.0,15.423453720471828
2024-10-03,Valjevo,PM2.5,44.0,24.3,28.914581523969872
2024-10-04,Valjevo,PM2.5,14.0,21.7,13.646295505693312
2024-10-05,Valjevo,PM2.5,25.0,18.4,17.53145696526187
2024-10-06,Valjevo,PM2.5,35.0,23.9,22.44390750652217
2024-10-07,Valjevo,PM2.5,17.0,18.3,17.254432824283253
2024-10-08,Valjevo,PM2.5,2.0,18.8,12.778537667503418
2024-10-09,Valjevo,PM2.5,8.0,14.0,12.163236537111048
2024-10-10,Valjevo,PM2.5,6.0,21.7,12.056147684700052
2024-10-11,Valjevo,PM2.5,9.0,17.3,11.65317337570267
2024-10-12,Valjevo,PM2.5,50.0,26.4,31.402255836802524
2024-10-13,Valjevo,PM2.5,11.0,29.6,14.975027673474129
2024-10-14,Valjevo,PM2.5,29.0,23.1,18.92797423961828
2024-10-15,Valjevo,PM2.5,17.0,21.6,19.33122030310884
2024-10-16,Valjevo,PM2.5,51.0,27.2,38.19749333761826
2024-10-17,Valjevo,PM2.5,26.0,40.8,22.234405253747337
2024-10-18,Valjevo,PM2.5,36.0,35.5,27.24050156549347
2024-10-19,Valjevo,PM2.5,38.0,36.2,27.016549486511
2024-10-20,Valjevo,PM2.5,36.0,35.7,27.807949818288293
2024-10-21,Valjevo,PM2.5,44.0,42.1,33.713119808364056
2024-10-22,Valjevo,PM2.5,31.0,36.9,25.2864951937404
2024-10-23,Valjevo,PM2.5,60.0,44.5,44.49458038654408
2024-10-24,Valjevo,PM2.5,59.0,55.3,44.39617178252953
2024-10-25,Valjevo,PM2.5,58.0,54.1,44.73678682231952
2024-10-26,Valjevo,PM2.5,61.0,55.7,46.4348680893194
2024-10-27,Valjevo,PM2.5,38.0,40.1,28.384164742840408
2024-10-28,Valjevo,PM2.5,42.0,38.1,30.73328203250089
2024-10-29,Valjevo,PM2.5,72.0,50.7,49.73194254486311
2024-10-30,Valjevo,PM2.5,49.0,47.0,37.11571724873309
2024-10-31,Valjevo,PM2.5,42.0,38.2,31.4135073891306
2024-11-01,Valjevo,PM2.5,45.0,36.0,35.35565582871341
2024-11-02,Valjevo,PM2.5,35.0,29.5,26.304357949986414
2024-11-03,Valjevo,PM2.5,44.0,31.5,33.24353926095558
2024-11-04,Valjevo,PM2.5,57.0,41.7,44.20834794258348
2024-11-05,Valjevo,PM2.5,90.0,55.5,60.89339494248298
2024-11-06,Valjevo,PM2.5,126.0,76.3,76.90415374755935
2024-11-07,Valjevo,PM2.5,130.0,83.7,76.90415374755935
2024-11-08,Valjevo,PM2.5,176.0,96.0,102.42616567843191
2024-11-09,Valjevo,PM2.5,103.0,98.2,69.78555644030794
2024-11-10,Valjevo,PM2.5,101.0,82.7,68.27456685255784
2024-11-11,Valjevo,PM2.5,73.0,72.4,48.5442464358895
2024-11-12,Valjevo,PM2.5,64.0,58.2,48.1758127136833
2024-11-13,Valjevo,PM2.5,56.0,51.2,42.95059172765138
2024-11-14,Valjevo,PM2.5,38.0,39.8,28.498658173161207
2024-11-15,Valjevo,PM2.5,54.0,38.9,37.94761507213988
2024-11-16,Valjevo,PM2.5,99.0,60.5,68.27456685255784
2024-11-17,Valjevo,PM2.5,98.0,61.0,68.27456685255784
2024-11-18,Valjevo,PM2.5,206.0,114.0,102.42616567843191
2024-11-19,Valjevo,PM2.5,63.0,131.0,42.93023732930057
2024-11-20,Valjevo,PM2.5,26.0,36.1,17.997534306908896
2024-11-21,Valjevo,PM2.5,23.0,38.1,20.77246850946001
2024-11-22,Valjevo,PM2.5,44.0,19.7,24.91961880275236
2024-11-23,Valjevo,PM2.5,116.0,63.4,69.60470723698215
2024-11-24,Valjevo,PM2.5,128.0,81.9,74.41893018320341
2024-11-25,Valjevo,PM2.5,80.0,98.0,52.82328555843603
2024-11-26,Valjevo,PM2.5,56.0,79.2,41.90300480694381
2024-11-27,Valjevo,PM2.5,100.0,64.4,64.57415094222826
2024-11-28,Valjevo,PM2.5,17.0,104.0,20.946179771060187
2024-11-29,Valjevo,PM2.5,43.0,29.3,26.45060653380728
2024-11-30,Valjevo,PM2.5,39.0,40.1,26.11084525977388
2024-12-01,Valjevo,PM2.5,102.0,32.4,62.366380687757854
2024-12-02,Valjevo,PM2.5,82.0,41.2,61.661484972856606
2024-12-03,Valjevo,PM2.5,77.0,49.9,56.1734692587654
2024-12-04,Valjevo,PM2.5,73.0,51.4,49.21290483244742
2024-12-05,Valjevo,PM2.5,74.0,50.7,48.394864068052286
2024-12-06,Valjevo,PM2.5,43.0,67.8,31.91196927906488
2024-12-07,Valjevo,PM2.5,121.0,68.9,72.17550365716863
2024-12-08,Valjevo,PM2.5,69.0,69.0,45.0739166054648
2024-12-09,Valjevo,PM2.5,90.0,55.1,58.99817776562026
2024-12-10,Valjevo,PM2.5,50.0,44.2,35.283957951181435
2024-12-11,Valjevo,PM2.5,43.0,39.0,30.2253819109914
2024-12-12,Valjevo,PM2.5,98.0,44.4,70.80357310676284
2024-12-13,Valjevo,PM2.5,121.0,57.2,78.09075848180369
2024-12-14,Valjevo,PM2.5,76.0,69.2,49.68983698448247
2024-12-15,Valjevo,PM2.5,87.0,73.9,55.61793210199296
2024-12-16,Valjevo,PM2.5,239.0,78.1,113.53150508161086
2024-12-17,Valjevo,PM2.5,75.0,84.3,54.165792174666365
2024-12-18,Valjevo,PM2.5,109.0,79.8,72.31456269451294
2024-12-19,Valjevo,PM2.5,111.0,75.1,75.70195503445929
2024-12-20,Valjevo,PM2.5,20.0,77.9,19.328060268305315
2024-12-21,Valjevo,PM2.5,108.0,48.6,58.475364941076016
2024-12-22,Valjevo,PM2.5,199.0,99.5,100.41248568753012
2024-12-23,Valjevo,PM2.5,37.0,62.4,24.973879425415124
2024-12-24,Valjevo,PM2.5,33.0,22.3,19.66393768474016
2024-12-25,Valjevo,PM2.5,46.0,32.3,28.204485058767418
2024-12-26,Valjevo,PM2.5,131.0,52.1,73.54206355753556
2024-12-27,Valjevo,PM2.5,194.0,77.4,109.11037937004944
2024-12-28,Valjevo,PM2.5,119.0,87.0,74.99498315354174
2024-12-29,Valjevo,PM2.5,165.0,88.1,100.63238156567267
2024-12-30,Valjevo,PM2.5,159.0,99.0,100.63238156567267
2024-12-31,Valjevo,PM2.5,297.0,129.0,111.110251211868
2022-04-01,Čačak,PM2.5,3.0,11.7,14.121822412294602
2022-04-02,Čačak,PM2.5,16.0,9.3,16.396535627360695
2022-04-03,Čačak,PM2.5,34.0,23.0,22.6252304644486
2022-04-04,Čačak,PM2.5,49.0,35.1,36.14520682234744
2022-04-05,Čačak,PM2.5,42.0,38.4,30.753125342635848
2022-04-06,Čačak,PM2.5,27.0,24.7,22.296308379111824
2022-04-07,Čačak,PM2.5,12.0,16.3,16.68520465157924
2022-04-08,Čačak,PM2.5,10.0,11.8,15.173200845754836
2022-04-09,Čačak,PM2.5,11.0,10.9,13.97070294461628
2022-04-10,Čačak,PM2.5,12.0,10.9,13.551961477838546
2022-04-11,Čačak,PM2.5,18.0,15.7,17.64237396655939
2022-04-12,Čačak,PM2.5,28.0,19.8,23.758105824274047
2022-04-13,Čačak,PM2.5,20.0,18.2,20.63358607380386
2022-04-14,Čačak,PM2.5,24.0,18.0,22.50657723104582
2022-04-15,Čačak,PM2.5,23.0,21.7,21.873948454424216
2022-04-16,Čačak,PM2.5,17.0,15.2,14.71782279355442
2022-04-17,Čačak,PM2.5,23.0,16.2,16.240914266204353
2022-04-18,Čačak,PM2.5,19.0,14.6,15.856869285502604
2022-04-19,Čačak,PM2.5,26.0,18.0,18.527427954907893
2022-04-20,Čačak,PM2.5,43.0,32.9,27.19527102862773
2022-04-21,Čačak,PM2.5,48.0,31.0,32.07979413624861
2022-04-22,Čačak,PM2.5,16.0,19.0,13.427170637862906
2022-04-23,Čačak,PM2.5,16.0,14.0,15.204370655100478
2022-04-24,Čačak,PM2.5,13.0,16.3,14.40367178961083
2022-04-25,Čačak,PM2.5,4.0,8.83,12.15979270222712
2022-04-26,Čačak,PM2.5,9.0,7.06,12.796525439482604
2022-04-27,Čačak,PM2.5,13.0,9.06,14.09724320036188
2022-04-28,Čačak,PM2.5,18.0,13.6,14.497240626767145
2022-04-29,Čačak,PM2.5,22.0,18.3,16.586304182024968
2022-04-30,Čačak,PM2.5,21.0,18.3,17.66638113744808
2022-05-01,Čačak,PM2.5,16.0,15.3,12.578527093264452
2022-05-02,Čačak,PM2.5,14.0,13.8,11.827673970947476
2022-05-03,Čačak,PM2.5,17.0,14.6,14.000339131802374
2022-05-04,Čačak,PM2.5,21.0,17.3,15.762566893578157
2022-05-05,Čačak,PM2.5,23.0,19.4,16.78441710876762
2022-05-06,Čačak,PM2.5,17.0,17.6,13.90290536770278
2022-05-07,Čačak,PM2.5,16.0,16.2,12.835066490960108
2022-05-08,Čačak,PM2.5,15.0,14.3,12.306057247649
2022-05-09,Čačak,PM2.5,14.0,14.4,12.729273457341565
2022-05-10,Čačak,PM2.5,19.0,16.8,14.668086899276991
2022-05-11,Čačak,PM2.5,20.0,15.5,14.943733232644126
2022-05-12,Čačak,PM2.5,19.0,15.8,14.83345597687027
2022-05-13,Čačak,PM2.5,23.0,18.0,16.683662593411274
2022-05-14,Čačak,PM2.5,10.0,11.0,10.37134096733259
2022-05-15,Čačak,PM2.5,8.0,8.84,11.045316702949806
2022-05-16,Čačak,PM2.5,12.0,10.1,12.209405464557518
2022-05-21,Čačak,PM2.5,14.0,9.9,12.02186588962292
2022-05-22,Čačak,PM2.5,9.0,9.76,11.031607244487809
2022-05-23,Čačak,PM2.5,10.0,10.2,11.125466482067663
2022-05-24,Čačak,PM2.5,17.0,15.2,13.836524006622003
2022-05-25,Čačak,PM2.5,18.0,17.8,14.072375767974345
2022-05-26,Čačak,PM2.5,9.0,12.0,10.997234090212237
2022-05-27,Čačak,PM2.5,14.0,11.6,12.761580738460031
2022-05-28,Čačak,PM2.5,18.0,19.2,13.323133890026812
2022-05-29,Čačak,PM2.5,13.0,13.2,12.532153917211508
2022-05-30,Čačak,PM2.5,20.0,17.4,14.974407792283325
2022-05-31,Čačak,PM2.5,21.0,19.4,15.590392897431313
2022-06-01,Čačak,PM2.5,12.0,13.0,11.758685751609567
2022-06-02,Čačak,PM2.5,26.0,20.7,16.366004676938143
2022-06-03,Čačak,PM2.5,27.0,25.7,16.463157549284652
2022-06-04,Čačak,PM2.5,22.0,18.7,14.537825389200844
2022-06-05,Čačak,PM2.5,12.0,13.5,11.855838623956076
2022-06-06,Čačak,PM2.5,15.0,17.5,12.250421563288414
2022-06-07,Čačak,PM2.5,15.0,15.6,12.497820964688668
2022-06-08,Čačak,PM2.5,10.0,11.2,10.673534753151277
2022-06-09,Čačak,PM2.5,10.0,10.2,10.956151767403686
2022-06-10,Čačak,PM2.5,16.0,13.0,12.497924660526538
2022-06-11,Čačak,PM2.5,21.0,19.9,12.873669453452148
2022-06-12,Čačak,PM2.5,18.0,15.2,11.645730032125162
2022-06-13,Čačak,PM2.5,14.0,12.7,12.27648787123651
2022-06-14,Čačak,PM2.5,7.0,7.67,9.60398217448518
2022-06-15,Čačak,PM2.5,8.0,7.78,10.72828647940448
2022-06-16,Čačak,PM2.5,11.0,10.1,11.65504297613347
2022-06-17,Čačak,PM2.5,17.0,15.9,12.859065677809534
2022-06-18,Čačak,PM2.5,10.0,10.4,9.952928535503109
2022-06-19,Čačak,PM2.5,10.0,9.37,10.904961437941036
2022-06-20,Čačak,PM2.5,14.0,11.7,12.40801389785859
2022-06-21,Čačak,PM2.5,20.0,17.6,14.458640365420605
2022-06-22,Čačak,PM2.5,18.0,17.0,13.819332413738142
2022-06-23,Čačak,PM2.5,39.0,29.3,22.367836368227675
2022-06-24,Čačak,PM2.5,23.0,18.9,16.463157549284652
2022-06-25,Čačak,PM2.5,12.0,16.3,11.790993032728036
2022-06-26,Čačak,PM2.5,10.0,11.4,10.872654156822568
2022-06-27,Čačak,PM2.5,11.0,10.6,11.65504297613347
2022-06-28,Čačak,PM2.5,16.0,12.7,13.124061626849269
2022-06-29,Čačak,PM2.5,13.0,13.4,10.838779289072122
2022-06-30,Čačak,PM2.5,18.0,16.4,13.787025132619677
2022-07-01,Čačak,PM2.5,16.0,16.5,13.118086034468496
2022-07-02,Čačak,PM2.5,11.0,13.8,10.939903518371043
2022-07-03,Čačak,PM2.5,16.0,13.4,13.118086034468496
2022-07-04,Čačak,PM2.5,29.0,24.5,16.9586734982129
2022-07-05,Čačak,PM2.5,25.0,25.8,16.145306411607976
2022-07-06,Čačak,PM2.5,9.0,8.47,9.37644308829941
2022-07-07,Čačak,PM2.5,7.0,7.32,9.94994255448356
2022-07-08,Čačak,PM2.5,15.0,15.7,11.097535006902472
2022-07-09,Čačak,PM2.5,10.0,12.5,8.652946026884733
2022-07-10,Čačak,PM2.5,3.0,4.85,8.281177051660164
2022-07-11,Čačak,PM2.5,3.0,4.43,8.281177051660164
2022-07-12,Čačak,PM2.5,4.0,5.4,9.491799553735268
2022-07-13,Čačak,PM2.5,5.0,5.54,9.491799553735268
2022-07-14,Čačak,PM2.5,6.0,5.75,10.346679583826688
2022-07-15,Čačak,PM2.5,10.0,7.63,10.769525692095288
2022-07-16,Čačak,PM2.5,7.0,7.53,10.495273112124668
2022-07-17,Čačak,PM2.5,7.0,7.36,9.95530049515641
2022-07-18,Čačak,PM2.5,5.0,5.2,10.346679583826688
2022-07-19,Čačak,PM2.5,9.0,7.66,10.707973735633898
2022-07-20,Čačak,PM2.5,10.0,8.89,10.801832973213754
2022-07-21,Čačak,PM2.5,13.0,9.79,12.010854959293724
2022-07-22,Čačak,PM2.5,13.0,10.7,12.010854959293724
2022-07-23,Čačak,PM2.5,23.0,14.7,16.36002908455737
2022-07-24,Čačak,PM2.5,23.0,19.4,15.748018091522212
2022-07-25,Čačak,PM2.5,14.0,10.5,12.268348816075193
2022-07-26,Čačak,PM2.5,17.0,11.5,13.446210062374057
2022-07-27,Čačak,PM2.5,23.0,16.0,16.327721803438905
2022-07-28,Čačak,PM2.5,15.0,12.4,12.214342981287569
2022-07-29,Čačak,PM2.5,24.0,16.3,16.36002908455737
2022-07-30,Čačak,PM2.5,31.0,22.0,17.472546702253524
2022-07-31,Čačak,PM2.5,10.0,10.0,9.914645662003869
2022-08-01,Čačak,PM2.5,12.0,7.88,10.968651312746186
2022-08-02,Čačak,PM2.5,17.0,10.2,13.549338527101336
2022-08-03,Čačak,PM2.5,15.0,11.0,12.52796478302659
2022-08-04,Čačak,PM2.5,17.0,13.9,13.58371168137691
2022-08-05,Čačak,PM2.5,14.0,12.9,12.40801389785859
2022-08-06,Čačak,PM2.5,12.0,11.5,11.82353134283761
2022-08-07,Čačak,PM2.5,13.0,12.7,11.184409612882275
2022-08-08,Čačak,PM2.5,18.0,13.7,13.787025132619677
2022-08-09,Čačak,PM2.5,24.0,17.2,15.786300965021452
2022-08-10,Čačak,PM2.5,19.0,15.8,13.5278562338309
2022-08-11,Čačak,PM2.5,9.0,8.01,10.231398488444498
2022-08-12,Čačak,PM2.5,12.0,9.3,11.758685751609567
2022-08-13,Čačak,PM2.5,21.0,16.5,14.56437244837907
2022-08-14,Čačak,PM2.5,23.0,16.2,16.149077712490357
2022-08-15,Čačak,PM2.5,19.0,11.8,14.47988913626883
2022-08-16,Čačak,PM2.5,17.0,11.9,13.58371168137691
2022-08-17,Čačak,PM2.5,16.0,13.0,13.156368907967735
2022-08-18,Čačak,PM2.5,21.0,14.7,14.968857770261948
2022-08-19,Čačak,PM2.5,26.0,17.9,16.366004676938143
2022-08-20,Čačak,PM2.5,21.0,16.8,14.622470652349188
2022-08-21,Čačak,PM2.5,17.0,14.3,12.5688481083891
2022-08-22,Čačak,PM2.5,24.0,17.8,16.799342041099347
2022-08-23,Čačak,PM2.5,17.0,12.8,13.525173099040089
2022-08-24,Čačak,PM2.5,26.0,20.5,16.76703475998088
2022-08-25,Čačak,PM2.5,30.0,24.4,17.944166939913966
2022-08-26,Čačak,PM2.5,28.0,25.1,17.193000008944615
2022-08-27,Čačak,PM2.5,30.0,23.0,18.228559346553503
2022-08-28,Čačak,PM2.5,22.0,18.3,15.14447844156314
2022-08-29,Čačak,PM2.5,17.0,13.7,13.557480380158554
2022-08-30,Čačak,PM2.5,18.0,13.2,13.57009816817189
2022-08-31,Čačak,PM2.5,22.0,17.2,14.987853972583869
2022-09-01,Čačak,PM2.5,24.0,19.5,16.615218773211232
2022-09-02,Čačak,PM2.5,10.0,5.76,10.250712247039864
2022-09-03,Čačak,PM2.5,23.0,18.3,17.51641969773233
2022-09-04,Čačak,PM2.5,24.0,18.3,16.772835414544183
2022-09-05,Čačak,PM2.5,28.0,19.9,18.14737139250633
2022-09-06,Čačak,PM2.5,22.0,16.2,16.02529245431014
2022-09-07,Čačak,PM2.5,25.0,18.2,17.412187767278418
2022-09-08,Čačak,PM2.5,21.0,19.3,15.862506723117022
2022-09-09,Čačak,PM2.5,23.0,15.2,17.028376669001652
2022-09-10,Čačak,PM2.5,19.0,14.5,15.012800974867371
2022-09-11,Čačak,PM2.5,16.0,9.09,14.274476647643462
2022-09-12,Čačak,PM2.5,11.0,8.91,11.015647358200692
2022-09-13,Čačak,PM2.5,9.0,7.8,10.888988494522296
2022-09-14,Čačak,PM2.5,38.0,15.2,24.63943842033033
2022-09-15,Čačak,PM2.5,22.0,17.5,14.630779966217988
2022-09-16,Čačak,PM2.5,12.0,11.2,12.508070689361022
2022-09-17,Čačak,PM2.5,13.0,9.27,11.90965809869027
2022-09-18,Čačak,PM2.5,3.0,3.1,9.819316435224517
2022-09-19,Čačak,PM2.5,9.0,6.6,11.418354084569533
2022-09-20,Čačak,PM2.5,9.0,7.86,12.065617718203177
2022-09-21,Čačak,PM2.5,11.0,8.36,11.417695276673928
2022-09-22,Čačak,PM2.5,25.0,13.9,17.06908665532866
2022-09-23,Čačak,PM2.5,19.0,12.2,15.426910003623709
2022-09-24,Čačak,PM2.5,33.0,21.1,21.471401335525787
2022-09-25,Čačak,PM2.5,39.0,29.4,25.664162474161508
2022-09-26,Čačak,PM2.5,32.0,21.7,18.90416918526168
2022-09-27,Čačak,PM2.5,28.0,16.8,18.11506411138786
2022-09-28,Čačak,PM2.5,22.0,19.2,16.263673712041026
2022-09-29,Čačak,PM2.5,19.0,13.9,14.52546814931148
2022-09-30,Čačak,PM2.5,12.0,9.71,12.574452050441796
2022-10-01,Čačak,PM2.5,17.0,14.8,15.656503564459802
2022-10-02,Čačak,PM2.5,8.0,8.0,12.476096089301487
2022-10-03,Čačak,PM2.5,7.0,7.26,11.86152625739022
2022-10-04,Čačak,PM2.5,9.0,11.0,12.427197220822205
2022-10-05,Čačak,PM2.5,16.0,14.0,16.8443144800556
2022-10-06,Čačak,PM2.5,25.0,18.7,20.086257530144472
2022-10-07,Čačak,PM2.5,33.0,23.9,23.42501658558336
2022-10-08,Čačak,PM2.5,31.0,23.7,21.796278062274627
2022-10-09,Čačak,PM2.5,45.0,34.4,31.604880273664257
2022-10-10,Čačak,PM2.5,57.0,45.9,41.07091229135654
2022-10-11,Čačak,PM2.5,62.0,50.0,42.14571867431034
2022-10-12,Čačak,PM2.5,71.0,58.7,46.09001236763337
2022-10-13,Čačak,PM2.5,63.0,50.7,42.40989873530513
2022-10-14,Čačak,PM2.5,39.0,30.9,27.81284471233528
2022-10-15,Čačak,PM2.5,35.0,26.2,26.61180177641052
2022-10-16,Čačak,PM2.5,32.0,26.6,26.26079926267491
2022-10-17,Čačak,PM2.5,35.0,28.1,27.500897369114785
2022-10-18,Čačak,PM2.5,34.0,30.1,26.170393777586323
2022-10-19,Čačak,PM2.5,39.0,31.0,27.610563460397127
2022-10-20,Čačak,PM2.5,25.0,21.3,22.728035400390144
2022-10-21,Čačak,PM2.5,46.0,37.2,35.692560192398524
2022-10-22,Čačak,PM2.5,53.0,45.6,38.950440942008655
2022-10-23,Čačak,PM2.5,34.0,28.4,25.464752820827123
2022-10-24,Čačak,PM2.5,42.0,36.3,30.555259217011816
2022-10-25,Čačak,PM2.5,40.0,35.0,29.48734011200124
2022-10-26,Čačak,PM2.5,30.0,22.6,24.867442405707003
2022-10-27,Čačak,PM2.5,30.0,21.9,24.70370604959299
2022-10-28,Čačak,PM2.5,38.0,25.6,29.501013963230864
2022-10-29,Čačak,PM2.5,48.0,42.0,36.42664218561367
2022-10-30,Čačak,PM2.5,54.0,43.7,40.03225056959641
2022-10-31,Čačak,PM2.5,51.0,42.7,37.24226559332779
2022-11-01,Čačak,PM2.5,50.0,43.8,38.51147521667148
2022-11-02,Čačak,PM2.5,56.0,44.1,42.73908776438677
2022-11-03,Čačak,PM2.5,65.0,55.9,48.93871013237746
2022-11-04,Čačak,PM2.5,76.0,62.5,47.564086407179566
2022-11-05,Čačak,PM2.5,40.0,30.0,27.800749970849093
2022-11-06,Čačak,PM2.5,40.0,22.3,29.45474780396663
2022-11-07,Čačak,PM2.5,42.0,30.8,31.713398728674456
2022-11-08,Čačak,PM2.5,52.0,40.2,42.14598746560073
2022-11-09,Čačak,PM2.5,66.0,48.3,52.11974054163948
2022-11-10,Čačak,PM2.5,68.0,57.7,52.11974054163948
2022-11-11,Čačak,PM2.5,39.0,27.7,29.09424374618568
2022-11-12,Čačak,PM2.5,65.0,42.5,44.648285503674046
2022-11-13,Čačak,PM2.5,48.0,38.6,36.993187407633
2022-11-14,Čačak,PM2.5,76.0,56.0,53.555670784920586
2022-11-15,Čačak,PM2.5,75.0,58.4,49.29755343733563
2022-11-16,Čačak,PM2.5,112.0,83.2,67.21240835042724
2022-11-17,Čačak,PM2.5,53.0,38.7,37.21727059953169
2022-11-18,Čačak,PM2.5,62.0,44.4,44.19152074343032
2022-11-19,Čačak,PM2.5,52.0,28.3,36.05217340424494
2022-11-20,Čačak,PM2.5,28.0,12.7,23.081218401499907
2022-11-21,Čačak,PM2.5,49.0,28.7,33.11793036025867
2022-11-22,Čačak,PM2.5,36.0,23.0,24.53388044529605
2022-11-23,Čačak,PM2.5,32.0,19.0,24.19734858143948
2022-11-24,Čačak,PM2.5,39.0,24.5,27.99767880001521
2022-11-25,Čačak,PM2.5,47.0,34.9,33.7391410718264
2022-11-26,Čačak,PM2.5,109.0,66.9,69.91414262144684
2022-11-27,Čačak,PM2.5,79.0,49.8,49.84343713929312
2022-11-28,Čačak,PM2.5,68.0,35.2,48.07152425612705
2022-11-29,Čačak,PM2.5,49.0,25.7,36.84557511646686
2022-11-30,Čačak,PM2.5,41.0,16.7,28.07659083063741
2022-12-01,Čačak,PM2.5,43.0,13.2,31.254706321167493
2022-12-02,Čačak,PM2.5,51.0,33.0,37.78085965565671
2022-12-03,Čačak,PM2.5,77.0,50.6,55.59775020345148
2022-12-04,Čačak,PM2.5,43.0,25.4,27.083148949851456
2022-12-05,Čačak,PM2.5,61.0,46.7,49.43381810197909
2022-12-06,Čačak,PM2.5,77.0,54.0,48.74880949980887
2022-12-07,Čačak,PM2.5,59.0,35.2,41.98627879220866
2022-12-08,Čačak,PM2.5,78.0,43.8,50.24006771349781
2022-12-09,Čačak,PM2.5,95.0,69.7,59.21563225410375
2022-12-10,Čačak,PM2.5,39.0,25.8,25.2655972163916
2022-12-11,Čačak,PM2.5,38.0,15.7,25.683313217942235
2022-12-12,Čačak,PM2.5,43.0,23.5,32.78688874108644
2022-12-13,Čačak,PM2.5,63.0,38.2,47.459208591792326
2022-12-27,Čačak,PM2.5,113.0,89.6,67.47512129283868
2022-12-28,Čačak,PM2.5,50.0,40.2,37.20593339104327
2022-12-29,Čačak,PM2.5,84.0,58.2,62.950654099943165
2022-12-30,Čačak,PM2.5,88.0,77.0,62.74473814349543
2023-01-02,Čačak,PM2.5,132.0,98.5,83.67607690108454
2023-01-03,Čačak,PM2.5,89.0,73.0,62.950654099943165
2023-01-04,Čačak,PM2.5,131.0,69.5,83.67607690108454
2023-01-05,Čačak,PM2.5,104.0,69.2,72.71173750897073
2023-01-06,Čačak,PM2.5,81.0,53.6,55.88081519474183
2023-01-07,Čačak,PM2.5,114.0,63.6,74.19893699879145
2023-01-08,Čačak,PM2.5,114.0,71.1,74.19893699879145
2023-01-09,Čačak,PM2.5,67.0,47.2,44.24949054405911
2023-01-10,Čačak,PM2.5,28.0,14.5,20.09298358011378
2023-01-11,Čačak,PM2.5,34.0,19.7,20.741752196485525
2023-01-12,Čačak,PM2.5,86.0,48.3,57.30612016770347
2023-01-13,Čačak,PM2.5,75.0,49.6,55.92909907966233
2023-01-14,Čačak,PM2.5,86.0,43.8,55.80267180120819
2023-01-15,Čačak,PM2.5,86.0,61.7,62.950654099943165
2023-01-16,Čačak,PM2.5,82.0,52.0,59.6751766808722
2023-01-17,Čačak,PM2.5,42.0,27.9,26.494217047796933
2023-01-18,Čačak,PM2.5,19.0,12.9,18.741980037532148
2023-01-19,Čačak,PM2.5,30.0,15.1,23.975794433548536
2023-01-20,Čačak,PM2.5,36.0,19.3,28.23184325199376
2023-01-21,Čačak,PM2.5,46.0,29.5,34.7513134276278
2023-01-22,Čačak,PM2.5,51.0,32.2,41.37859506231711
2023-01-23,Čačak,PM2.5,48.0,20.3,29.91463340238789
2023-01-24,Čačak,PM2.5,70.0,24.0,46.56065295782411
2023-01-25,Čačak,PM2.5,63.0,25.2,51.061289623323226
2023-01-26,Čačak,PM2.5,53.0,24.1,36.71175570955136
2023-01-27,Čačak,PM2.5,33.0,21.3,24.98944296473648
2023-01-28,Čačak,PM2.5,52.0,24.6,37.24069810239324
2023-01-29,Čačak,PM2.5,59.0,32.8,41.9042746808305
2023-01-30,Čačak,PM2.5,81.0,53.0,56.82341775346869
2023-01-31,Čačak,PM2.5,14.0,12.3,14.937964227035293
2023-02-01,Čačak,PM2.5,24.0,15.3,24.18579541361713
2023-02-02,Čačak,PM2.5,41.0,26.3,30.573708022604624
2023-02-03,Čačak,PM2.5,12.0,9.77,15.298294438762625
2023-02-04,Čačak,PM2.5,10.0,6.88,12.395510769401
2023-02-05,Čačak,PM2.5,20.0,11.6,16.215735811873344
2023-02-06,Čačak,PM2.5,33.0,27.2,23.13834722930638
2023-02-07,Čačak,PM2.5,38.0,32.7,32.42870048585577
2023-02-14,Čačak,PM2.5,46.0,30.3,34.39509603923396
2023-02-15,Čačak,PM2.5,63.0,48.8,50.7183577442506
2023-02-16,Čačak,PM2.5,58.0,65.0,48.733231007900905
2023-02-17,Čačak,PM2.5,102.0,72.7,70.13528980891023
2023-02-18,Čačak,PM2.5,39.0,62.9,34.02597896273008
2023-02-19,Čačak,PM2.5,72.0,34.4,54.30806589149026
2023-02-20,Čačak,PM2.5,38.0,24.4,28.90896796038005
2023-02-21,Čačak,PM2.5,53.0,44.8,44.086078396181264
2023-02-22,Čačak,PM2.5,60.0,45.2,48.733231007900905
2023-02-23,Čačak,PM2.5,66.0,37.9,49.30839065237419
2023-02-24,Čačak,PM2.5,46.0,35.7,36.33036708712677
2023-02-25,Čačak,PM2.5,54.0,32.6,35.60344971994942
2023-02-26,Čačak,PM2.5,31.0,18.7,23.049975571851512
2023-02-27,Čačak,PM2.5,56.0,29.3,39.42197699230104
2023-02-28,Čačak,PM2.5,52.0,29.8,39.60613069525076
2023-03-01,Čačak,PM2.5,62.0,36.1,44.21863060818537
2023-03-02,Čačak,PM2.5,50.0,26.1,33.701819290835054
2023-03-03,Čačak,PM2.5,61.0,38.1,44.79218782758722
2023-03-04,Čačak,PM2.5,63.0,41.5,44.25093788930384
2023-03-05,Čačak,PM2.5,41.0,30.4,32.70236440770101
2023-03-06,Čačak,PM2.5,65.0,43.4,44.609699267222
2023-03-07,Čačak,PM2.5,35.0,26.0,26.87821380251835
2023-03-08,Čačak,PM2.5,35.0,25.1,28.04622253298046
2023-03-09,Čačak,PM2.5,33.0,26.4,24.47228961108401
2023-03-10,Čačak,PM2.5,51.0,32.2,34.70425081108005
2023-03-11,Čačak,PM2.5,24.0,11.6,21.562266053119643
2023-03-12,Čačak,PM2.5,23.0,17.0,23.491047853893004
2023-03-13,Čačak,PM2.5,52.0,35.7,41.56615129086531
2023-03-14,Čačak,PM2.5,53.0,41.5,40.233714343751984
2023-03-15,Čačak,PM2.5,20.0,17.9,17.10926648724876
2023-03-16,Čačak,PM2.5,22.0,14.8,17.38469674405459
2023-03-17,Čačak,PM2.5,33.0,24.0,27.86803085496925
2023-03-18,Čačak,PM2.5,50.0,32.8,38.06430206907466
2023-03-19,Čačak,PM2.5,44.0,38.7,35.06431512713531
2023-03-20,Čačak,PM2.5,58.0,42.7,46.14868934034801
2023-03-21,Čačak,PM2.5,42.0,35.0,31.101255272820573
2023-03-22,Čačak,PM2.5,29.0,22.0,25.86474454230056
2023-03-23,Čačak,PM2.5,35.0,27.7,29.378659480093784
2023-03-24,Čačak,PM2.5,39.0,26.8,31.356063654728864
2023-03-25,Čačak,PM2.5,26.0,17.2,23.121577592700653
2023-03-26,Čačak,PM2.5,27.0,12.3,24.79117751988786
2023-03-27,Čačak,PM2.5,11.0,9.33,13.905874176841492
2023-03-28,Čačak,PM2.5,8.0,5.22,12.711956487306187
2023-03-29,Čačak,PM2.5,22.0,9.56,20.87782185253949
2023-03-30,Čačak,PM2.5,33.0,23.6,27.900338136087715
2023-03-31,Čačak,PM2.5,8.0,8.95,17.592956503983164
2023-04-01,Čačak,PM2.5,20.0,10.5,17.768443471603728
2023-04-02,Čačak,PM2.5,23.0,13.5,21.706947389315584
2023-04-03,Čačak,PM2.5,18.0,12.2,16.735284285474037
2023-04-04,Čačak,PM2.5,15.0,11.2,13.25276750998509
2023-04-05,Čačak,PM2.5,28.0,17.5,20.35208830758225
2023-04-06,Čačak,PM2.5,40.0,29.8,26.79802196880017
2023-04-07,Čačak,PM2.5,50.0,32.0,32.07567982739279
2023-04-08,Čačak,PM2.5,58.0,47.4,40.55784710853335
2023-04-09,Čačak,PM2.5,53.0,38.6,35.61533413852072
2023-04-10,Čačak,PM2.5,50.0,32.8,31.081310852160712
2023-04-11,Čačak,PM2.5,39.0,30.1,26.79802196880017
2023-04-12,Čačak,PM2.5,12.0,11.1,15.910225112834985
2023-04-13,Čačak,PM2.5,21.0,16.6,20.979970170904657
2023-04-14,Čačak,PM2.5,13.0,9.16,15.81068224671297
2023-04-15,Čačak,PM2.5,22.0,6.91,20.257070235589644
2023-04-16,Čačak,PM2.5,14.0,11.1,14.346657067784214
2023-04-17,Čačak,PM2.5,26.0,17.3,18.10147757002264
2023-04-18,Čačak,PM2.5,27.0,10.5,18.896150756832164
2023-04-19,Čačak,PM2.5,17.0,12.7,15.95654081179721
2023-04-20,Čačak,PM2.5,29.0,21.6,19.39919386477497
2023-04-21,Čačak,PM2.5,27.0,22.4,18.147632349005544
2023-04-22,Čačak,PM2.5,26.0,21.8,18.834922605395008
2023-04-23,Čačak,PM2.5,26.0,20.7,18.834922605395008
2023-04-24,Čačak,PM2.5,38.0,22.1,24.69400946344811
2023-04-25,Čačak,PM2.5,20.0,11.2,16.72353833275371
2023-04-26,Čačak,PM2.5,16.0,12.7,13.713685279551742
2023-04-27,Čačak,PM2.5,17.0,12.2,15.226491732265629
2023-04-28,Čačak,PM2.5,26.0,16.7,19.49079415275214
2023-04-29,Čačak,PM2.5,32.0,25.2,21.17124786283431
2023-04-30,Čačak,PM2.5,22.0,15.6,17.250975852620183
2023-05-01,Čačak,PM2.5,27.0,15.7,16.75460890039177
2023-05-02,Čačak,PM2.5,20.0,13.8,13.470173523962371
2023-05-03,Čačak,PM2.5,17.0,11.5,12.556986915299296
2023-05-04,Čačak,PM2.5,35.0,17.2,21.666770138589747
2023-05-05,Čačak,PM2.5,37.0,23.1,23.56165924859575
2023-05-06,Čačak,PM2.5,20.0,13.4,14.91142595152566
2023-05-07,Čačak,PM2.5,15.0,9.02,12.918068240684148
2023-05-08,Čačak,PM2.5,27.0,15.1,17.186180261726612
2023-05-09,Čačak,PM2.5,20.0,14.4,15.615001035127756
2023-05-10,Čačak,PM2.5,17.0,9.69,12.47209748531496
2023-05-11,Čačak,PM2.5,22.0,15.0,12.87800779145197
2023-05-12,Čačak,PM2.5,25.0,14.7,15.109449759972252
2023-05-13,Čačak,PM2.5,29.0,16.1,17.24785620581063
2023-05-14,Čačak,PM2.5,22.0,14.4,13.135830980930727
2023-05-15,Čačak,PM2.5,29.0,19.9,15.76463674787756
2023-05-16,Čačak,PM2.5,28.0,22.4,16.293708238804935
2023-05-17,Čačak,PM2.5,11.0,8.38,11.615646972119222
2023-05-18,Čačak,PM2.5,15.0,5.87,11.933562717845652
2023-05-19,Čačak,PM2.5,37.0,19.8,24.74636822446928
2023-05-20,Čačak,PM2.5,33.0,21.2,18.660900070230863
2023-05-21,Čačak,PM2.5,21.0,14.3,14.193108567855807
2023-05-22,Čačak,PM2.5,17.0,11.1,13.769843571227966
2023-05-23,Čačak,PM2.5,21.0,12.4,15.189362814388575
2023-05-24,Čačak,PM2.5,42.0,24.0,25.410002551895587
2023-05-25,Čačak,PM2.5,21.0,15.6,14.8145013331247
2023-05-26,Čačak,PM2.5,21.0,13.9,14.8145013331247
2023-05-27,Čačak,PM2.5,24.0,13.1,16.24647357223963
2023-05-28,Čačak,PM2.5,23.0,16.6,16.564342366604865
2023-05-29,Čačak,PM2.5,20.0,12.2,14.468117236023904
2023-05-30,Čačak,PM2.5,13.0,10.0,12.141267855400796
2023-05-31,Čačak,PM2.5,26.0,14.6,16.596649647723332
2023-06-01,Čačak,PM2.5,29.0,16.9,16.78002940726435
2023-06-02,Čačak,PM2.5,15.0,10.3,12.250421563288414
2023-06-03,Čačak,PM2.5,26.0,15.4,16.054442891464124
2023-06-04,Čačak,PM2.5,11.0,10.3,11.9589201868297
2023-06-05,Čačak,PM2.5,19.0,11.1,14.78376634696506
2023-06-06,Čačak,PM2.5,20.0,12.2,14.894043602738916
2023-06-07,Čačak,PM2.5,22.0,11.3,15.15078545045436
2023-06-08,Čačak,PM2.5,22.0,14.0,15.54550852460588
2023-06-09,Čačak,PM2.5,21.0,11.8,14.910319187925124
2023-06-10,Čačak,PM2.5,21.0,12.4,14.654777933467654
2023-06-11,Čačak,PM2.5,22.0,12.6,15.15078545045436
2023-06-12,Čačak,PM2.5,19.0,12.1,13.67702814445543
2023-06-13,Čačak,PM2.5,18.0,11.3,13.383163104747776
2023-06-14,Čačak,PM2.5,11.0,7.46,11.9589201868297
2023-06-15,Čačak,PM2.5,15.0,8.88,11.793947689387776
2023-06-16,Čačak,PM2.5,14.0,7.4,10.2351953864384
2023-06-17,Čačak,PM2.5,28.0,17.8,16.682889327536397
2023-06-18,Čačak,PM2.5,12.0,9.27,10.968651312746186
2023-06-19,Čačak,PM2.5,21.0,11.8,14.968857770261948
2023-06-20,Čačak,PM2.5,28.0,16.7,17.029263652830604
2023-06-21,Čačak,PM2.5,31.0,19.6,17.54313685687123
2023-06-22,Čačak,PM2.5,28.0,19.7,17.087361856800726
2023-06-23,Čačak,PM2.5,23.0,19.9,16.45641016202673
2023-06-24,Čačak,PM2.5,24.0,19.8,15.854056525919328
2023-06-25,Čačak,PM2.5,25.0,19.2,16.674563401735192
2023-06-26,Čačak,PM2.5,22.0,14.2,15.077798006169102
2023-06-27,Čačak,PM2.5,16.0,11.7,13.18890721807731
2023-06-28,Čačak,PM2.5,9.0,7.47,10.579675515571418
2023-06-29,Čačak,PM2.5,12.0,9.25,11.855838623956076
2023-06-30,Čačak,PM2.5,19.0,11.3,14.47988913626883
2023-07-01,Čačak,PM2.5,15.0,13.0,12.592802010350969
2023-07-02,Čačak,PM2.5,17.0,12.0,13.75098910294034
2023-07-03,Čačak,PM2.5,15.0,10.5,12.42906565423696
2023-07-04,Čačak,PM2.5,18.0,10.3,13.53181529467265
2023-07-05,Čačak,PM2.5,27.0,13.2,16.76105916760011
2023-07-06,Čačak,PM2.5,33.0,19.0,19.3558829475824
2023-07-07,Čačak,PM2.5,14.0,9.3,11.468195142564324
2023-07-08,Čačak,PM2.5,12.0,8.21,10.865522848018903
2023-07-09,Čačak,PM2.5,11.0,8.17,11.485234076012151
2023-07-10,Čačak,PM2.5,17.0,10.3,13.512890497768096
2023-07-11,Čačak,PM2.5,24.0,13.6,16.327721803438905
2023-07-12,Čačak,PM2.5,20.0,14.3,14.454730646196936
2023-07-13,Čačak,PM2.5,20.0,14.4,14.454730646196936
2023-07-14,Čačak,PM2.5,13.0,10.7,12.045228113569296
2023-07-15,Čačak,PM2.5,23.0,15.5,16.327721803438905
2023-07-16,Čačak,PM2.5,23.0,16.7,16.36002908455737
2023-07-17,Čačak,PM2.5,30.0,18.6,18.125430881826222
2023-07-18,Čačak,PM2.5,21.0,13.3,14.82919268847855
2023-07-19,Čačak,PM2.5,16.0,11.8,13.118086034468496
2023-08-03,Čačak,PM2.5,15.0,10.5,12.564501400082706
2023-08-04,Čačak,PM2.5,19.0,10.5,14.447581855150364
2023-08-05,Čačak,PM2.5,17.0,9.93,13.269631844582618
2023-08-06,Čačak,PM2.5,9.0,6.38,10.835216770028888
2023-08-07,Čačak,PM2.5,7.0,5.73,10.65688930079523
2023-08-08,Čačak,PM2.5,7.0,4.23,10.56369980396183
2023-08-09,Čačak,PM2.5,10.0,6.51,10.904961437941036
2023-08-10,Čačak,PM2.5,13.0,7.66,12.247247343182543
2023-08-11,Čačak,PM2.5,13.0,7.13,12.144127242358929
2023-08-12,Čačak,PM2.5,11.0,7.18,11.622735695015004
2023-08-13,Čačak,PM2.5,25.0,9.18,16.463157549284652
2023-08-14,Čačak,PM2.5,19.0,11.1,14.447581855150364
2023-08-15,Čačak,PM2.5,25.0,14.3,16.331631522662576
2023-08-16,Čačak,PM2.5,35.0,18.4,21.22729307337893
2023-08-17,Čačak,PM2.5,43.0,26.2,23.580049847315504
2023-08-18,Čačak,PM2.5,35.0,24.4,21.22729307337893
2023-08-19,Čačak,PM2.5,31.0,18.8,18.359988421549048
2023-08-20,Čačak,PM2.5,26.0,16.6,16.39647711389062
2023-08-21,Čačak,PM2.5,31.0,18.5,18.16187891115947
2023-08-22,Čačak,PM2.5,35.0,19.5,21.51168548001847
2023-08-23,Čačak,PM2.5,39.0,21.3,22.9630106977048
2023-08-24,Čačak,PM2.5,30.0,19.8,17.54313685687123
2023-08-25,Čačak,PM2.5,31.0,16.9,18.228559346553503
2023-08-26,Čačak,PM2.5,24.0,16.3,16.463157549284652
2023-08-27,Čačak,PM2.5,25.0,14.7,16.39647711389062
2023-08-28,Čačak,PM2.5,25.0,16.9,15.791658905694304
2023-08-29,Čačak,PM2.5,26.0,15.9,16.151282003988747
2023-08-30,Čačak,PM2.5,11.0,7.31,11.557890103786963
2023-08-31,Čačak,PM2.5,14.0,6.33,12.343168306630549
2023-09-01,Čačak,PM2.5,29.0,13.3,17.496396885905156
2023-09-02,Čačak,PM2.5,36.0,15.9,24.6717457014488
2023-09-03,Čačak,PM2.5,23.0,13.3,16.80734698716104
2023-09-04,Čačak,PM2.5,14.0,9.08,11.268687002470786
2023-09-05,Čačak,PM2.5,16.0,10.7,14.149698008279303
2023-09-06,Čačak,PM2.5,20.0,10.9,15.33892363686633
2023-09-07,Čačak,PM2.5,18.0,11.4,14.062818814483649
2023-09-08,Čačak,PM2.5,17.0,10.3,13.79465977201284
2023-09-09,Čačak,PM2.5,15.0,10.6,13.317487980844
2023-09-10,Čačak,PM2.5,14.0,10.7,13.193307759738348
2023-09-11,Čačak,PM2.5,15.0,11.3,13.317487980844
2023-09-12,Čačak,PM2.5,20.0,14.3,15.34315297280398
2023-09-13,Čačak,PM2.5,23.0,14.8,17.248451411164407
2023-09-14,Čačak,PM2.5,36.0,19.8,23.64568816860585
2023-09-15,Čačak,PM2.5,21.0,13.8,15.784826191780905
2023-09-16,Čačak,PM2.5,29.0,14.7,17.659328363775646
2023-09-17,Čačak,PM2.5,24.0,14.3,17.51641969773233
2023-09-18,Čačak,PM2.5,23.0,15.3,16.747436510946002
2023-09-19,Čačak,PM2.5,20.0,16.4,14.9924540338892
2023-09-20,Čačak,PM2.5,20.0,14.8,15.64342854049037
2023-09-21,Čačak,PM2.5,30.0,18.1,18.56660977552072
2023-09-22,Čačak,PM2.5,18.0,14.3,14.062818814483649
2023-09-23,Čačak,PM2.5,11.0,17.0,12.403800220957116
2023-09-24,Čačak,PM2.5,11.0,4.57,12.208280426828775
2023-09-25,Čačak,PM2.5,21.0,9.87,14.8650337438567
2023-09-26,Čačak,PM2.5,23.0,16.7,16.692055245807307
2023-09-27,Čačak,PM2.5,25.0,13.1,16.63644041812926
2023-09-28,Čačak,PM2.5,28.0,12.8,18.46767272327417
2023-09-29,Čačak,PM2.5,19.0,11.5,15.26518299814859
2023-09-30,Čačak,PM2.5,19.0,13.4,15.232875717030124
2023-10-01,Čačak,PM2.5,24.0,17.2,17.51452148890254
2023-10-02,Čačak,PM2.5,19.0,11.3,16.58929353010183
2023-10-03,Čačak,PM2.5,28.0,15.4,20.619735883710653
2023-10-04,Čačak,PM2.5,20.0,12.5,16.699570785875686
2023-10-05,Čačak,PM2.5,15.0,8.72,15.285916786950851
2023-10-06,Čačak,PM2.5,14.0,10.0,15.343103836958116
2023-10-07,Čačak,PM2.5,24.0,12.3,19.92252117403046
2023-10-08,Čačak,PM2.5,19.0,12.4,15.425614923742826
2023-10-09,Čačak,PM2.5,19.0,9.19,16.78945285219578
2023-10-10,Čačak,PM2.5,19.0,13.1,16.815243775047435
2023-10-11,Čačak,PM2.5,26.0,15.0,19.66088228254985
2023-10-12,Čačak,PM2.5,31.0,19.2,20.949974733421644
2023-10-13,Čačak,PM2.5,38.0,22.6,26.25095510325537
2023-10-14,Čačak,PM2.5,40.0,22.6,26.76427187650346
2023-10-15,Čačak,PM2.5,27.0,16.3,20.86783483693353
2023-10-16,Čačak,PM2.5,16.0,9.95,19.516236168639196
2023-10-17,Čačak,PM2.5,45.0,26.1,33.800015413913606
2023-10-18,Čačak,PM2.5,40.0,26.4,30.357262615551573
2023-10-19,Čačak,PM2.5,62.0,38.1,40.94108887760608
2023-10-20,Čačak,PM2.5,17.0,19.9,16.71676195927342
2023-10-21,Čačak,PM2.5,34.0,26.8,23.613346370319405
2023-10-22,Čačak,PM2.5,12.0,8.74,16.498815514700823
2023-10-23,Čačak,PM2.5,18.0,9.6,19.62137647012801
2023-10-24,Čačak,PM2.5,35.0,17.2,26.732805312899195
2023-10-25,Čačak,PM2.5,21.0,21.8,20.114079530886507
2023-10-26,Čačak,PM2.5,18.0,12.7,19.411107618194013
2023-10-27,Čačak,PM2.5,1.0,9.32,14.006681321875266
2023-10-28,Čačak,PM2.5,12.0,12.9,17.657494764573745
2023-10-29,Čačak,PM2.5,14.0,15.6,18.61114556858683
2023-10-30,Čačak,PM2.5,24.0,19.8,22.12771390488701
2023-10-31,Čačak,PM2.5,32.0,19.5,24.089996987562465
2023-11-01,Čačak,PM2.5,15.0,15.4,19.565463891305395
2023-11-02,Čačak,PM2.5,9.0,20.1,18.99076396792337
2023-11-03,Čačak,PM2.5,15.0,12.6,15.660988795420336
2023-11-04,Čačak,PM2.5,94.0,23.1,59.95769204622409
2023-11-05,Čačak,PM2.5,20.0,13.9,17.378611159851772
2023-11-06,Čačak,PM2.5,33.0,21.0,28.046836946661927
2023-11-07,Čačak,PM2.5,37.0,32.8,29.054973025546563
2023-11-08,Čačak,PM2.5,8.0,13.4,17.673334153217414
2023-11-09,Čačak,PM2.5,28.0,33.3,26.622542287851505
2023-11-10,Čačak,PM2.5,59.0,35.5,41.11218029753351
2023-11-11,Čačak,PM2.5,20.0,20.1,19.375747799989995
2023-11-12,Čačak,PM2.5,40.0,25.8,32.233705784627176
2023-11-13,Čačak,PM2.5,67.0,40.7,52.11974054163948
2023-11-14,Čačak,PM2.5,207.0,69.3,106.69988453589345
2023-11-15,Čačak,PM2.5,2.0,30.4,14.534080861930237
2023-11-16,Čačak,PM2.5,30.0,19.8,26.9304995354444
2023-11-17,Čačak,PM2.5,3.0,18.9,14.597062682236956
2023-11-18,Čačak,PM2.5,5.0,4.71,12.64459142926682
2023-11-19,Čačak,PM2.5,102.0,23.2,66.51006177108243
2023-11-20,Čačak,PM2.5,94.0,63.7,60.3037032255185
2023-11-21,Čačak,PM2.5,36.0,56.6,27.51314392166795
2023-11-22,Čačak,PM2.5,17.0,25.8,19.60312811993664
2023-11-23,Čačak,PM2.5,61.0,28.5,44.51452004537927
2023-11-24,Čačak,PM2.5,7.0,51.3,17.185963093276744
2023-11-25,Čačak,PM2.5,4.0,10.3,13.162030464834876
2023-11-26,Čačak,PM2.5,1.0,9.08,13.255017885419836
2023-11-27,Čačak,PM2.5,76.0,34.9,51.82220375476452
2023-11-28,Čačak,PM2.5,52.0,35.9,34.499650244706665
2023-11-29,Čačak,PM2.5,43.0,25.5,30.480267321590947
2023-11-30,Čačak,PM2.5,74.0,58.0,51.37252689902133
2023-12-01,Čačak,PM2.5,3.0,14.7,13.685366471296364
2023-12-02,Čačak,PM2.5,3.0,9.77,15.531946575656818
2023-12-04,Čačak,PM2.5,45.0,37.1,38.348023834708655
2023-12-05,Čačak,PM2.5,60.0,61.2,48.70296255716902
2023-12-06,Čačak,PM2.5,66.0,48.5,47.34518653764624
2023-12-07,Čačak,PM2.5,21.0,38.5,23.618292291282525
2023-12-08,Čačak,PM2.5,51.0,37.4,37.23960971737333
2023-12-09,Čačak,PM2.5,54.0,47.9,44.51941576034248
2023-12-10,Čačak,PM2.5,140.0,63.7,82.33024023311236
2023-12-11,Čačak,PM2.5,103.0,78.3,65.66820190231395
2023-12-12,Čačak,PM2.5,122.0,68.4,71.91192785258501
2023-12-13,Čačak,PM2.5,221.0,73.2,109.55987991243748
2023-12-18,Čačak,PM2.5,343.0,102.0,123.52632562851
2023-12-19,Čačak,PM2.5,264.0,111.0,123.52632562851
2023-12-20,Čačak,PM2.5,99.0,92.8,70.23511483408008
2023-12-21,Čačak,PM2.5,105.0,55.0,72.71173750897073
2023-12-22,Čačak,PM2.5,52.0,26.9,36.2953235906618
2023-12-23,Čačak,PM2.5,129.0,34.4,77.69171975041547
2023-12-24,Čačak,PM2.5,215.0,99.3,126.11394867724876
2023-12-25,Čačak,PM2.5,238.0,83.8,124.99955834590794
2023-12-26,Čačak,PM2.5,100.0,78.9,70.53631989195297
2023-12-27,Čačak,PM2.5,55.0,58.9,45.34980978605724
2023-12-28,Čačak,PM2.5,87.0,61.5,62.98296138106164
2023-12-29,Čačak,PM2.5,339.0,82.5,119.49008879899252
2023-12-30,Čačak,PM2.5,59.0,99.6,49.134261090943646
2023-12-31,Čačak,PM2.5,141.0,80.7,89.47822253184734
2024-01-01,Čačak,PM2.5,149.0,62.8,90.2861662386108
2024-01-02,Čačak,PM2.5,90.0,53.6,57.23682746795874
2024-01-03,Čačak,PM2.5,244.0,89.6,118.77035969821225
2024-01-04,Čačak,PM2.5,213.0,69.4,120.53384250453342
2024-01-05,Čačak,PM2.5,77.0,60.2,51.21767439736969
2024-01-06,Čačak,PM2.5,166.0,84.7,95.6168358549871
2024-01-07,Čačak,PM2.5,3.0,46.2,18.60618687801516
2024-01-08,Čačak,PM2.5,19.0,17.1,16.411929127071357
2024-01-09,Čačak,PM2.5,16.0,30.0,21.468418798087303
2024-01-10,Čačak,PM2.5,46.0,39.9,40.56555088637949
2024-01-12,Čačak,PM2.5,80.0,53.0,53.21307854549167
2024-01-13,Čačak,PM2.5,29.0,49.9,29.45615833488636
2024-01-14,Čačak,PM2.5,52.0,82.6,44.87293398245888
2024-01-15,Čačak,PM2.5,7.0,108.0,19.629050982145674
2024-01-16,Čačak,PM2.5,21.0,38.0,22.916552611053483
2024-01-17,Čačak,PM2.5,64.0,58.4,44.27643258282827
2024-01-18,Čačak,PM2.5,275.0,60.6,95.56292958202764
2024-01-19,Čačak,PM2.5,28.0,47.0,20.09298358011378
2024-01-20,Čačak,PM2.5,36.0,21.1,24.97609459896366
2024-01-21,Čačak,PM2.5,12.0,33.8,25.478481064164487
2024-01-22,Čačak,PM2.5,48.0,63.2,41.030031871547415
2024-01-23,Čačak,PM2.5,67.0,113.0,48.71472764215984
2024-01-24,Čačak,PM2.5,138.0,66.9,89.23999929428116
2024-01-25,Čačak,PM2.5,47.0,61.9,33.98179344261734
2024-01-26,Čačak,PM2.5,70.0,34.0,50.01365277387912
2024-01-27,Čačak,PM2.5,12.0,19.4,14.109048158037332
2024-01-28,Čačak,PM2.5,39.0,17.2,26.736738301768398
2024-01-29,Čačak,PM2.5,63.0,39.5,51.061289623323226
2024-01-30,Čačak,PM2.5,32.0,44.9,30.8212953244464
2024-01-31,Čačak,PM2.5,65.0,67.8,51.07484470019047
2024-02-01,Čačak,PM2.5,92.0,70.0,63.96305497288609
2024-02-02,Čačak,PM2.5,123.0,30.3,67.81884602399606
2024-02-03,Čačak,PM2.5,50.0,44.3,40.75231842599091
2024-02-04,Čačak,PM2.5,203.0,51.2,104.40828210010572
2024-02-05,Čačak,PM2.5,118.0,46.2,71.8571913064824
2024-02-06,Čačak,PM2.5,25.0,32.6,27.165450335506744
2024-02-07,Čačak,PM2.5,50.0,34.8,40.61653645550909
2024-02-08,Čačak,PM2.5,59.0,49.5,48.55310597430482
2024-02-09,Čačak,PM2.5,34.0,31.5,28.142062314438217
2024-02-10,Čačak,PM2.5,29.0,17.7,22.37112920290333
2024-02-11,Čačak,PM2.5,35.0,11.9,22.5947390187413
2024-02-12,Čačak,PM2.5,35.0,16.6,27.77637538849331
2024-02-13,Čačak,PM2.5,18.0,11.7,15.821979820203447
2024-02-14,Čačak,PM2.5,28.0,20.6,20.394821785537108
2024-02-15,Čačak,PM2.5,33.0,29.8,30.584001597517677
2024-02-16,Čačak,PM2.5,52.0,40.7,44.35648428247198
2024-02-17,Čačak,PM2.5,53.0,43.8,44.11838567729973
2024-02-18,Čačak,PM2.5,33.0,34.2,25.53652358735147
2024-02-19,Čačak,PM2.5,48.0,41.7,40.33358177035839
2024-02-20,Čačak,PM2.5,126.0,46.6,71.38616127893967
2024-02-21,Čačak,PM2.5,50.0,37.3,36.106609597996055
2024-02-22,Čačak,PM2.5,97.0,53.9,69.92502095697625
2024-02-23,Čačak,PM2.5,2.0,28.9,14.65851113153395
2024-02-24,Čačak,PM2.5,44.0,13.2,31.12869772905476
2024-02-25,Čačak,PM2.5,36.0,21.4,30.0147470038286
2024-02-26,Čačak,PM2.5,33.0,20.1,30.24230367058813
2024-02-27,Čačak,PM2.5,45.0,25.7,36.223102501648086
2024-02-28,Čačak,PM2.5,45.0,38.9,37.61654951356974
2024-02-29,Čačak,PM2.5,34.0,40.9,26.1173232910406
2024-03-01,Čačak,PM2.5,27.0,18.5,19.429645821529697
2024-03-02,Čačak,PM2.5,40.0,18.0,31.62156232877329
2024-03-03,Čačak,PM2.5,37.0,27.5,29.28598779714173
2024-03-04,Čačak,PM2.5,39.0,24.5,30.402069866805608
2024-03-05,Čačak,PM2.5,31.0,30.7,24.29870977263374
2024-03-06,Čačak,PM2.5,51.0,24.9,34.32697636590479
2024-03-07,Čačak,PM2.5,34.0,17.6,25.21651820667949
2024-03-08,Čačak,PM2.5,26.0,20.1,23.554914956861857
2024-03-09,Čačak,PM2.5,33.0,26.0,26.021543102138786
2024-03-10,Čačak,PM2.5,8.0,24.7,16.469965465809132
2024-03-11,Čačak,PM2.5,40.0,21.6,25.825922479017816
2024-03-12,Čačak,PM2.5,8.0,11.0,17.494528061524736
2024-03-13,Čačak,PM2.5,24.0,11.7,19.356932695000463
2024-03-14,Čačak,PM2.5,60.0,25.5,38.54508763588301
2024-03-15,Čačak,PM2.5,40.0,35.5,31.81760596600577
2024-03-16,Čačak,PM2.5,38.0,26.4,31.0930128884699
2024-03-17,Čačak,PM2.5,48.0,20.5,33.95553295464679
2024-03-18,Čačak,PM2.5,35.0,19.4,27.86783119790798
2024-03-19,Čačak,PM2.5,13.0,17.5,18.653239156136305
2024-03-20,Čačak,PM2.5,29.0,20.5,26.04270611311609
2024-03-21,Čačak,PM2.5,31.0,25.2,26.55657931715671
2024-03-22,Čačak,PM2.5,46.0,25.1,37.390197269781446
2024-03-23,Čačak,PM2.5,13.0,20.9,20.330722259202712
2024-03-24,Čačak,PM2.5,19.0,9.35,21.000207330375524
2024-03-25,Čačak,PM2.5,31.0,15.5,24.194079072843632
2024-03-26,Čačak,PM2.5,13.0,15.4,16.983639228949098
2024-03-27,Čačak,PM2.5,12.0,24.8,14.286709913019807
2024-03-28,Čačak,PM2.5,4.0,10.1,13.282991140602602
2024-03-29,Čačak,PM2.5,20.0,12.2,22.0022765539527
2024-03-30,Čačak,PM2.5,9.0,8.13,17.62744230203116
2024-03-31,Čačak,PM2.5,5.0,18.4,17.936859495918345
2024-04-01,Čačak,PM2.5,6.0,21.8,16.68691426020373
2024-04-02,Čačak,PM2.5,1.0,5.53,13.761423047653867
2024-04-03,Čačak,PM2.5,7.0,9.24,16.05263014665002
2024-04-04,Čačak,PM2.5,7.0,7.3,15.897911346570016
2024-04-05,Čačak,PM2.5,5.0,9.06,15.925213515930468
2024-04-06,Čačak,PM2.5,11.0,7.51,16.96051442001696
2024-04-07,Čačak,PM2.5,9.0,7.91,15.938612073429136
2024-04-08,Čačak,PM2.5,6.0,7.31,14.41283094029128
2024-04-09,Čačak,PM2.5,12.0,10.3,16.98118503424349
2024-04-10,Čačak,PM2.5,5.0,9.36,15.60746173995985
2024-04-11,Čačak,PM2.5,29.0,15.1,22.001215275333635
2024-04-12,Čačak,PM2.5,23.0,18.5,21.14650847029296
2024-04-13,Čačak,PM2.5,11.0,14.2,16.750245568082963
2024-04-14,Čačak,PM2.5,5.0,9.1,15.787586773555928
2024-04-15,Čačak,PM2.5,10.0,9.4,14.614130146813611
2024-04-16,Čačak,PM2.5,1.0,15.9,10.557881253767697
2024-04-17,Čačak,PM2.5,15.0,7.89,13.30646300585687
2024-04-18,Čačak,PM2.5,18.0,11.7,14.531284576892192
2024-04-19,Čačak,PM2.5,15.0,12.3,14.869586020799035
2024-04-20,Čačak,PM2.5,12.0,15.0,14.88347522742357
2024-04-21,Čačak,PM2.5,22.0,15.0,16.39010412874553
2024-04-22,Čačak,PM2.5,40.0,16.4,26.97585827207657
2024-04-23,Čačak,PM2.5,34.0,18.8,20.55171316734272
2024-04-24,Čačak,PM2.5,19.0,13.1,15.937506489529774
2024-04-25,Čačak,PM2.5,32.0,20.7,21.40934646800656
2024-04-26,Čačak,PM2.5,15.0,16.5,15.5921380035502
2024-04-27,Čačak,PM2.5,10.0,8.96,13.634792086245636
2024-04-28,Čačak,PM2.5,9.0,8.86,12.526444794707178
2024-04-29,Čačak,PM2.5,8.0,7.37,12.021720598461544
2024-04-30,Čačak,PM2.5,3.0,7.4,10.622916748933244
2024-05-01,Čačak,PM2.5,7.0,6.89,8.869761906518406
2024-05-02,Čačak,PM2.5,7.0,9.43,10.0535445284863
2024-05-03,Čačak,PM2.5,12.0,6.9,11.764026967624195
2024-05-04,Čačak,PM2.5,16.0,7.49,13.36755470064484
2024-05-06,Čačak,PM2.5,3.0,8.16,10.79914555321776
2024-05-07,Čačak,PM2.5,4.0,4.68,10.702620373799064
2024-05-08,Čačak,PM2.5,13.0,6.57,12.56490525965568
2024-05-09,Čačak,PM2.5,4.0,9.4,10.360381947679551
2024-05-10,Čačak,PM2.5,5.0,7.12,10.366655860286112
2024-05-11,Čačak,PM2.5,13.0,7.17,12.538795645916204
2024-05-12,Čačak,PM2.5,11.0,9.88,11.92158690822792
2024-05-13,Čačak,PM2.5,4.0,7.67,10.87865415250973
2024-05-14,Čačak,PM2.5,19.0,10.0,15.050564247484084
2024-05-15,Čačak,PM2.5,4.0,7.27,9.68171432441873
2024-05-16,Čačak,PM2.5,7.0,9.32,8.91670051124572
2024-05-17,Čačak,PM2.5,13.0,11.4,10.303359090256675
2024-05-18,Čačak,PM2.5,24.0,10.3,16.78441710876762
2024-05-19,Čačak,PM2.5,3.0,11.5,10.666083756742948
2024-05-20,Čačak,PM2.5,7.0,7.19,10.593378727113272
2024-05-21,Čačak,PM2.5,15.0,14.4,11.786053752939033
2024-05-22,Čačak,PM2.5,1.0,8.88,10.789535501433832
2024-05-23,Čačak,PM2.5,2.0,3.44,10.540643938782702
2024-05-24,Čačak,PM2.5,11.0,6.73,11.871188226576692
2024-05-25,Čačak,PM2.5,7.0,9.34,10.406637859812282
2024-05-26,Čačak,PM2.5,6.0,7.64,10.666083756742948
2024-05-27,Čačak,PM2.5,7.0,7.92,11.018648852847427
2024-05-28,Čačak,PM2.5,7.0,7.27,10.85327977525415
2024-05-29,Čačak,PM2.5,16.0,9.44,12.935346702431149
2024-05-30,Čačak,PM2.5,10.0,10.3,11.289202838181671
2024-05-31,Čačak,PM2.5,6.0,10.5,9.815433062589175
2024-06-01,Čačak,PM2.5,4.0,6.12,9.118277401219482
2024-06-02,Čačak,PM2.5,6.0,6.48,10.417269738444396
2024-06-03,Čačak,PM2.5,2.0,6.89,10.818299821487132
2024-06-04,Čačak,PM2.5,2.0,4.5,10.482115329672435
2024-06-05,Čačak,PM2.5,8.0,5.7,10.5894695712017
2024-06-06,Čačak,PM2.5,7.0,6.46,10.665082012245987
2024-06-22,Čačak,PM2.5,8.0,21.2,10.631133607057974
2024-06-23,Čačak,PM2.5,9.0,14.5,10.77288923012112
2024-06-24,Čačak,PM2.5,18.0,15.5,13.950761488733685
2024-06-25,Čačak,PM2.5,7.0,10.6,10.838335026190192
2024-06-29,Čačak,PM2.5,20.0,11.4,14.689057156928651
2024-06-30,Čačak,PM2.5,13.0,12.0,12.113983424021004
2024-07-01,Čačak,PM2.5,4.0,11.3,10.378986864945157
2024-07-02,Čačak,PM2.5,6.0,4.64,9.022840880170811
2024-07-03,Čačak,PM2.5,5.0,5.28,9.817232758915203
2024-07-04,Čačak,PM2.5,11.0,6.83,11.683343586401731
2024-07-05,Čačak,PM2.5,2.0,5.61,10.378986864945157
2024-07-06,Čačak,PM2.5,13.0,5.6,12.010854959293724
2024-07-07,Čačak,PM2.5,17.0,8.16,13.512890497768096
2024-07-08,Čačak,PM2.5,54.0,11.4,30.496321058187064
2024-07-10,Čačak,PM2.5,12.0,11.7,11.72040287811033
2024-07-11,Čačak,PM2.5,9.0,10.5,10.707973735633898
2024-07-12,Čačak,PM2.5,14.0,10.6,12.23820499773727
2024-07-13,Čačak,PM2.5,21.0,12.9,14.865729305534666
2024-07-14,Čačak,PM2.5,10.0,13.7,10.801832973213754
2024-07-15,Čačak,PM2.5,36.0,10.3,22.01832891677865
2024-07-16,Čačak,PM2.5,11.0,13.1,10.939903518371043
2024-07-17,Čačak,PM2.5,30.0,14.2,17.472546702253524
2024-07-18,Čačak,PM2.5,21.0,15.4,14.8334220244162
2024-07-19,Čačak,PM2.5,29.0,15.1,17.049078983301488
2024-07-20,Čačak,PM2.5,18.0,16.3,13.755049268011652
2024-07-21,Čačak,PM2.5,23.0,14.4,16.76105916760011
2024-07-22,Čačak,PM2.5,21.0,14.5,14.865729305534666
2024-07-23,Čačak,PM2.5,33.0,13.9,19.192146591468383
2024-07-24,Čačak,PM2.5,13.0,15.0,11.786175661761886
2024-07-25,Čačak,PM2.5,4.0,6.11,9.0151489364922
2024-07-26,Čačak,PM2.5,7.0,5.66,9.95530049515641
2024-07-27,Čačak,PM2.5,8.0,7.68,10.6251580146772
2024-07-28,Čačak,PM2.5,18.0,6.4,13.781049540238902
2024-08-02,Čačak,PM2.5,19.0,10.3,14.415043545040788
2024-08-03,Čačak,PM2.5,8.0,10.8,10.596760452782402
2024-08-04,Čačak,PM2.5,4.0,6.78,10.415434894278397
2024-08-05,Čačak,PM2.5,5.0,6.71,10.417269738444396
2024-08-06,Čačak,PM2.5,2.0,5.01,9.805258745409247
2024-08-07,Čačak,PM2.5,3.0,4.19,10.482115329672435
2024-08-08,Čačak,PM2.5,7.0,5.05,10.665082012245987
2024-08-09,Čačak,PM2.5,4.0,5.88,10.350589303050356
2024-08-10,Čačak,PM2.5,7.0,5.85,10.05307101921084
2024-08-11,Čačak,PM2.5,15.0,6.88,12.53219411896424
2024-08-12,Čačak,PM2.5,9.0,7.98,10.843409481479643
2024-08-13,Čačak,PM2.5,7.0,7.04,10.665082012245987
2024-08-14,Čačak,PM2.5,8.0,8.08,10.695979198286016
2024-08-15,Čačak,PM2.5,21.0,10.2,14.968857770261948
2024-08-16,Čačak,PM2.5,24.0,13.7,16.366004676938143
2024-08-17,Čačak,PM2.5,25.0,15.2,16.39831195805661
2024-08-19,Čačak,PM2.5,14.0,13.2,12.306631689574433
2024-08-20,Čačak,PM2.5,8.0,10.7,10.771795979151754
2024-08-21,Čačak,PM2.5,10.0,9.46,10.807808565594527
2024-08-22,Čačak,PM2.5,13.0,10.3,11.371737754206997
2024-08-23,Čačak,PM2.5,9.0,9.89,10.843409481479643
2024-08-24,Čačak,PM2.5,12.0,8.85,11.855838623956076
2024-08-25,Čačak,PM2.5,13.0,10.0,12.180663859415043
2024-08-26,Čačak,PM2.5,17.0,11.2,13.518866090148869
2024-08-27,Čačak,PM2.5,25.0,14.9,16.31565880605208
2024-08-28,Čačak,PM2.5,22.0,15.6,15.077798006169102
2024-08-29,Čačak,PM2.5,12.0,13.8,11.724312597333997
2024-08-30,Čačak,PM2.5,14.0,11.9,12.27648787123651
2024-08-31,Čačak,PM2.5,14.0,12.0,12.371477280802472
2024-09-01,Čačak,PM2.5,13.0,12.8,12.899277285900766
2024-09-02,Čačak,PM2.5,12.0,13.3,12.641132485835834
2024-09-03,Čačak,PM2.5,23.0,15.4,17.248451411164407
2024-09-04,Čačak,PM2.5,30.0,19.7,18.260214513504213
2024-09-05,Čačak,PM2.5,30.0,23.5,19.013853208433257
2024-09-06,Čačak,PM2.5,12.0,19.9,12.475763408242557
2024-09-07,Čačak,PM2.5,11.0,14.1,11.70062198917612
2024-09-08,Čačak,PM2.5,6.0,12.9,10.65539819851705
2024-09-09,Čačak,PM2.5,14.0,13.9,12.135593658790242
2024-09-10,Čačak,PM2.5,6.0,8.42,9.684881455723882
2024-09-11,Čačak,PM2.5,6.0,7.47,10.496772008360958
2024-09-12,Čačak,PM2.5,9.0,8.51,11.59639606224094
2024-09-14,Čačak,PM2.5,8.0,2.83,11.22365502290333
2024-09-16,Čačak,PM2.5,3.0,3.84,11.107715767414266
2024-09-17,Čačak,PM2.5,4.0,4.98,12.406387512472604
2024-09-18,Čačak,PM2.5,17.0,14.3,14.877622170772195
2024-09-19,Čačak,PM2.5,9.0,12.4,11.723343958806389
2024-09-20,Čačak,PM2.5,6.0,11.9,10.777306267208548
2024-09-21,Čačak,PM2.5,19.0,9.8,15.34046226150291
2024-09-22,Čačak,PM2.5,9.0,11.4,12.366651581237075
2024-09-23,Čačak,PM2.5,13.0,11.9,13.099335188619245
2024-09-24,Čačak,PM2.5,14.0,15.2,13.49970302175485
2024-09-25,Čačak,PM2.5,13.0,13.4,13.23392600786273
2024-09-26,Čačak,PM2.5,14.0,12.8,13.126627324344309
2024-09-27,Čačak,PM2.5,26.0,10.7,17.211914794108296
2024-09-28,Čačak,PM2.5,7.0,12.0,11.250633642256895
2024-09-29,Čačak,PM2.5,1.0,3.02,8.492539743184363
2024-09-30,Čačak,PM2.5,1.0,4.86,10.554518407092305
2024-10-01,Čačak,PM2.5,8.0,8.88,14.155342823031832
2024-10-02,Čačak,PM2.5,26.0,15.4,19.75614429386311
2024-10-03,Čačak,PM2.5,11.0,16.8,13.40821052670332
2024-10-04,Čačak,PM2.5,6.0,12.8,11.798686980146533
2024-10-05,Čačak,PM2.5,17.0,13.5,16.480739191321224
2024-10-06,Čačak,PM2.5,31.0,17.5,20.50500995804357
2024-10-07,Čačak,PM2.5,5.0,17.1,14.34250903746099
2024-10-08,Čačak,PM2.5,15.0,14.0,15.729918852229442
2024-10-09,Čačak,PM2.5,6.0,13.5,12.66605180990177
2024-10-10,Čačak,PM2.5,8.0,11.2,12.56251455506274
2024-10-11,Čačak,PM2.5,5.0,13.2,12.9269100992755
2024-10-12,Čačak,PM2.5,24.0,17.0,19.235406419864795
2024-10-13,Čačak,PM2.5,14.0,25.8,16.268407605647145
2024-10-14,Čačak,PM2.5,38.0,26.3,27.06326559019128
2024-10-15,Čačak,PM2.5,10.0,18.6,17.4510249877419
2024-10-16,Čačak,PM2.5,14.0,20.4,19.28419068394081
2024-10-17,Čačak,PM2.5,9.0,27.7,17.451219211657754
2024-10-18,Čačak,PM2.5,13.0,14.7,17.09670853051267
2024-10-19,Čačak,PM2.5,9.0,18.2,15.329522991636876
2024-10-20,Čačak,PM2.5,11.0,22.6,16.955330900728715
2024-10-21,Čačak,PM2.5,27.0,34.4,23.33933433536688
2024-10-22,Čačak,PM2.5,58.0,46.3,44.884389627126296
2024-10-23,Čačak,PM2.5,33.0,40.9,26.44079966387704
2024-10-24,Čačak,PM2.5,32.0,48.8,26.57142386062906
2024-10-25,Čačak,PM2.5,28.0,43.4,24.55855564747664
2024-10-26,Čačak,PM2.5,35.0,47.5,28.0820524857536
2024-10-27,Čačak,PM2.5,62.0,46.1,46.51361220434298
2024-10-28,Čačak,PM2.5,25.0,43.7,23.04152838020398
2024-10-29,Čačak,PM2.5,36.0,39.3,29.73830769015959
2024-10-30,Čačak,PM2.5,24.0,39.8,23.33933433536688
2024-10-31,Čačak,PM2.5,32.0,35.4,25.294975414817696
2024-11-01,Čačak,PM2.5,43.0,35.0,34.6554165850127
2024-11-02,Čačak,PM2.5,18.0,26.8,21.514443484367003
2024-11-03,Čačak,PM2.5,13.0,28.9,20.957895808001638
2024-11-04,Čačak,PM2.5,16.0,33.1,22.16137792565287
2024-11-05,Čačak,PM2.5,54.0,51.1,42.14598746560073
2024-11-06,Čačak,PM2.5,51.0,55.1,39.461640641476
2024-11-07,Čačak,PM2.5,47.0,61.7,38.30308535468927
2024-11-08,Čačak,PM2.5,72.0,63.7,52.36797496090973
2024-11-15,Čačak,PM2.5,17.0,28.1,21.15946534414453
2024-11-16,Čačak,PM2.5,49.0,42.1,38.8544070957441
2024-11-17,Čačak,PM2.5,89.0,50.7,60.60953308631989
2024-11-18,Čačak,PM2.5,62.0,93.0,48.68786132858149
2024-11-19,Čačak,PM2.5,62.0,94.0,48.65555404746301
2024-11-20,Čačak,PM2.5,3.0,44.4,13.23935167079798
2024-11-21,Čačak,PM2.5,11.0,27.5,17.169804985714052
2024-11-22,Čačak,PM2.5,2.0,15.1,12.849678648575212
2024-11-23,Čačak,PM2.5,59.0,22.1,44.08310217682813
2024-11-24,Čačak,PM2.5,87.0,53.5,60.4466016084494
2024-11-25,Čačak,PM2.5,49.0,79.6,38.8544070957441
2024-11-26,Čačak,PM2.5,39.0,89.6,32.201398503508706
2024-11-27,Čačak,PM2.5,51.0,64.3,39.461640641476
2024-11-28,Čačak,PM2.5,2.0,78.1,18.71274025769221
2024-11-29,Čačak,PM2.5,8.0,21.0,15.228636874282548
2024-11-30,Čačak,PM2.5,43.0,21.0,29.529311726594603
2024-12-01,Čačak,PM2.5,9.0,27.2,17.621579502633878
2024-12-02,Čačak,PM2.5,18.0,36.0,25.165462445046547
2024-12-03,Čačak,PM2.5,20.0,30.7,25.90375811324152
2024-12-04,Čačak,PM2.5,21.0,36.1,22.668359124855
2024-12-05,Čačak,PM2.5,39.0,38.7,29.42709230257746
2024-12-06,Čačak,PM2.5,6.0,42.4,19.446084299572124
2024-12-07,Čačak,PM2.5,39.0,38.1,29.42709230257746
2024-12-08,Čačak,PM2.5,35.0,38.7,26.530746129049263
2024-12-09,Čačak,PM2.5,28.0,38.2,29.028277863711708
2024-12-10,Čačak,PM2.5,41.0,34.3,31.60108664571423
2024-12-11,Čačak,PM2.5,9.0,36.1,19.06775346825211
2024-12-12,Čačak,PM2.5,47.0,26.3,37.06444908034192
2024-12-13,Čačak,PM2.5,37.0,42.9,33.98817915397694
2024-12-14,Čačak,PM2.5,53.0,54.0,38.81199706570126
2024-12-15,Čačak,PM2.5,34.0,37.7,26.235072224180524
2024-12-16,Čačak,PM2.5,10.0,23.4,20.63375762639549
2024-12-17,Čačak,PM2.5,56.0,59.4,45.11158654849104
2024-12-18,Čačak,PM2.5,214.0,82.0,123.52632562851
2024-12-19,Čačak,PM2.5,200.0,85.7,106.84952721421064
2024-12-20,Čačak,PM2.5,19.0,70.4,20.549898115093505
2024-12-21,Čačak,PM2.5,41.0,19.6,24.63388977846257
2024-12-22,Čačak,PM2.5,119.0,59.7,75.79780977953891
2024-12-23,Čačak,PM2.5,15.0,49.5,17.202375812818325
2024-12-24,Čačak,PM2.5,38.0,18.9,22.969482301667004
2024-12-25,Čačak,PM2.5,26.0,21.6,18.942576191132428
2024-12-26,Čačak,PM2.5,85.0,33.2,56.44900471784725
2024-12-27,Čačak,PM2.5,47.0,48.0,40.40814659352688
2024-12-28,Čačak,PM2.5,37.0,43.6,33.98817915397694
2024-12-29,Čačak,PM2.5,75.0,60.0,55.92909907966233
2024-12-30,Čačak,PM2.5,231.0,107.0,123.52632562851
2024-12-31,Čačak,PM2.5,125.0,114.0,78.47232394469714
